{"type":"FeatureCollection","features":[{"type":"Feature","properties":{"ef":0,"year":2000,"date":"2000-10-22","len_km":0.5,"inj":0,"fat":0},"geometry":{"type":"Point","coordinates":[-97.03,28.8]}},{"type":"Feature","properties":{"ef":0,"year":2000,"date":"2000-10-22","len_km":4.0,"inj":0,"fat":0},"geometry":{"type":"LineString","coordinates":[[-98.55,32.23],[-98.53,32.27]]}},{"type":"Feature","properties":{"ef":0,"year":2000,"date":"2000-10-22","len_km":0.3,"inj":0,"fat":0},"geometry":{"type":"Point","coordinates":[-97.82,29.8]}},{"type":"Feature","properties":{"ef":0,"year":2000,"date":"2000-10-23","len_km":0.8,"inj":0,"fat":0},"geometry":{"type":"Point","coordinates":[-98.63,29.42]}},{"type":"Feature","properties":{"ef":0,"year":2000,"date":"2000-10-23","len_km":0.6,"inj":0,"fat":0},"geometry":{"type":"LineString","coordinates":[[-101.75,35.15],[-101.73,35.27]]}},{"type":"Feature","properties":{"ef":0,"year":2000,"date":"2000-10-24","len_km":0.2,"inj":0,"fat":0},"geometry":{"type":"Point","coordinates":[-102.08,32.05]}},{"type":"Feature","properties":{"ef":0,"year":2000,"date":"2000-10-28","len_km":4.8,"inj":0,"fat":0},"geometry":{"type":"LineString","coordinates":[[-100.63,30.3],[-100.63,30.27]]}},{"type":"Feature","properties":{"ef":0,"year":2000,"date":"2000-10-28","len_km":0.2,"inj":0,"fat":0},"geometry":{"type":"Point","coordinates":[-100.4,30.37]}},{"type":"Feature","properties":{"ef":0,"year":2000,"date":"2000-10-06","len_km":0.2,"inj":0,"fat":0},"geometry":{"type":"Point","coordinates":[-97.67,27.82]}},{"type":"Feature","properties":{"ef":0,"year":2000,"date":"2000-11-12","len_km":0.8,"inj":0,"fat":0},"geometry":{"type":"Point","coordinates":[-96.7,29.68]}},{"type":"Feature","properties":{"ef":0,"year":2000,"date":"2000-11-12","len_km":0.8,"inj":0,"fat":0},"geometry":{"type":"LineString","coordinates":[[-97.67,29.85],[-97.67,29.87]]}},{"type":"Feature","properties":{"ef":0,"year":2000,"date":"2000-11-12","len_km":1.6,"inj":0,"fat":0},"geometry":{"type":"Point","coordinates":[-97.3,29.93]}},{"type":"Feature","properties":{"ef":0,"year":2000,"date":"2000-11-12","len_km":0.3,"inj":0,"fat":0},"geometry":{"type":"Point","coordinates":[-97.02,29.95]}},{"type":"Feature","properties":{"ef":0,"year":2000,"date":"2000-11-12","len_km":0.5,"inj":0,"fat":0},"geometry":{"type":"Point","coordinates":[-97.3,29.52]}},{"type":"Feature","properties":{"ef":0,"year":2000,"date":"2000-11-12","len_km":0.8,"inj":0,"fat":0},"geometry":{"type":"Point","coordinates":[-96.23,30.02]}},{"type":"Feature","properties":{"ef":0,"year":2000,"date":"2000-11-12","len_km":0.5,"inj":0,"fat":0},"geometry":{"type":"Point","coordinates":[-97.07,29.58]}},{"type":"Feature","properties":{"ef":0,"year":2000,"date":"2000-11-12","len_km":0.5,"inj":0,"fat":0},"geometry":{"type":"Point","coordinates":[-97.37,30.35]}},{"type":"Feature","properties":{"ef":0,"year":2000,"date":"2000-11-12","len_km":0.8,"inj":0,"fat":0},"geometry":{"type":"Point","coordinates":[-95.85,30.03]}},{"type":"Feature","properties":{"ef":0,"year":2000,"date":"2000-11-12","len_km":0.5,"inj":0,"fat":0},"geometry":{"type":"Point","coordinates":[-96.95,29.5]}},{"type":"Feature","properties":{"ef":0,"year":2000,"date":"2000-11-12","len_km":0.3,"inj":0,"fat":0},"geometry":{"type":"Point","coordinates":[-97.4,29.28]}},{"type":"Feature","properties":{"ef":0,"year":2000,"date":"2000-11-12","len_km":0.8,"inj":0,"fat":0},"geometry":{"type":"LineString","coordinates":[[-97.23,29.38],[-97.22,29.38]]}},{"type":"Feature","properties":{"ef":0,"year":2000,"date":"2000-11-23","len_km":0.8,"inj":0,"fat":0},"geometry":{"type":"Point","coordinates":[-95.45,30.32]}},{"type":"Feature","properties":{"ef":1,"year":2000,"date":"2000-11-24","len_km":1.6,"inj":1,"fat":0},"geometry":{"type":"Point","coordinates":[-95.75,29.8]}},{"type":"Feature","properties":{"ef":1,"year":2000,"date":"2000-11-24","len_km":1.6,"inj":0,"fat":0},"geometry":{"type":"Point","coordinates":[-95.2,29.7]}},{"type":"Feature","properties":{"ef":1,"year":2000,"date":"2000-11-24","len_km":4.8,"inj":0,"fat":0},"geometry":{"type":"Point","coordinates":[-93.97,30.43]}},{"type":"Feature","properties":{"ef":1,"year":2000,"date":"2000-11-03","len_km":3.7,"inj":2,"fat":0},"geometry":{"type":"LineString","coordinates":[[-94.83,31.17],[-94.8,31.17]]}},{"type":"Feature","properties":{"ef":0,"year":2000,"date":"2000-11-05","len_km":2.4,"inj":0,"fat":0},"geometry":{"type":"Point","coordinates":[-98.22,30.75]}},{"type":"Feature","properties":{"ef":1,"year":2000,"date":"2000-11-05","len_km":0.8,"inj":0,"fat":0},"geometry":{"type":"Point","coordinates":[-95.45,30.32]}},{"type":"Feature","properties":{"ef":0,"year":2000,"date":"2000-11-05","len_km":0.8,"inj":0,"fat":0},"geometry":{"type":"Point","coordinates":[-95.03,30.48]}},{"type":"Feature","properties":{"ef":0,"year":2000,"date":"2000-12-26","len_km":8.7,"inj":0,"fat":0},"geometry":{"type":"LineString","coordinates":[[-97.67,27.67],[-97.63,27.73]]}},{"type":"Feature","properties":{"ef":0,"year":2000,"date":"2000-02-22","len_km":6.4,"inj":0,"fat":0},"geometry":{"type":"Point","coordinates":[-101.83,31.52]}},{"type":"Feature","properties":{"ef":0,"year":2000,"date":"2000-02-22","len_km":3.2,"inj":0,"fat":0},"geometry":{"type":"LineString","coordinates":[[-99.37,34.18],[-99.35,34.2]]}},{"type":"Feature","properties":{"ef":0,"year":2000,"date":"2000-02-22","len_km":0.2,"inj":0,"fat":0},"geometry":{"type":"Point","coordinates":[-98.18,31.02]}},{"type":"Feature","properties":{"ef":0,"year":2000,"date":"2000-02-22","len_km":19.3,"inj":0,"fat":0},"geometry":{"type":"Point","coordinates":[-97.7,31.1]}},{"type":"Feature","properties":{"ef":0,"year":2000,"date":"2000-02-22","len_km":0.2,"inj":0,"fat":0},"geometry":{"type":"Point","coordinates":[-99.8,29.5]}},{"type":"Feature","properties":{"ef":0,"year":2000,"date":"2000-02-24","len_km":3.2,"inj":0,"fat":0},"geometry":{"type":"LineString","coordinates":[[-100.63,35.77],[-100.6,35.77]]}},{"type":"Feature","properties":{"ef":1,"year":2000,"date":"2000-03-10","len_km":1.6,"inj":0,"fat":0},"geometry":{"type":"LineString","coordinates":[[-98.78,30.65],[-98.77,30.65]]}},{"type":"Feature","properties":{"ef":0,"year":2000,"date":"2000-03-10","len_km":0.2,"inj":0,"fat":0},"geometry":{"type":"Point","coordinates":[-98.67,30.7]}},{"type":"Feature","properties":{"ef":0,"year":2000,"date":"2000-03-10","len_km":0.2,"inj":0,"fat":0},"geometry":{"type":"Point","coordinates":[-98.48,30.65]}},{"type":"Feature","properties":{"ef":0,"year":2000,"date":"2000-03-10","len_km":0.2,"inj":0,"fat":0},"geometry":{"type":"Point","coordinates":[-97.5,31.17]}},{"type":"Feature","properties":{"ef":3,"year":2000,"date":"2000-03-10","len_km":33.8,"inj":2,"fat":0},"geometry":{"type":"LineString","coordinates":[[-96.68,30.42],[-96.35,30.4]]}},{"type":"Feature","properties":{"ef":0,"year":2000,"date":"2000-03-10","len_km":0.8,"inj":0,"fat":0},"geometry":{"type":"Point","coordinates":[-95.95,30.77]}},{"type":"Feature","properties":{"ef":0,"year":2000,"date":"2000-03-14","len_km":0.2,"inj":0,"fat":0},"geometry":{"type":"Point","coordinates":[-97.8,26.63]}},{"type":"Feature","properties":{"ef":0,"year":2000,"date":"2000-03-16","len_km":0.2,"inj":0,"fat":0},"geometry":{"type":"Point","coordinates":[-97.85,30.58]}},{"type":"Feature","properties":{"ef":2,"year":2000,"date":"2000-03-16","len_km":2.4,"inj":0,"fat":0},"geometry":{"type":"LineString","coordinates":[[-97.85,30.6],[-97.83,30.6]]}},{"type":"Feature","properties":{"ef":0,"year":2000,"date":"2000-03-16","len_km":0.2,"inj":0,"fat":0},"geometry":{"type":"Point","coordinates":[-97.75,30.57]}},{"type":"Feature","properties":{"ef":0,"year":2000,"date":"2000-03-16","len_km":0.3,"inj":0,"fat":0},"geometry":{"type":"Point","coordinates":[-97.67,30.2]}},{"type":"Feature","properties":{"ef":0,"year":2000,"date":"2000-03-16","len_km":0.2,"inj":0,"fat":0},"geometry":{"type":"Point","coordinates":[-97.62,30.43]}},{"type":"Feature","properties":{"ef":1,"year":2000,"date":"2000-03-22","len_km":1.6,"inj":0,"fat":0},"geometry":{"type":"LineString","coordinates":[[-101.02,29.47],[-101.03,29.48]]}},{"type":"Feature","properties":{"ef":0,"year":2000,"date":"2000-03-22","len_km":1.6,"inj":0,"fat":0},"geometry":{"type":"LineString","coordinates":[[-103.02,31.57],[-103.02,31.58]]}},{"type":"Feature","properties":{"ef":0,"year":2000,"date":"2000-03-22","len_km":0.3,"inj":0,"fat":0},"geometry":{"type":"Point","coordinates":[-101.22,29.48]}},{"type":"Feature","properties":{"ef":0,"year":2000,"date":"2000-03-22","len_km":4.8,"inj":0,"fat":0},"geometry":{"type":"LineString","coordinates":[[-102.62,31.87],[-102.62,31.9]]}},{"type":"Feature","properties":{"ef":1,"year":2000,"date":"2000-03-22","len_km":1.6,"inj":0,"fat":0},"geometry":{"type":"LineString","coordinates":[[-101.9,31.4],[-101.9,31.42]]}},{"type":"Feature","properties":{"ef":0,"year":2000,"date":"2000-03-22","len_km":2.4,"inj":0,"fat":0},"geometry":{"type":"LineString","coordinates":[[-101.97,31.27],[-101.97,31.28]]}},{"type":"Feature","properties":{"ef":0,"year":2000,"date":"2000-03-22","len_km":6.4,"inj":0,"fat":0},"geometry":{"type":"LineString","coordinates":[[-101.02,32.4],[-100.88,32.48]]}},{"type":"Feature","properties":{"ef":0,"year":2000,"date":"2000-03-22","len_km":3.2,"inj":0,"fat":0},"geometry":{"type":"LineString","coordinates":[[-101.33,32.02],[-101.3,32.03]]}},{"type":"Feature","properties":{"ef":0,"year":2000,"date":"2000-03-22","len_km":3.2,"inj":0,"fat":0},"geometry":{"type":"LineString","coordinates":[[-101.13,32.12],[-101.02,32.15]]}},{"type":"Feature","properties":{"ef":0,"year":2000,"date":"2000-03-22","len_km":0.8,"inj":0,"fat":0},"geometry":{"type":"Point","coordinates":[-101.2,32.0]}},{"type":"Feature","properties":{"ef":0,"year":2000,"date":"2000-03-22","len_km":1.6,"inj":0,"fat":0},"geometry":{"type":"Point","coordinates":[-101.2,32.0]}},{"type":"Feature","properties":{"ef":0,"year":2000,"date":"2000-03-22","len_km":8.0,"inj":0,"fat":0},"geometry":{"type":"LineString","coordinates":[[-101.62,31.77],[-101.57,31.82]]}},{"type":"Feature","properties":{"ef":0,"year":2000,"date":"2000-03-22","len_km":0.2,"inj":0,"fat":0},"geometry":{"type":"Point","coordinates":[-100.53,32.78]}},{"type":"Feature","properties":{"ef":0,"year":2000,"date":"2000-03-22","len_km":0.2,"inj":0,"fat":0},"geometry":{"type":"Point","coordinates":[-100.62,32.43]}},{"type":"Feature","properties":{"ef":0,"year":2000,"date":"2000-03-22","len_km":0.2,"inj":0,"fat":0},"geometry":{"type":"Point","coordinates":[-100.58,32.58]}},{"type":"Feature","properties":{"ef":0,"year":2000,"date":"2000-03-22","len_km":0.8,"inj":0,"fat":0},"geometry":{"type":"Point","coordinates":[-101.5,31.98]}},{"type":"Feature","properties":{"ef":1,"year":2000,"date":"2000-03-22","len_km":16.1,"inj":0,"fat":0},"geometry":{"type":"LineString","coordinates":[[-101.68,31.23],[-101.63,31.37]]}},{"type":"Feature","properties":{"ef":2,"year":2000,"date":"2000-03-22","len_km":19.3,"inj":5,"fat":0},"geometry":{"type":"LineString","coordinates":[[-101.58,31.57],[-101.42,31.7]]}},{"type":"Feature","properties":{"ef":0,"year":2000,"date":"2000-03-26","len_km":0.2,"inj":0,"fat":0},"geometry":{"type":"Point","coordinates":[-97.97,29.62]}},{"type":"Feature","properties":{"ef":1,"year":2000,"date":"2000-03-26","len_km":7.7,"inj":0,"fat":0},"geometry":{"type":"LineString","coordinates":[[-94.78,33.63],[-94.72,33.58]]}},{"type":"Feature","properties":{"ef":1,"year":2000,"date":"2000-03-26","len_km":2.1,"inj":0,"fat":0},"geometry":{"type":"LineString","coordinates":[[-94.63,33.47],[-94.63,33.45]]}},{"type":"Feature","properties":{"ef":0,"year":2000,"date":"2000-03-26","len_km":2.9,"inj":0,"fat":0},"geometry":{"type":"LineString","coordinates":[[-94.45,33.25],[-94.38,33.13]]}},{"type":"Feature","properties":{"ef":0,"year":2000,"date":"2000-03-28","len_km":0.2,"inj":0,"fat":0},"geometry":{"type":"Point","coordinates":[-97.53,33.7]}},{"type":"Feature","properties":{"ef":3,"year":2000,"date":"2000-03-28","len_km":6.4,"inj":80,"fat":2},"geometry":{"type":"Point","coordinates":[-97.35,32.75]}},{"type":"Feature","properties":{"ef":0,"year":2000,"date":"2000-03-28","len_km":0.2,"inj":0,"fat":0},"geometry":{"type":"Point","coordinates":[-97.23,33.65]}},{"type":"Feature","properties":{"ef":0,"year":2000,"date":"2000-03-28","len_km":0.2,"inj":0,"fat":0},"geometry":{"type":"Point","coordinates":[-97.15,32.17]}},{"type":"Feature","properties":{"ef":3,"year":2000,"date":"2000-03-28","len_km":12.9,"inj":0,"fat":0},"geometry":{"type":"LineString","coordinates":[[-97.12,32.73],[-96.98,32.75]]}},{"type":"Feature","properties":{"ef":0,"year":2000,"date":"2000-03-28","len_km":0.2,"inj":0,"fat":0},"geometry":{"type":"Point","coordinates":[-98.65,29.48]}},{"type":"Feature","properties":{"ef":0,"year":2000,"date":"2000-03-28","len_km":0.2,"inj":0,"fat":0},"geometry":{"type":"Point","coordinates":[-96.77,32.55]}},{"type":"Feature","properties":{"ef":0,"year":2000,"date":"2000-03-28","len_km":0.2,"inj":0,"fat":0},"geometry":{"type":"Point","coordinates":[-96.38,32.18]}},{"type":"Feature","properties":{"ef":1,"year":2000,"date":"2000-03-28","len_km":4.8,"inj":0,"fat":0},"geometry":{"type":"Point","coordinates":[-96.27,32.18]}},{"type":"Feature","properties":{"ef":0,"year":2000,"date":"2000-03-28","len_km":0.8,"inj":0,"fat":0},"geometry":{"type":"Point","coordinates":[-96.1,32.15]}},{"type":"Feature","properties":{"ef":0,"year":2000,"date":"2000-03-31","len_km":1.6,"inj":0,"fat":0},"geometry":{"type":"Point","coordinates":[-101.65,31.73]}},{"type":"Feature","properties":{"ef":1,"year":2000,"date":"2000-03-02","len_km":3.2,"inj":0,"fat":0},"geometry":{"type":"LineString","coordinates":[[-102.07,32.63],[-102.08,32.73]]}},{"type":"Feature","properties":{"ef":0,"year":2000,"date":"2000-04-11","len_km":0.2,"inj":0,"fat":0},"geometry":{"type":"Point","coordinates":[-101.12,31.2]}},{"type":"Feature","properties":{"ef":2,"year":2000,"date":"2000-04-23","len_km":20.1,"inj":0,"fat":0},"geometry":{"type":"LineString","coordinates":[[-95.27,33.83],[-95.05,33.88]]}},{"type":"Feature","properties":{"ef":0,"year":2000,"date":"2000-04-23","len_km":6.4,"inj":2,"fat":0},"geometry":{"type":"Point","coordinates":[-95.57,33.33]}},{"type":"Feature","properties":{"ef":2,"year":2000,"date":"2000-04-23","len_km":27.0,"inj":0,"fat":0},"geometry":{"type":"LineString","coordinates":[[-94.93,33.17],[-94.65,33.25]]}},{"type":"Feature","properties":{"ef":2,"year":2000,"date":"2000-04-23","len_km":11.3,"inj":0,"fat":0},"geometry":{"type":"LineString","coordinates":[[-94.75,33.08],[-94.55,33.08]]}},{"type":"Feature","properties":{"ef":2,"year":2000,"date":"2000-04-23","len_km":19.0,"inj":0,"fat":0},"geometry":{"type":"LineString","coordinates":[[-94.6,33.07],[-94.4,33.07]]}},{"type":"Feature","properties":{"ef":1,"year":2000,"date":"2000-04-23","len_km":7.2,"inj":0,"fat":0},"geometry":{"type":"LineString","coordinates":[[-94.57,32.5],[-94.5,32.52]]}},{"type":"Feature","properties":{"ef":2,"year":2000,"date":"2000-04-23","len_km":17.1,"inj":0,"fat":0},"geometry":{"type":"LineString","coordinates":[[-94.5,32.47],[-94.4,32.52]]}},{"type":"Feature","properties":{"ef":2,"year":2000,"date":"2000-04-23","len_km":22.5,"inj":0,"fat":0},"geometry":{"type":"LineString","coordinates":[[-94.43,33.2],[-94.23,33.2]]}},{"type":"Feature","properties":{"ef":1,"year":2000,"date":"2000-04-23","len_km":20.1,"inj":0,"fat":0},"geometry":{"type":"LineString","coordinates":[[-94.4,32.97],[-94.25,32.93]]}},{"type":"Feature","properties":{"ef":3,"year":2000,"date":"2000-04-23","len_km":25.7,"inj":0,"fat":0},"geometry":{"type":"LineString","coordinates":[[-94.38,33.05],[-94.07,33.07]]}},{"type":"Feature","properties":{"ef":2,"year":2000,"date":"2000-04-23","len_km":27.4,"inj":0,"fat":0},"geometry":{"type":"LineString","coordinates":[[-94.33,32.52],[-94.15,32.38]]}},{"type":"Feature","properties":{"ef":1,"year":2000,"date":"2000-04-23","len_km":8.0,"inj":0,"fat":0},"geometry":{"type":"LineString","coordinates":[[-94.2,32.5],[-94.13,32.5]]}},{"type":"Feature","properties":{"ef":1,"year":2000,"date":"2000-04-23","len_km":11.3,"inj":0,"fat":0},"geometry":{"type":"LineString","coordinates":[[-94.55,32.15],[-94.43,32.18]]}},{"type":"Feature","properties":{"ef":0,"year":2000,"date":"2000-04-30","len_km":0.2,"inj":0,"fat":0},"geometry":{"type":"Point","coordinates":[-100.68,34.02]}},{"type":"Feature","properties":{"ef":0,"year":2000,"date":"2000-04-30","len_km":0.2,"inj":0,"fat":0},"geometry":{"type":"Point","coordinates":[-100.37,34.02]}},{"type":"Feature","properties":{"ef":0,"year":2000,"date":"2000-04-30","len_km":0.3,"inj":0,"fat":0},"geometry":{"type":"Point","coordinates":[-99.82,33.98]}},{"type":"Feature","properties":{"ef":0,"year":2000,"date":"2000-04-30","len_km":4.8,"inj":0,"fat":0},"geometry":{"type":"LineString","coordinates":[[-99.73,33.97],[-99.72,34.0]]}},{"type":"Feature","properties":{"ef":0,"year":2000,"date":"2000-04-30","len_km":3.2,"inj":0,"fat":0},"geometry":{"type":"LineString","coordinates":[[-99.68,33.98],[-99.65,34.0]]}},{"type":"Feature","properties":{"ef":1,"year":2000,"date":"2000-04-30","len_km":6.4,"inj":0,"fat":0},"geometry":{"type":"LineString","coordinates":[[-99.08,33.27],[-99.02,33.28]]}},{"type":"Feature","properties":{"ef":1,"year":2000,"date":"2000-04-30","len_km":3.2,"inj":0,"fat":0},"geometry":{"type":"LineString","coordinates":[[-99.0,33.27],[-98.97,33.27]]}},{"type":"Feature","properties":{"ef":1,"year":2000,"date":"2000-04-30","len_km":3.2,"inj":0,"fat":0},"geometry":{"type":"LineString","coordinates":[[-99.12,34.12],[-99.07,34.13]]}},{"type":"Feature","properties":{"ef":3,"year":2000,"date":"2000-04-30","len_km":20.9,"inj":0,"fat":0},"geometry":{"type":"Point","coordinates":[-98.77,33.37]}},{"type":"Feature","properties":{"ef":0,"year":2000,"date":"2000-04-30","len_km":0.3,"inj":0,"fat":0},"geometry":{"type":"Point","coordinates":[-98.77,33.37]}},{"type":"Feature","properties":{"ef":0,"year":2000,"date":"2000-04-30","len_km":0.2,"inj":0,"fat":0},"geometry":{"type":"Point","coordinates":[-98.6,33.32]}},{"type":"Feature","properties":{"ef":0,"year":2000,"date":"2000-04-30","len_km":0.3,"inj":0,"fat":0},"geometry":{"type":"Point","coordinates":[-98.65,33.02]}},{"type":"Feature","properties":{"ef":0,"year":2000,"date":"2000-04-30","len_km":0.3,"inj":0,"fat":0},"geometry":{"type":"Point","coordinates":[-98.6,33.05]}},{"type":"Feature","properties":{"ef":0,"year":2000,"date":"2000-04-30","len_km":0.3,"inj":0,"fat":0},"geometry":{"type":"Point","coordinates":[-98.38,33.1]}},{"type":"Feature","properties":{"ef":1,"year":2000,"date":"2000-04-03","len_km":3.2,"inj":0,"fat":0},"geometry":{"type":"LineString","coordinates":[[-94.55,29.65],[-94.53,29.63]]}},{"type":"Feature","properties":{"ef":1,"year":2000,"date":"2000-04-03","len_km":3.2,"inj":1,"fat":0},"geometry":{"type":"LineString","coordinates":[[-94.23,29.78],[-94.22,29.78]]}},{"type":"Feature","properties":{"ef":1,"year":2000,"date":"2000-04-03","len_km":2.4,"inj":0,"fat":0},"geometry":{"type":"Point","coordinates":[-93.92,29.95]}},{"type":"Feature","properties":{"ef":3,"year":2000,"date":"2000-05-12","len_km":11.3,"inj":0,"fat":2},"geometry":{"type":"Point","coordinates":[-97.37,31.9]}},{"type":"Feature","properties":{"ef":0,"year":2000,"date":"2000-05-19","len_km":4.8,"inj":0,"fat":0},"geometry":{"type":"LineString","coordinates":[[-98.82,29.32],[-98.73,29.37]]}},{"type":"Feature","properties":{"ef":1,"year":2000,"date":"2000-05-19","len_km":0.8,"inj":0,"fat":0},"geometry":{"type":"Point","coordinates":[-98.13,29.33]}},{"type":"Feature","properties":{"ef":0,"year":2000,"date":"2000-05-19","len_km":0.3,"inj":0,"fat":0},"geometry":{"type":"Point","coordinates":[-98.92,29.12]}},{"type":"Feature","properties":{"ef":0,"year":2000,"date":"2000-05-19","len_km":0.3,"inj":0,"fat":0},"geometry":{"type":"Point","coordinates":[-98.5,29.42]}},{"type":"Feature","properties":{"ef":0,"year":2000,"date":"2000-05-19","len_km":1.6,"inj":0,"fat":0},"geometry":{"type":"Point","coordinates":[-94.88,29.97]}},{"type":"Feature","properties":{"ef":0,"year":2000,"date":"2000-05-25","len_km":0.8,"inj":0,"fat":0},"geometry":{"type":"LineString","coordinates":[[-101.98,33.63],[-101.97,33.65]]}},{"type":"Feature","properties":{"ef":0,"year":2000,"date":"2000-05-25","len_km":0.8,"inj":0,"fat":0},"geometry":{"type":"Point","coordinates":[-102.22,34.92]}},{"type":"Feature","properties":{"ef":0,"year":2000,"date":"2000-05-26","len_km":0.2,"inj":0,"fat":0},"geometry":{"type":"Point","coordinates":[-99.75,33.17]}},{"type":"Feature","properties":{"ef":0,"year":2000,"date":"2000-05-26","len_km":0.3,"inj":0,"fat":0},"geometry":{"type":"Point","coordinates":[-99.07,33.18]}},{"type":"Feature","properties":{"ef":0,"year":2000,"date":"2000-05-26","len_km":0.2,"inj":0,"fat":0},"geometry":{"type":"Point","coordinates":[-98.85,33.28]}},{"type":"Feature","properties":{"ef":0,"year":2000,"date":"2000-05-26","len_km":0.2,"inj":0,"fat":0},"geometry":{"type":"Point","coordinates":[-98.58,33.27]}},{"type":"Feature","properties":{"ef":0,"year":2000,"date":"2000-05-27","len_km":0.3,"inj":0,"fat":0},"geometry":{"type":"Point","coordinates":[-98.67,33.57]}},{"type":"Feature","properties":{"ef":0,"year":2000,"date":"2000-05-27","len_km":1.6,"inj":0,"fat":0},"geometry":{"type":"LineString","coordinates":[[-98.63,33.58],[-98.63,33.57]]}},{"type":"Feature","properties":{"ef":0,"year":2000,"date":"2000-05-27","len_km":0.3,"inj":0,"fat":0},"geometry":{"type":"Point","coordinates":[-98.35,33.37]}},{"type":"Feature","properties":{"ef":0,"year":2000,"date":"2000-05-27","len_km":0.3,"inj":0,"fat":0},"geometry":{"type":"Point","coordinates":[-96.2,33.42]}},{"type":"Feature","properties":{"ef":0,"year":2000,"date":"2000-05-27","len_km":0.3,"inj":0,"fat":0},"geometry":{"type":"Point","coordinates":[-96.08,33.37]}},{"type":"Feature","properties":{"ef":0,"year":2000,"date":"2000-05-27","len_km":0.5,"inj":0,"fat":0},"geometry":{"type":"Point","coordinates":[-96.05,32.88]}},{"type":"Feature","properties":{"ef":0,"year":2000,"date":"2000-05-02","len_km":1.6,"inj":0,"fat":0},"geometry":{"type":"Point","coordinates":[-95.45,29.35]}},{"type":"Feature","properties":{"ef":0,"year":2000,"date":"2000-05-02","len_km":0.2,"inj":0,"fat":0},"geometry":{"type":"Point","coordinates":[-98.58,27.22]}},{"type":"Feature","properties":{"ef":0,"year":2000,"date":"2000-05-02","len_km":0.2,"inj":0,"fat":0},"geometry":{"type":"Point","coordinates":[-97.52,26.23]}},{"type":"Feature","properties":{"ef":1,"year":2000,"date":"2000-05-03","len_km":22.5,"inj":0,"fat":0},"geometry":{"type":"LineString","coordinates":[[-94.18,31.87],[-93.95,31.87]]}},{"type":"Feature","properties":{"ef":0,"year":2000,"date":"2000-06-13","len_km":0.2,"inj":0,"fat":0},"geometry":{"type":"Point","coordinates":[-100.82,36.4]}},{"type":"Feature","properties":{"ef":0,"year":2000,"date":"2000-06-13","len_km":0.2,"inj":0,"fat":0},"geometry":{"type":"Point","coordinates":[-100.35,35.63]}},{"type":"Feature","properties":{"ef":0,"year":2000,"date":"2000-06-22","len_km":0.3,"inj":0,"fat":0},"geometry":{"type":"Point","coordinates":[-98.68,33.97]}},{"type":"Feature","properties":{"ef":0,"year":2000,"date":"2000-06-25","len_km":2.4,"inj":0,"fat":0},"geometry":{"type":"LineString","coordinates":[[-101.38,35.62],[-101.27,35.58]]}},{"type":"Feature","properties":{"ef":0,"year":2000,"date":"2000-06-25","len_km":0.2,"inj":0,"fat":0},"geometry":{"type":"Point","coordinates":[-101.2,35.57]}},{"type":"Feature","properties":{"ef":0,"year":2000,"date":"2000-06-02","len_km":0.2,"inj":0,"fat":0},"geometry":{"type":"Point","coordinates":[-102.02,33.47]}},{"type":"Feature","properties":{"ef":0,"year":2000,"date":"2000-06-03","len_km":0.2,"inj":0,"fat":0},"geometry":{"type":"Point","coordinates":[-97.8,32.77]}},{"type":"Feature","properties":{"ef":0,"year":2000,"date":"2000-06-03","len_km":0.2,"inj":0,"fat":0},"geometry":{"type":"Point","coordinates":[-97.8,32.77]}},{"type":"Feature","properties":{"ef":0,"year":2000,"date":"2000-07-12","len_km":0.5,"inj":0,"fat":0},"geometry":{"type":"Point","coordinates":[-98.2,33.92]}},{"type":"Feature","properties":{"ef":1,"year":2000,"date":"2000-07-13","len_km":1.1,"inj":0,"fat":0},"geometry":{"type":"LineString","coordinates":[[-95.25,33.0],[-95.22,33.02]]}},{"type":"Feature","properties":{"ef":0,"year":2000,"date":"2000-07-02","len_km":0.2,"inj":0,"fat":0},"geometry":{"type":"Point","coordinates":[-102.87,30.45]}},{"type":"Feature","properties":{"ef":2,"year":2001,"date":"2001-10-11","len_km":5.6,"inj":0,"fat":0},"geometry":{"type":"Point","coordinates":[-95.2,29.7]}},{"type":"Feature","properties":{"ef":0,"year":2001,"date":"2001-10-11","len_km":0.3,"inj":0,"fat":0},"geometry":{"type":"Point","coordinates":[-95.02,29.67]}},{"type":"Feature","properties":{"ef":0,"year":2001,"date":"2001-10-11","len_km":1.6,"inj":0,"fat":0},"geometry":{"type":"LineString","coordinates":[[-94.52,30.18],[-94.52,30.2]]}},{"type":"Feature","properties":{"ef":0,"year":2001,"date":"2001-10-12","len_km":4.0,"inj":0,"fat":0},"geometry":{"type":"LineString","coordinates":[[-94.3,30.13],[-94.28,30.15]]}},{"type":"Feature","properties":{"ef":0,"year":2001,"date":"2001-10-12","len_km":0.8,"inj":0,"fat":0},"geometry":{"type":"Point","coordinates":[-94.17,30.28]}},{"type":"Feature","properties":{"ef":0,"year":2001,"date":"2001-10-12","len_km":0.8,"inj":0,"fat":0},"geometry":{"type":"Point","coordinates":[-94.07,30.32]}},{"type":"Feature","properties":{"ef":0,"year":2001,"date":"2001-10-12","len_km":3.2,"inj":0,"fat":0},"geometry":{"type":"LineString","coordinates":[[-94.88,30.08],[-94.88,30.05]]}},{"type":"Feature","properties":{"ef":2,"year":2001,"date":"2001-10-12","len_km":4.0,"inj":1,"fat":0},"geometry":{"type":"LineString","coordinates":[[-97.65,33.15],[-97.6,33.15]]}},{"type":"Feature","properties":{"ef":2,"year":2001,"date":"2001-10-12","len_km":14.5,"inj":1,"fat":0},"geometry":{"type":"LineString","coordinates":[[-97.6,33.23],[-97.53,33.3]]}},{"type":"Feature","properties":{"ef":1,"year":2001,"date":"2001-10-12","len_km":2.4,"inj":0,"fat":0},"geometry":{"type":"LineString","coordinates":[[-97.55,31.6],[-97.53,31.65]]}},{"type":"Feature","properties":{"ef":2,"year":2001,"date":"2001-10-12","len_km":6.8,"inj":0,"fat":0},"geometry":{"type":"Point","coordinates":[-97.45,31.68]}},{"type":"Feature","properties":{"ef":0,"year":2001,"date":"2001-10-12","len_km":3.2,"inj":0,"fat":0},"geometry":{"type":"LineString","coordinates":[[-97.52,31.65],[-97.5,31.65]]}},{"type":"Feature","properties":{"ef":1,"year":2001,"date":"2001-10-12","len_km":0.2,"inj":0,"fat":0},"geometry":{"type":"Point","coordinates":[-96.9,33.15]}},{"type":"Feature","properties":{"ef":3,"year":2001,"date":"2001-10-12","len_km":4.0,"inj":5,"fat":0},"geometry":{"type":"LineString","coordinates":[[-98.67,30.25],[-98.65,30.27]]}},{"type":"Feature","properties":{"ef":0,"year":2001,"date":"2001-10-12","len_km":0.8,"inj":0,"fat":0},"geometry":{"type":"Point","coordinates":[-99.47,29.38]}},{"type":"Feature","properties":{"ef":2,"year":2001,"date":"2001-10-12","len_km":10.0,"inj":0,"fat":0},"geometry":{"type":"LineString","coordinates":[[-97.17,31.75],[-97.08,31.8]]}},{"type":"Feature","properties":{"ef":1,"year":2001,"date":"2001-10-12","len_km":1.1,"inj":0,"fat":0},"geometry":{"type":"Point","coordinates":[-97.02,31.82]}},{"type":"Feature","properties":{"ef":1,"year":2001,"date":"2001-10-12","len_km":4.8,"inj":0,"fat":0},"geometry":{"type":"LineString","coordinates":[[-99.3,29.05],[-99.27,29.02]]}},{"type":"Feature","properties":{"ef":2,"year":2001,"date":"2001-10-12","len_km":1.9,"inj":25,"fat":0},"geometry":{"type":"LineString","coordinates":[[-99.17,29.37],[-99.15,29.35]]}},{"type":"Feature","properties":{"ef":1,"year":2001,"date":"2001-10-12","len_km":1.6,"inj":0,"fat":0},"geometry":{"type":"LineString","coordinates":[[-96.38,30.67],[-96.37,30.67]]}},{"type":"Feature","properties":{"ef":1,"year":2001,"date":"2001-10-13","len_km":0.8,"inj":0,"fat":0},"geometry":{"type":"Point","coordinates":[-95.28,30.93]}},{"type":"Feature","properties":{"ef":1,"year":2001,"date":"2001-10-13","len_km":0.5,"inj":0,"fat":0},"geometry":{"type":"Point","coordinates":[-95.17,30.85]}},{"type":"Feature","properties":{"ef":1,"year":2001,"date":"2001-10-13","len_km":3.2,"inj":0,"fat":0},"geometry":{"type":"LineString","coordinates":[[-94.13,30.05],[-94.12,30.07]]}},{"type":"Feature","properties":{"ef":0,"year":2001,"date":"2001-11-14","len_km":0.2,"inj":0,"fat":0},"geometry":{"type":"Point","coordinates":[-102.1,33.6]}},{"type":"Feature","properties":{"ef":0,"year":2001,"date":"2001-11-15","len_km":0.5,"inj":0,"fat":0},"geometry":{"type":"Point","coordinates":[-97.75,28.4]}},{"type":"Feature","properties":{"ef":0,"year":2001,"date":"2001-11-15","len_km":1.9,"inj":0,"fat":0},"geometry":{"type":"LineString","coordinates":[[-98.82,29.78],[-98.8,29.83]]}},{"type":"Feature","properties":{"ef":0,"year":2001,"date":"2001-11-15","len_km":6.4,"inj":2,"fat":0},"geometry":{"type":"LineString","coordinates":[[-98.8,29.78],[-98.73,29.83]]}},{"type":"Feature","properties":{"ef":0,"year":2001,"date":"2001-11-15","len_km":4.8,"inj":0,"fat":0},"geometry":{"type":"LineString","coordinates":[[-98.3,30.2],[-98.27,30.23]]}},{"type":"Feature","properties":{"ef":0,"year":2001,"date":"2001-11-15","len_km":3.2,"inj":1,"fat":0},"geometry":{"type":"LineString","coordinates":[[-98.27,30.1],[-98.25,30.12]]}},{"type":"Feature","properties":{"ef":0,"year":2001,"date":"2001-11-15","len_km":3.2,"inj":0,"fat":0},"geometry":{"type":"LineString","coordinates":[[-98.03,29.98],[-98.03,30.02]]}},{"type":"Feature","properties":{"ef":0,"year":2001,"date":"2001-11-15","len_km":0.2,"inj":0,"fat":0},"geometry":{"type":"Point","coordinates":[-97.93,28.88]}},{"type":"Feature","properties":{"ef":1,"year":2001,"date":"2001-11-15","len_km":4.0,"inj":0,"fat":0},"geometry":{"type":"LineString","coordinates":[[-98.07,28.88],[-98.03,28.93]]}},{"type":"Feature","properties":{"ef":1,"year":2001,"date":"2001-11-15","len_km":1.0,"inj":0,"fat":0},"geometry":{"type":"Point","coordinates":[-98.12,28.33]}},{"type":"Feature","properties":{"ef":1,"year":2001,"date":"2001-11-15","len_km":5.6,"inj":3,"fat":0},"geometry":{"type":"LineString","coordinates":[[-97.87,30.02],[-97.8,30.03]]}},{"type":"Feature","properties":{"ef":1,"year":2001,"date":"2001-11-15","len_km":5.6,"inj":3,"fat":0},"geometry":{"type":"LineString","coordinates":[[-97.87,30.02],[-97.8,30.03]]}},{"type":"Feature","properties":{"ef":1,"year":2001,"date":"2001-11-15","len_km":4.0,"inj":0,"fat":0},"geometry":{"type":"LineString","coordinates":[[-97.75,30.23],[-97.73,30.27]]}},{"type":"Feature","properties":{"ef":0,"year":2001,"date":"2001-11-15","len_km":0.5,"inj":0,"fat":0},"geometry":{"type":"Point","coordinates":[-97.75,28.4]}},{"type":"Feature","properties":{"ef":1,"year":2001,"date":"2001-11-15","len_km":0.3,"inj":0,"fat":0},"geometry":{"type":"Point","coordinates":[-97.75,28.4]}},{"type":"Feature","properties":{"ef":1,"year":2001,"date":"2001-11-15","len_km":0.8,"inj":0,"fat":0},"geometry":{"type":"Point","coordinates":[-97.9,28.55]}},{"type":"Feature","properties":{"ef":0,"year":2001,"date":"2001-11-15","len_km":3.2,"inj":0,"fat":0},"geometry":{"type":"LineString","coordinates":[[-97.67,30.35],[-97.65,30.38]]}},{"type":"Feature","properties":{"ef":0,"year":2001,"date":"2001-11-15","len_km":5.6,"inj":0,"fat":0},"geometry":{"type":"LineString","coordinates":[[-97.37,30.57],[-97.33,30.63]]}},{"type":"Feature","properties":{"ef":1,"year":2001,"date":"2001-11-15","len_km":4.8,"inj":0,"fat":0},"geometry":{"type":"LineString","coordinates":[[-97.7,30.23],[-97.65,30.25]]}},{"type":"Feature","properties":{"ef":0,"year":2001,"date":"2001-11-15","len_km":7.2,"inj":0,"fat":0},"geometry":{"type":"LineString","coordinates":[[-97.68,30.22],[-97.63,30.25]]}},{"type":"Feature","properties":{"ef":0,"year":2001,"date":"2001-11-15","len_km":0.5,"inj":0,"fat":0},"geometry":{"type":"Point","coordinates":[-97.58,30.47]}},{"type":"Feature","properties":{"ef":0,"year":2001,"date":"2001-11-15","len_km":1.8,"inj":0,"fat":0},"geometry":{"type":"LineString","coordinates":[[-98.08,29.7],[-98.07,29.7]]}},{"type":"Feature","properties":{"ef":1,"year":2001,"date":"2001-11-15","len_km":1.0,"inj":0,"fat":0},"geometry":{"type":"Point","coordinates":[-97.38,28.67]}},{"type":"Feature","properties":{"ef":0,"year":2001,"date":"2001-11-15","len_km":0.5,"inj":0,"fat":0},"geometry":{"type":"Point","coordinates":[-97.38,28.67]}},{"type":"Feature","properties":{"ef":0,"year":2001,"date":"2001-11-26","len_km":0.3,"inj":0,"fat":0},"geometry":{"type":"Point","coordinates":[-94.88,30.05]}},{"type":"Feature","properties":{"ef":0,"year":2001,"date":"2001-11-03","len_km":0.2,"inj":0,"fat":0},"geometry":{"type":"Point","coordinates":[-101.75,33.73]}},{"type":"Feature","properties":{"ef":1,"year":2001,"date":"2001-12-12","len_km":2.4,"inj":0,"fat":0},"geometry":{"type":"LineString","coordinates":[[-95.65,29.0],[-95.62,29.02]]}},{"type":"Feature","properties":{"ef":0,"year":2001,"date":"2001-12-12","len_km":1.6,"inj":0,"fat":0},"geometry":{"type":"Point","coordinates":[-95.58,29.05]}},{"type":"Feature","properties":{"ef":2,"year":2001,"date":"2001-12-16","len_km":4.8,"inj":2,"fat":0},"geometry":{"type":"LineString","coordinates":[[-95.22,30.77],[-95.18,30.78]]}},{"type":"Feature","properties":{"ef":0,"year":2001,"date":"2001-12-16","len_km":2.3,"inj":0,"fat":0},"geometry":{"type":"LineString","coordinates":[[-94.78,32.62],[-94.77,32.62]]}},{"type":"Feature","properties":{"ef":0,"year":2001,"date":"2001-12-16","len_km":0.2,"inj":0,"fat":0},"geometry":{"type":"Point","coordinates":[-95.48,30.42]}},{"type":"Feature","properties":{"ef":1,"year":2001,"date":"2001-03-12","len_km":25.4,"inj":0,"fat":0},"geometry":{"type":"LineString","coordinates":[[-94.67,32.25],[-94.42,32.33]]}},{"type":"Feature","properties":{"ef":0,"year":2001,"date":"2001-03-23","len_km":0.2,"inj":0,"fat":0},"geometry":{"type":"Point","coordinates":[-102.98,36.37]}},{"type":"Feature","properties":{"ef":0,"year":2001,"date":"2001-03-08","len_km":0.3,"inj":0,"fat":0},"geometry":{"type":"Point","coordinates":[-98.52,29.92]}},{"type":"Feature","properties":{"ef":1,"year":2001,"date":"2001-04-10","len_km":2.4,"inj":0,"fat":0},"geometry":{"type":"LineString","coordinates":[[-101.57,35.6],[-101.58,35.63]]}},{"type":"Feature","properties":{"ef":2,"year":2001,"date":"2001-04-10","len_km":6.4,"inj":2,"fat":0},"geometry":{"type":"LineString","coordinates":[[-101.2,36.13],[-101.18,36.18]]}},{"type":"Feature","properties":{"ef":2,"year":2001,"date":"2001-04-10","len_km":9.7,"inj":0,"fat":0},"geometry":{"type":"LineString","coordinates":[[-100.27,35.38],[-100.23,35.43]]}},{"type":"Feature","properties":{"ef":1,"year":2001,"date":"2001-04-10","len_km":7.2,"inj":0,"fat":0},"geometry":{"type":"LineString","coordinates":[[-98.53,33.85],[-98.48,33.9]]}},{"type":"Feature","properties":{"ef":1,"year":2001,"date":"2001-04-11","len_km":8.9,"inj":0,"fat":0},"geometry":{"type":"LineString","coordinates":[[-97.3,33.48],[-97.25,33.55]]}},{"type":"Feature","properties":{"ef":1,"year":2001,"date":"2001-04-11","len_km":12.6,"inj":0,"fat":0},"geometry":{"type":"LineString","coordinates":[[-97.47,33.58],[-97.32,33.65]]}},{"type":"Feature","properties":{"ef":0,"year":2001,"date":"2001-04-22","len_km":80.5,"inj":0,"fat":0},"geometry":{"type":"LineString","coordinates":[[-98.85,32.25],[-98.83,32.27]]}},{"type":"Feature","properties":{"ef":0,"year":2001,"date":"2001-04-30","len_km":0.2,"inj":0,"fat":0},"geometry":{"type":"Point","coordinates":[-101.43,35.35]}},{"type":"Feature","properties":{"ef":1,"year":2001,"date":"2001-04-06","len_km":16.1,"inj":0,"fat":0},"geometry":{"type":"LineString","coordinates":[[-100.87,36.35],[-100.75,36.4]]}},{"type":"Feature","properties":{"ef":0,"year":2001,"date":"2001-05-12","len_km":0.2,"inj":0,"fat":0},"geometry":{"type":"Point","coordinates":[-102.73,34.6]}},{"type":"Feature","properties":{"ef":0,"year":2001,"date":"2001-05-12","len_km":0.2,"inj":0,"fat":0},"geometry":{"type":"Point","coordinates":[-102.5,34.67]}},{"type":"Feature","properties":{"ef":0,"year":2001,"date":"2001-05-19","len_km":0.3,"inj":0,"fat":0},"geometry":{"type":"Point","coordinates":[-100.72,35.77]}},{"type":"Feature","properties":{"ef":0,"year":2001,"date":"2001-05-20","len_km":0.5,"inj":0,"fat":0},"geometry":{"type":"Point","coordinates":[-98.08,29.13]}},{"type":"Feature","properties":{"ef":1,"year":2001,"date":"2001-05-21","len_km":0.2,"inj":0,"fat":0},"geometry":{"type":"Point","coordinates":[-98.33,26.23]}},{"type":"Feature","properties":{"ef":1,"year":2001,"date":"2001-05-21","len_km":0.3,"inj":0,"fat":0},"geometry":{"type":"Point","coordinates":[-98.32,26.22]}},{"type":"Feature","properties":{"ef":0,"year":2001,"date":"2001-05-24","len_km":0.3,"inj":0,"fat":0},"geometry":{"type":"LineString","coordinates":[[-100.22,30.08],[-100.22,30.1]]}},{"type":"Feature","properties":{"ef":0,"year":2001,"date":"2001-05-25","len_km":1.6,"inj":0,"fat":0},"geometry":{"type":"Point","coordinates":[-95.95,28.7]}},{"type":"Feature","properties":{"ef":1,"year":2001,"date":"2001-05-26","len_km":0.8,"inj":0,"fat":0},"geometry":{"type":"Point","coordinates":[-102.33,33.45]}},{"type":"Feature","properties":{"ef":0,"year":2001,"date":"2001-05-29","len_km":0.2,"inj":0,"fat":0},"geometry":{"type":"Point","coordinates":[-101.95,35.1]}},{"type":"Feature","properties":{"ef":0,"year":2001,"date":"2001-05-29","len_km":0.3,"inj":0,"fat":0},"geometry":{"type":"Point","coordinates":[-101.58,35.4]}},{"type":"Feature","properties":{"ef":0,"year":2001,"date":"2001-05-29","len_km":0.2,"inj":0,"fat":0},"geometry":{"type":"Point","coordinates":[-101.47,35.42]}},{"type":"Feature","properties":{"ef":0,"year":2001,"date":"2001-05-29","len_km":0.2,"inj":0,"fat":0},"geometry":{"type":"Point","coordinates":[-101.37,35.2]}},{"type":"Feature","properties":{"ef":0,"year":2001,"date":"2001-05-29","len_km":0.2,"inj":0,"fat":0},"geometry":{"type":"Point","coordinates":[-101.47,35.38]}},{"type":"Feature","properties":{"ef":0,"year":2001,"date":"2001-05-29","len_km":0.8,"inj":0,"fat":0},"geometry":{"type":"Point","coordinates":[-101.33,34.43]}},{"type":"Feature","properties":{"ef":3,"year":2001,"date":"2001-05-29","len_km":16.1,"inj":0,"fat":0},"geometry":{"type":"LineString","coordinates":[[-101.38,35.4],[-101.22,35.43]]}},{"type":"Feature","properties":{"ef":0,"year":2001,"date":"2001-05-29","len_km":0.2,"inj":0,"fat":0},"geometry":{"type":"Point","coordinates":[-101.33,35.18]}},{"type":"Feature","properties":{"ef":1,"year":2001,"date":"2001-05-29","len_km":0.5,"inj":0,"fat":0},"geometry":{"type":"Point","coordinates":[-101.03,34.38]}},{"type":"Feature","properties":{"ef":0,"year":2001,"date":"2001-05-29","len_km":0.2,"inj":0,"fat":0},"geometry":{"type":"Point","coordinates":[-100.05,34.32]}},{"type":"Feature","properties":{"ef":0,"year":2001,"date":"2001-05-29","len_km":0.3,"inj":0,"fat":0},"geometry":{"type":"Point","coordinates":[-99.85,34.32]}},{"type":"Feature","properties":{"ef":1,"year":2001,"date":"2001-05-29","len_km":12.9,"inj":1,"fat":0},"geometry":{"type":"LineString","coordinates":[[-99.68,34.32],[-99.53,34.23]]}},{"type":"Feature","properties":{"ef":0,"year":2001,"date":"2001-05-30","len_km":0.5,"inj":0,"fat":0},"geometry":{"type":"Point","coordinates":[-98.35,33.95]}},{"type":"Feature","properties":{"ef":0,"year":2001,"date":"2001-05-30","len_km":0.3,"inj":0,"fat":0},"geometry":{"type":"Point","coordinates":[-98.57,33.83]}},{"type":"Feature","properties":{"ef":0,"year":2001,"date":"2001-05-31","len_km":0.2,"inj":0,"fat":0},"geometry":{"type":"Point","coordinates":[-97.55,26.08]}},{"type":"Feature","properties":{"ef":0,"year":2001,"date":"2001-05-02","len_km":0.2,"inj":0,"fat":0},"geometry":{"type":"Point","coordinates":[-102.18,33.58]}},{"type":"Feature","properties":{"ef":0,"year":2001,"date":"2001-05-02","len_km":0.2,"inj":0,"fat":0},"geometry":{"type":"Point","coordinates":[-100.43,34.4]}},{"type":"Feature","properties":{"ef":0,"year":2001,"date":"2001-05-03","len_km":0.2,"inj":0,"fat":0},"geometry":{"type":"Point","coordinates":[-102.25,34.5]}},{"type":"Feature","properties":{"ef":0,"year":2001,"date":"2001-05-03","len_km":0.2,"inj":0,"fat":0},"geometry":{"type":"Point","coordinates":[-102.8,33.75]}},{"type":"Feature","properties":{"ef":1,"year":2001,"date":"2001-05-04","len_km":0.5,"inj":0,"fat":0},"geometry":{"type":"Point","coordinates":[-97.38,32.37]}},{"type":"Feature","properties":{"ef":1,"year":2001,"date":"2001-05-04","len_km":12.9,"inj":2,"fat":0},"geometry":{"type":"LineString","coordinates":[[-97.13,32.57],[-96.98,32.75]]}},{"type":"Feature","properties":{"ef":1,"year":2001,"date":"2001-05-04","len_km":4.5,"inj":1,"fat":0},"geometry":{"type":"LineString","coordinates":[[-97.2,32.38],[-97.17,32.4]]}},{"type":"Feature","properties":{"ef":0,"year":2001,"date":"2001-05-05","len_km":2.7,"inj":0,"fat":0},"geometry":{"type":"LineString","coordinates":[[-97.5,32.07],[-97.48,32.08]]}},{"type":"Feature","properties":{"ef":0,"year":2001,"date":"2001-05-05","len_km":0.2,"inj":0,"fat":0},"geometry":{"type":"Point","coordinates":[-96.63,28.62]}},{"type":"Feature","properties":{"ef":0,"year":2001,"date":"2001-05-05","len_km":0.3,"inj":0,"fat":0},"geometry":{"type":"Point","coordinates":[-100.32,28.53]}},{"type":"Feature","properties":{"ef":0,"year":2001,"date":"2001-05-06","len_km":0.2,"inj":0,"fat":0},"geometry":{"type":"Point","coordinates":[-97.72,31.12]}},{"type":"Feature","properties":{"ef":0,"year":2001,"date":"2001-05-06","len_km":0.2,"inj":0,"fat":0},"geometry":{"type":"Point","coordinates":[-97.55,30.92]}},{"type":"Feature","properties":{"ef":0,"year":2001,"date":"2001-06-12","len_km":0.2,"inj":0,"fat":0},"geometry":{"type":"Point","coordinates":[-100.55,32.45]}},{"type":"Feature","properties":{"ef":0,"year":2001,"date":"2001-06-12","len_km":0.2,"inj":0,"fat":0},"geometry":{"type":"Point","coordinates":[-100.53,32.48]}},{"type":"Feature","properties":{"ef":0,"year":2001,"date":"2001-06-14","len_km":0.2,"inj":0,"fat":0},"geometry":{"type":"Point","coordinates":[-98.97,32.42]}},{"type":"Feature","properties":{"ef":0,"year":2001,"date":"2001-06-05","len_km":0.3,"inj":0,"fat":0},"geometry":{"type":"Point","coordinates":[-101.0,34.4]}},{"type":"Feature","properties":{"ef":0,"year":2001,"date":"2001-06-05","len_km":0.8,"inj":0,"fat":0},"geometry":{"type":"Point","coordinates":[-95.33,29.47]}},{"type":"Feature","properties":{"ef":0,"year":2001,"date":"2001-06-05","len_km":0.3,"inj":0,"fat":0},"geometry":{"type":"Point","coordinates":[-100.93,34.12]}},{"type":"Feature","properties":{"ef":0,"year":2001,"date":"2001-06-05","len_km":0.3,"inj":0,"fat":0},"geometry":{"type":"Point","coordinates":[-101.33,34.13]}},{"type":"Feature","properties":{"ef":0,"year":2001,"date":"2001-06-05","len_km":0.3,"inj":0,"fat":0},"geometry":{"type":"Point","coordinates":[-101.07,33.95]}},{"type":"Feature","properties":{"ef":1,"year":2001,"date":"2001-06-05","len_km":0.5,"inj":0,"fat":0},"geometry":{"type":"Point","coordinates":[-101.43,33.98]}},{"type":"Feature","properties":{"ef":0,"year":2001,"date":"2001-06-05","len_km":0.3,"inj":0,"fat":0},"geometry":{"type":"Point","coordinates":[-101.52,33.88]}},{"type":"Feature","properties":{"ef":0,"year":2001,"date":"2001-06-05","len_km":0.3,"inj":0,"fat":0},"geometry":{"type":"Point","coordinates":[-101.42,33.98]}},{"type":"Feature","properties":{"ef":0,"year":2001,"date":"2001-06-08","len_km":0.2,"inj":0,"fat":0},"geometry":{"type":"Point","coordinates":[-97.65,26.5]}},{"type":"Feature","properties":{"ef":0,"year":2001,"date":"2001-08-14","len_km":0.3,"inj":0,"fat":0},"geometry":{"type":"Point","coordinates":[-100.82,33.62]}},{"type":"Feature","properties":{"ef":0,"year":2001,"date":"2001-08-30","len_km":0.2,"inj":0,"fat":0},"geometry":{"type":"Point","coordinates":[-101.97,33.5]}},{"type":"Feature","properties":{"ef":0,"year":2001,"date":"2001-08-30","len_km":0.8,"inj":0,"fat":0},"geometry":{"type":"Point","coordinates":[-95.25,29.43]}},{"type":"Feature","properties":{"ef":0,"year":2001,"date":"2001-08-30","len_km":0.8,"inj":0,"fat":0},"geometry":{"type":"Point","coordinates":[-95.57,29.07]}},{"type":"Feature","properties":{"ef":0,"year":2001,"date":"2001-08-31","len_km":1.6,"inj":0,"fat":0},"geometry":{"type":"LineString","coordinates":[[-94.53,29.78],[-94.55,29.78]]}},{"type":"Feature","properties":{"ef":0,"year":2001,"date":"2001-08-09","len_km":0.5,"inj":0,"fat":0},"geometry":{"type":"Point","coordinates":[-102.9,33.32]}},{"type":"Feature","properties":{"ef":0,"year":2001,"date":"2001-08-09","len_km":0.2,"inj":0,"fat":0},"geometry":{"type":"Point","coordinates":[-102.15,33.45]}},{"type":"Feature","properties":{"ef":0,"year":2001,"date":"2001-09-19","len_km":0.2,"inj":0,"fat":0},"geometry":{"type":"Point","coordinates":[-101.57,35.28]}},{"type":"Feature","properties":{"ef":0,"year":2001,"date":"2001-09-19","len_km":0.2,"inj":0,"fat":0},"geometry":{"type":"Point","coordinates":[-101.57,35.2]}},{"type":"Feature","properties":{"ef":1,"year":2001,"date":"2001-09-05","len_km":2.4,"inj":0,"fat":0},"geometry":{"type":"Point","coordinates":[-96.9,32.95]}},{"type":"Feature","properties":{"ef":0,"year":2001,"date":"2001-09-05","len_km":0.2,"inj":0,"fat":0},"geometry":{"type":"Point","coordinates":[-96.82,33.15]}},{"type":"Feature","properties":{"ef":1,"year":2001,"date":"2001-09-05","len_km":4.8,"inj":0,"fat":0},"geometry":{"type":"Point","coordinates":[-96.78,33.32]}},{"type":"Feature","properties":{"ef":1,"year":2001,"date":"2001-09-08","len_km":0.2,"inj":0,"fat":0},"geometry":{"type":"Point","coordinates":[-99.3,32.28]}},{"type":"Feature","properties":{"ef":0,"year":2001,"date":"2001-09-08","len_km":0.2,"inj":0,"fat":0},"geometry":{"type":"Point","coordinates":[-99.32,32.23]}},{"type":"Feature","properties":{"ef":0,"year":2001,"date":"2001-09-08","len_km":0.2,"inj":0,"fat":0},"geometry":{"type":"Point","coordinates":[-99.37,32.13]}},{"type":"Feature","properties":{"ef":1,"year":2001,"date":"2001-09-08","len_km":0.3,"inj":0,"fat":0},"geometry":{"type":"Point","coordinates":[-99.28,32.07]}},{"type":"Feature","properties":{"ef":0,"year":2001,"date":"2001-09-09","len_km":0.2,"inj":0,"fat":0},"geometry":{"type":"Point","coordinates":[-97.83,26.45]}},{"type":"Feature","properties":{"ef":0,"year":2001,"date":"2001-09-09","len_km":0.2,"inj":0,"fat":0},"geometry":{"type":"Point","coordinates":[-97.92,26.3]}},{"type":"Feature","properties":{"ef":0,"year":2001,"date":"2001-09-09","len_km":0.2,"inj":0,"fat":0},"geometry":{"type":"Point","coordinates":[-97.83,26.25]}},{"type":"Feature","properties":{"ef":0,"year":2001,"date":"2001-09-09","len_km":0.2,"inj":0,"fat":0},"geometry":{"type":"Point","coordinates":[-97.7,26.18]}},{"type":"Feature","properties":{"ef":0,"year":2001,"date":"2001-09-09","len_km":0.2,"inj":0,"fat":0},"geometry":{"type":"Point","coordinates":[-97.67,26.23]}},{"type":"Feature","properties":{"ef":0,"year":2001,"date":"2001-09-09","len_km":0.2,"inj":0,"fat":0},"geometry":{"type":"Point","coordinates":[-97.72,26.2]}},{"type":"Feature","properties":{"ef":2,"year":2002,"date":"2002-10-24","len_km":4.0,"inj":20,"fat":1},"geometry":{"type":"LineString","coordinates":[[-97.62,27.73],[-97.42,27.78]]}},{"type":"Feature","properties":{"ef":1,"year":2002,"date":"2002-10-24","len_km":2.4,"inj":6,"fat":0},"geometry":{"type":"LineString","coordinates":[[-97.62,27.73],[-97.42,27.78]]}},{"type":"Feature","properties":{"ef":1,"year":2002,"date":"2002-10-28","len_km":0.8,"inj":0,"fat":0},"geometry":{"type":"Point","coordinates":[-94.95,30.05]}},{"type":"Feature","properties":{"ef":0,"year":2002,"date":"2002-10-28","len_km":0.8,"inj":0,"fat":0},"geometry":{"type":"Point","coordinates":[-95.07,29.93]}},{"type":"Feature","properties":{"ef":1,"year":2002,"date":"2002-10-28","len_km":3.2,"inj":0,"fat":0},"geometry":{"type":"LineString","coordinates":[[-94.22,30.25],[-94.18,30.27]]}},{"type":"Feature","properties":{"ef":0,"year":2002,"date":"2002-10-08","len_km":1.6,"inj":0,"fat":0},"geometry":{"type":"LineString","coordinates":[[-98.1,30.05],[-98.1,30.07]]}},{"type":"Feature","properties":{"ef":0,"year":2002,"date":"2002-10-08","len_km":1.1,"inj":0,"fat":0},"geometry":{"type":"Point","coordinates":[-94.78,29.33]}},{"type":"Feature","properties":{"ef":0,"year":2002,"date":"2002-10-08","len_km":0.2,"inj":0,"fat":0},"geometry":{"type":"Point","coordinates":[-95.62,30.1]}},{"type":"Feature","properties":{"ef":1,"year":2002,"date":"2002-12-23","len_km":8.9,"inj":1,"fat":0},"geometry":{"type":"LineString","coordinates":[[-97.53,30.32],[-97.48,30.38]]}},{"type":"Feature","properties":{"ef":1,"year":2002,"date":"2002-12-23","len_km":4.8,"inj":0,"fat":0},"geometry":{"type":"LineString","coordinates":[[-96.8,30.1],[-96.8,30.15]]}},{"type":"Feature","properties":{"ef":0,"year":2002,"date":"2002-12-23","len_km":0.3,"inj":0,"fat":0},"geometry":{"type":"Point","coordinates":[-96.72,30.08]}},{"type":"Feature","properties":{"ef":0,"year":2002,"date":"2002-12-23","len_km":0.5,"inj":0,"fat":0},"geometry":{"type":"Point","coordinates":[-96.78,29.7]}},{"type":"Feature","properties":{"ef":0,"year":2002,"date":"2002-12-23","len_km":0.8,"inj":0,"fat":0},"geometry":{"type":"Point","coordinates":[-96.23,30.4]}},{"type":"Feature","properties":{"ef":0,"year":2002,"date":"2002-12-23","len_km":0.8,"inj":0,"fat":0},"geometry":{"type":"Point","coordinates":[-95.92,30.77]}},{"type":"Feature","properties":{"ef":1,"year":2002,"date":"2002-12-23","len_km":1.6,"inj":2,"fat":0},"geometry":{"type":"Point","coordinates":[-95.67,31.03]}},{"type":"Feature","properties":{"ef":0,"year":2002,"date":"2002-12-23","len_km":0.8,"inj":0,"fat":0},"geometry":{"type":"Point","coordinates":[-95.52,30.27]}},{"type":"Feature","properties":{"ef":0,"year":2002,"date":"2002-12-23","len_km":0.8,"inj":0,"fat":0},"geometry":{"type":"Point","coordinates":[-95.25,30.55]}},{"type":"Feature","properties":{"ef":0,"year":2002,"date":"2002-12-23","len_km":0.8,"inj":0,"fat":0},"geometry":{"type":"Point","coordinates":[-95.15,30.6]}},{"type":"Feature","properties":{"ef":0,"year":2002,"date":"2002-12-23","len_km":0.8,"inj":0,"fat":0},"geometry":{"type":"Point","coordinates":[-96.6,30.18]}},{"type":"Feature","properties":{"ef":0,"year":2002,"date":"2002-12-23","len_km":0.5,"inj":0,"fat":0},"geometry":{"type":"Point","coordinates":[-94.8,30.07]}},{"type":"Feature","properties":{"ef":0,"year":2002,"date":"2002-12-30","len_km":0.5,"inj":0,"fat":0},"geometry":{"type":"Point","coordinates":[-96.92,33.13]}},{"type":"Feature","properties":{"ef":0,"year":2002,"date":"2002-12-30","len_km":0.3,"inj":0,"fat":0},"geometry":{"type":"Point","coordinates":[-96.88,32.18]}},{"type":"Feature","properties":{"ef":0,"year":2002,"date":"2002-12-30","len_km":0.3,"inj":0,"fat":0},"geometry":{"type":"Point","coordinates":[-98.67,29.62]}},{"type":"Feature","properties":{"ef":0,"year":2002,"date":"2002-12-30","len_km":1.9,"inj":0,"fat":0},"geometry":{"type":"LineString","coordinates":[[-97.85,29.9],[-97.83,29.95]]}},{"type":"Feature","properties":{"ef":0,"year":2002,"date":"2002-12-30","len_km":1.0,"inj":0,"fat":0},"geometry":{"type":"LineString","coordinates":[[-97.72,29.92],[-97.67,29.95]]}},{"type":"Feature","properties":{"ef":0,"year":2002,"date":"2002-12-30","len_km":0.8,"inj":0,"fat":0},"geometry":{"type":"Point","coordinates":[-97.82,28.33]}},{"type":"Feature","properties":{"ef":0,"year":2002,"date":"2002-12-30","len_km":1.3,"inj":0,"fat":0},"geometry":{"type":"Point","coordinates":[-96.87,29.82]}},{"type":"Feature","properties":{"ef":0,"year":2002,"date":"2002-12-30","len_km":0.5,"inj":0,"fat":0},"geometry":{"type":"Point","coordinates":[-95.07,29.52]}},{"type":"Feature","properties":{"ef":1,"year":2002,"date":"2002-12-30","len_km":1.8,"inj":0,"fat":0},"geometry":{"type":"Point","coordinates":[-94.9,29.4]}},{"type":"Feature","properties":{"ef":0,"year":2002,"date":"2002-12-30","len_km":0.8,"inj":0,"fat":0},"geometry":{"type":"Point","coordinates":[-95.02,29.62]}},{"type":"Feature","properties":{"ef":1,"year":2002,"date":"2002-03-19","len_km":4.8,"inj":0,"fat":0},"geometry":{"type":"LineString","coordinates":[[-100.35,31.4],[-100.33,31.37]]}},{"type":"Feature","properties":{"ef":1,"year":2002,"date":"2002-03-19","len_km":6.4,"inj":0,"fat":0},"geometry":{"type":"LineString","coordinates":[[-100.3,31.43],[-100.25,31.48]]}},{"type":"Feature","properties":{"ef":0,"year":2002,"date":"2002-03-19","len_km":0.3,"inj":0,"fat":0},"geometry":{"type":"Point","coordinates":[-99.95,31.68]}},{"type":"Feature","properties":{"ef":0,"year":2002,"date":"2002-03-19","len_km":0.3,"inj":0,"fat":0},"geometry":{"type":"Point","coordinates":[-101.17,29.8]}},{"type":"Feature","properties":{"ef":0,"year":2002,"date":"2002-03-19","len_km":0.3,"inj":0,"fat":0},"geometry":{"type":"Point","coordinates":[-101.05,29.53]}},{"type":"Feature","properties":{"ef":0,"year":2002,"date":"2002-03-19","len_km":0.3,"inj":0,"fat":0},"geometry":{"type":"Point","coordinates":[-100.47,29.13]}},{"type":"Feature","properties":{"ef":0,"year":2002,"date":"2002-03-19","len_km":0.3,"inj":0,"fat":0},"geometry":{"type":"Point","coordinates":[-100.9,29.6]}},{"type":"Feature","properties":{"ef":0,"year":2002,"date":"2002-03-19","len_km":3.2,"inj":0,"fat":0},"geometry":{"type":"LineString","coordinates":[[-99.5,29.35],[-99.47,29.37]]}},{"type":"Feature","properties":{"ef":1,"year":2002,"date":"2002-03-19","len_km":0.5,"inj":0,"fat":0},"geometry":{"type":"Point","coordinates":[-98.87,29.27]}},{"type":"Feature","properties":{"ef":0,"year":2002,"date":"2002-03-19","len_km":0.8,"inj":0,"fat":0},"geometry":{"type":"Point","coordinates":[-98.8,29.32]}},{"type":"Feature","properties":{"ef":0,"year":2002,"date":"2002-03-19","len_km":0.8,"inj":0,"fat":0},"geometry":{"type":"Point","coordinates":[-98.8,29.32]}},{"type":"Feature","properties":{"ef":1,"year":2002,"date":"2002-03-19","len_km":0.8,"inj":0,"fat":0},"geometry":{"type":"Point","coordinates":[-98.8,29.32]}},{"type":"Feature","properties":{"ef":1,"year":2002,"date":"2002-03-19","len_km":1.6,"inj":0,"fat":0},"geometry":{"type":"LineString","coordinates":[[-98.8,29.32],[-98.78,29.32]]}},{"type":"Feature","properties":{"ef":2,"year":2002,"date":"2002-03-19","len_km":2.4,"inj":30,"fat":0},"geometry":{"type":"LineString","coordinates":[[-98.68,29.25],[-98.7,29.27]]}},{"type":"Feature","properties":{"ef":1,"year":2002,"date":"2002-03-19","len_km":0.8,"inj":0,"fat":0},"geometry":{"type":"LineString","coordinates":[[-98.58,29.23],[-98.58,29.22]]}},{"type":"Feature","properties":{"ef":0,"year":2002,"date":"2002-03-29","len_km":0.3,"inj":0,"fat":0},"geometry":{"type":"Point","coordinates":[-99.8,32.22]}},{"type":"Feature","properties":{"ef":0,"year":2002,"date":"2002-03-30","len_km":1.1,"inj":0,"fat":0},"geometry":{"type":"LineString","coordinates":[[-96.73,31.25],[-96.73,31.27]]}},{"type":"Feature","properties":{"ef":1,"year":2002,"date":"2002-03-30","len_km":4.8,"inj":0,"fat":0},"geometry":{"type":"LineString","coordinates":[[-100.2,31.92],[-100.17,31.95]]}},{"type":"Feature","properties":{"ef":2,"year":2002,"date":"2002-03-30","len_km":11.3,"inj":0,"fat":0},"geometry":{"type":"LineString","coordinates":[[-96.58,31.4],[-96.47,31.45]]}},{"type":"Feature","properties":{"ef":1,"year":2002,"date":"2002-03-30","len_km":0.8,"inj":0,"fat":0},"geometry":{"type":"LineString","coordinates":[[-100.18,31.9],[-100.2,31.92]]}},{"type":"Feature","properties":{"ef":0,"year":2002,"date":"2002-03-30","len_km":5.6,"inj":0,"fat":0},"geometry":{"type":"LineString","coordinates":[[-96.37,31.5],[-96.28,31.57]]}},{"type":"Feature","properties":{"ef":0,"year":2002,"date":"2002-03-30","len_km":0.3,"inj":0,"fat":0},"geometry":{"type":"Point","coordinates":[-99.75,32.1]}},{"type":"Feature","properties":{"ef":0,"year":2002,"date":"2002-03-30","len_km":0.3,"inj":0,"fat":0},"geometry":{"type":"Point","coordinates":[-99.75,32.1]}},{"type":"Feature","properties":{"ef":1,"year":2002,"date":"2002-03-30","len_km":14.5,"inj":0,"fat":0},"geometry":{"type":"LineString","coordinates":[[-99.43,32.13],[-99.33,32.28]]}},{"type":"Feature","properties":{"ef":0,"year":2002,"date":"2002-03-30","len_km":0.5,"inj":0,"fat":0},"geometry":{"type":"Point","coordinates":[-99.22,32.22]}},{"type":"Feature","properties":{"ef":0,"year":2002,"date":"2002-03-30","len_km":1.9,"inj":0,"fat":0},"geometry":{"type":"LineString","coordinates":[[-98.18,31.92],[-98.17,31.92]]}},{"type":"Feature","properties":{"ef":1,"year":2002,"date":"2002-03-30","len_km":1.6,"inj":0,"fat":0},"geometry":{"type":"LineString","coordinates":[[-98.97,32.15],[-98.97,32.17]]}},{"type":"Feature","properties":{"ef":0,"year":2002,"date":"2002-03-30","len_km":4.0,"inj":0,"fat":0},"geometry":{"type":"LineString","coordinates":[[-98.03,31.98],[-98.02,32.0]]}},{"type":"Feature","properties":{"ef":0,"year":2002,"date":"2002-03-30","len_km":0.2,"inj":0,"fat":0},"geometry":{"type":"Point","coordinates":[-99.03,32.17]}},{"type":"Feature","properties":{"ef":0,"year":2002,"date":"2002-03-30","len_km":0.2,"inj":0,"fat":0},"geometry":{"type":"Point","coordinates":[-97.92,32.13]}},{"type":"Feature","properties":{"ef":0,"year":2002,"date":"2002-03-30","len_km":0.2,"inj":0,"fat":0},"geometry":{"type":"Point","coordinates":[-95.57,31.62]}},{"type":"Feature","properties":{"ef":1,"year":2002,"date":"2002-03-30","len_km":53.1,"inj":0,"fat":0},"geometry":{"type":"LineString","coordinates":[[-95.3,31.67],[-94.78,31.92]]}},{"type":"Feature","properties":{"ef":0,"year":2002,"date":"2002-03-30","len_km":0.8,"inj":0,"fat":0},"geometry":{"type":"Point","coordinates":[-95.98,29.4]}},{"type":"Feature","properties":{"ef":0,"year":2002,"date":"2002-03-30","len_km":0.8,"inj":0,"fat":0},"geometry":{"type":"Point","coordinates":[-95.93,29.5]}},{"type":"Feature","properties":{"ef":0,"year":2002,"date":"2002-03-30","len_km":0.8,"inj":0,"fat":0},"geometry":{"type":"Point","coordinates":[-96.1,29.32]}},{"type":"Feature","properties":{"ef":0,"year":2002,"date":"2002-03-30","len_km":4.8,"inj":0,"fat":0},"geometry":{"type":"LineString","coordinates":[[-94.93,31.72],[-94.88,31.73]]}},{"type":"Feature","properties":{"ef":3,"year":2002,"date":"2002-03-30","len_km":78.9,"inj":6,"fat":0},"geometry":{"type":"LineString","coordinates":[[-94.77,31.1],[-94.12,31.45]]}},{"type":"Feature","properties":{"ef":0,"year":2002,"date":"2002-03-30","len_km":0.8,"inj":0,"fat":0},"geometry":{"type":"Point","coordinates":[-95.78,29.35]}},{"type":"Feature","properties":{"ef":3,"year":2002,"date":"2002-03-30","len_km":1.1,"inj":0,"fat":0},"geometry":{"type":"LineString","coordinates":[[-95.02,29.62],[-95.0,29.63]]}},{"type":"Feature","properties":{"ef":0,"year":2002,"date":"2002-04-13","len_km":0.8,"inj":0,"fat":0},"geometry":{"type":"LineString","coordinates":[[-99.2,30.9],[-99.18,30.9]]}},{"type":"Feature","properties":{"ef":0,"year":2002,"date":"2002-04-16","len_km":2.6,"inj":0,"fat":0},"geometry":{"type":"Point","coordinates":[-97.28,32.63]}},{"type":"Feature","properties":{"ef":0,"year":2002,"date":"2002-04-16","len_km":1.0,"inj":0,"fat":0},"geometry":{"type":"Point","coordinates":[-97.35,32.75]}},{"type":"Feature","properties":{"ef":0,"year":2002,"date":"2002-04-16","len_km":1.3,"inj":0,"fat":0},"geometry":{"type":"Point","coordinates":[-97.35,32.75]}},{"type":"Feature","properties":{"ef":3,"year":2002,"date":"2002-04-16","len_km":3.4,"inj":0,"fat":0},"geometry":{"type":"Point","coordinates":[-97.35,32.75]}},{"type":"Feature","properties":{"ef":0,"year":2002,"date":"2002-04-16","len_km":1.8,"inj":0,"fat":0},"geometry":{"type":"Point","coordinates":[-97.17,32.3]}},{"type":"Feature","properties":{"ef":0,"year":2002,"date":"2002-04-16","len_km":0.8,"inj":0,"fat":0},"geometry":{"type":"Point","coordinates":[-97.13,32.3]}},{"type":"Feature","properties":{"ef":0,"year":2002,"date":"2002-04-16","len_km":1.6,"inj":0,"fat":0},"geometry":{"type":"Point","coordinates":[-97.12,32.28]}},{"type":"Feature","properties":{"ef":0,"year":2002,"date":"2002-04-16","len_km":1.6,"inj":0,"fat":0},"geometry":{"type":"Point","coordinates":[-97.2,32.28]}},{"type":"Feature","properties":{"ef":1,"year":2002,"date":"2002-04-16","len_km":3.7,"inj":0,"fat":0},"geometry":{"type":"LineString","coordinates":[[-97.07,32.35],[-97.02,32.33]]}},{"type":"Feature","properties":{"ef":0,"year":2002,"date":"2002-04-16","len_km":0.6,"inj":0,"fat":0},"geometry":{"type":"LineString","coordinates":[[-96.95,32.38],[-96.93,32.38]]}},{"type":"Feature","properties":{"ef":0,"year":2002,"date":"2002-04-16","len_km":0.3,"inj":0,"fat":0},"geometry":{"type":"LineString","coordinates":[[-96.85,32.33],[-96.8,32.35]]}},{"type":"Feature","properties":{"ef":0,"year":2002,"date":"2002-04-16","len_km":0.6,"inj":0,"fat":0},"geometry":{"type":"Point","coordinates":[-96.98,32.3]}},{"type":"Feature","properties":{"ef":0,"year":2002,"date":"2002-04-19","len_km":3.2,"inj":0,"fat":0},"geometry":{"type":"LineString","coordinates":[[-101.88,33.15],[-101.85,33.18]]}},{"type":"Feature","properties":{"ef":0,"year":2002,"date":"2002-04-07","len_km":0.8,"inj":0,"fat":0},"geometry":{"type":"Point","coordinates":[-101.3,30.62]}},{"type":"Feature","properties":{"ef":0,"year":2002,"date":"2002-04-07","len_km":0.8,"inj":0,"fat":0},"geometry":{"type":"Point","coordinates":[-101.2,30.58]}},{"type":"Feature","properties":{"ef":0,"year":2002,"date":"2002-04-07","len_km":0.3,"inj":0,"fat":0},"geometry":{"type":"Point","coordinates":[-99.35,33.18]}},{"type":"Feature","properties":{"ef":2,"year":2002,"date":"2002-04-07","len_km":11.3,"inj":0,"fat":0},"geometry":{"type":"LineString","coordinates":[[-99.33,33.18],[-99.25,33.23]]}},{"type":"Feature","properties":{"ef":0,"year":2002,"date":"2002-04-07","len_km":0.3,"inj":0,"fat":0},"geometry":{"type":"Point","coordinates":[-99.25,33.23]}},{"type":"Feature","properties":{"ef":0,"year":2002,"date":"2002-04-07","len_km":0.3,"inj":0,"fat":0},"geometry":{"type":"LineString","coordinates":[[-101.02,29.52],[-101.0,29.53]]}},{"type":"Feature","properties":{"ef":0,"year":2002,"date":"2002-04-07","len_km":0.3,"inj":0,"fat":0},"geometry":{"type":"Point","coordinates":[-100.9,29.35]}},{"type":"Feature","properties":{"ef":0,"year":2002,"date":"2002-04-07","len_km":4.8,"inj":0,"fat":0},"geometry":{"type":"LineString","coordinates":[[-100.15,29.32],[-100.2,29.32]]}},{"type":"Feature","properties":{"ef":0,"year":2002,"date":"2002-04-07","len_km":0.3,"inj":0,"fat":0},"geometry":{"type":"Point","coordinates":[-100.1,29.22]}},{"type":"Feature","properties":{"ef":2,"year":2002,"date":"2002-04-07","len_km":1.6,"inj":0,"fat":0},"geometry":{"type":"LineString","coordinates":[[-99.17,29.12],[-99.18,29.13]]}},{"type":"Feature","properties":{"ef":1,"year":2002,"date":"2002-04-07","len_km":0.2,"inj":0,"fat":0},"geometry":{"type":"Point","coordinates":[-98.88,29.05]}},{"type":"Feature","properties":{"ef":0,"year":2002,"date":"2002-05-10","len_km":0.3,"inj":0,"fat":0},"geometry":{"type":"Point","coordinates":[-102.73,30.77]}},{"type":"Feature","properties":{"ef":0,"year":2002,"date":"2002-05-10","len_km":0.8,"inj":0,"fat":0},"geometry":{"type":"Point","coordinates":[-101.07,33.95]}},{"type":"Feature","properties":{"ef":0,"year":2002,"date":"2002-05-11","len_km":0.2,"inj":0,"fat":0},"geometry":{"type":"Point","coordinates":[-101.98,35.63]}},{"type":"Feature","properties":{"ef":1,"year":2002,"date":"2002-05-16","len_km":0.2,"inj":0,"fat":0},"geometry":{"type":"Point","coordinates":[-101.07,35.67]}},{"type":"Feature","properties":{"ef":0,"year":2002,"date":"2002-05-17","len_km":3.2,"inj":0,"fat":0},"geometry":{"type":"Point","coordinates":[-99.23,26.9]}},{"type":"Feature","properties":{"ef":0,"year":2002,"date":"2002-05-23","len_km":0.2,"inj":0,"fat":0},"geometry":{"type":"Point","coordinates":[-100.17,36.42]}},{"type":"Feature","properties":{"ef":0,"year":2002,"date":"2002-05-23","len_km":0.2,"inj":0,"fat":0},"geometry":{"type":"Point","coordinates":[-101.08,35.67]}},{"type":"Feature","properties":{"ef":0,"year":2002,"date":"2002-05-23","len_km":0.2,"inj":0,"fat":0},"geometry":{"type":"Point","coordinates":[-101.08,35.67]}},{"type":"Feature","properties":{"ef":1,"year":2002,"date":"2002-05-23","len_km":9.7,"inj":0,"fat":0},"geometry":{"type":"LineString","coordinates":[[-100.75,35.8],[-100.68,35.8]]}},{"type":"Feature","properties":{"ef":0,"year":2002,"date":"2002-05-24","len_km":0.3,"inj":0,"fat":0},"geometry":{"type":"Point","coordinates":[-99.95,34.0]}},{"type":"Feature","properties":{"ef":0,"year":2002,"date":"2002-05-24","len_km":0.3,"inj":0,"fat":0},"geometry":{"type":"Point","coordinates":[-99.93,32.18]}},{"type":"Feature","properties":{"ef":0,"year":2002,"date":"2002-05-24","len_km":0.3,"inj":0,"fat":0},"geometry":{"type":"LineString","coordinates":[[-100.05,32.13],[-99.78,32.23]]}},{"type":"Feature","properties":{"ef":0,"year":2002,"date":"2002-05-24","len_km":0.6,"inj":0,"fat":0},"geometry":{"type":"Point","coordinates":[-99.95,32.02]}},{"type":"Feature","properties":{"ef":0,"year":2002,"date":"2002-05-24","len_km":0.5,"inj":0,"fat":0},"geometry":{"type":"Point","coordinates":[-99.88,31.77]}},{"type":"Feature","properties":{"ef":0,"year":2002,"date":"2002-05-26","len_km":0.2,"inj":0,"fat":0},"geometry":{"type":"Point","coordinates":[-102.87,30.52]}},{"type":"Feature","properties":{"ef":0,"year":2002,"date":"2002-05-26","len_km":0.3,"inj":0,"fat":0},"geometry":{"type":"Point","coordinates":[-100.52,32.32]}},{"type":"Feature","properties":{"ef":0,"year":2002,"date":"2002-05-26","len_km":0.5,"inj":0,"fat":0},"geometry":{"type":"Point","coordinates":[-100.18,32.08]}},{"type":"Feature","properties":{"ef":0,"year":2002,"date":"2002-05-27","len_km":0.5,"inj":0,"fat":0},"geometry":{"type":"Point","coordinates":[-100.67,32.38]}},{"type":"Feature","properties":{"ef":0,"year":2002,"date":"2002-05-27","len_km":1.6,"inj":0,"fat":0},"geometry":{"type":"LineString","coordinates":[[-100.63,32.02],[-100.62,32.02]]}},{"type":"Feature","properties":{"ef":0,"year":2002,"date":"2002-05-27","len_km":0.2,"inj":0,"fat":0},"geometry":{"type":"Point","coordinates":[-102.42,32.0]}},{"type":"Feature","properties":{"ef":0,"year":2002,"date":"2002-05-27","len_km":1.6,"inj":0,"fat":0},"geometry":{"type":"LineString","coordinates":[[-101.42,33.68],[-101.4,33.68]]}},{"type":"Feature","properties":{"ef":0,"year":2002,"date":"2002-05-27","len_km":0.2,"inj":0,"fat":0},"geometry":{"type":"Point","coordinates":[-102.0,32.0]}},{"type":"Feature","properties":{"ef":0,"year":2002,"date":"2002-05-27","len_km":0.2,"inj":0,"fat":0},"geometry":{"type":"Point","coordinates":[-101.88,32.52]}},{"type":"Feature","properties":{"ef":0,"year":2002,"date":"2002-05-28","len_km":0.2,"inj":0,"fat":0},"geometry":{"type":"Point","coordinates":[-102.57,31.08]}},{"type":"Feature","properties":{"ef":0,"year":2002,"date":"2002-05-29","len_km":3.2,"inj":0,"fat":0},"geometry":{"type":"Point","coordinates":[-97.92,26.5]}},{"type":"Feature","properties":{"ef":0,"year":2002,"date":"2002-05-29","len_km":4.0,"inj":0,"fat":0},"geometry":{"type":"Point","coordinates":[-97.98,26.17]}},{"type":"Feature","properties":{"ef":0,"year":2002,"date":"2002-05-29","len_km":1.6,"inj":0,"fat":0},"geometry":{"type":"Point","coordinates":[-97.52,26.23]}},{"type":"Feature","properties":{"ef":0,"year":2002,"date":"2002-05-04","len_km":0.8,"inj":0,"fat":0},"geometry":{"type":"Point","coordinates":[-100.18,31.35]}},{"type":"Feature","properties":{"ef":0,"year":2002,"date":"2002-05-04","len_km":1.6,"inj":0,"fat":0},"geometry":{"type":"LineString","coordinates":[[-100.08,31.4],[-100.07,31.4]]}},{"type":"Feature","properties":{"ef":0,"year":2002,"date":"2002-05-04","len_km":3.2,"inj":0,"fat":0},"geometry":{"type":"LineString","coordinates":[[-100.03,31.37],[-100.02,31.37]]}},{"type":"Feature","properties":{"ef":0,"year":2002,"date":"2002-05-04","len_km":3.2,"inj":0,"fat":0},"geometry":{"type":"LineString","coordinates":[[-100.0,31.35],[-99.93,31.38]]}},{"type":"Feature","properties":{"ef":0,"year":2002,"date":"2002-05-04","len_km":1.6,"inj":0,"fat":0},"geometry":{"type":"LineString","coordinates":[[-100.37,32.75],[-100.35,32.75]]}},{"type":"Feature","properties":{"ef":0,"year":2002,"date":"2002-05-04","len_km":4.8,"inj":0,"fat":0},"geometry":{"type":"LineString","coordinates":[[-99.2,31.25],[-99.18,31.27]]}},{"type":"Feature","properties":{"ef":0,"year":2002,"date":"2002-05-04","len_km":0.8,"inj":0,"fat":0},"geometry":{"type":"Point","coordinates":[-101.05,32.55]}},{"type":"Feature","properties":{"ef":0,"year":2002,"date":"2002-05-04","len_km":1.3,"inj":0,"fat":0},"geometry":{"type":"Point","coordinates":[-100.85,32.5]}},{"type":"Feature","properties":{"ef":0,"year":2002,"date":"2002-05-04","len_km":0.2,"inj":0,"fat":0},"geometry":{"type":"Point","coordinates":[-100.72,32.47]}},{"type":"Feature","properties":{"ef":0,"year":2002,"date":"2002-05-05","len_km":0.2,"inj":0,"fat":0},"geometry":{"type":"Point","coordinates":[-102.38,34.83]}},{"type":"Feature","properties":{"ef":0,"year":2002,"date":"2002-05-05","len_km":0.8,"inj":0,"fat":0},"geometry":{"type":"LineString","coordinates":[[-102.23,34.92],[-102.23,34.93]]}},{"type":"Feature","properties":{"ef":0,"year":2002,"date":"2002-05-05","len_km":0.2,"inj":0,"fat":0},"geometry":{"type":"Point","coordinates":[-101.27,35.95]}},{"type":"Feature","properties":{"ef":0,"year":2002,"date":"2002-05-05","len_km":1.6,"inj":0,"fat":0},"geometry":{"type":"LineString","coordinates":[[-102.18,34.72],[-102.17,34.7]]}},{"type":"Feature","properties":{"ef":2,"year":2002,"date":"2002-05-05","len_km":8.0,"inj":0,"fat":0},"geometry":{"type":"LineString","coordinates":[[-101.93,34.73],[-101.85,34.73]]}},{"type":"Feature","properties":{"ef":2,"year":2002,"date":"2002-05-05","len_km":8.0,"inj":4,"fat":2},"geometry":{"type":"LineString","coordinates":[[-101.85,34.73],[-101.72,34.82]]}},{"type":"Feature","properties":{"ef":0,"year":2002,"date":"2002-05-05","len_km":0.2,"inj":0,"fat":0},"geometry":{"type":"Point","coordinates":[-101.7,34.82]}},{"type":"Feature","properties":{"ef":0,"year":2002,"date":"2002-05-05","len_km":1.6,"inj":0,"fat":0},"geometry":{"type":"LineString","coordinates":[[-101.77,34.73],[-101.75,34.73]]}},{"type":"Feature","properties":{"ef":0,"year":2002,"date":"2002-05-05","len_km":0.6,"inj":0,"fat":0},"geometry":{"type":"LineString","coordinates":[[-101.53,34.8],[-101.52,34.82]]}},{"type":"Feature","properties":{"ef":0,"year":2002,"date":"2002-05-05","len_km":0.5,"inj":0,"fat":0},"geometry":{"type":"LineString","coordinates":[[-101.57,34.77],[-101.55,34.78]]}},{"type":"Feature","properties":{"ef":0,"year":2002,"date":"2002-05-05","len_km":0.2,"inj":0,"fat":0},"geometry":{"type":"Point","coordinates":[-101.62,34.73]}},{"type":"Feature","properties":{"ef":0,"year":2002,"date":"2002-05-05","len_km":4.0,"inj":0,"fat":0},"geometry":{"type":"LineString","coordinates":[[-100.18,36.07],[-100.15,36.1]]}},{"type":"Feature","properties":{"ef":0,"year":2002,"date":"2002-05-05","len_km":0.3,"inj":0,"fat":0},"geometry":{"type":"Point","coordinates":[-101.1,34.83]}},{"type":"Feature","properties":{"ef":0,"year":2002,"date":"2002-05-05","len_km":1.6,"inj":0,"fat":0},"geometry":{"type":"Point","coordinates":[-100.88,34.72]}},{"type":"Feature","properties":{"ef":1,"year":2002,"date":"2002-05-05","len_km":1.6,"inj":0,"fat":0},"geometry":{"type":"Point","coordinates":[-100.78,34.68]}},{"type":"Feature","properties":{"ef":1,"year":2002,"date":"2002-05-05","len_km":4.8,"inj":0,"fat":0},"geometry":{"type":"LineString","coordinates":[[-100.6,34.67],[-100.55,34.7]]}},{"type":"Feature","properties":{"ef":0,"year":2002,"date":"2002-05-05","len_km":0.3,"inj":0,"fat":0},"geometry":{"type":"LineString","coordinates":[[-100.53,34.73],[-100.6,34.73]]}},{"type":"Feature","properties":{"ef":1,"year":2002,"date":"2002-05-05","len_km":9.7,"inj":0,"fat":0},"geometry":{"type":"LineString","coordinates":[[-100.52,34.72],[-100.38,34.72]]}},{"type":"Feature","properties":{"ef":0,"year":2002,"date":"2002-05-07","len_km":0.8,"inj":0,"fat":0},"geometry":{"type":"Point","coordinates":[-100.4,32.33]}},{"type":"Feature","properties":{"ef":0,"year":2002,"date":"2002-05-07","len_km":0.3,"inj":0,"fat":0},"geometry":{"type":"Point","coordinates":[-99.83,32.62]}},{"type":"Feature","properties":{"ef":0,"year":2002,"date":"2002-05-07","len_km":0.3,"inj":0,"fat":0},"geometry":{"type":"Point","coordinates":[-99.73,32.45]}},{"type":"Feature","properties":{"ef":0,"year":2002,"date":"2002-06-13","len_km":0.8,"inj":0,"fat":0},"geometry":{"type":"Point","coordinates":[-99.87,32.45]}},{"type":"Feature","properties":{"ef":0,"year":2002,"date":"2002-06-04","len_km":1.6,"inj":0,"fat":0},"geometry":{"type":"LineString","coordinates":[[-101.13,33.93],[-101.12,33.93]]}},{"type":"Feature","properties":{"ef":0,"year":2002,"date":"2002-06-04","len_km":8.0,"inj":0,"fat":0},"geometry":{"type":"LineString","coordinates":[[-99.85,33.0],[-99.78,32.95]]}},{"type":"Feature","properties":{"ef":0,"year":2002,"date":"2002-06-04","len_km":0.8,"inj":0,"fat":0},"geometry":{"type":"Point","coordinates":[-99.0,33.27]}},{"type":"Feature","properties":{"ef":0,"year":2002,"date":"2002-07-04","len_km":0.3,"inj":0,"fat":0},"geometry":{"type":"Point","coordinates":[-101.63,31.87]}},{"type":"Feature","properties":{"ef":0,"year":2002,"date":"2002-08-13","len_km":0.2,"inj":0,"fat":0},"geometry":{"type":"Point","coordinates":[-100.75,32.2]}},{"type":"Feature","properties":{"ef":0,"year":2002,"date":"2002-08-22","len_km":0.2,"inj":0,"fat":0},"geometry":{"type":"Point","coordinates":[-95.37,29.73]}},{"type":"Feature","properties":{"ef":0,"year":2002,"date":"2002-08-30","len_km":0.8,"inj":0,"fat":0},"geometry":{"type":"Point","coordinates":[-102.65,35.02]}},{"type":"Feature","properties":{"ef":0,"year":2002,"date":"2002-08-01","len_km":0.2,"inj":0,"fat":0},"geometry":{"type":"Point","coordinates":[-104.62,31.05]}},{"type":"Feature","properties":{"ef":0,"year":2002,"date":"2002-09-13","len_km":3.2,"inj":0,"fat":0},"geometry":{"type":"LineString","coordinates":[[-104.0,31.08],[-103.97,31.07]]}},{"type":"Feature","properties":{"ef":0,"year":2002,"date":"2002-09-14","len_km":0.2,"inj":0,"fat":0},"geometry":{"type":"Point","coordinates":[-102.68,31.27]}},{"type":"Feature","properties":{"ef":0,"year":2002,"date":"2002-09-06","len_km":0.2,"inj":0,"fat":0},"geometry":{"type":"Point","coordinates":[-95.45,29.05]}},{"type":"Feature","properties":{"ef":0,"year":2002,"date":"2002-09-06","len_km":6.4,"inj":0,"fat":0},"geometry":{"type":"LineString","coordinates":[[-95.8,28.97],[-95.85,29.0]]}},{"type":"Feature","properties":{"ef":0,"year":2002,"date":"2002-09-07","len_km":0.3,"inj":0,"fat":0},"geometry":{"type":"Point","coordinates":[-95.65,29.15]}},{"type":"Feature","properties":{"ef":0,"year":2002,"date":"2002-09-07","len_km":0.3,"inj":0,"fat":0},"geometry":{"type":"Point","coordinates":[-95.95,29.27]}},{"type":"Feature","properties":{"ef":1,"year":2002,"date":"2002-09-07","len_km":0.3,"inj":3,"fat":0},"geometry":{"type":"Point","coordinates":[-95.83,29.4]}},{"type":"Feature","properties":{"ef":0,"year":2002,"date":"2002-09-08","len_km":0.8,"inj":0,"fat":0},"geometry":{"type":"Point","coordinates":[-97.75,28.4]}},{"type":"Feature","properties":{"ef":0,"year":2002,"date":"2002-09-08","len_km":1.0,"inj":0,"fat":0},"geometry":{"type":"Point","coordinates":[-98.15,28.33]}},{"type":"Feature","properties":{"ef":0,"year":2002,"date":"2002-09-08","len_km":0.6,"inj":0,"fat":0},"geometry":{"type":"Point","coordinates":[-97.6,28.73]}},{"type":"Feature","properties":{"ef":0,"year":2002,"date":"2002-09-08","len_km":1.0,"inj":0,"fat":0},"geometry":{"type":"Point","coordinates":[-97.63,28.67]}},{"type":"Feature","properties":{"ef":0,"year":2002,"date":"2002-09-08","len_km":0.8,"inj":0,"fat":0},"geometry":{"type":"LineString","coordinates":[[-98.08,27.65],[-98.13,27.37]]}},{"type":"Feature","properties":{"ef":0,"year":2002,"date":"2002-09-08","len_km":1.0,"inj":0,"fat":0},"geometry":{"type":"Point","coordinates":[-98.08,27.65]}},{"type":"Feature","properties":{"ef":1,"year":2003,"date":"2003-10-05","len_km":8.0,"inj":0,"fat":0},"geometry":{"type":"LineString","coordinates":[[-101.65,34.43],[-101.62,34.37]]}},{"type":"Feature","properties":{"ef":1,"year":2003,"date":"2003-10-05","len_km":6.4,"inj":1,"fat":0},"geometry":{"type":"Point","coordinates":[-96.37,30.67]}},{"type":"Feature","properties":{"ef":0,"year":2003,"date":"2003-10-05","len_km":0.5,"inj":0,"fat":0},"geometry":{"type":"Point","coordinates":[-96.2,30.47]}},{"type":"Feature","properties":{"ef":0,"year":2003,"date":"2003-10-05","len_km":0.2,"inj":0,"fat":0},"geometry":{"type":"Point","coordinates":[-101.58,34.32]}},{"type":"Feature","properties":{"ef":0,"year":2003,"date":"2003-10-06","len_km":4.8,"inj":0,"fat":0},"geometry":{"type":"LineString","coordinates":[[-100.68,32.4],[-100.67,32.37]]}},{"type":"Feature","properties":{"ef":0,"year":2003,"date":"2003-10-09","len_km":4.8,"inj":0,"fat":0},"geometry":{"type":"Point","coordinates":[-95.02,29.67]}},{"type":"Feature","properties":{"ef":0,"year":2003,"date":"2003-10-09","len_km":1.6,"inj":0,"fat":0},"geometry":{"type":"Point","coordinates":[-95.63,29.62]}},{"type":"Feature","properties":{"ef":0,"year":2003,"date":"2003-10-09","len_km":1.6,"inj":0,"fat":0},"geometry":{"type":"Point","coordinates":[-94.68,30.03]}},{"type":"Feature","properties":{"ef":0,"year":2003,"date":"2003-10-09","len_km":2.4,"inj":0,"fat":0},"geometry":{"type":"Point","coordinates":[-95.42,29.53]}},{"type":"Feature","properties":{"ef":0,"year":2003,"date":"2003-10-09","len_km":1.6,"inj":0,"fat":0},"geometry":{"type":"Point","coordinates":[-96.1,29.32]}},{"type":"Feature","properties":{"ef":0,"year":2003,"date":"2003-10-09","len_km":1.6,"inj":0,"fat":0},"geometry":{"type":"Point","coordinates":[-95.45,29.52]}},{"type":"Feature","properties":{"ef":0,"year":2003,"date":"2003-10-09","len_km":1.6,"inj":0,"fat":0},"geometry":{"type":"Point","coordinates":[-95.43,29.48]}},{"type":"Feature","properties":{"ef":0,"year":2003,"date":"2003-11-17","len_km":0.8,"inj":0,"fat":0},"geometry":{"type":"Point","coordinates":[-96.38,29.12]}},{"type":"Feature","properties":{"ef":0,"year":2003,"date":"2003-11-17","len_km":1.6,"inj":2,"fat":0},"geometry":{"type":"Point","coordinates":[-96.28,29.13]}},{"type":"Feature","properties":{"ef":0,"year":2003,"date":"2003-11-17","len_km":0.8,"inj":0,"fat":0},"geometry":{"type":"Point","coordinates":[-96.13,29.0]}},{"type":"Feature","properties":{"ef":0,"year":2003,"date":"2003-11-17","len_km":0.8,"inj":0,"fat":0},"geometry":{"type":"Point","coordinates":[-96.17,29.27]}},{"type":"Feature","properties":{"ef":0,"year":2003,"date":"2003-11-17","len_km":0.3,"inj":0,"fat":0},"geometry":{"type":"Point","coordinates":[-96.1,29.28]}},{"type":"Feature","properties":{"ef":0,"year":2003,"date":"2003-11-17","len_km":1.6,"inj":0,"fat":0},"geometry":{"type":"Point","coordinates":[-96.02,29.28]}},{"type":"Feature","properties":{"ef":2,"year":2003,"date":"2003-11-17","len_km":2.4,"inj":60,"fat":0},"geometry":{"type":"Point","coordinates":[-95.63,29.62]}},{"type":"Feature","properties":{"ef":2,"year":2003,"date":"2003-11-17","len_km":1.6,"inj":0,"fat":0},"geometry":{"type":"LineString","coordinates":[[-95.57,29.63],[-95.55,29.62]]}},{"type":"Feature","properties":{"ef":0,"year":2003,"date":"2003-11-17","len_km":0.3,"inj":0,"fat":0},"geometry":{"type":"Point","coordinates":[-95.35,29.98]}},{"type":"Feature","properties":{"ef":0,"year":2003,"date":"2003-11-17","len_km":1.6,"inj":1,"fat":0},"geometry":{"type":"Point","coordinates":[-95.58,29.05]}},{"type":"Feature","properties":{"ef":2,"year":2003,"date":"2003-11-17","len_km":1.1,"inj":0,"fat":0},"geometry":{"type":"Point","coordinates":[-95.23,29.67]}},{"type":"Feature","properties":{"ef":0,"year":2003,"date":"2003-11-17","len_km":0.2,"inj":0,"fat":0},"geometry":{"type":"Point","coordinates":[-95.08,29.37]}},{"type":"Feature","properties":{"ef":0,"year":2003,"date":"2003-11-17","len_km":1.6,"inj":0,"fat":0},"geometry":{"type":"Point","coordinates":[-95.05,29.47]}},{"type":"Feature","properties":{"ef":0,"year":2003,"date":"2003-11-17","len_km":0.2,"inj":0,"fat":0},"geometry":{"type":"Point","coordinates":[-94.9,29.67]}},{"type":"Feature","properties":{"ef":0,"year":2003,"date":"2003-11-17","len_km":0.8,"inj":0,"fat":0},"geometry":{"type":"Point","coordinates":[-95.12,29.7]}},{"type":"Feature","properties":{"ef":1,"year":2003,"date":"2003-11-17","len_km":0.8,"inj":5,"fat":0},"geometry":{"type":"Point","coordinates":[-94.77,29.83]}},{"type":"Feature","properties":{"ef":0,"year":2003,"date":"2003-11-17","len_km":0.3,"inj":0,"fat":0},"geometry":{"type":"Point","coordinates":[-94.73,29.9]}},{"type":"Feature","properties":{"ef":1,"year":2003,"date":"2003-11-17","len_km":0.3,"inj":0,"fat":0},"geometry":{"type":"Point","coordinates":[-94.72,29.93]}},{"type":"Feature","properties":{"ef":0,"year":2003,"date":"2003-11-17","len_km":2.3,"inj":0,"fat":0},"geometry":{"type":"Point","coordinates":[-95.42,29.53]}},{"type":"Feature","properties":{"ef":1,"year":2003,"date":"2003-11-17","len_km":0.3,"inj":0,"fat":0},"geometry":{"type":"Point","coordinates":[-95.42,29.53]}},{"type":"Feature","properties":{"ef":1,"year":2003,"date":"2003-11-17","len_km":0.3,"inj":0,"fat":0},"geometry":{"type":"Point","coordinates":[-95.42,29.53]}},{"type":"Feature","properties":{"ef":2,"year":2003,"date":"2003-11-17","len_km":1.6,"inj":0,"fat":0},"geometry":{"type":"LineString","coordinates":[[-93.48,31.13],[-93.47,31.15]]}},{"type":"Feature","properties":{"ef":0,"year":2003,"date":"2003-11-17","len_km":0.8,"inj":0,"fat":0},"geometry":{"type":"Point","coordinates":[-95.05,29.75]}},{"type":"Feature","properties":{"ef":1,"year":2003,"date":"2003-11-17","len_km":2.4,"inj":3,"fat":0},"geometry":{"type":"Point","coordinates":[-95.05,29.72]}},{"type":"Feature","properties":{"ef":1,"year":2003,"date":"2003-11-17","len_km":8.0,"inj":0,"fat":0},"geometry":{"type":"LineString","coordinates":[[-94.08,30.92],[-94.07,30.97]]}},{"type":"Feature","properties":{"ef":1,"year":2003,"date":"2003-11-17","len_km":1.6,"inj":0,"fat":0},"geometry":{"type":"Point","coordinates":[-94.7,29.6]}},{"type":"Feature","properties":{"ef":0,"year":2003,"date":"2003-11-18","len_km":0.3,"inj":0,"fat":0},"geometry":{"type":"Point","coordinates":[-94.1,30.08]}},{"type":"Feature","properties":{"ef":0,"year":2003,"date":"2003-03-17","len_km":0.2,"inj":0,"fat":0},"geometry":{"type":"Point","coordinates":[-98.18,32.6]}},{"type":"Feature","properties":{"ef":0,"year":2003,"date":"2003-03-18","len_km":0.8,"inj":0,"fat":0},"geometry":{"type":"Point","coordinates":[-95.33,30.22]}},{"type":"Feature","properties":{"ef":0,"year":2003,"date":"2003-03-25","len_km":0.5,"inj":0,"fat":0},"geometry":{"type":"Point","coordinates":[-97.73,31.13]}},{"type":"Feature","properties":{"ef":0,"year":2003,"date":"2003-03-25","len_km":1.1,"inj":0,"fat":0},"geometry":{"type":"LineString","coordinates":[[-98.92,29.93],[-98.92,29.92]]}},{"type":"Feature","properties":{"ef":0,"year":2003,"date":"2003-04-15","len_km":8.0,"inj":0,"fat":0},"geometry":{"type":"LineString","coordinates":[[-100.42,35.45],[-100.32,35.45]]}},{"type":"Feature","properties":{"ef":0,"year":2003,"date":"2003-04-15","len_km":0.8,"inj":0,"fat":0},"geometry":{"type":"Point","coordinates":[-100.2,34.35]}},{"type":"Feature","properties":{"ef":1,"year":2003,"date":"2003-04-15","len_km":0.8,"inj":0,"fat":0},"geometry":{"type":"Point","coordinates":[-100.07,34.38]}},{"type":"Feature","properties":{"ef":1,"year":2003,"date":"2003-04-15","len_km":3.2,"inj":0,"fat":0},"geometry":{"type":"LineString","coordinates":[[-99.82,33.43],[-99.82,33.45]]}},{"type":"Feature","properties":{"ef":1,"year":2003,"date":"2003-04-23","len_km":0.2,"inj":0,"fat":0},"geometry":{"type":"Point","coordinates":[-100.9,34.93]}},{"type":"Feature","properties":{"ef":0,"year":2003,"date":"2003-04-23","len_km":0.2,"inj":0,"fat":0},"geometry":{"type":"Point","coordinates":[-101.02,34.4]}},{"type":"Feature","properties":{"ef":0,"year":2003,"date":"2003-04-23","len_km":0.3,"inj":0,"fat":0},"geometry":{"type":"Point","coordinates":[-100.9,34.42]}},{"type":"Feature","properties":{"ef":0,"year":2003,"date":"2003-04-23","len_km":1.6,"inj":0,"fat":0},"geometry":{"type":"LineString","coordinates":[[-100.43,33.75],[-100.42,33.75]]}},{"type":"Feature","properties":{"ef":0,"year":2003,"date":"2003-04-23","len_km":2.4,"inj":0,"fat":0},"geometry":{"type":"LineString","coordinates":[[-99.73,34.23],[-99.7,34.25]]}},{"type":"Feature","properties":{"ef":0,"year":2003,"date":"2003-04-23","len_km":0.8,"inj":0,"fat":0},"geometry":{"type":"Point","coordinates":[-99.85,33.65]}},{"type":"Feature","properties":{"ef":0,"year":2003,"date":"2003-04-23","len_km":0.2,"inj":0,"fat":0},"geometry":{"type":"Point","coordinates":[-99.22,32.55]}},{"type":"Feature","properties":{"ef":0,"year":2003,"date":"2003-04-29","len_km":1.3,"inj":0,"fat":0},"geometry":{"type":"LineString","coordinates":[[-100.33,32.08],[-100.33,32.07]]}},{"type":"Feature","properties":{"ef":0,"year":2003,"date":"2003-04-29","len_km":0.8,"inj":0,"fat":0},"geometry":{"type":"LineString","coordinates":[[-100.32,32.07],[-100.32,32.05]]}},{"type":"Feature","properties":{"ef":1,"year":2003,"date":"2003-04-30","len_km":0.5,"inj":11,"fat":0},"geometry":{"type":"Point","coordinates":[-98.45,26.23]}},{"type":"Feature","properties":{"ef":0,"year":2003,"date":"2003-04-04","len_km":6.3,"inj":0,"fat":0},"geometry":{"type":"LineString","coordinates":[[-94.07,31.47],[-94.0,31.52]]}},{"type":"Feature","properties":{"ef":0,"year":2003,"date":"2003-04-05","len_km":0.2,"inj":0,"fat":0},"geometry":{"type":"Point","coordinates":[-100.4,32.92]}},{"type":"Feature","properties":{"ef":0,"year":2003,"date":"2003-04-05","len_km":4.8,"inj":0,"fat":0},"geometry":{"type":"LineString","coordinates":[[-100.42,33.0],[-100.38,33.03]]}},{"type":"Feature","properties":{"ef":0,"year":2003,"date":"2003-04-05","len_km":1.6,"inj":0,"fat":0},"geometry":{"type":"LineString","coordinates":[[-99.97,33.03],[-99.92,33.05]]}},{"type":"Feature","properties":{"ef":0,"year":2003,"date":"2003-04-05","len_km":0.2,"inj":0,"fat":0},"geometry":{"type":"Point","coordinates":[-99.15,33.02]}},{"type":"Feature","properties":{"ef":1,"year":2003,"date":"2003-04-05","len_km":0.5,"inj":0,"fat":0},"geometry":{"type":"Point","coordinates":[-98.45,32.93]}},{"type":"Feature","properties":{"ef":0,"year":2003,"date":"2003-04-05","len_km":0.8,"inj":0,"fat":0},"geometry":{"type":"Point","coordinates":[-97.25,32.83]}},{"type":"Feature","properties":{"ef":0,"year":2003,"date":"2003-04-05","len_km":1.1,"inj":0,"fat":0},"geometry":{"type":"LineString","coordinates":[[-97.05,32.83],[-96.93,32.82]]}},{"type":"Feature","properties":{"ef":2,"year":2003,"date":"2003-04-06","len_km":7.9,"inj":6,"fat":0},"geometry":{"type":"LineString","coordinates":[[-94.6,32.3],[-94.52,32.3]]}},{"type":"Feature","properties":{"ef":3,"year":2003,"date":"2003-04-06","len_km":61.5,"inj":0,"fat":0},"geometry":{"type":"LineString","coordinates":[[-95.05,31.9],[-94.68,32.25]]}},{"type":"Feature","properties":{"ef":2,"year":2003,"date":"2003-04-06","len_km":44.3,"inj":0,"fat":0},"geometry":{"type":"LineString","coordinates":[[-94.93,31.42],[-94.52,31.57]]}},{"type":"Feature","properties":{"ef":0,"year":2003,"date":"2003-04-06","len_km":0.3,"inj":0,"fat":0},"geometry":{"type":"Point","coordinates":[-94.67,31.6]}},{"type":"Feature","properties":{"ef":1,"year":2003,"date":"2003-05-15","len_km":16.1,"inj":0,"fat":0},"geometry":{"type":"LineString","coordinates":[[-102.32,36.3],[-102.15,36.4]]}},{"type":"Feature","properties":{"ef":0,"year":2003,"date":"2003-05-15","len_km":1.6,"inj":0,"fat":0},"geometry":{"type":"LineString","coordinates":[[-102.32,36.3],[-102.27,36.32]]}},{"type":"Feature","properties":{"ef":0,"year":2003,"date":"2003-05-15","len_km":1.6,"inj":0,"fat":0},"geometry":{"type":"LineString","coordinates":[[-102.07,36.5],[-102.02,36.52]]}},{"type":"Feature","properties":{"ef":0,"year":2003,"date":"2003-05-15","len_km":9.7,"inj":0,"fat":0},"geometry":{"type":"LineString","coordinates":[[-101.73,36.0],[-101.65,36.05]]}},{"type":"Feature","properties":{"ef":0,"year":2003,"date":"2003-05-15","len_km":0.2,"inj":0,"fat":0},"geometry":{"type":"Point","coordinates":[-101.77,36.17]}},{"type":"Feature","properties":{"ef":0,"year":2003,"date":"2003-05-15","len_km":0.2,"inj":0,"fat":0},"geometry":{"type":"Point","coordinates":[-101.75,36.17]}},{"type":"Feature","properties":{"ef":0,"year":2003,"date":"2003-05-15","len_km":0.2,"inj":0,"fat":0},"geometry":{"type":"Point","coordinates":[-100.6,35.18]}},{"type":"Feature","properties":{"ef":0,"year":2003,"date":"2003-05-15","len_km":0.5,"inj":0,"fat":0},"geometry":{"type":"Point","coordinates":[-101.92,36.3]}},{"type":"Feature","properties":{"ef":0,"year":2003,"date":"2003-05-15","len_km":0.8,"inj":0,"fat":0},"geometry":{"type":"Point","coordinates":[-100.7,35.17]}},{"type":"Feature","properties":{"ef":0,"year":2003,"date":"2003-05-15","len_km":0.5,"inj":0,"fat":0},"geometry":{"type":"Point","coordinates":[-99.72,32.57]}},{"type":"Feature","properties":{"ef":1,"year":2003,"date":"2003-05-15","len_km":3.2,"inj":0,"fat":0},"geometry":{"type":"Point","coordinates":[-99.5,32.57]}},{"type":"Feature","properties":{"ef":0,"year":2003,"date":"2003-05-15","len_km":0.2,"inj":0,"fat":0},"geometry":{"type":"Point","coordinates":[-101.07,35.0]}},{"type":"Feature","properties":{"ef":0,"year":2003,"date":"2003-05-15","len_km":3.2,"inj":0,"fat":0},"geometry":{"type":"LineString","coordinates":[[-101.45,35.85],[-101.42,35.87]]}},{"type":"Feature","properties":{"ef":2,"year":2003,"date":"2003-05-15","len_km":2.4,"inj":0,"fat":0},"geometry":{"type":"LineString","coordinates":[[-99.33,32.5],[-99.32,32.5]]}},{"type":"Feature","properties":{"ef":2,"year":2003,"date":"2003-05-15","len_km":2.4,"inj":0,"fat":0},"geometry":{"type":"LineString","coordinates":[[-99.3,32.55],[-99.33,32.55]]}},{"type":"Feature","properties":{"ef":1,"year":2003,"date":"2003-05-15","len_km":29.0,"inj":0,"fat":0},"geometry":{"type":"LineString","coordinates":[[-100.35,35.22],[-100.12,35.4]]}},{"type":"Feature","properties":{"ef":0,"year":2003,"date":"2003-05-15","len_km":0.2,"inj":0,"fat":0},"geometry":{"type":"Point","coordinates":[-101.35,35.35]}},{"type":"Feature","properties":{"ef":0,"year":2003,"date":"2003-05-15","len_km":19.3,"inj":0,"fat":0},"geometry":{"type":"LineString","coordinates":[[-99.07,32.47],[-98.98,32.63]]}},{"type":"Feature","properties":{"ef":0,"year":2003,"date":"2003-05-15","len_km":1.6,"inj":0,"fat":0},"geometry":{"type":"LineString","coordinates":[[-99.15,32.53],[-99.13,32.52]]}},{"type":"Feature","properties":{"ef":1,"year":2003,"date":"2003-05-15","len_km":1.6,"inj":0,"fat":0},"geometry":{"type":"LineString","coordinates":[[-99.13,32.55],[-99.12,32.55]]}},{"type":"Feature","properties":{"ef":0,"year":2003,"date":"2003-05-15","len_km":0.8,"inj":0,"fat":0},"geometry":{"type":"Point","coordinates":[-100.5,35.37]}},{"type":"Feature","properties":{"ef":0,"year":2003,"date":"2003-05-15","len_km":0.2,"inj":0,"fat":0},"geometry":{"type":"Point","coordinates":[-98.7,32.48]}},{"type":"Feature","properties":{"ef":0,"year":2003,"date":"2003-05-15","len_km":0.2,"inj":0,"fat":0},"geometry":{"type":"Point","coordinates":[-100.27,35.5]}},{"type":"Feature","properties":{"ef":0,"year":2003,"date":"2003-05-16","len_km":0.8,"inj":0,"fat":0},"geometry":{"type":"Point","coordinates":[-95.83,30.95]}},{"type":"Feature","properties":{"ef":0,"year":2003,"date":"2003-05-24","len_km":0.3,"inj":0,"fat":0},"geometry":{"type":"Point","coordinates":[-100.72,35.77]}},{"type":"Feature","properties":{"ef":0,"year":2003,"date":"2003-05-24","len_km":0.3,"inj":0,"fat":0},"geometry":{"type":"Point","coordinates":[-100.82,35.6]}},{"type":"Feature","properties":{"ef":0,"year":2003,"date":"2003-05-24","len_km":0.2,"inj":0,"fat":0},"geometry":{"type":"Point","coordinates":[-102.9,34.08]}},{"type":"Feature","properties":{"ef":1,"year":2003,"date":"2003-05-24","len_km":4.8,"inj":0,"fat":0},"geometry":{"type":"LineString","coordinates":[[-95.77,33.33],[-95.77,33.27]]}},{"type":"Feature","properties":{"ef":0,"year":2003,"date":"2003-05-24","len_km":0.2,"inj":0,"fat":0},"geometry":{"type":"Point","coordinates":[-102.97,33.92]}},{"type":"Feature","properties":{"ef":0,"year":2003,"date":"2003-05-24","len_km":0.8,"inj":0,"fat":0},"geometry":{"type":"LineString","coordinates":[[-102.38,33.87],[-102.37,33.87]]}},{"type":"Feature","properties":{"ef":0,"year":2003,"date":"2003-05-24","len_km":0.8,"inj":0,"fat":0},"geometry":{"type":"Point","coordinates":[-102.33,33.78]}},{"type":"Feature","properties":{"ef":0,"year":2003,"date":"2003-05-03","len_km":0.8,"inj":0,"fat":0},"geometry":{"type":"LineString","coordinates":[[-100.15,33.22],[-100.13,33.23]]}},{"type":"Feature","properties":{"ef":0,"year":2003,"date":"2003-05-03","len_km":0.2,"inj":0,"fat":0},"geometry":{"type":"Point","coordinates":[-100.05,33.22]}},{"type":"Feature","properties":{"ef":0,"year":2003,"date":"2003-05-03","len_km":0.8,"inj":0,"fat":0},"geometry":{"type":"Point","coordinates":[-99.9,33.15]}},{"type":"Feature","properties":{"ef":0,"year":2003,"date":"2003-05-03","len_km":1.6,"inj":0,"fat":0},"geometry":{"type":"LineString","coordinates":[[-99.75,33.05],[-99.7,33.07]]}},{"type":"Feature","properties":{"ef":2,"year":2003,"date":"2003-05-03","len_km":6.4,"inj":0,"fat":0},"geometry":{"type":"LineString","coordinates":[[-99.63,33.07],[-99.62,33.12]]}},{"type":"Feature","properties":{"ef":0,"year":2003,"date":"2003-05-03","len_km":1.6,"inj":0,"fat":0},"geometry":{"type":"LineString","coordinates":[[-99.57,33.02],[-99.55,33.0]]}},{"type":"Feature","properties":{"ef":2,"year":2003,"date":"2003-05-06","len_km":87.5,"inj":5,"fat":0},"geometry":{"type":"LineString","coordinates":[[-95.45,32.68],[-94.52,32.82]]}},{"type":"Feature","properties":{"ef":1,"year":2003,"date":"2003-05-07","len_km":4.8,"inj":0,"fat":0},"geometry":{"type":"LineString","coordinates":[[-99.32,32.47],[-99.3,32.48]]}},{"type":"Feature","properties":{"ef":0,"year":2003,"date":"2003-05-07","len_km":0.5,"inj":0,"fat":0},"geometry":{"type":"LineString","coordinates":[[-98.98,32.4],[-98.98,32.42]]}},{"type":"Feature","properties":{"ef":0,"year":2003,"date":"2003-05-07","len_km":0.3,"inj":0,"fat":0},"geometry":{"type":"Point","coordinates":[-99.25,34.32]}},{"type":"Feature","properties":{"ef":0,"year":2003,"date":"2003-06-11","len_km":0.2,"inj":0,"fat":0},"geometry":{"type":"Point","coordinates":[-99.68,33.32]}},{"type":"Feature","properties":{"ef":0,"year":2003,"date":"2003-06-11","len_km":0.2,"inj":0,"fat":0},"geometry":{"type":"Point","coordinates":[-100.4,31.52]}},{"type":"Feature","properties":{"ef":0,"year":2003,"date":"2003-06-12","len_km":0.3,"inj":0,"fat":0},"geometry":{"type":"Point","coordinates":[-94.93,30.7]}},{"type":"Feature","properties":{"ef":0,"year":2003,"date":"2003-06-12","len_km":0.3,"inj":0,"fat":0},"geometry":{"type":"Point","coordinates":[-94.93,30.7]}},{"type":"Feature","properties":{"ef":0,"year":2003,"date":"2003-06-12","len_km":0.2,"inj":0,"fat":0},"geometry":{"type":"Point","coordinates":[-98.83,33.37]}},{"type":"Feature","properties":{"ef":0,"year":2003,"date":"2003-06-13","len_km":8.0,"inj":0,"fat":0},"geometry":{"type":"LineString","coordinates":[[-96.33,30.6],[-96.25,30.53]]}},{"type":"Feature","properties":{"ef":0,"year":2003,"date":"2003-06-14","len_km":0.3,"inj":0,"fat":0},"geometry":{"type":"Point","coordinates":[-95.92,28.83]}},{"type":"Feature","properties":{"ef":0,"year":2003,"date":"2003-06-14","len_km":0.3,"inj":0,"fat":0},"geometry":{"type":"Point","coordinates":[-96.07,28.95]}},{"type":"Feature","properties":{"ef":0,"year":2003,"date":"2003-06-16","len_km":0.3,"inj":0,"fat":0},"geometry":{"type":"Point","coordinates":[-96.27,30.15]}},{"type":"Feature","properties":{"ef":0,"year":2003,"date":"2003-06-17","len_km":1.6,"inj":0,"fat":0},"geometry":{"type":"Point","coordinates":[-94.87,29.28]}},{"type":"Feature","properties":{"ef":0,"year":2003,"date":"2003-06-02","len_km":0.5,"inj":0,"fat":0},"geometry":{"type":"Point","coordinates":[-98.33,30.55]}},{"type":"Feature","properties":{"ef":0,"year":2003,"date":"2003-06-02","len_km":0.5,"inj":0,"fat":0},"geometry":{"type":"Point","coordinates":[-94.73,30.2]}},{"type":"Feature","properties":{"ef":1,"year":2003,"date":"2003-06-03","len_km":0.5,"inj":0,"fat":0},"geometry":{"type":"Point","coordinates":[-98.3,29.23]}},{"type":"Feature","properties":{"ef":0,"year":2003,"date":"2003-06-03","len_km":0.2,"inj":0,"fat":0},"geometry":{"type":"Point","coordinates":[-98.72,29.03]}},{"type":"Feature","properties":{"ef":0,"year":2003,"date":"2003-06-03","len_km":0.3,"inj":0,"fat":0},"geometry":{"type":"Point","coordinates":[-98.63,28.92]}},{"type":"Feature","properties":{"ef":0,"year":2003,"date":"2003-06-03","len_km":1.6,"inj":0,"fat":0},"geometry":{"type":"Point","coordinates":[-95.63,29.62]}},{"type":"Feature","properties":{"ef":0,"year":2003,"date":"2003-06-03","len_km":0.8,"inj":0,"fat":0},"geometry":{"type":"Point","coordinates":[-102.87,34.63]}},{"type":"Feature","properties":{"ef":0,"year":2003,"date":"2003-06-03","len_km":0.2,"inj":0,"fat":0},"geometry":{"type":"Point","coordinates":[-102.87,34.52]}},{"type":"Feature","properties":{"ef":0,"year":2003,"date":"2003-06-03","len_km":0.2,"inj":0,"fat":0},"geometry":{"type":"Point","coordinates":[-102.78,34.6]}},{"type":"Feature","properties":{"ef":1,"year":2003,"date":"2003-06-03","len_km":0.5,"inj":0,"fat":0},"geometry":{"type":"Point","coordinates":[-102.75,34.63]}},{"type":"Feature","properties":{"ef":0,"year":2003,"date":"2003-06-03","len_km":0.2,"inj":0,"fat":0},"geometry":{"type":"Point","coordinates":[-102.8,34.52]}},{"type":"Feature","properties":{"ef":0,"year":2003,"date":"2003-06-03","len_km":0.3,"inj":0,"fat":0},"geometry":{"type":"Point","coordinates":[-102.72,35.08]}},{"type":"Feature","properties":{"ef":0,"year":2003,"date":"2003-06-03","len_km":0.2,"inj":0,"fat":0},"geometry":{"type":"Point","coordinates":[-102.8,34.82]}},{"type":"Feature","properties":{"ef":0,"year":2003,"date":"2003-06-03","len_km":0.3,"inj":0,"fat":0},"geometry":{"type":"Point","coordinates":[-99.33,31.12]}},{"type":"Feature","properties":{"ef":0,"year":2003,"date":"2003-06-04","len_km":0.2,"inj":0,"fat":0},"geometry":{"type":"Point","coordinates":[-102.9,33.72]}},{"type":"Feature","properties":{"ef":0,"year":2003,"date":"2003-06-04","len_km":0.2,"inj":0,"fat":0},"geometry":{"type":"Point","coordinates":[-102.77,33.18]}},{"type":"Feature","properties":{"ef":0,"year":2003,"date":"2003-06-05","len_km":0.3,"inj":0,"fat":0},"geometry":{"type":"Point","coordinates":[-95.02,30.5]}},{"type":"Feature","properties":{"ef":0,"year":2003,"date":"2003-06-05","len_km":0.8,"inj":0,"fat":0},"geometry":{"type":"LineString","coordinates":[[-98.52,27.47],[-98.5,27.48]]}},{"type":"Feature","properties":{"ef":0,"year":2003,"date":"2003-06-05","len_km":0.3,"inj":0,"fat":0},"geometry":{"type":"LineString","coordinates":[[-103.67,30.47],[-103.62,30.45]]}},{"type":"Feature","properties":{"ef":0,"year":2003,"date":"2003-06-05","len_km":6.4,"inj":0,"fat":0},"geometry":{"type":"LineString","coordinates":[[-101.2,36.12],[-101.12,36.13]]}},{"type":"Feature","properties":{"ef":0,"year":2003,"date":"2003-07-15","len_km":0.8,"inj":0,"fat":0},"geometry":{"type":"Point","coordinates":[-96.63,28.62]}},{"type":"Feature","properties":{"ef":1,"year":2003,"date":"2003-07-15","len_km":0.5,"inj":0,"fat":0},"geometry":{"type":"Point","coordinates":[-96.22,28.7]}},{"type":"Feature","properties":{"ef":0,"year":2003,"date":"2003-07-28","len_km":0.3,"inj":0,"fat":0},"geometry":{"type":"Point","coordinates":[-96.67,28.78]}},{"type":"Feature","properties":{"ef":0,"year":2003,"date":"2003-07-01","len_km":0.2,"inj":0,"fat":0},"geometry":{"type":"Point","coordinates":[-96.83,33.15]}},{"type":"Feature","properties":{"ef":0,"year":2003,"date":"2003-07-05","len_km":0.8,"inj":0,"fat":0},"geometry":{"type":"LineString","coordinates":[[-97.2,27.72],[-97.18,27.73]]}},{"type":"Feature","properties":{"ef":0,"year":2003,"date":"2003-07-07","len_km":0.2,"inj":0,"fat":0},"geometry":{"type":"Point","coordinates":[-96.32,29.45]}},{"type":"Feature","properties":{"ef":1,"year":2003,"date":"2003-08-11","len_km":0.3,"inj":0,"fat":0},"geometry":{"type":"Point","coordinates":[-98.88,29.35]}},{"type":"Feature","properties":{"ef":0,"year":2003,"date":"2003-09-14","len_km":0.5,"inj":0,"fat":0},"geometry":{"type":"Point","coordinates":[-97.67,27.95]}},{"type":"Feature","properties":{"ef":1,"year":2003,"date":"2003-09-25","len_km":1.6,"inj":0,"fat":0},"geometry":{"type":"LineString","coordinates":[[-100.85,32.4],[-100.87,32.4]]}},{"type":"Feature","properties":{"ef":0,"year":2003,"date":"2003-09-04","len_km":0.3,"inj":0,"fat":0},"geometry":{"type":"Point","coordinates":[-95.57,29.88]}},{"type":"Feature","properties":{"ef":0,"year":2003,"date":"2003-09-08","len_km":0.3,"inj":0,"fat":0},"geometry":{"type":"Point","coordinates":[-102.15,32.15]}},{"type":"Feature","properties":{"ef":0,"year":2004,"date":"2004-10-13","len_km":1.0,"inj":0,"fat":0},"geometry":{"type":"LineString","coordinates":[[-101.07,32.62],[-101.07,32.6]]}},{"type":"Feature","properties":{"ef":0,"year":2004,"date":"2004-10-04","len_km":0.5,"inj":0,"fat":0},"geometry":{"type":"Point","coordinates":[-95.42,29.53]}},{"type":"Feature","properties":{"ef":0,"year":2004,"date":"2004-10-05","len_km":0.2,"inj":0,"fat":0},"geometry":{"type":"Point","coordinates":[-103.7,31.6]}},{"type":"Feature","properties":{"ef":0,"year":2004,"date":"2004-10-06","len_km":0.2,"inj":0,"fat":0},"geometry":{"type":"Point","coordinates":[-98.65,34.07]}},{"type":"Feature","properties":{"ef":0,"year":2004,"date":"2004-11-16","len_km":0.8,"inj":0,"fat":0},"geometry":{"type":"Point","coordinates":[-97.97,30.3]}},{"type":"Feature","properties":{"ef":0,"year":2004,"date":"2004-11-16","len_km":0.2,"inj":0,"fat":0},"geometry":{"type":"Point","coordinates":[-98.67,29.37]}},{"type":"Feature","properties":{"ef":0,"year":2004,"date":"2004-11-16","len_km":3.2,"inj":0,"fat":0},"geometry":{"type":"LineString","coordinates":[[-99.08,30.28],[-99.05,30.28]]}},{"type":"Feature","properties":{"ef":0,"year":2004,"date":"2004-11-16","len_km":0.2,"inj":0,"fat":0},"geometry":{"type":"Point","coordinates":[-98.7,30.4]}},{"type":"Feature","properties":{"ef":0,"year":2004,"date":"2004-11-16","len_km":0.2,"inj":0,"fat":0},"geometry":{"type":"Point","coordinates":[-98.7,29.35]}},{"type":"Feature","properties":{"ef":0,"year":2004,"date":"2004-11-16","len_km":0.2,"inj":0,"fat":0},"geometry":{"type":"Point","coordinates":[-98.67,29.65]}},{"type":"Feature","properties":{"ef":0,"year":2004,"date":"2004-11-16","len_km":11.3,"inj":0,"fat":0},"geometry":{"type":"LineString","coordinates":[[-98.4,30.27],[-98.47,30.35]]}},{"type":"Feature","properties":{"ef":1,"year":2004,"date":"2004-11-16","len_km":19.3,"inj":0,"fat":0},"geometry":{"type":"LineString","coordinates":[[-98.5,30.37],[-98.4,30.5]]}},{"type":"Feature","properties":{"ef":1,"year":2004,"date":"2004-11-16","len_km":1.3,"inj":0,"fat":0},"geometry":{"type":"Point","coordinates":[-98.3,29.65]}},{"type":"Feature","properties":{"ef":0,"year":2004,"date":"2004-11-17","len_km":0.3,"inj":0,"fat":0},"geometry":{"type":"Point","coordinates":[-95.2,29.7]}},{"type":"Feature","properties":{"ef":0,"year":2004,"date":"2004-11-17","len_km":0.3,"inj":0,"fat":0},"geometry":{"type":"Point","coordinates":[-95.12,29.88]}},{"type":"Feature","properties":{"ef":0,"year":2004,"date":"2004-11-17","len_km":1.1,"inj":0,"fat":0},"geometry":{"type":"Point","coordinates":[-95.62,30.1]}},{"type":"Feature","properties":{"ef":1,"year":2004,"date":"2004-11-17","len_km":0.8,"inj":0,"fat":0},"geometry":{"type":"Point","coordinates":[-95.38,29.93]}},{"type":"Feature","properties":{"ef":0,"year":2004,"date":"2004-11-20","len_km":0.5,"inj":0,"fat":0},"geometry":{"type":"Point","coordinates":[-96.95,29.28]}},{"type":"Feature","properties":{"ef":1,"year":2004,"date":"2004-11-20","len_km":3.2,"inj":0,"fat":0},"geometry":{"type":"LineString","coordinates":[[-96.92,28.72],[-96.88,28.72]]}},{"type":"Feature","properties":{"ef":0,"year":2004,"date":"2004-11-22","len_km":0.2,"inj":0,"fat":0},"geometry":{"type":"Point","coordinates":[-95.2,29.7]}},{"type":"Feature","properties":{"ef":0,"year":2004,"date":"2004-11-22","len_km":0.3,"inj":0,"fat":0},"geometry":{"type":"Point","coordinates":[-95.57,29.88]}},{"type":"Feature","properties":{"ef":0,"year":2004,"date":"2004-11-22","len_km":0.8,"inj":0,"fat":0},"geometry":{"type":"Point","coordinates":[-95.37,29.73]}},{"type":"Feature","properties":{"ef":0,"year":2004,"date":"2004-11-23","len_km":0.2,"inj":0,"fat":0},"geometry":{"type":"Point","coordinates":[-97.43,30.58]}},{"type":"Feature","properties":{"ef":0,"year":2004,"date":"2004-11-23","len_km":0.2,"inj":0,"fat":0},"geometry":{"type":"Point","coordinates":[-97.72,30.53]}},{"type":"Feature","properties":{"ef":0,"year":2004,"date":"2004-11-23","len_km":0.5,"inj":0,"fat":0},"geometry":{"type":"Point","coordinates":[-97.55,30.62]}},{"type":"Feature","properties":{"ef":0,"year":2004,"date":"2004-11-23","len_km":0.3,"inj":0,"fat":0},"geometry":{"type":"Point","coordinates":[-95.33,30.33]}},{"type":"Feature","properties":{"ef":0,"year":2004,"date":"2004-11-23","len_km":0.5,"inj":0,"fat":0},"geometry":{"type":"Point","coordinates":[-96.87,29.9]}},{"type":"Feature","properties":{"ef":0,"year":2004,"date":"2004-11-23","len_km":0.2,"inj":0,"fat":0},"geometry":{"type":"Point","coordinates":[-95.0,30.63]}},{"type":"Feature","properties":{"ef":0,"year":2004,"date":"2004-11-23","len_km":0.2,"inj":0,"fat":0},"geometry":{"type":"Point","coordinates":[-95.0,30.65]}},{"type":"Feature","properties":{"ef":0,"year":2004,"date":"2004-11-23","len_km":0.2,"inj":0,"fat":0},"geometry":{"type":"Point","coordinates":[-96.4,30.17]}},{"type":"Feature","properties":{"ef":0,"year":2004,"date":"2004-11-23","len_km":0.2,"inj":0,"fat":0},"geometry":{"type":"Point","coordinates":[-94.88,30.0]}},{"type":"Feature","properties":{"ef":0,"year":2004,"date":"2004-11-23","len_km":0.3,"inj":0,"fat":0},"geometry":{"type":"Point","coordinates":[-95.83,30.27]}},{"type":"Feature","properties":{"ef":0,"year":2004,"date":"2004-11-23","len_km":0.5,"inj":0,"fat":0},"geometry":{"type":"Point","coordinates":[-95.68,30.4]}},{"type":"Feature","properties":{"ef":0,"year":2004,"date":"2004-11-23","len_km":0.2,"inj":0,"fat":0},"geometry":{"type":"Point","coordinates":[-100.5,28.93]}},{"type":"Feature","properties":{"ef":0,"year":2004,"date":"2004-11-23","len_km":0.2,"inj":0,"fat":0},"geometry":{"type":"Point","coordinates":[-95.48,30.42]}},{"type":"Feature","properties":{"ef":1,"year":2004,"date":"2004-11-23","len_km":25.7,"inj":0,"fat":0},"geometry":{"type":"LineString","coordinates":[[-94.43,30.4],[-94.17,30.48]]}},{"type":"Feature","properties":{"ef":2,"year":2004,"date":"2004-11-23","len_km":12.9,"inj":0,"fat":1},"geometry":{"type":"LineString","coordinates":[[-94.17,30.48],[-94.07,30.57]]}},{"type":"Feature","properties":{"ef":0,"year":2004,"date":"2004-11-23","len_km":0.2,"inj":0,"fat":0},"geometry":{"type":"Point","coordinates":[-99.93,28.95]}},{"type":"Feature","properties":{"ef":0,"year":2004,"date":"2004-11-23","len_km":0.5,"inj":0,"fat":0},"geometry":{"type":"Point","coordinates":[-100.28,28.9]}},{"type":"Feature","properties":{"ef":2,"year":2004,"date":"2004-11-23","len_km":12.9,"inj":0,"fat":0},"geometry":{"type":"LineString","coordinates":[[-94.07,30.52],[-94.02,30.57]]}},{"type":"Feature","properties":{"ef":2,"year":2004,"date":"2004-11-23","len_km":24.1,"inj":0,"fat":0},"geometry":{"type":"LineString","coordinates":[[-94.0,30.65],[-93.73,30.78]]}},{"type":"Feature","properties":{"ef":0,"year":2004,"date":"2004-11-23","len_km":0.8,"inj":0,"fat":0},"geometry":{"type":"LineString","coordinates":[[-100.27,28.92],[-100.27,28.93]]}},{"type":"Feature","properties":{"ef":1,"year":2004,"date":"2004-11-23","len_km":4.8,"inj":0,"fat":0},"geometry":{"type":"LineString","coordinates":[[-93.73,30.78],[-93.72,30.82]]}},{"type":"Feature","properties":{"ef":0,"year":2004,"date":"2004-11-23","len_km":0.2,"inj":0,"fat":0},"geometry":{"type":"Point","coordinates":[-98.02,30.72]}},{"type":"Feature","properties":{"ef":0,"year":2004,"date":"2004-11-23","len_km":0.5,"inj":0,"fat":0},"geometry":{"type":"Point","coordinates":[-97.6,30.82]}},{"type":"Feature","properties":{"ef":1,"year":2004,"date":"2004-11-23","len_km":1.6,"inj":0,"fat":0},"geometry":{"type":"LineString","coordinates":[[-93.88,30.88],[-93.85,30.88]]}},{"type":"Feature","properties":{"ef":1,"year":2004,"date":"2004-11-23","len_km":16.1,"inj":0,"fat":0},"geometry":{"type":"LineString","coordinates":[[-93.68,30.97],[-93.55,31.0]]}},{"type":"Feature","properties":{"ef":0,"year":2004,"date":"2004-11-23","len_km":0.2,"inj":0,"fat":0},"geometry":{"type":"Point","coordinates":[-97.3,30.8]}},{"type":"Feature","properties":{"ef":0,"year":2004,"date":"2004-11-23","len_km":0.2,"inj":0,"fat":0},"geometry":{"type":"Point","coordinates":[-97.85,28.82]}},{"type":"Feature","properties":{"ef":0,"year":2004,"date":"2004-11-23","len_km":0.2,"inj":0,"fat":0},"geometry":{"type":"Point","coordinates":[-97.5,28.98]}},{"type":"Feature","properties":{"ef":1,"year":2004,"date":"2004-11-23","len_km":0.8,"inj":0,"fat":0},"geometry":{"type":"Point","coordinates":[-97.28,29.15]}},{"type":"Feature","properties":{"ef":0,"year":2004,"date":"2004-11-23","len_km":0.2,"inj":0,"fat":0},"geometry":{"type":"Point","coordinates":[-96.8,29.48]}},{"type":"Feature","properties":{"ef":0,"year":2004,"date":"2004-11-23","len_km":0.6,"inj":0,"fat":0},"geometry":{"type":"Point","coordinates":[-96.17,29.37]}},{"type":"Feature","properties":{"ef":2,"year":2004,"date":"2004-11-23","len_km":3.2,"inj":0,"fat":0},"geometry":{"type":"LineString","coordinates":[[-94.88,31.17],[-94.87,31.15]]}},{"type":"Feature","properties":{"ef":0,"year":2004,"date":"2004-11-23","len_km":0.2,"inj":0,"fat":0},"geometry":{"type":"Point","coordinates":[-95.77,29.62]}},{"type":"Feature","properties":{"ef":0,"year":2004,"date":"2004-12-06","len_km":0.8,"inj":0,"fat":0},"geometry":{"type":"Point","coordinates":[-99.33,31.73]}},{"type":"Feature","properties":{"ef":1,"year":2004,"date":"2004-12-06","len_km":9.7,"inj":0,"fat":0},"geometry":{"type":"LineString","coordinates":[[-98.98,31.92],[-98.98,31.98]]}},{"type":"Feature","properties":{"ef":0,"year":2004,"date":"2004-01-16","len_km":0.8,"inj":0,"fat":0},"geometry":{"type":"Point","coordinates":[-99.63,31.98]}},{"type":"Feature","properties":{"ef":0,"year":2004,"date":"2004-02-24","len_km":0.3,"inj":0,"fat":0},"geometry":{"type":"Point","coordinates":[-96.33,30.6]}},{"type":"Feature","properties":{"ef":0,"year":2004,"date":"2004-03-17","len_km":0.3,"inj":0,"fat":0},"geometry":{"type":"Point","coordinates":[-96.33,30.6]}},{"type":"Feature","properties":{"ef":0,"year":2004,"date":"2004-03-04","len_km":0.8,"inj":0,"fat":0},"geometry":{"type":"LineString","coordinates":[[-101.43,31.53],[-101.42,31.55]]}},{"type":"Feature","properties":{"ef":0,"year":2004,"date":"2004-03-04","len_km":1.1,"inj":0,"fat":0},"geometry":{"type":"Point","coordinates":[-101.42,31.7]}},{"type":"Feature","properties":{"ef":0,"year":2004,"date":"2004-03-04","len_km":0.8,"inj":0,"fat":0},"geometry":{"type":"LineString","coordinates":[[-100.85,32.27],[-100.8,32.28]]}},{"type":"Feature","properties":{"ef":0,"year":2004,"date":"2004-03-04","len_km":1.6,"inj":1,"fat":0},"geometry":{"type":"LineString","coordinates":[[-100.72,32.42],[-100.7,32.42]]}},{"type":"Feature","properties":{"ef":1,"year":2004,"date":"2004-03-04","len_km":0.5,"inj":0,"fat":0},"geometry":{"type":"Point","coordinates":[-100.63,31.6]}},{"type":"Feature","properties":{"ef":1,"year":2004,"date":"2004-03-04","len_km":0.8,"inj":0,"fat":0},"geometry":{"type":"LineString","coordinates":[[-100.33,32.4],[-100.3,32.43]]}},{"type":"Feature","properties":{"ef":0,"year":2004,"date":"2004-03-04","len_km":0.2,"inj":0,"fat":0},"geometry":{"type":"Point","coordinates":[-99.9,32.1]}},{"type":"Feature","properties":{"ef":2,"year":2004,"date":"2004-03-04","len_km":16.1,"inj":2,"fat":0},"geometry":{"type":"LineString","coordinates":[[-99.92,32.12],[-99.78,32.23]]}},{"type":"Feature","properties":{"ef":1,"year":2004,"date":"2004-03-04","len_km":19.3,"inj":0,"fat":0},"geometry":{"type":"LineString","coordinates":[[-99.67,32.32],[-99.58,32.4]]}},{"type":"Feature","properties":{"ef":2,"year":2004,"date":"2004-03-04","len_km":1.6,"inj":0,"fat":0},"geometry":{"type":"Point","coordinates":[-99.62,33.08]}},{"type":"Feature","properties":{"ef":0,"year":2004,"date":"2004-03-04","len_km":48.3,"inj":0,"fat":0},"geometry":{"type":"LineString","coordinates":[[-99.45,32.43],[-99.37,32.55]]}},{"type":"Feature","properties":{"ef":0,"year":2004,"date":"2004-03-04","len_km":0.2,"inj":0,"fat":0},"geometry":{"type":"Point","coordinates":[-99.17,32.65]}},{"type":"Feature","properties":{"ef":0,"year":2004,"date":"2004-03-04","len_km":1.6,"inj":0,"fat":0},"geometry":{"type":"Point","coordinates":[-98.98,32.08]}},{"type":"Feature","properties":{"ef":0,"year":2004,"date":"2004-03-04","len_km":0.2,"inj":0,"fat":0},"geometry":{"type":"Point","coordinates":[-98.92,32.75]}},{"type":"Feature","properties":{"ef":1,"year":2004,"date":"2004-03-04","len_km":38.6,"inj":0,"fat":0},"geometry":{"type":"LineString","coordinates":[[-98.75,33.0],[-98.38,33.17]]}},{"type":"Feature","properties":{"ef":1,"year":2004,"date":"2004-03-04","len_km":0.2,"inj":0,"fat":0},"geometry":{"type":"Point","coordinates":[-97.92,32.8]}},{"type":"Feature","properties":{"ef":1,"year":2004,"date":"2004-03-04","len_km":0.3,"inj":0,"fat":0},"geometry":{"type":"Point","coordinates":[-97.68,32.98]}},{"type":"Feature","properties":{"ef":0,"year":2004,"date":"2004-03-04","len_km":0.3,"inj":0,"fat":0},"geometry":{"type":"Point","coordinates":[-97.58,33.08]}},{"type":"Feature","properties":{"ef":0,"year":2004,"date":"2004-03-04","len_km":0.2,"inj":0,"fat":0},"geometry":{"type":"Point","coordinates":[-97.37,33.27]}},{"type":"Feature","properties":{"ef":1,"year":2004,"date":"2004-03-04","len_km":11.3,"inj":0,"fat":0},"geometry":{"type":"LineString","coordinates":[[-96.88,32.13],[-96.78,32.2]]}},{"type":"Feature","properties":{"ef":1,"year":2004,"date":"2004-03-04","len_km":11.3,"inj":0,"fat":0},"geometry":{"type":"LineString","coordinates":[[-96.7,32.25],[-96.63,32.33]]}},{"type":"Feature","properties":{"ef":1,"year":2004,"date":"2004-03-04","len_km":4.8,"inj":2,"fat":0},"geometry":{"type":"LineString","coordinates":[[-96.47,33.1],[-96.43,33.12]]}},{"type":"Feature","properties":{"ef":1,"year":2004,"date":"2004-03-04","len_km":22.5,"inj":0,"fat":0},"geometry":{"type":"Point","coordinates":[-95.42,32.13]}},{"type":"Feature","properties":{"ef":1,"year":2004,"date":"2004-04-10","len_km":0.8,"inj":0,"fat":0},"geometry":{"type":"Point","coordinates":[-95.53,29.7]}},{"type":"Feature","properties":{"ef":0,"year":2004,"date":"2004-04-19","len_km":1.6,"inj":0,"fat":0},"geometry":{"type":"Point","coordinates":[-100.8,36.1]}},{"type":"Feature","properties":{"ef":0,"year":2004,"date":"2004-04-23","len_km":0.3,"inj":0,"fat":0},"geometry":{"type":"Point","coordinates":[-99.75,33.13]}},{"type":"Feature","properties":{"ef":0,"year":2004,"date":"2004-04-23","len_km":4.8,"inj":0,"fat":0},"geometry":{"type":"LineString","coordinates":[[-99.72,33.15],[-99.68,33.15]]}},{"type":"Feature","properties":{"ef":0,"year":2004,"date":"2004-04-23","len_km":0.5,"inj":0,"fat":0},"geometry":{"type":"LineString","coordinates":[[-99.68,33.17],[-99.68,33.15]]}},{"type":"Feature","properties":{"ef":0,"year":2004,"date":"2004-04-23","len_km":0.3,"inj":0,"fat":0},"geometry":{"type":"Point","coordinates":[-99.55,33.15]}},{"type":"Feature","properties":{"ef":0,"year":2004,"date":"2004-04-23","len_km":0.8,"inj":0,"fat":0},"geometry":{"type":"Point","coordinates":[-99.5,33.17]}},{"type":"Feature","properties":{"ef":0,"year":2004,"date":"2004-04-23","len_km":0.2,"inj":0,"fat":0},"geometry":{"type":"Point","coordinates":[-97.27,32.95]}},{"type":"Feature","properties":{"ef":0,"year":2004,"date":"2004-04-28","len_km":1.6,"inj":0,"fat":0},"geometry":{"type":"LineString","coordinates":[[-100.5,29.32],[-100.48,29.33]]}},{"type":"Feature","properties":{"ef":0,"year":2004,"date":"2004-04-29","len_km":0.3,"inj":0,"fat":0},"geometry":{"type":"Point","coordinates":[-100.35,34.33]}},{"type":"Feature","properties":{"ef":0,"year":2004,"date":"2004-04-30","len_km":1.6,"inj":0,"fat":0},"geometry":{"type":"LineString","coordinates":[[-98.23,33.98],[-98.22,34.0]]}},{"type":"Feature","properties":{"ef":0,"year":2004,"date":"2004-04-30","len_km":0.3,"inj":0,"fat":0},"geometry":{"type":"LineString","coordinates":[[-99.65,31.83],[-99.63,31.83]]}},{"type":"Feature","properties":{"ef":0,"year":2004,"date":"2004-04-02","len_km":0.2,"inj":0,"fat":0},"geometry":{"type":"Point","coordinates":[-99.1,26.42]}},{"type":"Feature","properties":{"ef":0,"year":2004,"date":"2004-04-03","len_km":0.2,"inj":0,"fat":0},"geometry":{"type":"Point","coordinates":[-102.8,32.58]}},{"type":"Feature","properties":{"ef":0,"year":2004,"date":"2004-04-03","len_km":1.6,"inj":0,"fat":0},"geometry":{"type":"LineString","coordinates":[[-103.75,31.0],[-103.73,31.02]]}},{"type":"Feature","properties":{"ef":0,"year":2004,"date":"2004-04-03","len_km":0.2,"inj":0,"fat":0},"geometry":{"type":"Point","coordinates":[-103.63,31.15]}},{"type":"Feature","properties":{"ef":0,"year":2004,"date":"2004-04-03","len_km":0.2,"inj":0,"fat":0},"geometry":{"type":"Point","coordinates":[-103.55,31.37]}},{"type":"Feature","properties":{"ef":0,"year":2004,"date":"2004-04-04","len_km":0.3,"inj":0,"fat":0},"geometry":{"type":"Point","coordinates":[-99.4,28.03]}},{"type":"Feature","properties":{"ef":0,"year":2004,"date":"2004-04-06","len_km":0.8,"inj":0,"fat":0},"geometry":{"type":"Point","coordinates":[-97.37,27.52]}},{"type":"Feature","properties":{"ef":0,"year":2004,"date":"2004-04-06","len_km":0.2,"inj":0,"fat":0},"geometry":{"type":"Point","coordinates":[-96.97,28.55]}},{"type":"Feature","properties":{"ef":0,"year":2004,"date":"2004-04-06","len_km":0.2,"inj":0,"fat":0},"geometry":{"type":"Point","coordinates":[-96.62,28.82]}},{"type":"Feature","properties":{"ef":0,"year":2004,"date":"2004-04-06","len_km":0.2,"inj":0,"fat":0},"geometry":{"type":"Point","coordinates":[-96.87,28.55]}},{"type":"Feature","properties":{"ef":0,"year":2004,"date":"2004-04-06","len_km":0.8,"inj":0,"fat":0},"geometry":{"type":"Point","coordinates":[-96.75,28.47]}},{"type":"Feature","properties":{"ef":0,"year":2004,"date":"2004-04-06","len_km":0.2,"inj":0,"fat":0},"geometry":{"type":"Point","coordinates":[-96.22,29.08]}},{"type":"Feature","properties":{"ef":0,"year":2004,"date":"2004-04-06","len_km":0.2,"inj":0,"fat":0},"geometry":{"type":"Point","coordinates":[-96.28,29.15]}},{"type":"Feature","properties":{"ef":0,"year":2004,"date":"2004-05-11","len_km":0.3,"inj":0,"fat":0},"geometry":{"type":"Point","coordinates":[-96.75,29.15]}},{"type":"Feature","properties":{"ef":1,"year":2004,"date":"2004-05-11","len_km":1.6,"inj":0,"fat":0},"geometry":{"type":"Point","coordinates":[-95.45,30.32]}},{"type":"Feature","properties":{"ef":0,"year":2004,"date":"2004-05-11","len_km":1.6,"inj":0,"fat":0},"geometry":{"type":"Point","coordinates":[-102.43,35.82]}},{"type":"Feature","properties":{"ef":0,"year":2004,"date":"2004-05-11","len_km":0.2,"inj":0,"fat":0},"geometry":{"type":"Point","coordinates":[-102.22,35.88]}},{"type":"Feature","properties":{"ef":1,"year":2004,"date":"2004-05-13","len_km":4.8,"inj":0,"fat":0},"geometry":{"type":"Point","coordinates":[-96.37,30.67]}},{"type":"Feature","properties":{"ef":0,"year":2004,"date":"2004-05-13","len_km":0.3,"inj":0,"fat":0},"geometry":{"type":"Point","coordinates":[-100.1,32.8]}},{"type":"Feature","properties":{"ef":0,"year":2004,"date":"2004-05-13","len_km":0.3,"inj":0,"fat":0},"geometry":{"type":"Point","coordinates":[-99.27,33.12]}},{"type":"Feature","properties":{"ef":0,"year":2004,"date":"2004-05-13","len_km":0.8,"inj":0,"fat":0},"geometry":{"type":"LineString","coordinates":[[-99.8,32.62],[-99.78,32.62]]}},{"type":"Feature","properties":{"ef":0,"year":2004,"date":"2004-05-13","len_km":0.6,"inj":0,"fat":0},"geometry":{"type":"LineString","coordinates":[[-99.22,30.68],[-99.18,30.68]]}},{"type":"Feature","properties":{"ef":0,"year":2004,"date":"2004-05-13","len_km":0.8,"inj":0,"fat":0},"geometry":{"type":"Point","coordinates":[-97.78,28.07]}},{"type":"Feature","properties":{"ef":0,"year":2004,"date":"2004-05-13","len_km":0.8,"inj":0,"fat":0},"geometry":{"type":"Point","coordinates":[-97.78,28.08]}},{"type":"Feature","properties":{"ef":0,"year":2004,"date":"2004-05-25","len_km":3.2,"inj":0,"fat":0},"geometry":{"type":"LineString","coordinates":[[-100.97,32.67],[-100.93,32.68]]}},{"type":"Feature","properties":{"ef":0,"year":2004,"date":"2004-05-25","len_km":1.9,"inj":0,"fat":0},"geometry":{"type":"Point","coordinates":[-100.9,32.5]}},{"type":"Feature","properties":{"ef":0,"year":2004,"date":"2004-05-25","len_km":0.2,"inj":0,"fat":0},"geometry":{"type":"LineString","coordinates":[[-100.72,32.45],[-100.7,32.45]]}},{"type":"Feature","properties":{"ef":0,"year":2004,"date":"2004-05-26","len_km":0.2,"inj":0,"fat":0},"geometry":{"type":"Point","coordinates":[-100.45,32.75]}},{"type":"Feature","properties":{"ef":0,"year":2004,"date":"2004-05-26","len_km":0.2,"inj":0,"fat":0},"geometry":{"type":"Point","coordinates":[-100.43,32.75]}},{"type":"Feature","properties":{"ef":1,"year":2004,"date":"2004-05-27","len_km":4.5,"inj":0,"fat":0},"geometry":{"type":"LineString","coordinates":[[-100.62,32.38],[-100.57,32.37]]}},{"type":"Feature","properties":{"ef":0,"year":2004,"date":"2004-05-27","len_km":0.2,"inj":0,"fat":0},"geometry":{"type":"Point","coordinates":[-100.53,32.37]}},{"type":"Feature","properties":{"ef":0,"year":2004,"date":"2004-05-27","len_km":0.2,"inj":0,"fat":0},"geometry":{"type":"Point","coordinates":[-100.0,32.47]}},{"type":"Feature","properties":{"ef":1,"year":2004,"date":"2004-05-27","len_km":6.4,"inj":0,"fat":0},"geometry":{"type":"LineString","coordinates":[[-100.97,29.42],[-100.92,29.38]]}},{"type":"Feature","properties":{"ef":0,"year":2004,"date":"2004-05-27","len_km":0.2,"inj":0,"fat":0},"geometry":{"type":"Point","coordinates":[-100.9,29.38]}},{"type":"Feature","properties":{"ef":0,"year":2004,"date":"2004-05-27","len_km":0.2,"inj":0,"fat":0},"geometry":{"type":"LineString","coordinates":[[-100.83,29.37],[-100.82,29.37]]}},{"type":"Feature","properties":{"ef":0,"year":2004,"date":"2004-05-27","len_km":1.3,"inj":0,"fat":0},"geometry":{"type":"LineString","coordinates":[[-100.78,29.37],[-100.77,29.37]]}},{"type":"Feature","properties":{"ef":0,"year":2004,"date":"2004-05-27","len_km":1.6,"inj":0,"fat":0},"geometry":{"type":"LineString","coordinates":[[-100.72,29.32],[-100.7,29.32]]}},{"type":"Feature","properties":{"ef":0,"year":2004,"date":"2004-05-27","len_km":1.9,"inj":0,"fat":0},"geometry":{"type":"LineString","coordinates":[[-100.72,29.32],[-100.68,29.32]]}},{"type":"Feature","properties":{"ef":0,"year":2004,"date":"2004-05-31","len_km":0.3,"inj":0,"fat":0},"geometry":{"type":"Point","coordinates":[-95.3,31.4]}},{"type":"Feature","properties":{"ef":1,"year":2004,"date":"2004-05-01","len_km":0.8,"inj":1,"fat":0},"geometry":{"type":"Point","coordinates":[-95.62,30.1]}},{"type":"Feature","properties":{"ef":0,"year":2004,"date":"2004-05-01","len_km":0.2,"inj":0,"fat":0},"geometry":{"type":"Point","coordinates":[-95.55,30.07]}},{"type":"Feature","properties":{"ef":0,"year":2004,"date":"2004-05-01","len_km":0.2,"inj":0,"fat":0},"geometry":{"type":"Point","coordinates":[-95.07,29.9]}},{"type":"Feature","properties":{"ef":2,"year":2004,"date":"2004-06-11","len_km":16.6,"inj":3,"fat":0},"geometry":{"type":"LineString","coordinates":[[-100.73,32.17],[-100.6,32.2]]}},{"type":"Feature","properties":{"ef":0,"year":2004,"date":"2004-06-12","len_km":2.1,"inj":0,"fat":0},"geometry":{"type":"LineString","coordinates":[[-102.87,30.45],[-102.68,30.52]]}},{"type":"Feature","properties":{"ef":0,"year":2004,"date":"2004-06-12","len_km":0.2,"inj":0,"fat":0},"geometry":{"type":"Point","coordinates":[-99.8,32.75]}},{"type":"Feature","properties":{"ef":0,"year":2004,"date":"2004-06-17","len_km":0.2,"inj":0,"fat":0},"geometry":{"type":"Point","coordinates":[-101.42,35.7]}},{"type":"Feature","properties":{"ef":0,"year":2004,"date":"2004-06-17","len_km":0.2,"inj":0,"fat":0},"geometry":{"type":"Point","coordinates":[-101.32,35.68]}},{"type":"Feature","properties":{"ef":0,"year":2004,"date":"2004-06-21","len_km":0.2,"inj":0,"fat":0},"geometry":{"type":"Point","coordinates":[-102.12,35.18]}},{"type":"Feature","properties":{"ef":0,"year":2004,"date":"2004-06-21","len_km":0.2,"inj":0,"fat":0},"geometry":{"type":"Point","coordinates":[-99.05,31.43]}},{"type":"Feature","properties":{"ef":0,"year":2004,"date":"2004-06-21","len_km":0.2,"inj":0,"fat":0},"geometry":{"type":"Point","coordinates":[-102.12,35.18]}},{"type":"Feature","properties":{"ef":0,"year":2004,"date":"2004-06-21","len_km":0.2,"inj":0,"fat":0},"geometry":{"type":"Point","coordinates":[-102.0,35.13]}},{"type":"Feature","properties":{"ef":0,"year":2004,"date":"2004-06-21","len_km":0.2,"inj":0,"fat":0},"geometry":{"type":"Point","coordinates":[-101.97,35.08]}},{"type":"Feature","properties":{"ef":0,"year":2004,"date":"2004-06-21","len_km":0.2,"inj":0,"fat":0},"geometry":{"type":"Point","coordinates":[-101.97,35.08]}},{"type":"Feature","properties":{"ef":0,"year":2004,"date":"2004-06-21","len_km":0.2,"inj":0,"fat":0},"geometry":{"type":"Point","coordinates":[-101.92,35.03]}},{"type":"Feature","properties":{"ef":1,"year":2004,"date":"2004-06-21","len_km":0.6,"inj":0,"fat":0},"geometry":{"type":"Point","coordinates":[-101.85,34.98]}},{"type":"Feature","properties":{"ef":0,"year":2004,"date":"2004-06-21","len_km":0.2,"inj":0,"fat":0},"geometry":{"type":"Point","coordinates":[-101.7,34.8]}},{"type":"Feature","properties":{"ef":0,"year":2004,"date":"2004-06-21","len_km":0.8,"inj":0,"fat":0},"geometry":{"type":"Point","coordinates":[-101.73,34.6]}},{"type":"Feature","properties":{"ef":0,"year":2004,"date":"2004-06-22","len_km":80.5,"inj":0,"fat":0},"geometry":{"type":"Point","coordinates":[-96.48,31.03]}},{"type":"Feature","properties":{"ef":0,"year":2004,"date":"2004-06-23","len_km":0.8,"inj":0,"fat":0},"geometry":{"type":"Point","coordinates":[-96.23,29.1]}},{"type":"Feature","properties":{"ef":1,"year":2004,"date":"2004-06-26","len_km":1.3,"inj":0,"fat":1},"geometry":{"type":"LineString","coordinates":[[-96.87,30.9],[-96.88,30.9]]}},{"type":"Feature","properties":{"ef":0,"year":2004,"date":"2004-06-29","len_km":1.3,"inj":0,"fat":0},"geometry":{"type":"LineString","coordinates":[[-98.07,29.4],[-98.05,29.43]]}},{"type":"Feature","properties":{"ef":0,"year":2004,"date":"2004-06-01","len_km":0.2,"inj":0,"fat":0},"geometry":{"type":"Point","coordinates":[-97.12,32.73]}},{"type":"Feature","properties":{"ef":0,"year":2004,"date":"2004-06-01","len_km":0.2,"inj":0,"fat":0},"geometry":{"type":"Point","coordinates":[-97.23,32.82]}},{"type":"Feature","properties":{"ef":0,"year":2004,"date":"2004-06-02","len_km":0.8,"inj":0,"fat":0},"geometry":{"type":"LineString","coordinates":[[-100.05,34.28],[-100.03,34.28]]}},{"type":"Feature","properties":{"ef":0,"year":2004,"date":"2004-06-05","len_km":1.3,"inj":0,"fat":0},"geometry":{"type":"LineString","coordinates":[[-102.08,31.83],[-102.15,31.87]]}},{"type":"Feature","properties":{"ef":0,"year":2004,"date":"2004-06-05","len_km":1.6,"inj":0,"fat":0},"geometry":{"type":"LineString","coordinates":[[-102.05,31.93],[-102.08,31.95]]}},{"type":"Feature","properties":{"ef":0,"year":2004,"date":"2004-06-05","len_km":1.6,"inj":0,"fat":0},"geometry":{"type":"Point","coordinates":[-102.0,31.97]}},{"type":"Feature","properties":{"ef":0,"year":2004,"date":"2004-06-05","len_km":1.1,"inj":0,"fat":0},"geometry":{"type":"LineString","coordinates":[[-102.35,31.62],[-102.45,31.62]]}},{"type":"Feature","properties":{"ef":0,"year":2004,"date":"2004-06-05","len_km":1.1,"inj":0,"fat":0},"geometry":{"type":"LineString","coordinates":[[-103.53,31.32],[-103.48,31.32]]}},{"type":"Feature","properties":{"ef":0,"year":2004,"date":"2004-06-05","len_km":1.6,"inj":0,"fat":0},"geometry":{"type":"LineString","coordinates":[[-103.37,31.32],[-103.35,31.3]]}},{"type":"Feature","properties":{"ef":0,"year":2004,"date":"2004-06-06","len_km":0.2,"inj":0,"fat":0},"geometry":{"type":"Point","coordinates":[-97.23,33.4]}},{"type":"Feature","properties":{"ef":0,"year":2004,"date":"2004-06-06","len_km":0.2,"inj":0,"fat":0},"geometry":{"type":"Point","coordinates":[-97.15,33.37]}},{"type":"Feature","properties":{"ef":1,"year":2004,"date":"2004-06-08","len_km":9.7,"inj":6,"fat":0},"geometry":{"type":"Point","coordinates":[-96.1,29.32]}},{"type":"Feature","properties":{"ef":1,"year":2004,"date":"2004-06-08","len_km":6.4,"inj":0,"fat":0},"geometry":{"type":"Point","coordinates":[-96.1,29.32]}},{"type":"Feature","properties":{"ef":0,"year":2004,"date":"2004-06-08","len_km":1.6,"inj":0,"fat":0},"geometry":{"type":"Point","coordinates":[-96.4,30.17]}},{"type":"Feature","properties":{"ef":0,"year":2004,"date":"2004-06-08","len_km":0.8,"inj":0,"fat":0},"geometry":{"type":"LineString","coordinates":[[-97.55,30.2],[-97.58,30.27]]}},{"type":"Feature","properties":{"ef":0,"year":2004,"date":"2004-07-07","len_km":0.3,"inj":0,"fat":0},"geometry":{"type":"Point","coordinates":[-94.88,29.93]}},{"type":"Feature","properties":{"ef":0,"year":2004,"date":"2004-08-12","len_km":0.2,"inj":0,"fat":0},"geometry":{"type":"Point","coordinates":[-102.32,34.58]}},{"type":"Feature","properties":{"ef":0,"year":2004,"date":"2004-08-12","len_km":0.2,"inj":0,"fat":0},"geometry":{"type":"Point","coordinates":[-102.45,34.43]}},{"type":"Feature","properties":{"ef":0,"year":2004,"date":"2004-08-21","len_km":0.2,"inj":0,"fat":0},"geometry":{"type":"LineString","coordinates":[[-102.88,30.87],[-102.9,30.87]]}},{"type":"Feature","properties":{"ef":0,"year":2004,"date":"2004-08-21","len_km":0.3,"inj":0,"fat":0},"geometry":{"type":"Point","coordinates":[-102.9,30.8]}},{"type":"Feature","properties":{"ef":0,"year":2004,"date":"2004-08-28","len_km":0.3,"inj":0,"fat":0},"geometry":{"type":"Point","coordinates":[-94.82,29.3]}},{"type":"Feature","properties":{"ef":0,"year":2005,"date":"2005-12-14","len_km":0.2,"inj":0,"fat":0},"geometry":{"type":"Point","coordinates":[-95.07,30.0]}},{"type":"Feature","properties":{"ef":0,"year":2005,"date":"2005-12-14","len_km":0.2,"inj":0,"fat":0},"geometry":{"type":"Point","coordinates":[-95.78,29.77]}},{"type":"Feature","properties":{"ef":1,"year":2005,"date":"2005-03-21","len_km":4.8,"inj":0,"fat":0},"geometry":{"type":"Point","coordinates":[-95.53,33.57]}},{"type":"Feature","properties":{"ef":0,"year":2005,"date":"2005-03-21","len_km":0.5,"inj":0,"fat":0},"geometry":{"type":"Point","coordinates":[-96.85,31.3]}},{"type":"Feature","properties":{"ef":0,"year":2005,"date":"2005-03-21","len_km":0.2,"inj":0,"fat":0},"geometry":{"type":"Point","coordinates":[-95.45,33.58]}},{"type":"Feature","properties":{"ef":0,"year":2005,"date":"2005-03-21","len_km":0.2,"inj":0,"fat":0},"geometry":{"type":"Point","coordinates":[-95.52,33.63]}},{"type":"Feature","properties":{"ef":1,"year":2005,"date":"2005-03-25","len_km":4.0,"inj":0,"fat":0},"geometry":{"type":"LineString","coordinates":[[-97.5,30.3],[-97.47,30.27]]}},{"type":"Feature","properties":{"ef":0,"year":2005,"date":"2005-03-25","len_km":0.3,"inj":0,"fat":0},"geometry":{"type":"Point","coordinates":[-97.42,30.32]}},{"type":"Feature","properties":{"ef":0,"year":2005,"date":"2005-04-18","len_km":0.2,"inj":0,"fat":0},"geometry":{"type":"Point","coordinates":[-100.9,34.8]}},{"type":"Feature","properties":{"ef":0,"year":2005,"date":"2005-04-21","len_km":0.8,"inj":0,"fat":0},"geometry":{"type":"LineString","coordinates":[[-100.3,31.4],[-100.28,31.4]]}},{"type":"Feature","properties":{"ef":0,"year":2005,"date":"2005-04-25","len_km":0.2,"inj":0,"fat":0},"geometry":{"type":"Point","coordinates":[-97.35,32.75]}},{"type":"Feature","properties":{"ef":0,"year":2005,"date":"2005-04-25","len_km":0.2,"inj":0,"fat":0},"geometry":{"type":"Point","coordinates":[-97.23,32.4]}},{"type":"Feature","properties":{"ef":0,"year":2005,"date":"2005-04-25","len_km":0.2,"inj":0,"fat":0},"geometry":{"type":"Point","coordinates":[-97.13,32.57]}},{"type":"Feature","properties":{"ef":0,"year":2005,"date":"2005-04-25","len_km":0.2,"inj":0,"fat":0},"geometry":{"type":"Point","coordinates":[-96.95,32.55]}},{"type":"Feature","properties":{"ef":0,"year":2005,"date":"2005-04-25","len_km":0.2,"inj":0,"fat":0},"geometry":{"type":"Point","coordinates":[-97.02,32.32]}},{"type":"Feature","properties":{"ef":0,"year":2005,"date":"2005-05-12","len_km":0.2,"inj":0,"fat":0},"geometry":{"type":"Point","coordinates":[-102.15,34.18]}},{"type":"Feature","properties":{"ef":0,"year":2005,"date":"2005-05-12","len_km":0.2,"inj":0,"fat":0},"geometry":{"type":"Point","coordinates":[-101.7,34.22]}},{"type":"Feature","properties":{"ef":0,"year":2005,"date":"2005-05-12","len_km":0.3,"inj":0,"fat":0},"geometry":{"type":"Point","coordinates":[-101.58,34.3]}},{"type":"Feature","properties":{"ef":2,"year":2005,"date":"2005-05-12","len_km":2.4,"inj":0,"fat":0},"geometry":{"type":"Point","coordinates":[-101.32,34.22]}},{"type":"Feature","properties":{"ef":0,"year":2005,"date":"2005-05-12","len_km":0.8,"inj":0,"fat":0},"geometry":{"type":"Point","coordinates":[-101.32,34.22]}},{"type":"Feature","properties":{"ef":0,"year":2005,"date":"2005-05-12","len_km":0.2,"inj":0,"fat":0},"geometry":{"type":"Point","coordinates":[-102.12,34.87]}},{"type":"Feature","properties":{"ef":3,"year":2005,"date":"2005-05-12","len_km":9.7,"inj":0,"fat":0},"geometry":{"type":"LineString","coordinates":[[-101.5,33.58],[-101.42,33.65]]}},{"type":"Feature","properties":{"ef":2,"year":2005,"date":"2005-05-12","len_km":7.2,"inj":0,"fat":0},"geometry":{"type":"LineString","coordinates":[[-101.42,33.68],[-101.38,33.73]]}},{"type":"Feature","properties":{"ef":0,"year":2005,"date":"2005-05-12","len_km":0.3,"inj":0,"fat":0},"geometry":{"type":"Point","coordinates":[-101.6,33.73]}},{"type":"Feature","properties":{"ef":0,"year":2005,"date":"2005-05-13","len_km":0.2,"inj":0,"fat":0},"geometry":{"type":"Point","coordinates":[-100.17,33.92]}},{"type":"Feature","properties":{"ef":1,"year":2005,"date":"2005-05-13","len_km":6.4,"inj":0,"fat":0},"geometry":{"type":"LineString","coordinates":[[-99.75,33.72],[-99.72,33.68]]}},{"type":"Feature","properties":{"ef":3,"year":2005,"date":"2005-05-13","len_km":26.2,"inj":0,"fat":0},"geometry":{"type":"LineString","coordinates":[[-99.63,33.63],[-99.47,33.47]]}},{"type":"Feature","properties":{"ef":0,"year":2005,"date":"2005-05-13","len_km":0.3,"inj":0,"fat":0},"geometry":{"type":"Point","coordinates":[-99.47,33.53]}},{"type":"Feature","properties":{"ef":0,"year":2005,"date":"2005-05-13","len_km":0.5,"inj":0,"fat":0},"geometry":{"type":"Point","coordinates":[-100.25,35.68]}},{"type":"Feature","properties":{"ef":0,"year":2005,"date":"2005-05-13","len_km":2.4,"inj":0,"fat":0},"geometry":{"type":"LineString","coordinates":[[-100.33,32.27],[-100.32,32.25]]}},{"type":"Feature","properties":{"ef":0,"year":2005,"date":"2005-05-28","len_km":0.3,"inj":0,"fat":0},"geometry":{"type":"Point","coordinates":[-95.77,31.03]}},{"type":"Feature","properties":{"ef":0,"year":2005,"date":"2005-05-28","len_km":0.8,"inj":0,"fat":0},"geometry":{"type":"Point","coordinates":[-95.62,31.15]}},{"type":"Feature","properties":{"ef":0,"year":2005,"date":"2005-05-28","len_km":6.4,"inj":0,"fat":0},"geometry":{"type":"LineString","coordinates":[[-94.58,31.08],[-94.5,31.1]]}},{"type":"Feature","properties":{"ef":1,"year":2005,"date":"2005-05-29","len_km":3.2,"inj":2,"fat":0},"geometry":{"type":"Point","coordinates":[-95.52,29.67]}},{"type":"Feature","properties":{"ef":0,"year":2005,"date":"2005-05-31","len_km":0.2,"inj":0,"fat":0},"geometry":{"type":"Point","coordinates":[-101.77,35.17]}},{"type":"Feature","properties":{"ef":0,"year":2005,"date":"2005-05-31","len_km":1.6,"inj":0,"fat":0},"geometry":{"type":"LineString","coordinates":[[-100.92,32.0],[-100.78,31.92]]}},{"type":"Feature","properties":{"ef":0,"year":2005,"date":"2005-05-31","len_km":1.6,"inj":0,"fat":0},"geometry":{"type":"LineString","coordinates":[[-100.92,31.77],[-100.9,31.75]]}},{"type":"Feature","properties":{"ef":1,"year":2005,"date":"2005-05-31","len_km":3.2,"inj":0,"fat":0},"geometry":{"type":"LineString","coordinates":[[-100.37,31.4],[-100.33,31.38]]}},{"type":"Feature","properties":{"ef":1,"year":2005,"date":"2005-05-31","len_km":3.2,"inj":0,"fat":0},"geometry":{"type":"LineString","coordinates":[[-100.32,31.37],[-100.28,31.35]]}},{"type":"Feature","properties":{"ef":0,"year":2005,"date":"2005-05-31","len_km":1.6,"inj":0,"fat":0},"geometry":{"type":"LineString","coordinates":[[-100.17,31.23],[-100.15,31.23]]}},{"type":"Feature","properties":{"ef":0,"year":2005,"date":"2005-05-31","len_km":0.8,"inj":0,"fat":0},"geometry":{"type":"Point","coordinates":[-100.05,30.85]}},{"type":"Feature","properties":{"ef":0,"year":2005,"date":"2005-06-10","len_km":1.6,"inj":0,"fat":0},"geometry":{"type":"LineString","coordinates":[[-102.78,30.2],[-102.77,30.2]]}},{"type":"Feature","properties":{"ef":0,"year":2005,"date":"2005-06-11","len_km":0.8,"inj":0,"fat":0},"geometry":{"type":"LineString","coordinates":[[-102.62,35.0],[-102.52,35.05]]}},{"type":"Feature","properties":{"ef":0,"year":2005,"date":"2005-06-11","len_km":0.6,"inj":0,"fat":0},"geometry":{"type":"Point","coordinates":[-101.55,34.7]}},{"type":"Feature","properties":{"ef":0,"year":2005,"date":"2005-06-11","len_km":0.5,"inj":0,"fat":0},"geometry":{"type":"Point","coordinates":[-101.55,34.72]}},{"type":"Feature","properties":{"ef":0,"year":2005,"date":"2005-06-11","len_km":0.2,"inj":0,"fat":0},"geometry":{"type":"Point","coordinates":[-102.2,35.08]}},{"type":"Feature","properties":{"ef":0,"year":2005,"date":"2005-06-11","len_km":0.3,"inj":0,"fat":0},"geometry":{"type":"Point","coordinates":[-101.52,34.77]}},{"type":"Feature","properties":{"ef":0,"year":2005,"date":"2005-06-11","len_km":0.6,"inj":0,"fat":0},"geometry":{"type":"Point","coordinates":[-101.57,34.72]}},{"type":"Feature","properties":{"ef":0,"year":2005,"date":"2005-06-11","len_km":0.2,"inj":0,"fat":0},"geometry":{"type":"Point","coordinates":[-101.53,34.77]}},{"type":"Feature","properties":{"ef":0,"year":2005,"date":"2005-06-11","len_km":0.2,"inj":0,"fat":0},"geometry":{"type":"Point","coordinates":[-101.5,34.78]}},{"type":"Feature","properties":{"ef":0,"year":2005,"date":"2005-06-11","len_km":0.3,"inj":0,"fat":0},"geometry":{"type":"Point","coordinates":[-101.45,34.82]}},{"type":"Feature","properties":{"ef":0,"year":2005,"date":"2005-06-12","len_km":0.8,"inj":0,"fat":0},"geometry":{"type":"Point","coordinates":[-101.08,33.67]}},{"type":"Feature","properties":{"ef":0,"year":2005,"date":"2005-06-12","len_km":0.8,"inj":0,"fat":0},"geometry":{"type":"Point","coordinates":[-101.02,33.8]}},{"type":"Feature","properties":{"ef":2,"year":2005,"date":"2005-06-12","len_km":3.2,"inj":0,"fat":0},"geometry":{"type":"LineString","coordinates":[[-100.65,33.25],[-100.68,33.23]]}},{"type":"Feature","properties":{"ef":0,"year":2005,"date":"2005-06-12","len_km":0.2,"inj":0,"fat":0},"geometry":{"type":"Point","coordinates":[-100.77,33.62]}},{"type":"Feature","properties":{"ef":0,"year":2005,"date":"2005-06-12","len_km":0.8,"inj":0,"fat":0},"geometry":{"type":"Point","coordinates":[-100.95,33.33]}},{"type":"Feature","properties":{"ef":0,"year":2005,"date":"2005-06-12","len_km":0.8,"inj":0,"fat":0},"geometry":{"type":"Point","coordinates":[-100.92,33.3]}},{"type":"Feature","properties":{"ef":0,"year":2005,"date":"2005-06-12","len_km":2.4,"inj":0,"fat":0},"geometry":{"type":"Point","coordinates":[-100.65,33.08]}},{"type":"Feature","properties":{"ef":0,"year":2005,"date":"2005-06-12","len_km":0.8,"inj":0,"fat":0},"geometry":{"type":"Point","coordinates":[-100.85,33.25]}},{"type":"Feature","properties":{"ef":0,"year":2005,"date":"2005-06-12","len_km":3.2,"inj":0,"fat":0},"geometry":{"type":"Point","coordinates":[-100.6,33.05]}},{"type":"Feature","properties":{"ef":0,"year":2005,"date":"2005-06-12","len_km":0.6,"inj":0,"fat":0},"geometry":{"type":"Point","coordinates":[-100.57,33.02]}},{"type":"Feature","properties":{"ef":1,"year":2005,"date":"2005-06-12","len_km":0.8,"inj":0,"fat":0},"geometry":{"type":"LineString","coordinates":[[-100.5,32.92],[-100.47,32.92]]}},{"type":"Feature","properties":{"ef":0,"year":2005,"date":"2005-06-01","len_km":0.5,"inj":0,"fat":0},"geometry":{"type":"Point","coordinates":[-98.92,29.92]}},{"type":"Feature","properties":{"ef":0,"year":2005,"date":"2005-06-01","len_km":0.2,"inj":0,"fat":0},"geometry":{"type":"Point","coordinates":[-97.92,26.15]}},{"type":"Feature","properties":{"ef":0,"year":2005,"date":"2005-06-01","len_km":0.3,"inj":0,"fat":0},"geometry":{"type":"Point","coordinates":[-97.98,26.17]}},{"type":"Feature","properties":{"ef":0,"year":2005,"date":"2005-06-03","len_km":0.2,"inj":0,"fat":0},"geometry":{"type":"Point","coordinates":[-97.35,31.38]}},{"type":"Feature","properties":{"ef":0,"year":2005,"date":"2005-06-04","len_km":0.3,"inj":0,"fat":0},"geometry":{"type":"Point","coordinates":[-98.82,33.67]}},{"type":"Feature","properties":{"ef":0,"year":2005,"date":"2005-06-05","len_km":1.3,"inj":0,"fat":0},"geometry":{"type":"LineString","coordinates":[[-101.27,32.72],[-101.27,32.7]]}},{"type":"Feature","properties":{"ef":0,"year":2005,"date":"2005-06-05","len_km":0.2,"inj":0,"fat":0},"geometry":{"type":"Point","coordinates":[-101.32,32.67]}},{"type":"Feature","properties":{"ef":0,"year":2005,"date":"2005-06-05","len_km":1.6,"inj":0,"fat":0},"geometry":{"type":"LineString","coordinates":[[-101.23,32.63],[-101.25,32.62]]}},{"type":"Feature","properties":{"ef":0,"year":2005,"date":"2005-06-05","len_km":0.2,"inj":0,"fat":0},"geometry":{"type":"Point","coordinates":[-101.43,32.57]}},{"type":"Feature","properties":{"ef":2,"year":2005,"date":"2005-06-05","len_km":8.0,"inj":0,"fat":0},"geometry":{"type":"LineString","coordinates":[[-101.3,32.57],[-101.32,32.5]]}},{"type":"Feature","properties":{"ef":0,"year":2005,"date":"2005-06-05","len_km":0.3,"inj":0,"fat":0},"geometry":{"type":"Point","coordinates":[-100.58,32.43]}},{"type":"Feature","properties":{"ef":2,"year":2005,"date":"2005-06-05","len_km":6.4,"inj":0,"fat":0},"geometry":{"type":"LineString","coordinates":[[-101.4,32.52],[-101.45,32.48]]}},{"type":"Feature","properties":{"ef":0,"year":2005,"date":"2005-06-05","len_km":0.3,"inj":0,"fat":0},"geometry":{"type":"LineString","coordinates":[[-100.63,32.48],[-100.63,32.5]]}},{"type":"Feature","properties":{"ef":0,"year":2005,"date":"2005-06-05","len_km":0.3,"inj":0,"fat":0},"geometry":{"type":"Point","coordinates":[-101.53,32.4]}},{"type":"Feature","properties":{"ef":0,"year":2005,"date":"2005-06-05","len_km":0.2,"inj":0,"fat":0},"geometry":{"type":"Point","coordinates":[-100.57,32.47]}},{"type":"Feature","properties":{"ef":1,"year":2005,"date":"2005-06-06","len_km":9.7,"inj":0,"fat":0},"geometry":{"type":"Point","coordinates":[-95.47,31.48]}},{"type":"Feature","properties":{"ef":3,"year":2005,"date":"2005-06-09","len_km":24.1,"inj":0,"fat":0},"geometry":{"type":"LineString","coordinates":[[-101.6,33.87],[-101.27,33.87]]}},{"type":"Feature","properties":{"ef":0,"year":2005,"date":"2005-06-09","len_km":0.8,"inj":0,"fat":0},"geometry":{"type":"LineString","coordinates":[[-102.87,30.3],[-102.87,30.28]]}},{"type":"Feature","properties":{"ef":0,"year":2005,"date":"2005-06-09","len_km":1.1,"inj":0,"fat":0},"geometry":{"type":"Point","coordinates":[-102.93,30.32]}},{"type":"Feature","properties":{"ef":0,"year":2005,"date":"2005-06-09","len_km":0.2,"inj":0,"fat":0},"geometry":{"type":"Point","coordinates":[-101.32,35.33]}},{"type":"Feature","properties":{"ef":0,"year":2005,"date":"2005-06-09","len_km":0.3,"inj":0,"fat":0},"geometry":{"type":"Point","coordinates":[-100.9,34.95]}},{"type":"Feature","properties":{"ef":0,"year":2005,"date":"2005-06-09","len_km":0.2,"inj":0,"fat":0},"geometry":{"type":"Point","coordinates":[-100.8,34.97]}},{"type":"Feature","properties":{"ef":0,"year":2005,"date":"2005-06-09","len_km":1.6,"inj":0,"fat":0},"geometry":{"type":"Point","coordinates":[-101.18,33.73]}},{"type":"Feature","properties":{"ef":0,"year":2005,"date":"2005-06-09","len_km":1.6,"inj":0,"fat":0},"geometry":{"type":"Point","coordinates":[-100.83,33.77]}},{"type":"Feature","properties":{"ef":0,"year":2005,"date":"2005-07-20","len_km":0.3,"inj":0,"fat":0},"geometry":{"type":"Point","coordinates":[-97.58,26.23]}},{"type":"Feature","properties":{"ef":0,"year":2005,"date":"2005-07-20","len_km":11.3,"inj":0,"fat":0},"geometry":{"type":"LineString","coordinates":[[-98.17,27.37],[-98.25,27.37]]}},{"type":"Feature","properties":{"ef":0,"year":2005,"date":"2005-07-20","len_km":4.8,"inj":0,"fat":0},"geometry":{"type":"LineString","coordinates":[[-98.15,28.08],[-98.2,28.12]]}},{"type":"Feature","properties":{"ef":0,"year":2005,"date":"2005-07-20","len_km":0.2,"inj":0,"fat":0},"geometry":{"type":"Point","coordinates":[-99.08,27.23]}},{"type":"Feature","properties":{"ef":0,"year":2005,"date":"2005-07-20","len_km":1.6,"inj":0,"fat":0},"geometry":{"type":"Point","coordinates":[-98.2,28.05]}},{"type":"Feature","properties":{"ef":0,"year":2005,"date":"2005-07-20","len_km":1.6,"inj":0,"fat":0},"geometry":{"type":"LineString","coordinates":[[-97.75,28.17],[-97.77,28.17]]}},{"type":"Feature","properties":{"ef":1,"year":2005,"date":"2005-07-20","len_km":19.3,"inj":0,"fat":0},"geometry":{"type":"LineString","coordinates":[[-98.08,27.87],[-98.33,27.93]]}},{"type":"Feature","properties":{"ef":0,"year":2005,"date":"2005-07-20","len_km":0.3,"inj":0,"fat":0},"geometry":{"type":"Point","coordinates":[-98.23,26.2]}},{"type":"Feature","properties":{"ef":0,"year":2005,"date":"2005-07-20","len_km":1.6,"inj":0,"fat":0},"geometry":{"type":"LineString","coordinates":[[-98.82,27.42],[-98.85,27.4]]}},{"type":"Feature","properties":{"ef":0,"year":2005,"date":"2005-07-20","len_km":0.2,"inj":0,"fat":0},"geometry":{"type":"Point","coordinates":[-98.32,26.22]}},{"type":"Feature","properties":{"ef":0,"year":2005,"date":"2005-07-20","len_km":3.2,"inj":0,"fat":0},"geometry":{"type":"Point","coordinates":[-98.68,27.32]}},{"type":"Feature","properties":{"ef":0,"year":2005,"date":"2005-07-26","len_km":0.2,"inj":0,"fat":0},"geometry":{"type":"Point","coordinates":[-102.35,31.85]}},{"type":"Feature","properties":{"ef":0,"year":2005,"date":"2005-07-06","len_km":0.2,"inj":0,"fat":0},"geometry":{"type":"Point","coordinates":[-102.33,35.72]}},{"type":"Feature","properties":{"ef":0,"year":2005,"date":"2005-08-28","len_km":0.3,"inj":0,"fat":0},"geometry":{"type":"Point","coordinates":[-105.48,31.88]}},{"type":"Feature","properties":{"ef":0,"year":2005,"date":"2005-08-31","len_km":3.2,"inj":0,"fat":0},"geometry":{"type":"Point","coordinates":[-97.78,26.48]}},{"type":"Feature","properties":{"ef":0,"year":2005,"date":"2005-08-31","len_km":0.2,"inj":0,"fat":0},"geometry":{"type":"Point","coordinates":[-97.77,26.25]}},{"type":"Feature","properties":{"ef":0,"year":2005,"date":"2005-08-31","len_km":0.3,"inj":0,"fat":0},"geometry":{"type":"Point","coordinates":[-97.7,26.18]}},{"type":"Feature","properties":{"ef":0,"year":2005,"date":"2005-09-14","len_km":1.6,"inj":0,"fat":0},"geometry":{"type":"Point","coordinates":[-99.75,33.85]}},{"type":"Feature","properties":{"ef":0,"year":2005,"date":"2005-09-02","len_km":0.8,"inj":0,"fat":0},"geometry":{"type":"Point","coordinates":[-97.68,27.87]}},{"type":"Feature","properties":{"ef":0,"year":2006,"date":"2006-10-16","len_km":0.3,"inj":0,"fat":0},"geometry":{"type":"Point","coordinates":[-94.8,29.31]}},{"type":"Feature","properties":{"ef":1,"year":2006,"date":"2006-10-16","len_km":1.6,"inj":0,"fat":0},"geometry":{"type":"LineString","coordinates":[[-96.55,28.55],[-96.54,28.56]]}},{"type":"Feature","properties":{"ef":0,"year":2006,"date":"2006-10-16","len_km":1.6,"inj":0,"fat":0},"geometry":{"type":"LineString","coordinates":[[-96.45,28.66],[-96.45,28.67]]}},{"type":"Feature","properties":{"ef":0,"year":2006,"date":"2006-10-16","len_km":0.2,"inj":1,"fat":0},"geometry":{"type":"Point","coordinates":[-95.02,29.35]}},{"type":"Feature","properties":{"ef":1,"year":2006,"date":"2006-10-16","len_km":4.5,"inj":0,"fat":0},"geometry":{"type":"LineString","coordinates":[[-94.35,30.03],[-94.36,30.08]]}},{"type":"Feature","properties":{"ef":0,"year":2006,"date":"2006-10-16","len_km":0.2,"inj":0,"fat":0},"geometry":{"type":"Point","coordinates":[-95.88,29.37]}},{"type":"Feature","properties":{"ef":0,"year":2006,"date":"2006-10-16","len_km":0.2,"inj":0,"fat":0},"geometry":{"type":"Point","coordinates":[-94.2,30.26]}},{"type":"Feature","properties":{"ef":0,"year":2006,"date":"2006-10-16","len_km":3.6,"inj":0,"fat":0},"geometry":{"type":"LineString","coordinates":[[-93.68,31.0],[-93.69,31.03]]}},{"type":"Feature","properties":{"ef":0,"year":2006,"date":"2006-10-16","len_km":0.2,"inj":0,"fat":0},"geometry":{"type":"Point","coordinates":[-94.67,29.42]}},{"type":"Feature","properties":{"ef":1,"year":2006,"date":"2006-12-29","len_km":7.2,"inj":0,"fat":0},"geometry":{"type":"LineString","coordinates":[[-97.56,31.39],[-97.5,31.44]]}},{"type":"Feature","properties":{"ef":1,"year":2006,"date":"2006-12-29","len_km":12.9,"inj":0,"fat":0},"geometry":{"type":"LineString","coordinates":[[-98.2,32.01],[-98.2,32.13]]}},{"type":"Feature","properties":{"ef":0,"year":2006,"date":"2006-12-29","len_km":6.4,"inj":0,"fat":0},"geometry":{"type":"LineString","coordinates":[[-98.2,32.2],[-98.2,32.26]]}},{"type":"Feature","properties":{"ef":0,"year":2006,"date":"2006-12-29","len_km":1.6,"inj":0,"fat":0},"geometry":{"type":"LineString","coordinates":[[-97.53,31.7],[-97.55,31.71]]}},{"type":"Feature","properties":{"ef":2,"year":2006,"date":"2006-12-29","len_km":32.8,"inj":20,"fat":1},"geometry":{"type":"LineString","coordinates":[[-96.64,31.33],[-96.52,31.6]]}},{"type":"Feature","properties":{"ef":0,"year":2006,"date":"2006-12-29","len_km":2.3,"inj":0,"fat":0},"geometry":{"type":"LineString","coordinates":[[-98.19,32.22],[-98.19,32.24]]}},{"type":"Feature","properties":{"ef":0,"year":2006,"date":"2006-12-29","len_km":2.4,"inj":0,"fat":0},"geometry":{"type":"LineString","coordinates":[[-97.49,31.75],[-97.47,31.74]]}},{"type":"Feature","properties":{"ef":0,"year":2006,"date":"2006-12-29","len_km":5.8,"inj":0,"fat":0},"geometry":{"type":"LineString","coordinates":[[-96.55,31.68],[-96.56,31.73]]}},{"type":"Feature","properties":{"ef":2,"year":2006,"date":"2006-12-29","len_km":11.5,"inj":0,"fat":0},"geometry":{"type":"LineString","coordinates":[[-97.51,31.78],[-97.47,31.88]]}},{"type":"Feature","properties":{"ef":0,"year":2006,"date":"2006-12-29","len_km":1.1,"inj":0,"fat":0},"geometry":{"type":"LineString","coordinates":[[-97.43,31.91],[-97.42,31.91]]}},{"type":"Feature","properties":{"ef":0,"year":2006,"date":"2006-12-29","len_km":3.2,"inj":0,"fat":0},"geometry":{"type":"LineString","coordinates":[[-98.1,32.83],[-98.1,32.86]]}},{"type":"Feature","properties":{"ef":1,"year":2006,"date":"2006-12-29","len_km":25.6,"inj":3,"fat":0},"geometry":{"type":"LineString","coordinates":[[-96.1,30.83],[-96.06,31.08]]}},{"type":"Feature","properties":{"ef":1,"year":2006,"date":"2006-12-29","len_km":7.2,"inj":3,"fat":0},"geometry":{"type":"Point","coordinates":[-96.33,30.6]}},{"type":"Feature","properties":{"ef":2,"year":2006,"date":"2006-12-29","len_km":12.8,"inj":0,"fat":0},"geometry":{"type":"LineString","coordinates":[[-97.4,32.09],[-97.34,32.2]]}},{"type":"Feature","properties":{"ef":0,"year":2006,"date":"2006-12-29","len_km":0.2,"inj":0,"fat":0},"geometry":{"type":"Point","coordinates":[-95.11,32.08]}},{"type":"Feature","properties":{"ef":0,"year":2006,"date":"2006-12-29","len_km":9.2,"inj":0,"fat":0},"geometry":{"type":"LineString","coordinates":[[-96.06,31.08],[-96.06,31.16]]}},{"type":"Feature","properties":{"ef":0,"year":2006,"date":"2006-12-29","len_km":1.6,"inj":0,"fat":0},"geometry":{"type":"LineString","coordinates":[[-98.03,33.42],[-98.03,33.43]]}},{"type":"Feature","properties":{"ef":2,"year":2006,"date":"2006-12-29","len_km":23.7,"inj":12,"fat":0},"geometry":{"type":"LineString","coordinates":[[-95.98,31.24],[-95.98,31.26]]}},{"type":"Feature","properties":{"ef":1,"year":2006,"date":"2006-12-29","len_km":2.4,"inj":0,"fat":0},"geometry":{"type":"LineString","coordinates":[[-95.35,32.2],[-95.42,32.23]]}},{"type":"Feature","properties":{"ef":0,"year":2006,"date":"2006-12-29","len_km":3.2,"inj":0,"fat":0},"geometry":{"type":"LineString","coordinates":[[-97.32,32.18],[-97.24,32.38]]}},{"type":"Feature","properties":{"ef":0,"year":2006,"date":"2006-12-29","len_km":2.1,"inj":0,"fat":0},"geometry":{"type":"LineString","coordinates":[[-97.22,32.44],[-97.22,32.46]]}},{"type":"Feature","properties":{"ef":0,"year":2006,"date":"2006-12-29","len_km":6.2,"inj":0,"fat":0},"geometry":{"type":"LineString","coordinates":[[-95.99,31.47],[-96.01,31.52]]}},{"type":"Feature","properties":{"ef":0,"year":2006,"date":"2006-12-29","len_km":10.8,"inj":0,"fat":0},"geometry":{"type":"LineString","coordinates":[[-95.93,31.8],[-95.91,31.9]]}},{"type":"Feature","properties":{"ef":1,"year":2006,"date":"2006-12-29","len_km":6.4,"inj":0,"fat":0},"geometry":{"type":"LineString","coordinates":[[-95.73,31.67],[-95.68,31.71]]}},{"type":"Feature","properties":{"ef":0,"year":2006,"date":"2006-12-29","len_km":4.7,"inj":0,"fat":0},"geometry":{"type":"LineString","coordinates":[[-96.67,30.88],[-96.62,30.9]]}},{"type":"Feature","properties":{"ef":1,"year":2006,"date":"2006-12-29","len_km":4.8,"inj":0,"fat":0},"geometry":{"type":"LineString","coordinates":[[-95.58,32.07],[-95.58,32.11]]}},{"type":"Feature","properties":{"ef":1,"year":2006,"date":"2006-12-29","len_km":18.1,"inj":0,"fat":0},"geometry":{"type":"LineString","coordinates":[[-95.63,31.78],[-95.65,31.94]]}},{"type":"Feature","properties":{"ef":0,"year":2006,"date":"2006-02-10","len_km":0.3,"inj":0,"fat":0},"geometry":{"type":"Point","coordinates":[-95.52,29.7]}},{"type":"Feature","properties":{"ef":2,"year":2006,"date":"2006-03-19","len_km":3.2,"inj":0,"fat":0},"geometry":{"type":"LineString","coordinates":[[-99.72,29.22],[-99.68,29.22]]}},{"type":"Feature","properties":{"ef":0,"year":2006,"date":"2006-03-30","len_km":0.2,"inj":0,"fat":0},"geometry":{"type":"Point","coordinates":[-96.98,33.7]}},{"type":"Feature","properties":{"ef":0,"year":2006,"date":"2006-03-30","len_km":0.2,"inj":0,"fat":0},"geometry":{"type":"Point","coordinates":[-96.78,33.8]}},{"type":"Feature","properties":{"ef":0,"year":2006,"date":"2006-03-30","len_km":0.2,"inj":0,"fat":0},"geometry":{"type":"Point","coordinates":[-96.57,33.63]}},{"type":"Feature","properties":{"ef":1,"year":2006,"date":"2006-04-20","len_km":0.5,"inj":0,"fat":0},"geometry":{"type":"Point","coordinates":[-98.52,30.25]}},{"type":"Feature","properties":{"ef":1,"year":2006,"date":"2006-04-20","len_km":1.1,"inj":0,"fat":0},"geometry":{"type":"LineString","coordinates":[[-98.5,30.28],[-98.48,30.28]]}},{"type":"Feature","properties":{"ef":1,"year":2006,"date":"2006-04-21","len_km":1.6,"inj":0,"fat":0},"geometry":{"type":"Point","coordinates":[-95.82,29.48]}},{"type":"Feature","properties":{"ef":0,"year":2006,"date":"2006-04-22","len_km":0.2,"inj":0,"fat":0},"geometry":{"type":"Point","coordinates":[-103.13,31.53]}},{"type":"Feature","properties":{"ef":0,"year":2006,"date":"2006-04-25","len_km":1.6,"inj":0,"fat":0},"geometry":{"type":"LineString","coordinates":[[-98.47,27.38],[-98.45,27.38]]}},{"type":"Feature","properties":{"ef":0,"year":2006,"date":"2006-04-28","len_km":0.2,"inj":0,"fat":0},"geometry":{"type":"Point","coordinates":[-100.38,33.17]}},{"type":"Feature","properties":{"ef":0,"year":2006,"date":"2006-04-28","len_km":0.2,"inj":0,"fat":0},"geometry":{"type":"Point","coordinates":[-98.1,31.18]}},{"type":"Feature","properties":{"ef":0,"year":2006,"date":"2006-04-28","len_km":0.2,"inj":0,"fat":0},"geometry":{"type":"Point","coordinates":[-97.67,33.02]}},{"type":"Feature","properties":{"ef":1,"year":2006,"date":"2006-04-28","len_km":0.6,"inj":0,"fat":0},"geometry":{"type":"Point","coordinates":[-97.52,33.07]}},{"type":"Feature","properties":{"ef":0,"year":2006,"date":"2006-04-28","len_km":0.3,"inj":0,"fat":0},"geometry":{"type":"Point","coordinates":[-96.97,33.4]}},{"type":"Feature","properties":{"ef":1,"year":2006,"date":"2006-04-28","len_km":1.3,"inj":0,"fat":0},"geometry":{"type":"Point","coordinates":[-97.15,31.55]}},{"type":"Feature","properties":{"ef":0,"year":2006,"date":"2006-04-29","len_km":0.8,"inj":0,"fat":0},"geometry":{"type":"LineString","coordinates":[[-95.87,32.53],[-95.87,32.55]]}},{"type":"Feature","properties":{"ef":0,"year":2006,"date":"2006-04-29","len_km":0.3,"inj":0,"fat":0},"geometry":{"type":"Point","coordinates":[-95.52,30.38]}},{"type":"Feature","properties":{"ef":0,"year":2006,"date":"2006-04-29","len_km":0.3,"inj":0,"fat":0},"geometry":{"type":"Point","coordinates":[-94.75,30.48]}},{"type":"Feature","properties":{"ef":0,"year":2006,"date":"2006-04-29","len_km":0.3,"inj":0,"fat":0},"geometry":{"type":"Point","coordinates":[-94.68,30.57]}},{"type":"Feature","properties":{"ef":2,"year":2006,"date":"2006-04-29","len_km":1.6,"inj":4,"fat":0},"geometry":{"type":"Point","coordinates":[-95.15,30.6]}},{"type":"Feature","properties":{"ef":0,"year":2006,"date":"2006-04-29","len_km":0.3,"inj":0,"fat":0},"geometry":{"type":"Point","coordinates":[-94.93,29.77]}},{"type":"Feature","properties":{"ef":1,"year":2006,"date":"2006-04-29","len_km":1.1,"inj":0,"fat":0},"geometry":{"type":"Point","coordinates":[-94.77,30.02]}},{"type":"Feature","properties":{"ef":0,"year":2006,"date":"2006-04-29","len_km":1.6,"inj":0,"fat":0},"geometry":{"type":"LineString","coordinates":[[-94.35,30.32],[-94.33,30.33]]}},{"type":"Feature","properties":{"ef":0,"year":2006,"date":"2006-05-10","len_km":0.8,"inj":0,"fat":0},"geometry":{"type":"LineString","coordinates":[[-96.77,28.72],[-96.75,28.72]]}},{"type":"Feature","properties":{"ef":0,"year":2006,"date":"2006-05-10","len_km":0.3,"inj":0,"fat":0},"geometry":{"type":"Point","coordinates":[-95.83,29.4]}},{"type":"Feature","properties":{"ef":0,"year":2006,"date":"2006-05-10","len_km":0.2,"inj":0,"fat":0},"geometry":{"type":"Point","coordinates":[-97.8,26.85]}},{"type":"Feature","properties":{"ef":0,"year":2006,"date":"2006-05-14","len_km":0.3,"inj":0,"fat":0},"geometry":{"type":"Point","coordinates":[-97.92,30.83]}},{"type":"Feature","properties":{"ef":0,"year":2006,"date":"2006-05-14","len_km":1.6,"inj":0,"fat":0},"geometry":{"type":"Point","coordinates":[-95.32,29.0]}},{"type":"Feature","properties":{"ef":0,"year":2006,"date":"2006-05-22","len_km":0.3,"inj":0,"fat":0},"geometry":{"type":"Point","coordinates":[-95.08,29.37]}},{"type":"Feature","properties":{"ef":0,"year":2006,"date":"2006-05-29","len_km":4.0,"inj":0,"fat":0},"geometry":{"type":"LineString","coordinates":[[-101.82,33.52],[-101.82,33.55]]}},{"type":"Feature","properties":{"ef":0,"year":2006,"date":"2006-05-29","len_km":1.3,"inj":0,"fat":0},"geometry":{"type":"Point","coordinates":[-101.83,33.67]}},{"type":"Feature","properties":{"ef":0,"year":2006,"date":"2006-05-29","len_km":1.6,"inj":0,"fat":0},"geometry":{"type":"LineString","coordinates":[[-101.65,33.18],[-101.67,33.18]]}},{"type":"Feature","properties":{"ef":0,"year":2006,"date":"2006-05-02","len_km":0.2,"inj":0,"fat":0},"geometry":{"type":"Point","coordinates":[-101.0,32.33]}},{"type":"Feature","properties":{"ef":0,"year":2006,"date":"2006-05-02","len_km":4.5,"inj":0,"fat":0},"geometry":{"type":"LineString","coordinates":[[-100.87,33.92],[-100.82,33.93]]}},{"type":"Feature","properties":{"ef":1,"year":2006,"date":"2006-05-02","len_km":0.2,"inj":0,"fat":0},"geometry":{"type":"Point","coordinates":[-100.95,32.3]}},{"type":"Feature","properties":{"ef":1,"year":2006,"date":"2006-05-02","len_km":0.2,"inj":0,"fat":0},"geometry":{"type":"Point","coordinates":[-100.97,32.3]}},{"type":"Feature","properties":{"ef":0,"year":2006,"date":"2006-05-02","len_km":0.3,"inj":0,"fat":0},"geometry":{"type":"Point","coordinates":[-99.48,34.28]}},{"type":"Feature","properties":{"ef":0,"year":2006,"date":"2006-05-04","len_km":0.5,"inj":0,"fat":0},"geometry":{"type":"Point","coordinates":[-100.27,31.4]}},{"type":"Feature","properties":{"ef":0,"year":2006,"date":"2006-05-04","len_km":6.4,"inj":0,"fat":0},"geometry":{"type":"LineString","coordinates":[[-99.1,30.73],[-99.07,30.68]]}},{"type":"Feature","properties":{"ef":1,"year":2006,"date":"2006-05-04","len_km":4.8,"inj":0,"fat":0},"geometry":{"type":"LineString","coordinates":[[-99.0,30.65],[-99.0,30.63]]}},{"type":"Feature","properties":{"ef":0,"year":2006,"date":"2006-05-05","len_km":1.1,"inj":0,"fat":0},"geometry":{"type":"LineString","coordinates":[[-101.98,33.33],[-101.97,33.33]]}},{"type":"Feature","properties":{"ef":0,"year":2006,"date":"2006-05-05","len_km":1.1,"inj":0,"fat":0},"geometry":{"type":"LineString","coordinates":[[-102.43,33.3],[-102.42,33.3]]}},{"type":"Feature","properties":{"ef":0,"year":2006,"date":"2006-05-05","len_km":1.3,"inj":0,"fat":0},"geometry":{"type":"LineString","coordinates":[[-102.35,33.33],[-102.35,33.32]]}},{"type":"Feature","properties":{"ef":0,"year":2006,"date":"2006-05-05","len_km":2.4,"inj":0,"fat":0},"geometry":{"type":"LineString","coordinates":[[-102.35,33.32],[-102.33,33.3]]}},{"type":"Feature","properties":{"ef":0,"year":2006,"date":"2006-05-05","len_km":0.2,"inj":0,"fat":0},"geometry":{"type":"Point","coordinates":[-102.83,33.27]}},{"type":"Feature","properties":{"ef":0,"year":2006,"date":"2006-05-05","len_km":0.2,"inj":0,"fat":0},"geometry":{"type":"LineString","coordinates":[[-102.42,32.63],[-102.55,32.63]]}},{"type":"Feature","properties":{"ef":0,"year":2006,"date":"2006-05-05","len_km":0.2,"inj":0,"fat":0},"geometry":{"type":"Point","coordinates":[-102.28,32.58]}},{"type":"Feature","properties":{"ef":2,"year":2006,"date":"2006-05-05","len_km":9.8,"inj":0,"fat":0},"geometry":{"type":"Point","coordinates":[-102.05,32.47]}},{"type":"Feature","properties":{"ef":0,"year":2006,"date":"2006-05-05","len_km":1.6,"inj":0,"fat":0},"geometry":{"type":"Point","coordinates":[-102.1,32.42]}},{"type":"Feature","properties":{"ef":0,"year":2006,"date":"2006-05-05","len_km":0.3,"inj":0,"fat":0},"geometry":{"type":"Point","coordinates":[-99.77,32.57]}},{"type":"Feature","properties":{"ef":0,"year":2006,"date":"2006-05-05","len_km":0.8,"inj":0,"fat":0},"geometry":{"type":"Point","coordinates":[-101.83,32.48]}},{"type":"Feature","properties":{"ef":1,"year":2006,"date":"2006-05-05","len_km":2.4,"inj":0,"fat":0},"geometry":{"type":"LineString","coordinates":[[-99.52,32.55],[-99.48,32.55]]}},{"type":"Feature","properties":{"ef":0,"year":2006,"date":"2006-05-05","len_km":0.2,"inj":0,"fat":0},"geometry":{"type":"Point","coordinates":[-98.9,32.27]}},{"type":"Feature","properties":{"ef":0,"year":2006,"date":"2006-05-05","len_km":0.2,"inj":0,"fat":0},"geometry":{"type":"Point","coordinates":[-98.73,31.6]}},{"type":"Feature","properties":{"ef":0,"year":2006,"date":"2006-05-05","len_km":0.2,"inj":0,"fat":0},"geometry":{"type":"Point","coordinates":[-97.83,31.17]}},{"type":"Feature","properties":{"ef":0,"year":2006,"date":"2006-05-05","len_km":0.2,"inj":0,"fat":0},"geometry":{"type":"Point","coordinates":[-97.82,31.38]}},{"type":"Feature","properties":{"ef":2,"year":2006,"date":"2006-05-05","len_km":4.2,"inj":0,"fat":0},"geometry":{"type":"Point","coordinates":[-97.15,31.55]}},{"type":"Feature","properties":{"ef":0,"year":2006,"date":"2006-05-05","len_km":0.3,"inj":0,"fat":0},"geometry":{"type":"Point","coordinates":[-98.37,30.87]}},{"type":"Feature","properties":{"ef":0,"year":2006,"date":"2006-05-06","len_km":0.3,"inj":0,"fat":0},"geometry":{"type":"Point","coordinates":[-98.02,30.68]}},{"type":"Feature","properties":{"ef":0,"year":2006,"date":"2006-05-06","len_km":1.1,"inj":0,"fat":0},"geometry":{"type":"LineString","coordinates":[[-97.92,30.85],[-97.9,30.87]]}},{"type":"Feature","properties":{"ef":0,"year":2006,"date":"2006-05-09","len_km":0.2,"inj":0,"fat":0},"geometry":{"type":"Point","coordinates":[-96.67,33.45]}},{"type":"Feature","properties":{"ef":2,"year":2006,"date":"2006-05-09","len_km":2.4,"inj":1,"fat":0},"geometry":{"type":"Point","coordinates":[-100.2,34.42]}},{"type":"Feature","properties":{"ef":0,"year":2006,"date":"2006-05-09","len_km":0.2,"inj":0,"fat":0},"geometry":{"type":"Point","coordinates":[-96.58,33.37]}},{"type":"Feature","properties":{"ef":0,"year":2006,"date":"2006-05-09","len_km":0.6,"inj":0,"fat":0},"geometry":{"type":"Point","coordinates":[-96.55,33.37]}},{"type":"Feature","properties":{"ef":3,"year":2006,"date":"2006-05-09","len_km":15.0,"inj":10,"fat":3},"geometry":{"type":"LineString","coordinates":[[-96.52,33.37],[-96.4,33.45]]}},{"type":"Feature","properties":{"ef":0,"year":2006,"date":"2006-06-17","len_km":1.6,"inj":0,"fat":0},"geometry":{"type":"Point","coordinates":[-95.72,30.38]}},{"type":"Feature","properties":{"ef":0,"year":2006,"date":"2006-06-21","len_km":0.2,"inj":0,"fat":0},"geometry":{"type":"Point","coordinates":[-102.47,34.95]}},{"type":"Feature","properties":{"ef":0,"year":2006,"date":"2006-06-21","len_km":0.3,"inj":0,"fat":0},"geometry":{"type":"Point","coordinates":[-101.4,36.33]}},{"type":"Feature","properties":{"ef":0,"year":2006,"date":"2006-06-21","len_km":0.3,"inj":0,"fat":0},"geometry":{"type":"Point","coordinates":[-101.28,36.2]}},{"type":"Feature","properties":{"ef":0,"year":2006,"date":"2006-06-21","len_km":0.2,"inj":0,"fat":0},"geometry":{"type":"Point","coordinates":[-101.75,35.98]}},{"type":"Feature","properties":{"ef":0,"year":2006,"date":"2006-06-21","len_km":0.3,"inj":0,"fat":0},"geometry":{"type":"Point","coordinates":[-101.53,36.27]}},{"type":"Feature","properties":{"ef":0,"year":2006,"date":"2006-06-25","len_km":0.2,"inj":0,"fat":0},"geometry":{"type":"Point","coordinates":[-102.68,36.07]}},{"type":"Feature","properties":{"ef":0,"year":2006,"date":"2006-07-28","len_km":4.8,"inj":0,"fat":0},"geometry":{"type":"LineString","coordinates":[[-102.55,34.77],[-102.62,34.75]]}},{"type":"Feature","properties":{"ef":0,"year":2006,"date":"2006-07-04","len_km":0.8,"inj":0,"fat":0},"geometry":{"type":"Point","coordinates":[-97.6,28.1]}},{"type":"Feature","properties":{"ef":0,"year":2006,"date":"2006-07-08","len_km":0.3,"inj":0,"fat":0},"geometry":{"type":"Point","coordinates":[-94.38,29.63]}},{"type":"Feature","properties":{"ef":0,"year":2006,"date":"2006-08-20","len_km":0.5,"inj":0,"fat":0},"geometry":{"type":"LineString","coordinates":[[-101.87,34.72],[-101.85,34.72]]}},{"type":"Feature","properties":{"ef":0,"year":2006,"date":"2006-08-27","len_km":2.4,"inj":0,"fat":0},"geometry":{"type":"LineString","coordinates":[[-101.62,35.63],[-101.57,35.6]]}},{"type":"Feature","properties":{"ef":0,"year":2006,"date":"2006-08-07","len_km":0.8,"inj":0,"fat":0},"geometry":{"type":"LineString","coordinates":[[-101.83,33.28],[-101.82,33.28]]}},{"type":"Feature","properties":{"ef":1,"year":2007,"date":"2007-10-16","len_km":18.4,"inj":0,"fat":0},"geometry":{"type":"LineString","coordinates":[[-101.9699,34.83],[-101.8,34.92]]}},{"type":"Feature","properties":{"ef":0,"year":2007,"date":"2007-10-17","len_km":1.6,"inj":0,"fat":0},"geometry":{"type":"Point","coordinates":[-94.01,30.41]}},{"type":"Feature","properties":{"ef":0,"year":2007,"date":"2007-11-19","len_km":1.6,"inj":0,"fat":0},"geometry":{"type":"Point","coordinates":[-97.7666,26.391]}},{"type":"Feature","properties":{"ef":0,"year":2007,"date":"2007-12-15","len_km":0.4,"inj":0,"fat":0},"geometry":{"type":"LineString","coordinates":[[-94.411,30.6101],[-94.4082,30.6128]]}},{"type":"Feature","properties":{"ef":0,"year":2007,"date":"2007-12-27","len_km":2.6,"inj":0,"fat":0},"geometry":{"type":"LineString","coordinates":[[-101.8934,33.6518],[-101.8834,33.6741]]}},{"type":"Feature","properties":{"ef":0,"year":2007,"date":"2007-12-27","len_km":1.3,"inj":0,"fat":0},"geometry":{"type":"LineString","coordinates":[[-101.6167,33.416],[-101.6031,33.4178]]}},{"type":"Feature","properties":{"ef":-9,"year":2007,"date":"2007-01-12","len_km":2.4,"inj":0,"fat":0},"geometry":{"type":"LineString","coordinates":[[-97.312,31.1898],[-97.3338,31.2]]}},{"type":"Feature","properties":{"ef":-9,"year":2007,"date":"2007-01-13","len_km":1.2,"inj":0,"fat":0},"geometry":{"type":"LineString","coordinates":[[-97.9307,29.8734],[-97.9248,29.8785]]}},{"type":"Feature","properties":{"ef":0,"year":2007,"date":"2007-02-23","len_km":0.2,"inj":0,"fat":0},"geometry":{"type":"Point","coordinates":[-100.6,35.2806]}},{"type":"Feature","properties":{"ef":1,"year":2007,"date":"2007-03-10","len_km":0.4,"inj":0,"fat":0},"geometry":{"type":"Point","coordinates":[-100.43,34.55]}},{"type":"Feature","properties":{"ef":0,"year":2007,"date":"2007-03-13","len_km":0.8,"inj":0,"fat":0},"geometry":{"type":"LineString","coordinates":[[-97.5265,28.4388],[-97.4957,28.4665]]}},{"type":"Feature","properties":{"ef":0,"year":2007,"date":"2007-03-23","len_km":3.2,"inj":0,"fat":0},"geometry":{"type":"Point","coordinates":[-102.632,30.6755]}},{"type":"Feature","properties":{"ef":0,"year":2007,"date":"2007-03-23","len_km":1.6,"inj":0,"fat":0},"geometry":{"type":"LineString","coordinates":[[-103.03,34.3655],[-103.03,34.3533]]}},{"type":"Feature","properties":{"ef":0,"year":2007,"date":"2007-03-23","len_km":0.4,"inj":0,"fat":0},"geometry":{"type":"LineString","coordinates":[[-102.9923,34.22],[-102.9888,34.22]]}},{"type":"Feature","properties":{"ef":0,"year":2007,"date":"2007-03-23","len_km":3.2,"inj":0,"fat":0},"geometry":{"type":"LineString","coordinates":[[-101.9,31.3212],[-101.8043,31.3018]]}},{"type":"Feature","properties":{"ef":0,"year":2007,"date":"2007-03-23","len_km":2.8,"inj":0,"fat":0},"geometry":{"type":"LineString","coordinates":[[-102.9,34.52],[-102.9,34.5453]]}},{"type":"Feature","properties":{"ef":0,"year":2007,"date":"2007-03-23","len_km":0.8,"inj":0,"fat":0},"geometry":{"type":"LineString","coordinates":[[-102.8437,33.6587],[-102.8376,33.6638]]}},{"type":"Feature","properties":{"ef":2,"year":2007,"date":"2007-03-23","len_km":2.4,"inj":0,"fat":0},"geometry":{"type":"LineString","coordinates":[[-102.8395,33.72],[-102.8342,33.7421]]}},{"type":"Feature","properties":{"ef":1,"year":2007,"date":"2007-03-24","len_km":3.2,"inj":0,"fat":0},"geometry":{"type":"LineString","coordinates":[[-100.6,35.2155],[-100.5875,35.2198]]}},{"type":"Feature","properties":{"ef":0,"year":2007,"date":"2007-03-25","len_km":3.2,"inj":0,"fat":0},"geometry":{"type":"LineString","coordinates":[[-101.8102,33.4999],[-101.8234,33.5266]]}},{"type":"Feature","properties":{"ef":0,"year":2007,"date":"2007-03-25","len_km":3.2,"inj":0,"fat":0},"geometry":{"type":"LineString","coordinates":[[-101.85,33.4788],[-101.8898,33.4999]]}},{"type":"Feature","properties":{"ef":0,"year":2007,"date":"2007-03-25","len_km":0.8,"inj":0,"fat":0},"geometry":{"type":"LineString","coordinates":[[-101.9806,34.53],[-101.9718,34.53]]}},{"type":"Feature","properties":{"ef":0,"year":2007,"date":"2007-03-25","len_km":2.0,"inj":0,"fat":0},"geometry":{"type":"LineString","coordinates":[[-102.2426,34.38],[-102.2333,34.4187]]}},{"type":"Feature","properties":{"ef":0,"year":2007,"date":"2007-03-26","len_km":4.8,"inj":0,"fat":0},"geometry":{"type":"LineString","coordinates":[[-99.1168,29.35],[-99.0671,29.35]]}},{"type":"Feature","properties":{"ef":0,"year":2007,"date":"2007-03-26","len_km":0.8,"inj":0,"fat":0},"geometry":{"type":"LineString","coordinates":[[-98.9668,29.1909],[-98.961,29.1858]]}},{"type":"Feature","properties":{"ef":0,"year":2007,"date":"2007-03-26","len_km":0.8,"inj":0,"fat":0},"geometry":{"type":"Point","coordinates":[-99.18,29.35]}},{"type":"Feature","properties":{"ef":1,"year":2007,"date":"2007-03-27","len_km":16.1,"inj":0,"fat":0},"geometry":{"type":"LineString","coordinates":[[-94.4548,32.4584],[-94.4094,32.6101]]}},{"type":"Feature","properties":{"ef":0,"year":2007,"date":"2007-03-27","len_km":9.7,"inj":0,"fat":0},"geometry":{"type":"LineString","coordinates":[[-94.1786,32.53],[-94.1572,32.5913]]}},{"type":"Feature","properties":{"ef":0,"year":2007,"date":"2007-03-28","len_km":4.0,"inj":0,"fat":0},"geometry":{"type":"LineString","coordinates":[[-101.4953,34.2829],[-101.4425,34.3524]]}},{"type":"Feature","properties":{"ef":0,"year":2007,"date":"2007-03-28","len_km":3.2,"inj":0,"fat":0},"geometry":{"type":"LineString","coordinates":[[-101.4239,34.3678],[-101.3991,34.3882]]}},{"type":"Feature","properties":{"ef":1,"year":2007,"date":"2007-03-28","len_km":10.9,"inj":0,"fat":0},"geometry":{"type":"LineString","coordinates":[[-101.3567,34.4506],[-101.3,34.5351]]}},{"type":"Feature","properties":{"ef":0,"year":2007,"date":"2007-03-28","len_km":0.8,"inj":0,"fat":0},"geometry":{"type":"LineString","coordinates":[[-101.32,34.2489],[-101.3033,34.2534]]}},{"type":"Feature","properties":{"ef":0,"year":2007,"date":"2007-03-28","len_km":7.6,"inj":0,"fat":0},"geometry":{"type":"LineString","coordinates":[[-101.2194,34.5364],[-101.2244,34.6203]]}},{"type":"Feature","properties":{"ef":0,"year":2007,"date":"2007-03-28","len_km":2.8,"inj":0,"fat":0},"geometry":{"type":"LineString","coordinates":[[-101.2019,34.665],[-101.1908,34.687]]}},{"type":"Feature","properties":{"ef":2,"year":2007,"date":"2007-03-28","len_km":26.6,"inj":0,"fat":0},"geometry":{"type":"LineString","coordinates":[[-101.05,34.5037],[-100.9173,34.7307]]}},{"type":"Feature","properties":{"ef":0,"year":2007,"date":"2007-03-28","len_km":1.6,"inj":0,"fat":0},"geometry":{"type":"LineString","coordinates":[[-101.062,34.7971],[-101.0495,34.8073]]}},{"type":"Feature","properties":{"ef":1,"year":2007,"date":"2007-03-28","len_km":11.7,"inj":0,"fat":0},"geometry":{"type":"LineString","coordinates":[[-100.9748,34.8687],[-101.0141,34.9687]]}},{"type":"Feature","properties":{"ef":0,"year":2007,"date":"2007-03-28","len_km":1.6,"inj":0,"fat":0},"geometry":{"type":"LineString","coordinates":[[-100.9809,34.7697],[-100.9742,34.7831]]}},{"type":"Feature","properties":{"ef":0,"year":2007,"date":"2007-03-28","len_km":9.7,"inj":0,"fat":0},"geometry":{"type":"LineString","coordinates":[[-100.4401,36.45],[-100.4537,36.5113]]}},{"type":"Feature","properties":{"ef":3,"year":2007,"date":"2007-03-28","len_km":5.4,"inj":2,"fat":0},"geometry":{"type":"LineString","coordinates":[[-100.9403,35.1299],[-100.9445,35.1783]]}},{"type":"Feature","properties":{"ef":2,"year":2007,"date":"2007-03-28","len_km":6.7,"inj":0,"fat":0},"geometry":{"type":"LineString","coordinates":[[-100.7448,34.9313],[-100.7307,34.9902]]}},{"type":"Feature","properties":{"ef":3,"year":2007,"date":"2007-03-28","len_km":4.8,"inj":2,"fat":0},"geometry":{"type":"LineString","coordinates":[[-101.0205,35.2664],[-100.983,35.2971]]}},{"type":"Feature","properties":{"ef":0,"year":2007,"date":"2007-03-28","len_km":0.4,"inj":0,"fat":0},"geometry":{"type":"Point","coordinates":[-100.67,35.029]}},{"type":"Feature","properties":{"ef":2,"year":2007,"date":"2007-03-28","len_km":7.3,"inj":0,"fat":0},"geometry":{"type":"LineString","coordinates":[[-100.7812,35.123],[-100.7255,35.17]]}},{"type":"Feature","properties":{"ef":0,"year":2007,"date":"2007-03-28","len_km":1.6,"inj":0,"fat":0},"geometry":{"type":"LineString","coordinates":[[-100.675,35.087],[-100.6547,35.17]]}},{"type":"Feature","properties":{"ef":2,"year":2007,"date":"2007-03-28","len_km":5.8,"inj":0,"fat":0},"geometry":{"type":"LineString","coordinates":[[-100.575,35.2096],[-100.5624,35.2607]]}},{"type":"Feature","properties":{"ef":0,"year":2007,"date":"2007-03-28","len_km":0.4,"inj":0,"fat":0},"geometry":{"type":"Point","coordinates":[-100.8075,35.4198]}},{"type":"Feature","properties":{"ef":1,"year":2007,"date":"2007-03-28","len_km":0.4,"inj":0,"fat":0},"geometry":{"type":"Point","coordinates":[-100.8075,35.4402]}},{"type":"Feature","properties":{"ef":3,"year":2007,"date":"2007-03-28","len_km":12.9,"inj":0,"fat":0},"geometry":{"type":"LineString","coordinates":[[-100.5526,35.3235],[-100.6,35.4324]]}},{"type":"Feature","properties":{"ef":3,"year":2007,"date":"2007-03-28","len_km":12.5,"inj":1,"fat":1},"geometry":{"type":"LineString","coordinates":[[-100.4891,35.6863],[-100.5061,35.7978]]}},{"type":"Feature","properties":{"ef":0,"year":2007,"date":"2007-03-30","len_km":0.3,"inj":0,"fat":0},"geometry":{"type":"LineString","coordinates":[[-98.2154,30.1431],[-98.2177,30.1452]]}},{"type":"Feature","properties":{"ef":0,"year":2007,"date":"2007-03-30","len_km":0.5,"inj":0,"fat":0},"geometry":{"type":"LineString","coordinates":[[-98.1746,30.1182],[-98.171,30.1213]]}},{"type":"Feature","properties":{"ef":0,"year":2007,"date":"2007-03-30","len_km":1.6,"inj":0,"fat":0},"geometry":{"type":"LineString","coordinates":[[-98.83,32.2411],[-98.8104,32.2299]]}},{"type":"Feature","properties":{"ef":0,"year":2007,"date":"2007-03-30","len_km":11.6,"inj":1,"fat":0},"geometry":{"type":"LineString","coordinates":[[-100.2139,32.47],[-100.1662,32.5906]]}},{"type":"Feature","properties":{"ef":0,"year":2007,"date":"2007-03-30","len_km":1.6,"inj":0,"fat":0},"geometry":{"type":"LineString","coordinates":[[-98.4423,32.3798],[-98.4581,32.3853]]}},{"type":"Feature","properties":{"ef":0,"year":2007,"date":"2007-03-30","len_km":4.0,"inj":0,"fat":0},"geometry":{"type":"LineString","coordinates":[[-97.8598,31.0956],[-97.83,31.07]]}},{"type":"Feature","properties":{"ef":1,"year":2007,"date":"2007-03-30","len_km":4.9,"inj":0,"fat":0},"geometry":{"type":"LineString","coordinates":[[-97.6038,31.3484],[-97.5524,31.3532]]}},{"type":"Feature","properties":{"ef":1,"year":2007,"date":"2007-03-30","len_km":3.2,"inj":0,"fat":0},"geometry":{"type":"LineString","coordinates":[[-97.4357,31.4245],[-97.4043,31.4355]]}},{"type":"Feature","properties":{"ef":0,"year":2007,"date":"2007-03-30","len_km":0.8,"inj":0,"fat":0},"geometry":{"type":"Point","coordinates":[-96.93,31.48]}},{"type":"Feature","properties":{"ef":0,"year":2007,"date":"2007-03-30","len_km":1.2,"inj":0,"fat":0},"geometry":{"type":"LineString","coordinates":[[-96.55,33.02],[-96.5566,33.0334]]}},{"type":"Feature","properties":{"ef":1,"year":2007,"date":"2007-03-31","len_km":1.3,"inj":0,"fat":0},"geometry":{"type":"LineString","coordinates":[[-96.95,29.3922],[-96.95,29.4037]]}},{"type":"Feature","properties":{"ef":2,"year":2007,"date":"2007-03-31","len_km":0.6,"inj":4,"fat":0},"geometry":{"type":"LineString","coordinates":[[-96.8796,29.3887],[-96.8749,29.3846]]}},{"type":"Feature","properties":{"ef":0,"year":2007,"date":"2007-04-13","len_km":1.4,"inj":0,"fat":0},"geometry":{"type":"LineString","coordinates":[[-99.87,33.22],[-99.86,33.23]]}},{"type":"Feature","properties":{"ef":0,"year":2007,"date":"2007-04-13","len_km":9.7,"inj":0,"fat":0},"geometry":{"type":"LineString","coordinates":[[-99.3098,33.5199],[-99.2087,33.5489]]}},{"type":"Feature","properties":{"ef":0,"year":2007,"date":"2007-04-13","len_km":2.4,"inj":0,"fat":0},"geometry":{"type":"LineString","coordinates":[[-97.4586,32.68],[-97.4328,32.68]]}},{"type":"Feature","properties":{"ef":1,"year":2007,"date":"2007-04-13","len_km":9.7,"inj":0,"fat":1},"geometry":{"type":"LineString","coordinates":[[-97.3257,32.7704],[-97.2527,32.8318]]}},{"type":"Feature","properties":{"ef":0,"year":2007,"date":"2007-04-13","len_km":1.6,"inj":0,"fat":0},"geometry":{"type":"LineString","coordinates":[[-96.7165,32.7921],[-96.7006,32.7977]]}},{"type":"Feature","properties":{"ef":0,"year":2007,"date":"2007-04-13","len_km":3.1,"inj":0,"fat":0},"geometry":{"type":"LineString","coordinates":[[-96.33,32.9077],[-96.297,32.9132]]}},{"type":"Feature","properties":{"ef":0,"year":2007,"date":"2007-04-13","len_km":0.2,"inj":0,"fat":0},"geometry":{"type":"Point","coordinates":[-96.1662,33.0365]}},{"type":"Feature","properties":{"ef":0,"year":2007,"date":"2007-04-17","len_km":4.0,"inj":0,"fat":0},"geometry":{"type":"LineString","coordinates":[[-102.0537,33.7413],[-102.0266,33.7735]]}},{"type":"Feature","properties":{"ef":0,"year":2007,"date":"2007-04-17","len_km":2.0,"inj":0,"fat":0},"geometry":{"type":"LineString","coordinates":[[-101.682,33.4411],[-101.6868,33.4607]]}},{"type":"Feature","properties":{"ef":1,"year":2007,"date":"2007-04-17","len_km":3.2,"inj":0,"fat":0},"geometry":{"type":"LineString","coordinates":[[-102.0247,33.9796],[-102.0,33.9566]]}},{"type":"Feature","properties":{"ef":0,"year":2007,"date":"2007-04-17","len_km":1.2,"inj":0,"fat":0},"geometry":{"type":"LineString","coordinates":[[-101.8901,33.5662],[-101.8847,33.58]]}},{"type":"Feature","properties":{"ef":0,"year":2007,"date":"2007-04-17","len_km":4.4,"inj":0,"fat":0},"geometry":{"type":"LineString","coordinates":[[-102.7703,34.5499],[-102.73,34.5288]]}},{"type":"Feature","properties":{"ef":0,"year":2007,"date":"2007-04-17","len_km":0.4,"inj":0,"fat":0},"geometry":{"type":"LineString","coordinates":[[-101.7719,33.6534],[-101.7678,33.652]]}},{"type":"Feature","properties":{"ef":0,"year":2007,"date":"2007-04-17","len_km":1.8,"inj":0,"fat":0},"geometry":{"type":"LineString","coordinates":[[-97.3345,32.97],[-97.3155,32.97]]}},{"type":"Feature","properties":{"ef":0,"year":2007,"date":"2007-04-21","len_km":3.2,"inj":0,"fat":0},"geometry":{"type":"LineString","coordinates":[[-102.4245,33.92],[-102.4126,33.9518]]}},{"type":"Feature","properties":{"ef":0,"year":2007,"date":"2007-04-21","len_km":5.7,"inj":0,"fat":0},"geometry":{"type":"LineString","coordinates":[[-102.3211,35.53],[-102.3128,35.5811]]}},{"type":"Feature","properties":{"ef":2,"year":2007,"date":"2007-04-21","len_km":46.3,"inj":1,"fat":0},"geometry":{"type":"LineString","coordinates":[[-102.22,34.0553],[-101.9766,34.4475]]}},{"type":"Feature","properties":{"ef":1,"year":2007,"date":"2007-04-21","len_km":21.8,"inj":0,"fat":0},"geometry":{"type":"LineString","coordinates":[[-102.313,35.6466],[-102.2846,35.8413]]}},{"type":"Feature","properties":{"ef":2,"year":2007,"date":"2007-04-21","len_km":31.7,"inj":14,"fat":0},"geometry":{"type":"LineString","coordinates":[[-102.1347,35.7947],[-102.0,36.0572]]}},{"type":"Feature","properties":{"ef":0,"year":2007,"date":"2007-04-21","len_km":11.3,"inj":0,"fat":0},"geometry":{"type":"LineString","coordinates":[[-101.9533,36.1929],[-101.905,36.2871]]}},{"type":"Feature","properties":{"ef":2,"year":2007,"date":"2007-04-21","len_km":19.2,"inj":0,"fat":0},"geometry":{"type":"LineString","coordinates":[[-101.9166,35.68],[-101.8808,35.85]]}},{"type":"Feature","properties":{"ef":2,"year":2007,"date":"2007-04-21","len_km":4.8,"inj":3,"fat":0},"geometry":{"type":"LineString","coordinates":[[-101.7822,34.5259],[-101.7885,34.5667]]}},{"type":"Feature","properties":{"ef":0,"year":2007,"date":"2007-04-21","len_km":1.6,"inj":0,"fat":0},"geometry":{"type":"Point","coordinates":[-101.8273,35.85]}},{"type":"Feature","properties":{"ef":1,"year":2007,"date":"2007-04-21","len_km":6.4,"inj":0,"fat":0},"geometry":{"type":"LineString","coordinates":[[-101.77,34.6529],[-101.686,34.697]]}},{"type":"Feature","properties":{"ef":0,"year":2007,"date":"2007-04-21","len_km":2.5,"inj":0,"fat":0},"geometry":{"type":"LineString","coordinates":[[-101.7553,35.9996],[-101.7657,36.02]]}},{"type":"Feature","properties":{"ef":0,"year":2007,"date":"2007-04-21","len_km":1.6,"inj":0,"fat":0},"geometry":{"type":"LineString","coordinates":[[-101.5861,34.73],[-101.5773,34.73]]}},{"type":"Feature","properties":{"ef":1,"year":2007,"date":"2007-04-21","len_km":3.2,"inj":0,"fat":0},"geometry":{"type":"LineString","coordinates":[[-101.6585,36.02],[-101.6474,36.0477]]}},{"type":"Feature","properties":{"ef":0,"year":2007,"date":"2007-04-21","len_km":11.7,"inj":0,"fat":0},"geometry":{"type":"LineString","coordinates":[[-101.8289,36.2258],[-101.788,36.3259]]}},{"type":"Feature","properties":{"ef":1,"year":2007,"date":"2007-04-21","len_km":5.4,"inj":0,"fat":0},"geometry":{"type":"LineString","coordinates":[[-101.55,34.7511],[-101.5175,34.7911]]}},{"type":"Feature","properties":{"ef":1,"year":2007,"date":"2007-04-21","len_km":19.7,"inj":0,"fat":0},"geometry":{"type":"LineString","coordinates":[[-101.8987,35.85],[-101.73,35.9622]]}},{"type":"Feature","properties":{"ef":0,"year":2007,"date":"2007-04-21","len_km":12.8,"inj":0,"fat":0},"geometry":{"type":"LineString","coordinates":[[-101.7447,36.0693],[-101.6859,36.1706]]}},{"type":"Feature","properties":{"ef":1,"year":2007,"date":"2007-04-21","len_km":3.2,"inj":0,"fat":0},"geometry":{"type":"LineString","coordinates":[[-101.8058,35.9587],[-101.7805,35.9791]]}},{"type":"Feature","properties":{"ef":1,"year":2007,"date":"2007-04-21","len_km":17.2,"inj":0,"fat":0},"geometry":{"type":"LineString","coordinates":[[-101.733,34.8267],[-101.7083,34.98]]}},{"type":"Feature","properties":{"ef":0,"year":2007,"date":"2007-04-21","len_km":0.8,"inj":0,"fat":0},"geometry":{"type":"LineString","coordinates":[[-101.223,35.1698],[-101.2148,35.1726]]}},{"type":"Feature","properties":{"ef":2,"year":2007,"date":"2007-04-21","len_km":19.9,"inj":0,"fat":0},"geometry":{"type":"LineString","coordinates":[[-101.1188,35.1847],[-101.2028,35.35]]}},{"type":"Feature","properties":{"ef":0,"year":2007,"date":"2007-04-21","len_km":6.8,"inj":0,"fat":0},"geometry":{"type":"LineString","coordinates":[[-101.1933,35.12],[-101.1903,35.1809]]}},{"type":"Feature","properties":{"ef":1,"year":2007,"date":"2007-04-21","len_km":20.4,"inj":0,"fat":0},"geometry":{"type":"LineString","coordinates":[[-100.9954,35.22],[-101.07,35.3933]]}},{"type":"Feature","properties":{"ef":0,"year":2007,"date":"2007-04-23","len_km":6.4,"inj":0,"fat":0},"geometry":{"type":"LineString","coordinates":[[-100.7815,32.4],[-100.713,32.4]]}},{"type":"Feature","properties":{"ef":0,"year":2007,"date":"2007-04-23","len_km":0.9,"inj":0,"fat":0},"geometry":{"type":"LineString","coordinates":[[-100.6629,32.4022],[-100.6456,32.3982]]}},{"type":"Feature","properties":{"ef":0,"year":2007,"date":"2007-04-23","len_km":0.3,"inj":0,"fat":0},"geometry":{"type":"Point","coordinates":[-100.9,29.3122]}},{"type":"Feature","properties":{"ef":0,"year":2007,"date":"2007-04-23","len_km":1.6,"inj":0,"fat":0},"geometry":{"type":"LineString","coordinates":[[-100.8336,29.37],[-100.8171,29.37]]}},{"type":"Feature","properties":{"ef":0,"year":2007,"date":"2007-04-23","len_km":1.4,"inj":0,"fat":0},"geometry":{"type":"LineString","coordinates":[[-100.4602,32.49],[-100.4544,32.5018]]}},{"type":"Feature","properties":{"ef":0,"year":2007,"date":"2007-04-23","len_km":0.5,"inj":0,"fat":0},"geometry":{"type":"LineString","coordinates":[[-100.1158,32.5089],[-100.1142,32.5122]]}},{"type":"Feature","properties":{"ef":0,"year":2007,"date":"2007-04-23","len_km":1.1,"inj":0,"fat":0},"geometry":{"type":"LineString","coordinates":[[-99.91,32.58],[-99.9,32.5851]]}},{"type":"Feature","properties":{"ef":1,"year":2007,"date":"2007-04-24","len_km":0.8,"inj":0,"fat":0},"geometry":{"type":"LineString","coordinates":[[-97.6101,32.3836],[-97.626,32.3891]]}},{"type":"Feature","properties":{"ef":0,"year":2007,"date":"2007-04-24","len_km":1.6,"inj":0,"fat":0},"geometry":{"type":"LineString","coordinates":[[-97.0118,33.22],[-96.9945,33.22]]}},{"type":"Feature","properties":{"ef":3,"year":2007,"date":"2007-04-24","len_km":6.4,"inj":0,"fat":7},"geometry":{"type":"LineString","coordinates":[[-100.4068,28.6382],[-100.3602,28.5973]]}},{"type":"Feature","properties":{"ef":1,"year":2007,"date":"2007-04-24","len_km":4.0,"inj":0,"fat":0},"geometry":{"type":"LineString","coordinates":[[-97.163,33.0132],[-97.0812,33.0391]]}},{"type":"Feature","properties":{"ef":0,"year":2007,"date":"2007-04-25","len_km":4.8,"inj":0,"fat":0},"geometry":{"type":"Point","coordinates":[-96.5056,30.5107]}},{"type":"Feature","properties":{"ef":0,"year":2007,"date":"2007-04-25","len_km":0.4,"inj":0,"fat":0},"geometry":{"type":"Point","coordinates":[-95.2704,29.0]}},{"type":"Feature","properties":{"ef":0,"year":2007,"date":"2007-04-25","len_km":0.4,"inj":0,"fat":0},"geometry":{"type":"Point","coordinates":[-94.7,30.72]}},{"type":"Feature","properties":{"ef":0,"year":2007,"date":"2007-04-29","len_km":5.6,"inj":0,"fat":0},"geometry":{"type":"LineString","coordinates":[[-103.8639,30.5466],[-103.9038,30.6004]]}},{"type":"Feature","properties":{"ef":0,"year":2007,"date":"2007-04-29","len_km":2.2,"inj":0,"fat":0},"geometry":{"type":"LineString","coordinates":[[-104.5237,30.5596],[-104.5465,30.5634]]}},{"type":"Feature","properties":{"ef":0,"year":2007,"date":"2007-04-29","len_km":2.4,"inj":0,"fat":0},"geometry":{"type":"LineString","coordinates":[[-103.9894,30.8071],[-103.999,30.8271]]}},{"type":"Feature","properties":{"ef":0,"year":2007,"date":"2007-04-30","len_km":0.3,"inj":0,"fat":0},"geometry":{"type":"LineString","coordinates":[[-102.4206,34.3497],[-102.422,34.347]]}},{"type":"Feature","properties":{"ef":0,"year":2007,"date":"2007-04-30","len_km":0.8,"inj":0,"fat":0},"geometry":{"type":"LineString","coordinates":[[-98.62,28.11],[-98.612,28.11]]}},{"type":"Feature","properties":{"ef":0,"year":2007,"date":"2007-04-30","len_km":2.2,"inj":0,"fat":0},"geometry":{"type":"LineString","coordinates":[[-99.9969,31.6929],[-99.9809,31.6793]]}},{"type":"Feature","properties":{"ef":0,"year":2007,"date":"2007-04-03","len_km":1.6,"inj":0,"fat":0},"geometry":{"type":"LineString","coordinates":[[-97.12,32.7],[-97.1079,32.6898]]}},{"type":"Feature","properties":{"ef":0,"year":2007,"date":"2007-05-23","len_km":0.3,"inj":0,"fat":0},"geometry":{"type":"Point","coordinates":[-100.8947,35.9147]}},{"type":"Feature","properties":{"ef":0,"year":2007,"date":"2007-05-23","len_km":1.6,"inj":0,"fat":0},"geometry":{"type":"Point","coordinates":[-100.6422,36.0928]}},{"type":"Feature","properties":{"ef":0,"year":2007,"date":"2007-05-23","len_km":1.6,"inj":0,"fat":0},"geometry":{"type":"Point","coordinates":[-100.6765,36.1596]}},{"type":"Feature","properties":{"ef":0,"year":2007,"date":"2007-05-23","len_km":1.6,"inj":0,"fat":0},"geometry":{"type":"LineString","coordinates":[[-100.4726,36.0664],[-100.4599,36.0767]]}},{"type":"Feature","properties":{"ef":0,"year":2007,"date":"2007-05-23","len_km":3.2,"inj":0,"fat":0},"geometry":{"type":"LineString","coordinates":[[-100.34,36.11],[-100.33,36.13]]}},{"type":"Feature","properties":{"ef":0,"year":2007,"date":"2007-05-23","len_km":3.2,"inj":0,"fat":0},"geometry":{"type":"LineString","coordinates":[[-100.37,36.12],[-100.36,36.14]]}},{"type":"Feature","properties":{"ef":0,"year":2007,"date":"2007-05-23","len_km":3.2,"inj":0,"fat":0},"geometry":{"type":"LineString","coordinates":[[-100.3962,36.3687],[-100.3708,36.3891]]}},{"type":"Feature","properties":{"ef":0,"year":2007,"date":"2007-05-23","len_km":0.2,"inj":0,"fat":0},"geometry":{"type":"Point","coordinates":[-101.2481,35.9836]}},{"type":"Feature","properties":{"ef":0,"year":2007,"date":"2007-05-23","len_km":0.2,"inj":0,"fat":0},"geometry":{"type":"Point","coordinates":[-101.2733,35.9631]}},{"type":"Feature","properties":{"ef":0,"year":2007,"date":"2007-05-23","len_km":3.2,"inj":0,"fat":0},"geometry":{"type":"Point","coordinates":[-101.0463,36.0373]}},{"type":"Feature","properties":{"ef":1,"year":2007,"date":"2007-05-23","len_km":4.8,"inj":0,"fat":0},"geometry":{"type":"LineString","coordinates":[[-100.42,36.05],[-100.41,36.07]]}},{"type":"Feature","properties":{"ef":2,"year":2007,"date":"2007-05-23","len_km":11.3,"inj":0,"fat":0},"geometry":{"type":"LineString","coordinates":[[-100.53,36.1753],[-100.4851,36.23]]}},{"type":"Feature","properties":{"ef":1,"year":2007,"date":"2007-05-23","len_km":6.4,"inj":0,"fat":0},"geometry":{"type":"LineString","coordinates":[[-100.308,36.1993],[-100.2763,36.2351]]}},{"type":"Feature","properties":{"ef":2,"year":2007,"date":"2007-05-23","len_km":12.9,"inj":0,"fat":0},"geometry":{"type":"LineString","coordinates":[[-100.32,36.3143],[-100.2692,36.3891]]}},{"type":"Feature","properties":{"ef":1,"year":2007,"date":"2007-05-25","len_km":2.4,"inj":0,"fat":0},"geometry":{"type":"LineString","coordinates":[[-97.7061,31.1096],[-97.7131,31.13]]}},{"type":"Feature","properties":{"ef":0,"year":2007,"date":"2007-05-31","len_km":0.8,"inj":0,"fat":0},"geometry":{"type":"LineString","coordinates":[[-101.6,33.8411],[-101.6,33.8483]]}},{"type":"Feature","properties":{"ef":0,"year":2007,"date":"2007-05-31","len_km":0.4,"inj":0,"fat":0},"geometry":{"type":"LineString","coordinates":[[-101.5148,33.8267],[-101.5117,33.8292]]}},{"type":"Feature","properties":{"ef":0,"year":2007,"date":"2007-05-01","len_km":5.2,"inj":0,"fat":0},"geometry":{"type":"LineString","coordinates":[[-99.31,31.32],[-99.2569,31.297]]}},{"type":"Feature","properties":{"ef":0,"year":2007,"date":"2007-05-01","len_km":2.9,"inj":0,"fat":0},"geometry":{"type":"LineString","coordinates":[[-99.2483,31.2822],[-99.22,31.2601]]}},{"type":"Feature","properties":{"ef":0,"year":2007,"date":"2007-05-01","len_km":0.3,"inj":0,"fat":0},"geometry":{"type":"LineString","coordinates":[[-99.25,30.3145],[-99.25,30.3173]]}},{"type":"Feature","properties":{"ef":0,"year":2007,"date":"2007-05-02","len_km":0.9,"inj":0,"fat":0},"geometry":{"type":"LineString","coordinates":[[-101.193,31.7621],[-101.1851,31.7648]]}},{"type":"Feature","properties":{"ef":0,"year":2007,"date":"2007-05-02","len_km":10.3,"inj":0,"fat":0},"geometry":{"type":"LineString","coordinates":[[-100.3684,31.6827],[-100.2909,31.7393]]}},{"type":"Feature","properties":{"ef":0,"year":2007,"date":"2007-05-02","len_km":0.7,"inj":0,"fat":0},"geometry":{"type":"LineString","coordinates":[[-100.19,31.83],[-100.1851,31.8353]]}},{"type":"Feature","properties":{"ef":1,"year":2007,"date":"2007-05-02","len_km":9.2,"inj":0,"fat":0},"geometry":{"type":"LineString","coordinates":[[-99.4185,31.5136],[-99.3264,31.4932]]}},{"type":"Feature","properties":{"ef":1,"year":2007,"date":"2007-05-02","len_km":7.7,"inj":0,"fat":0},"geometry":{"type":"LineString","coordinates":[[-99.0902,31.5605],[-99.0052,31.5718]]}},{"type":"Feature","properties":{"ef":0,"year":2007,"date":"2007-05-02","len_km":0.3,"inj":0,"fat":0},"geometry":{"type":"Point","coordinates":[-97.4,32.35]}},{"type":"Feature","properties":{"ef":0,"year":2007,"date":"2007-05-03","len_km":0.5,"inj":0,"fat":0},"geometry":{"type":"Point","coordinates":[-94.9636,30.7]}},{"type":"Feature","properties":{"ef":0,"year":2007,"date":"2007-05-03","len_km":1.4,"inj":0,"fat":0},"geometry":{"type":"Point","coordinates":[-95.2,30.15]}},{"type":"Feature","properties":{"ef":0,"year":2007,"date":"2007-05-03","len_km":0.8,"inj":0,"fat":0},"geometry":{"type":"LineString","coordinates":[[-97.23,33.6717],[-97.23,33.6789]]}},{"type":"Feature","properties":{"ef":0,"year":2007,"date":"2007-05-05","len_km":4.5,"inj":0,"fat":0},"geometry":{"type":"LineString","coordinates":[[-100.107,35.1207],[-100.0754,35.1466]]}},{"type":"Feature","properties":{"ef":1,"year":2007,"date":"2007-05-05","len_km":11.2,"inj":0,"fat":0},"geometry":{"type":"LineString","coordinates":[[-100.0512,35.1663],[-100.1035,35.2692]]}},{"type":"Feature","properties":{"ef":0,"year":2007,"date":"2007-05-05","len_km":3.2,"inj":0,"fat":0},"geometry":{"type":"LineString","coordinates":[[-101.0328,35.4789],[-101.0077,35.4993]]}},{"type":"Feature","properties":{"ef":0,"year":2007,"date":"2007-05-06","len_km":3.0,"inj":0,"fat":0},"geometry":{"type":"LineString","coordinates":[[-100.3991,31.9],[-100.3683,31.904]]}},{"type":"Feature","properties":{"ef":0,"year":2007,"date":"2007-05-06","len_km":0.7,"inj":0,"fat":0},"geometry":{"type":"LineString","coordinates":[[-100.97,31.27],[-100.9629,31.27]]}},{"type":"Feature","properties":{"ef":0,"year":2007,"date":"2007-05-08","len_km":10.5,"inj":0,"fat":0},"geometry":{"type":"LineString","coordinates":[[-99.4682,32.7975],[-99.3964,32.8721]]}},{"type":"Feature","properties":{"ef":1,"year":2007,"date":"2007-05-08","len_km":6.7,"inj":0,"fat":0},"geometry":{"type":"LineString","coordinates":[[-99.7127,33.0945],[-99.7657,33.1382]]}},{"type":"Feature","properties":{"ef":0,"year":2007,"date":"2007-05-08","len_km":1.2,"inj":0,"fat":0},"geometry":{"type":"LineString","coordinates":[[-99.2619,33.2485],[-99.2704,33.2556]]}},{"type":"Feature","properties":{"ef":0,"year":2007,"date":"2007-05-09","len_km":1.9,"inj":0,"fat":0},"geometry":{"type":"LineString","coordinates":[[-100.8145,30.6395],[-100.7982,30.6337]]}},{"type":"Feature","properties":{"ef":0,"year":2007,"date":"2007-05-09","len_km":1.4,"inj":0,"fat":0},"geometry":{"type":"LineString","coordinates":[[-99.1779,33.0644],[-99.18,33.0697]]}},{"type":"Feature","properties":{"ef":0,"year":2007,"date":"2007-05-09","len_km":2.4,"inj":0,"fat":0},"geometry":{"type":"LineString","coordinates":[[-99.6194,30.9809],[-99.5839,31.0169]]}},{"type":"Feature","properties":{"ef":1,"year":2007,"date":"2007-06-15","len_km":5.1,"inj":0,"fat":0},"geometry":{"type":"LineString","coordinates":[[-101.2459,30.6046],[-101.2,30.6294]]}},{"type":"Feature","properties":{"ef":0,"year":2007,"date":"2007-06-17","len_km":0.8,"inj":1,"fat":0},"geometry":{"type":"LineString","coordinates":[[-97.9766,31.0883],[-97.9688,31.0911]]}},{"type":"Feature","properties":{"ef":0,"year":2007,"date":"2007-06-17","len_km":0.8,"inj":0,"fat":0},"geometry":{"type":"LineString","coordinates":[[-97.9021,31.1147],[-97.9081,31.1198]]}},{"type":"Feature","properties":{"ef":0,"year":2007,"date":"2007-06-20","len_km":0.3,"inj":0,"fat":0},"geometry":{"type":"LineString","coordinates":[[-105.2464,31.134],[-105.2464,31.1313]]}},{"type":"Feature","properties":{"ef":0,"year":2007,"date":"2007-06-25","len_km":1.6,"inj":1,"fat":0},"geometry":{"type":"LineString","coordinates":[[-97.42,31.43],[-97.42,31.4445]]}},{"type":"Feature","properties":{"ef":0,"year":2007,"date":"2007-06-25","len_km":6.4,"inj":5,"fat":0},"geometry":{"type":"LineString","coordinates":[[-97.5511,33.2709],[-97.5022,33.3118]]}},{"type":"Feature","properties":{"ef":0,"year":2007,"date":"2007-06-26","len_km":1.6,"inj":0,"fat":0},"geometry":{"type":"LineString","coordinates":[[-96.95,32.58],[-96.9328,32.58]]}},{"type":"Feature","properties":{"ef":0,"year":2007,"date":"2007-06-26","len_km":0.3,"inj":0,"fat":0},"geometry":{"type":"Point","coordinates":[-97.12,32.3866]}},{"type":"Feature","properties":{"ef":0,"year":2007,"date":"2007-06-01","len_km":4.0,"inj":0,"fat":0},"geometry":{"type":"LineString","coordinates":[[-102.3922,32.72],[-102.4104,32.6365]]}},{"type":"Feature","properties":{"ef":0,"year":2007,"date":"2007-06-02","len_km":0.3,"inj":0,"fat":0},"geometry":{"type":"LineString","coordinates":[[-102.413,34.4733],[-102.4155,34.4713]]}},{"type":"Feature","properties":{"ef":0,"year":2007,"date":"2007-06-02","len_km":6.4,"inj":0,"fat":0},"geometry":{"type":"LineString","coordinates":[[-102.4039,34.383],[-102.4273,34.3363]]}},{"type":"Feature","properties":{"ef":0,"year":2007,"date":"2007-06-02","len_km":0.2,"inj":0,"fat":0},"geometry":{"type":"LineString","coordinates":[[-102.3649,34.1599],[-102.3639,34.1579]]}},{"type":"Feature","properties":{"ef":0,"year":2007,"date":"2007-06-02","len_km":1.2,"inj":0,"fat":0},"geometry":{"type":"LineString","coordinates":[[-101.2996,32.9954],[-101.3075,32.9927]]}},{"type":"Feature","properties":{"ef":0,"year":2007,"date":"2007-06-02","len_km":2.4,"inj":0,"fat":0},"geometry":{"type":"LineString","coordinates":[[-102.32,33.8513],[-102.28,33.8399]]}},{"type":"Feature","properties":{"ef":0,"year":2007,"date":"2007-06-02","len_km":1.2,"inj":0,"fat":0},"geometry":{"type":"LineString","coordinates":[[-102.33,33.824],[-102.2901,33.8101]]}},{"type":"Feature","properties":{"ef":0,"year":2007,"date":"2007-06-02","len_km":1.6,"inj":0,"fat":0},"geometry":{"type":"LineString","coordinates":[[-102.396,33.58],[-102.386,33.5667]]}},{"type":"Feature","properties":{"ef":0,"year":2007,"date":"2007-06-02","len_km":1.6,"inj":0,"fat":0},"geometry":{"type":"LineString","coordinates":[[-102.3871,32.8532],[-102.3805,32.8399]]}},{"type":"Feature","properties":{"ef":0,"year":2007,"date":"2007-06-03","len_km":4.5,"inj":0,"fat":0},"geometry":{"type":"LineString","coordinates":[[-102.4816,32.32],[-102.4552,32.2868]]}},{"type":"Feature","properties":{"ef":0,"year":2007,"date":"2007-06-03","len_km":6.4,"inj":0,"fat":0},"geometry":{"type":"LineString","coordinates":[[-102.9509,31.85],[-102.8828,31.85]]}},{"type":"Feature","properties":{"ef":0,"year":2007,"date":"2007-06-03","len_km":0.8,"inj":0,"fat":0},"geometry":{"type":"LineString","coordinates":[[-102.7841,31.92],[-102.7755,31.92]]}},{"type":"Feature","properties":{"ef":0,"year":2007,"date":"2007-06-03","len_km":3.2,"inj":0,"fat":0},"geometry":{"type":"LineString","coordinates":[[-103.6,31.859],[-103.5284,31.8469]]}},{"type":"Feature","properties":{"ef":1,"year":2007,"date":"2007-07-15","len_km":0.8,"inj":0,"fat":0},"geometry":{"type":"LineString","coordinates":[[-98.4061,29.5018],[-98.4002,29.5069]]}},{"type":"Feature","properties":{"ef":1,"year":2007,"date":"2007-07-16","len_km":1.6,"inj":0,"fat":0},"geometry":{"type":"Point","coordinates":[-98.23,26.2]}},{"type":"Feature","properties":{"ef":2,"year":2007,"date":"2007-07-21","len_km":3.2,"inj":0,"fat":0},"geometry":{"type":"LineString","coordinates":[[-97.97,29.4399],[-97.97,29.4688]]}},{"type":"Feature","properties":{"ef":0,"year":2007,"date":"2007-07-25","len_km":0.9,"inj":0,"fat":0},"geometry":{"type":"LineString","coordinates":[[-97.3662,28.0336],[-97.3631,28.0408]]}},{"type":"Feature","properties":{"ef":0,"year":2007,"date":"2007-07-03","len_km":0.2,"inj":0,"fat":0},"geometry":{"type":"Point","coordinates":[-95.1427,30.7527]}},{"type":"Feature","properties":{"ef":0,"year":2007,"date":"2007-07-05","len_km":3.2,"inj":0,"fat":0},"geometry":{"type":"LineString","coordinates":[[-94.939,29.2599],[-94.901,29.2599]]}},{"type":"Feature","properties":{"ef":0,"year":2007,"date":"2007-07-06","len_km":0.5,"inj":0,"fat":0},"geometry":{"type":"Point","coordinates":[-95.08,29.37]}},{"type":"Feature","properties":{"ef":0,"year":2007,"date":"2007-07-07","len_km":0.6,"inj":0,"fat":0},"geometry":{"type":"LineString","coordinates":[[-97.4509,27.7295],[-97.4508,27.7349]]}},{"type":"Feature","properties":{"ef":1,"year":2007,"date":"2007-08-16","len_km":0.8,"inj":0,"fat":0},"geometry":{"type":"LineString","coordinates":[[-98.73,29.9101],[-98.73,29.9173]]}},{"type":"Feature","properties":{"ef":1,"year":2007,"date":"2007-08-18","len_km":1.6,"inj":0,"fat":0},"geometry":{"type":"LineString","coordinates":[[-98.3733,34.0834],[-98.3666,34.0967]]}},{"type":"Feature","properties":{"ef":0,"year":2007,"date":"2007-08-27","len_km":0.2,"inj":0,"fat":0},"geometry":{"type":"LineString","coordinates":[[-97.96,27.7433],[-97.962,27.7433]]}},{"type":"Feature","properties":{"ef":0,"year":2007,"date":"2007-08-02","len_km":0.4,"inj":0,"fat":0},"geometry":{"type":"LineString","coordinates":[[-102.0599,33.3684],[-102.0559,33.367]]}},{"type":"Feature","properties":{"ef":0,"year":2007,"date":"2007-09-11","len_km":0.2,"inj":0,"fat":0},"geometry":{"type":"LineString","coordinates":[[-97.2181,28.0733],[-97.2181,28.0715]]}},{"type":"Feature","properties":{"ef":0,"year":2007,"date":"2007-09-27","len_km":5.1,"inj":0,"fat":0},"geometry":{"type":"LineString","coordinates":[[-102.0523,34.0],[-102.0992,33.9885]]}},{"type":"Feature","properties":{"ef":1,"year":2007,"date":"2007-09-29","len_km":1.9,"inj":0,"fat":0},"geometry":{"type":"LineString","coordinates":[[-97.1421,27.8971],[-97.1613,27.8959]]}},{"type":"Feature","properties":{"ef":0,"year":2007,"date":"2007-09-29","len_km":0.3,"inj":0,"fat":0},"geometry":{"type":"LineString","coordinates":[[-97.0564,27.8419],[-97.0595,27.8419]]}},{"type":"Feature","properties":{"ef":0,"year":2007,"date":"2007-09-02","len_km":0.2,"inj":0,"fat":0},"geometry":{"type":"Point","coordinates":[-97.92,26.15]}},{"type":"Feature","properties":{"ef":0,"year":2007,"date":"2007-09-04","len_km":0.1,"inj":0,"fat":0},"geometry":{"type":"Point","coordinates":[-97.38,28.7304]}},{"type":"Feature","properties":{"ef":0,"year":2007,"date":"2007-09-04","len_km":0.3,"inj":0,"fat":0},"geometry":{"type":"LineString","coordinates":[[-97.3537,29.5],[-97.3504,29.5]]}},{"type":"Feature","properties":{"ef":0,"year":2007,"date":"2007-09-05","len_km":1.3,"inj":0,"fat":0},"geometry":{"type":"LineString","coordinates":[[-96.4717,31.8345],[-96.4665,31.8452]]}},{"type":"Feature","properties":{"ef":2,"year":2007,"date":"2007-09-05","len_km":9.8,"inj":0,"fat":0},"geometry":{"type":"LineString","coordinates":[[-96.437,31.8433],[-96.418,31.9302]]}},{"type":"Feature","properties":{"ef":1,"year":2007,"date":"2007-09-05","len_km":1.6,"inj":0,"fat":0},"geometry":{"type":"LineString","coordinates":[[-95.4403,32.6838],[-95.4496,32.6956]]}},{"type":"Feature","properties":{"ef":1,"year":2007,"date":"2007-09-05","len_km":4.8,"inj":0,"fat":0},"geometry":{"type":"LineString","coordinates":[[-94.4854,33.35],[-94.4373,33.4]]}},{"type":"Feature","properties":{"ef":1,"year":2007,"date":"2007-09-07","len_km":2.4,"inj":0,"fat":0},"geometry":{"type":"LineString","coordinates":[[-102.0416,34.5699],[-102.0298,34.55]]}},{"type":"Feature","properties":{"ef":0,"year":2007,"date":"2007-09-07","len_km":2.0,"inj":0,"fat":0},"geometry":{"type":"LineString","coordinates":[[-101.8395,34.4728],[-101.8049,34.4606]]}},{"type":"Feature","properties":{"ef":0,"year":2008,"date":"2008-10-06","len_km":2.4,"inj":0,"fat":0},"geometry":{"type":"LineString","coordinates":[[-94.0975,33.0653],[-94.0837,33.088]]}},{"type":"Feature","properties":{"ef":0,"year":2008,"date":"2008-10-06","len_km":11.2,"inj":0,"fat":0},"geometry":{"type":"LineString","coordinates":[[-95.8679,31.8455],[-95.7321,31.8773]]}},{"type":"Feature","properties":{"ef":0,"year":2008,"date":"2008-10-06","len_km":0.8,"inj":0,"fat":0},"geometry":{"type":"LineString","coordinates":[[-95.3109,32.1396],[-95.307,32.1426]]}},{"type":"Feature","properties":{"ef":0,"year":2008,"date":"2008-11-07","len_km":0.4,"inj":0,"fat":0},"geometry":{"type":"LineString","coordinates":[[-97.2544,26.0814],[-97.2554,26.0781]]}},{"type":"Feature","properties":{"ef":0,"year":2008,"date":"2008-12-27","len_km":2.2,"inj":0,"fat":0},"geometry":{"type":"LineString","coordinates":[[-95.2119,33.0216],[-95.1883,33.0243]]}},{"type":"Feature","properties":{"ef":1,"year":2008,"date":"2008-12-08","len_km":17.0,"inj":1,"fat":0},"geometry":{"type":"LineString","coordinates":[[-96.92,33.57],[-96.7751,33.6364]]}},{"type":"Feature","properties":{"ef":2,"year":2008,"date":"2008-12-08","len_km":5.8,"inj":3,"fat":0},"geometry":{"type":"LineString","coordinates":[[-96.6066,33.7149],[-96.5482,33.7349]]}},{"type":"Feature","properties":{"ef":0,"year":2008,"date":"2008-02-16","len_km":0.0,"inj":0,"fat":0},"geometry":{"type":"Point","coordinates":[-94.99,29.37]}},{"type":"Feature","properties":{"ef":1,"year":2008,"date":"2008-02-16","len_km":0.5,"inj":0,"fat":0},"geometry":{"type":"LineString","coordinates":[[-93.8314,31.2602],[-93.8281,31.2643]]}},{"type":"Feature","properties":{"ef":1,"year":2008,"date":"2008-02-05","len_km":1.6,"inj":0,"fat":0},"geometry":{"type":"LineString","coordinates":[[-95.0635,32.2434],[-95.0569,32.2567]]}},{"type":"Feature","properties":{"ef":0,"year":2008,"date":"2008-03-10","len_km":0.5,"inj":0,"fat":0},"geometry":{"type":"LineString","coordinates":[[-97.6461,28.0198],[-97.6414,28.0171]]}},{"type":"Feature","properties":{"ef":0,"year":2008,"date":"2008-03-10","len_km":0.4,"inj":0,"fat":0},"geometry":{"type":"Point","coordinates":[-97.6401,27.9656]}},{"type":"Feature","properties":{"ef":0,"year":2008,"date":"2008-03-17","len_km":0.2,"inj":0,"fat":0},"geometry":{"type":"Point","coordinates":[-100.52,32.24]}},{"type":"Feature","properties":{"ef":0,"year":2008,"date":"2008-03-17","len_km":0.2,"inj":0,"fat":0},"geometry":{"type":"Point","coordinates":[-99.657,31.819]}},{"type":"Feature","properties":{"ef":0,"year":2008,"date":"2008-03-17","len_km":0.2,"inj":0,"fat":0},"geometry":{"type":"Point","coordinates":[-99.52,32.03]}},{"type":"Feature","properties":{"ef":0,"year":2008,"date":"2008-03-18","len_km":3.8,"inj":0,"fat":0},"geometry":{"type":"LineString","coordinates":[[-97.3845,27.6881],[-97.3472,27.6953]]}},{"type":"Feature","properties":{"ef":1,"year":2008,"date":"2008-03-18","len_km":4.3,"inj":0,"fat":0},"geometry":{"type":"LineString","coordinates":[[-95.6016,33.2065],[-95.5576,33.2195]]}},{"type":"Feature","properties":{"ef":1,"year":2008,"date":"2008-03-18","len_km":33.0,"inj":0,"fat":0},"geometry":{"type":"LineString","coordinates":[[-94.8925,32.2539],[-94.7151,32.51]]}},{"type":"Feature","properties":{"ef":0,"year":2008,"date":"2008-03-30","len_km":2.6,"inj":0,"fat":0},"geometry":{"type":"LineString","coordinates":[[-93.8499,31.4195],[-93.8273,31.4333]]}},{"type":"Feature","properties":{"ef":0,"year":2008,"date":"2008-03-31","len_km":1.3,"inj":0,"fat":0},"geometry":{"type":"LineString","coordinates":[[-97.5421,32.4398],[-97.5292,32.4429]]}},{"type":"Feature","properties":{"ef":0,"year":2008,"date":"2008-03-31","len_km":2.4,"inj":0,"fat":0},"geometry":{"type":"LineString","coordinates":[[-97.4666,32.4722],[-97.4417,32.4783]]}},{"type":"Feature","properties":{"ef":1,"year":2008,"date":"2008-03-03","len_km":2.2,"inj":0,"fat":0},"geometry":{"type":"LineString","coordinates":[[-95.5914,32.4008],[-95.5738,32.4142]]}},{"type":"Feature","properties":{"ef":1,"year":2008,"date":"2008-03-03","len_km":8.0,"inj":0,"fat":0},"geometry":{"type":"LineString","coordinates":[[-94.4064,33.4405],[-94.3326,33.4547]]}},{"type":"Feature","properties":{"ef":1,"year":2008,"date":"2008-03-06","len_km":0.2,"inj":0,"fat":0},"geometry":{"type":"LineString","coordinates":[[-97.3825,27.7321],[-97.38,27.7329]]}},{"type":"Feature","properties":{"ef":1,"year":2008,"date":"2008-04-10","len_km":2.5,"inj":0,"fat":0},"geometry":{"type":"LineString","coordinates":[[-99.0707,31.7039],[-99.0459,31.7112]]}},{"type":"Feature","properties":{"ef":1,"year":2008,"date":"2008-04-10","len_km":12.2,"inj":0,"fat":0},"geometry":{"type":"LineString","coordinates":[[-97.7886,32.2163],[-97.6672,32.2551]]}},{"type":"Feature","properties":{"ef":1,"year":2008,"date":"2008-04-10","len_km":4.7,"inj":0,"fat":0},"geometry":{"type":"LineString","coordinates":[[-97.2438,32.4663],[-97.2007,32.4879]]}},{"type":"Feature","properties":{"ef":1,"year":2008,"date":"2008-04-10","len_km":3.2,"inj":0,"fat":0},"geometry":{"type":"LineString","coordinates":[[-96.859,32.6133],[-96.8252,32.6195]]}},{"type":"Feature","properties":{"ef":1,"year":2008,"date":"2008-04-10","len_km":11.5,"inj":0,"fat":0},"geometry":{"type":"LineString","coordinates":[[-96.7366,33.0862],[-96.6462,33.1572]]}},{"type":"Feature","properties":{"ef":0,"year":2008,"date":"2008-04-10","len_km":10.3,"inj":0,"fat":0},"geometry":{"type":"LineString","coordinates":[[-97.47,31.07],[-97.3657,31.0953]]}},{"type":"Feature","properties":{"ef":2,"year":2008,"date":"2008-04-10","len_km":8.9,"inj":1,"fat":0},"geometry":{"type":"LineString","coordinates":[[-94.2351,33.4216],[-94.1929,33.4936]]}},{"type":"Feature","properties":{"ef":0,"year":2008,"date":"2008-04-17","len_km":1.1,"inj":0,"fat":0},"geometry":{"type":"LineString","coordinates":[[-97.601,32.7565],[-97.5896,32.7567]]}},{"type":"Feature","properties":{"ef":0,"year":2008,"date":"2008-04-23","len_km":8.1,"inj":0,"fat":0},"geometry":{"type":"LineString","coordinates":[[-101.0816,32.6855],[-100.9948,32.6917]]}},{"type":"Feature","properties":{"ef":1,"year":2008,"date":"2008-04-23","len_km":2.8,"inj":0,"fat":0},"geometry":{"type":"LineString","coordinates":[[-100.9404,32.7001],[-100.9108,32.7039]]}},{"type":"Feature","properties":{"ef":0,"year":2008,"date":"2008-04-23","len_km":0.2,"inj":0,"fat":0},"geometry":{"type":"Point","coordinates":[-100.46,32.8]}},{"type":"Feature","properties":{"ef":0,"year":2008,"date":"2008-04-23","len_km":0.2,"inj":0,"fat":0},"geometry":{"type":"Point","coordinates":[-100.44,32.7]}},{"type":"Feature","properties":{"ef":0,"year":2008,"date":"2008-04-23","len_km":0.6,"inj":0,"fat":0},"geometry":{"type":"LineString","coordinates":[[-101.8783,32.5746],[-101.875,32.57]]}},{"type":"Feature","properties":{"ef":0,"year":2008,"date":"2008-04-23","len_km":1.8,"inj":0,"fat":0},"geometry":{"type":"LineString","coordinates":[[-101.8533,32.5664],[-101.8371,32.5582]]}},{"type":"Feature","properties":{"ef":0,"year":2008,"date":"2008-04-23","len_km":4.1,"inj":0,"fat":0},"geometry":{"type":"LineString","coordinates":[[-102.677,32.6861],[-102.6329,32.689]]}},{"type":"Feature","properties":{"ef":0,"year":2008,"date":"2008-04-23","len_km":0.2,"inj":0,"fat":0},"geometry":{"type":"LineString","coordinates":[[-101.782,32.567],[-101.7796,32.5664]]}},{"type":"Feature","properties":{"ef":0,"year":2008,"date":"2008-04-23","len_km":0.2,"inj":0,"fat":0},"geometry":{"type":"Point","coordinates":[-99.94,32.72]}},{"type":"Feature","properties":{"ef":0,"year":2008,"date":"2008-04-23","len_km":0.2,"inj":0,"fat":0},"geometry":{"type":"Point","coordinates":[-99.94,32.57]}},{"type":"Feature","properties":{"ef":0,"year":2008,"date":"2008-04-23","len_km":9.8,"inj":0,"fat":0},"geometry":{"type":"LineString","coordinates":[[-99.8806,32.8505],[-99.7764,32.8382]]}},{"type":"Feature","properties":{"ef":0,"year":2008,"date":"2008-04-23","len_km":0.7,"inj":0,"fat":0},"geometry":{"type":"LineString","coordinates":[[-102.02,32.5355],[-102.0128,32.5353]]}},{"type":"Feature","properties":{"ef":0,"year":2008,"date":"2008-04-23","len_km":0.2,"inj":0,"fat":0},"geometry":{"type":"Point","coordinates":[-99.23,32.75]}},{"type":"Feature","properties":{"ef":0,"year":2008,"date":"2008-04-23","len_km":0.7,"inj":0,"fat":0},"geometry":{"type":"LineString","coordinates":[[-101.47,32.4355],[-101.4628,32.4353]]}},{"type":"Feature","properties":{"ef":0,"year":2008,"date":"2008-04-23","len_km":3.6,"inj":0,"fat":0},"geometry":{"type":"LineString","coordinates":[[-98.3357,32.4702],[-98.2973,32.4716]]}},{"type":"Feature","properties":{"ef":0,"year":2008,"date":"2008-04-23","len_km":11.6,"inj":0,"fat":0},"geometry":{"type":"LineString","coordinates":[[-98.2115,32.46],[-98.1299,32.5373]]}},{"type":"Feature","properties":{"ef":0,"year":2008,"date":"2008-04-23","len_km":2.3,"inj":0,"fat":0},"geometry":{"type":"LineString","coordinates":[[-97.8626,32.4912],[-97.8386,32.4921]]}},{"type":"Feature","properties":{"ef":2,"year":2008,"date":"2008-04-23","len_km":0.5,"inj":0,"fat":0},"geometry":{"type":"LineString","coordinates":[[-97.4108,32.5603],[-97.4079,32.5567]]}},{"type":"Feature","properties":{"ef":0,"year":2008,"date":"2008-04-25","len_km":2.3,"inj":0,"fat":0},"geometry":{"type":"LineString","coordinates":[[-97.4783,31.0497],[-97.457,31.0585]]}},{"type":"Feature","properties":{"ef":0,"year":2008,"date":"2008-04-25","len_km":1.2,"inj":0,"fat":0},"geometry":{"type":"LineString","coordinates":[[-97.457,30.8881],[-97.457,30.8775]]}},{"type":"Feature","properties":{"ef":0,"year":2008,"date":"2008-04-26","len_km":0.2,"inj":0,"fat":0},"geometry":{"type":"LineString","coordinates":[[-100.8127,36.3898],[-100.8114,36.3908]]}},{"type":"Feature","properties":{"ef":0,"year":2008,"date":"2008-04-07","len_km":0.2,"inj":0,"fat":0},"geometry":{"type":"Point","coordinates":[-98.9523,34.0411]}},{"type":"Feature","properties":{"ef":1,"year":2008,"date":"2008-04-07","len_km":3.2,"inj":1,"fat":0},"geometry":{"type":"LineString","coordinates":[[-98.9601,34.08],[-98.9362,34.0955]]}},{"type":"Feature","properties":{"ef":0,"year":2008,"date":"2008-04-08","len_km":2.9,"inj":0,"fat":0},"geometry":{"type":"LineString","coordinates":[[-97.9134,31.4361],[-97.8827,31.4392]]}},{"type":"Feature","properties":{"ef":0,"year":2008,"date":"2008-04-09","len_km":0.2,"inj":0,"fat":0},"geometry":{"type":"Point","coordinates":[-99.92,32.49]}},{"type":"Feature","properties":{"ef":0,"year":2008,"date":"2008-04-09","len_km":0.2,"inj":0,"fat":0},"geometry":{"type":"Point","coordinates":[-99.85,32.47]}},{"type":"Feature","properties":{"ef":0,"year":2008,"date":"2008-04-09","len_km":3.7,"inj":0,"fat":0},"geometry":{"type":"LineString","coordinates":[[-98.988,32.6688],[-98.9547,32.6874]]}},{"type":"Feature","properties":{"ef":1,"year":2008,"date":"2008-04-09","len_km":11.4,"inj":6,"fat":0},"geometry":{"type":"LineString","coordinates":[[-98.9127,32.7238],[-98.8118,32.7807]]}},{"type":"Feature","properties":{"ef":0,"year":2008,"date":"2008-04-09","len_km":2.5,"inj":0,"fat":0},"geometry":{"type":"LineString","coordinates":[[-98.7685,32.748],[-98.7472,32.7613]]}},{"type":"Feature","properties":{"ef":0,"year":2008,"date":"2008-04-09","len_km":1.8,"inj":0,"fat":0},"geometry":{"type":"LineString","coordinates":[[-98.5384,32.8138],[-98.5226,32.8234]]}},{"type":"Feature","properties":{"ef":0,"year":2008,"date":"2008-04-09","len_km":2.7,"inj":0,"fat":0},"geometry":{"type":"LineString","coordinates":[[-98.171,32.95],[-98.1463,32.9624]]}},{"type":"Feature","properties":{"ef":0,"year":2008,"date":"2008-04-09","len_km":2.9,"inj":0,"fat":0},"geometry":{"type":"LineString","coordinates":[[-97.7358,33.1065],[-97.7103,33.122]]}},{"type":"Feature","properties":{"ef":0,"year":2008,"date":"2008-04-09","len_km":2.0,"inj":0,"fat":0},"geometry":{"type":"LineString","coordinates":[[-96.8954,33.6705],[-96.8764,33.6795]]}},{"type":"Feature","properties":{"ef":0,"year":2008,"date":"2008-04-09","len_km":5.9,"inj":0,"fat":0},"geometry":{"type":"LineString","coordinates":[[-100.7376,31.422],[-100.701,31.4649]]}},{"type":"Feature","properties":{"ef":1,"year":2008,"date":"2008-04-09","len_km":2.4,"inj":0,"fat":0},"geometry":{"type":"LineString","coordinates":[[-100.6896,31.3351],[-100.6672,31.3454]]}},{"type":"Feature","properties":{"ef":0,"year":2008,"date":"2008-04-09","len_km":10.8,"inj":0,"fat":0},"geometry":{"type":"LineString","coordinates":[[-100.524,31.3178],[-100.424,31.3647]]}},{"type":"Feature","properties":{"ef":1,"year":2008,"date":"2008-04-09","len_km":6.5,"inj":0,"fat":0},"geometry":{"type":"LineString","coordinates":[[-100.5176,31.4378],[-100.4543,31.4609]]}},{"type":"Feature","properties":{"ef":0,"year":2008,"date":"2008-04-09","len_km":3.2,"inj":0,"fat":0},"geometry":{"type":"LineString","coordinates":[[-100.152,31.304],[-100.1186,31.3091]]}},{"type":"Feature","properties":{"ef":0,"year":2008,"date":"2008-05-14","len_km":0.4,"inj":0,"fat":0},"geometry":{"type":"LineString","coordinates":[[-98.2009,30.7241],[-98.1977,30.7265]]}},{"type":"Feature","properties":{"ef":1,"year":2008,"date":"2008-05-14","len_km":6.9,"inj":0,"fat":0},"geometry":{"type":"LineString","coordinates":[[-94.924,32.008],[-94.857,32.032]]}},{"type":"Feature","properties":{"ef":0,"year":2008,"date":"2008-05-14","len_km":3.1,"inj":0,"fat":0},"geometry":{"type":"LineString","coordinates":[[-102.6487,33.0593],[-102.6219,33.0754]]}},{"type":"Feature","properties":{"ef":0,"year":2008,"date":"2008-05-14","len_km":0.4,"inj":0,"fat":0},"geometry":{"type":"LineString","coordinates":[[-101.8428,33.6148],[-101.8388,33.6154]]}},{"type":"Feature","properties":{"ef":0,"year":2008,"date":"2008-05-14","len_km":3.4,"inj":0,"fat":0},"geometry":{"type":"LineString","coordinates":[[-101.0714,32.35],[-101.0358,32.3555]]}},{"type":"Feature","properties":{"ef":0,"year":2008,"date":"2008-05-14","len_km":0.2,"inj":0,"fat":0},"geometry":{"type":"Point","coordinates":[-100.54,32.33]}},{"type":"Feature","properties":{"ef":0,"year":2008,"date":"2008-05-14","len_km":0.2,"inj":0,"fat":0},"geometry":{"type":"Point","coordinates":[-100.4,32.34]}},{"type":"Feature","properties":{"ef":0,"year":2008,"date":"2008-05-14","len_km":0.2,"inj":0,"fat":0},"geometry":{"type":"Point","coordinates":[-99.58,31.2]}},{"type":"Feature","properties":{"ef":0,"year":2008,"date":"2008-05-14","len_km":1.6,"inj":0,"fat":0},"geometry":{"type":"LineString","coordinates":[[-99.397,31.126],[-99.381,31.131]]}},{"type":"Feature","properties":{"ef":0,"year":2008,"date":"2008-05-14","len_km":0.2,"inj":0,"fat":0},"geometry":{"type":"Point","coordinates":[-98.2101,31.0022]}},{"type":"Feature","properties":{"ef":0,"year":2008,"date":"2008-05-14","len_km":0.4,"inj":0,"fat":0},"geometry":{"type":"LineString","coordinates":[[-98.3611,32.0589],[-98.3577,32.0567]]}},{"type":"Feature","properties":{"ef":1,"year":2008,"date":"2008-05-14","len_km":5.2,"inj":0,"fat":0},"geometry":{"type":"LineString","coordinates":[[-95.307,32.972],[-95.252,32.967]]}},{"type":"Feature","properties":{"ef":0,"year":2008,"date":"2008-05-15","len_km":0.4,"inj":0,"fat":0},"geometry":{"type":"LineString","coordinates":[[-93.9324,30.4077],[-93.9295,30.4103]]}},{"type":"Feature","properties":{"ef":0,"year":2008,"date":"2008-05-25","len_km":2.8,"inj":0,"fat":0},"geometry":{"type":"LineString","coordinates":[[-102.3573,35.7335],[-102.33,35.7451]]}},{"type":"Feature","properties":{"ef":0,"year":2008,"date":"2008-05-25","len_km":12.3,"inj":0,"fat":0},"geometry":{"type":"LineString","coordinates":[[-102.2544,35.7414],[-102.12,35.76]]}},{"type":"Feature","properties":{"ef":0,"year":2008,"date":"2008-05-25","len_km":0.8,"inj":0,"fat":0},"geometry":{"type":"LineString","coordinates":[[-101.5656,35.9112],[-101.5573,35.914]]}},{"type":"Feature","properties":{"ef":0,"year":2008,"date":"2008-05-26","len_km":1.1,"inj":0,"fat":0},"geometry":{"type":"LineString","coordinates":[[-102.59,30.87],[-102.59,30.88]]}},{"type":"Feature","properties":{"ef":0,"year":2008,"date":"2008-05-26","len_km":0.1,"inj":0,"fat":0},"geometry":{"type":"LineString","coordinates":[[-100.2133,34.8634],[-100.2129,34.864]]}},{"type":"Feature","properties":{"ef":0,"year":2008,"date":"2008-05-26","len_km":0.1,"inj":0,"fat":0},"geometry":{"type":"LineString","coordinates":[[-100.0807,34.8903],[-100.0804,34.8908]]}},{"type":"Feature","properties":{"ef":0,"year":2008,"date":"2008-05-27","len_km":0.5,"inj":0,"fat":0},"geometry":{"type":"LineString","coordinates":[[-102.03,32.6807],[-102.035,32.6807]]}},{"type":"Feature","properties":{"ef":0,"year":2008,"date":"2008-05-27","len_km":1.7,"inj":0,"fat":0},"geometry":{"type":"LineString","coordinates":[[-102.1231,32.586],[-102.11,32.576]]}},{"type":"Feature","properties":{"ef":0,"year":2008,"date":"2008-05-27","len_km":0.6,"inj":0,"fat":0},"geometry":{"type":"LineString","coordinates":[[-102.16,32.59],[-102.157,32.5857]]}},{"type":"Feature","properties":{"ef":1,"year":2008,"date":"2008-05-02","len_km":2.1,"inj":8,"fat":0},"geometry":{"type":"LineString","coordinates":[[-95.871,32.5596],[-95.8481,32.5601]]}},{"type":"Feature","properties":{"ef":1,"year":2008,"date":"2008-05-02","len_km":10.3,"inj":0,"fat":0},"geometry":{"type":"LineString","coordinates":[[-94.764,32.183],[-94.656,32.196]]}},{"type":"Feature","properties":{"ef":1,"year":2008,"date":"2008-05-02","len_km":6.1,"inj":0,"fat":0},"geometry":{"type":"LineString","coordinates":[[-94.524,32.202],[-94.46,32.193]]}},{"type":"Feature","properties":{"ef":0,"year":2008,"date":"2008-05-05","len_km":3.7,"inj":0,"fat":0},"geometry":{"type":"LineString","coordinates":[[-102.6487,31.2811],[-102.6321,31.3109]]}},{"type":"Feature","properties":{"ef":0,"year":2008,"date":"2008-05-05","len_km":4.3,"inj":0,"fat":0},"geometry":{"type":"LineString","coordinates":[[-102.4687,31.4],[-102.4519,31.436]]}},{"type":"Feature","properties":{"ef":0,"year":2008,"date":"2008-05-06","len_km":2.4,"inj":0,"fat":0},"geometry":{"type":"LineString","coordinates":[[-102.4697,33.1302],[-102.4558,33.1485]]}},{"type":"Feature","properties":{"ef":0,"year":2008,"date":"2008-05-07","len_km":1.9,"inj":0,"fat":0},"geometry":{"type":"LineString","coordinates":[[-102.1921,33.6426],[-102.1711,33.6424]]}},{"type":"Feature","properties":{"ef":0,"year":2008,"date":"2008-05-07","len_km":1.6,"inj":0,"fat":0},"geometry":{"type":"LineString","coordinates":[[-96.66,31.14],[-96.6454,31.147]]}},{"type":"Feature","properties":{"ef":1,"year":2008,"date":"2008-05-07","len_km":4.2,"inj":0,"fat":0},"geometry":{"type":"LineString","coordinates":[[-96.5369,31.1846],[-96.4929,31.1858]]}},{"type":"Feature","properties":{"ef":0,"year":2008,"date":"2008-05-07","len_km":3.3,"inj":0,"fat":0},"geometry":{"type":"LineString","coordinates":[[-96.438,31.0829],[-96.403,31.08]]}},{"type":"Feature","properties":{"ef":0,"year":2008,"date":"2008-06-14","len_km":0.3,"inj":0,"fat":0},"geometry":{"type":"LineString","coordinates":[[-101.36,35.11],[-101.3576,35.1112]]}},{"type":"Feature","properties":{"ef":0,"year":2008,"date":"2008-06-15","len_km":2.1,"inj":0,"fat":0},"geometry":{"type":"LineString","coordinates":[[-100.65,36.47],[-100.6337,36.4569]]}},{"type":"Feature","properties":{"ef":0,"year":2008,"date":"2008-06-19","len_km":0.0,"inj":0,"fat":0},"geometry":{"type":"Point","coordinates":[-100.1997,34.2206]}},{"type":"Feature","properties":{"ef":0,"year":2008,"date":"2008-06-20","len_km":0.0,"inj":0,"fat":0},"geometry":{"type":"Point","coordinates":[-96.04,29.95]}},{"type":"Feature","properties":{"ef":0,"year":2008,"date":"2008-06-21","len_km":1.6,"inj":0,"fat":0},"geometry":{"type":"LineString","coordinates":[[-95.432,29.6241],[-95.42,29.6138]]}},{"type":"Feature","properties":{"ef":0,"year":2008,"date":"2008-06-21","len_km":0.2,"inj":0,"fat":0},"geometry":{"type":"Point","coordinates":[-96.71,29.03]}},{"type":"Feature","properties":{"ef":0,"year":2008,"date":"2008-06-28","len_km":1.0,"inj":0,"fat":0},"geometry":{"type":"LineString","coordinates":[[-102.1785,33.3735],[-102.1825,33.3655]]}},{"type":"Feature","properties":{"ef":0,"year":2008,"date":"2008-06-29","len_km":0.2,"inj":0,"fat":0},"geometry":{"type":"Point","coordinates":[-102.6311,33.18]}},{"type":"Feature","properties":{"ef":0,"year":2008,"date":"2008-06-08","len_km":0.3,"inj":0,"fat":0},"geometry":{"type":"Point","coordinates":[-100.9761,34.5171]}},{"type":"Feature","properties":{"ef":0,"year":2008,"date":"2008-07-23","len_km":2.6,"inj":0,"fat":0},"geometry":{"type":"LineString","coordinates":[[-97.2182,28.0203],[-97.2387,28.0165]]}},{"type":"Feature","properties":{"ef":0,"year":2008,"date":"2008-07-23","len_km":1.1,"inj":0,"fat":0},"geometry":{"type":"LineString","coordinates":[[-97.3127,27.9989],[-97.3228,27.9955]]}},{"type":"Feature","properties":{"ef":0,"year":2008,"date":"2008-07-23","len_km":0.6,"inj":0,"fat":0},"geometry":{"type":"LineString","coordinates":[[-98.1048,27.4849],[-98.1093,27.4815]]}},{"type":"Feature","properties":{"ef":0,"year":2008,"date":"2008-07-23","len_km":0.2,"inj":0,"fat":0},"geometry":{"type":"Point","coordinates":[-97.59,26.06]}},{"type":"Feature","properties":{"ef":0,"year":2008,"date":"2008-07-24","len_km":0.0,"inj":0,"fat":0},"geometry":{"type":"Point","coordinates":[-98.0393,29.0157]}},{"type":"Feature","properties":{"ef":0,"year":2008,"date":"2008-07-24","len_km":0.5,"inj":0,"fat":0},"geometry":{"type":"LineString","coordinates":[[-98.4825,29.391],[-98.4866,29.3932]]}},{"type":"Feature","properties":{"ef":0,"year":2008,"date":"2008-08-26","len_km":0.2,"inj":0,"fat":0},"geometry":{"type":"Point","coordinates":[-97.7829,26.3654]}},{"type":"Feature","properties":{"ef":0,"year":2008,"date":"2008-09-13","len_km":0.4,"inj":0,"fat":0},"geometry":{"type":"LineString","coordinates":[[-94.5205,31.4822],[-94.5245,31.4841]]}},{"type":"Feature","properties":{"ef":0,"year":2008,"date":"2008-09-09","len_km":1.5,"inj":0,"fat":0},"geometry":{"type":"LineString","coordinates":[[-98.435,30.755],[-98.425,30.745]]}},{"type":"Feature","properties":{"ef":0,"year":2009,"date":"2009-10-29","len_km":2.5,"inj":0,"fat":0},"geometry":{"type":"LineString","coordinates":[[-94.2514,32.3778],[-94.2318,32.3935]]}},{"type":"Feature","properties":{"ef":0,"year":2009,"date":"2009-10-29","len_km":6.4,"inj":0,"fat":0},"geometry":{"type":"LineString","coordinates":[[-94.4226,32.0462],[-94.378,32.0894]]}},{"type":"Feature","properties":{"ef":0,"year":2009,"date":"2009-10-29","len_km":6.4,"inj":0,"fat":0},"geometry":{"type":"LineString","coordinates":[[-94.2015,33.3862],[-94.1764,33.4399]]}},{"type":"Feature","properties":{"ef":0,"year":2009,"date":"2009-10-03","len_km":0.2,"inj":0,"fat":0},"geometry":{"type":"LineString","coordinates":[[-96.6232,29.0587],[-96.6216,29.0585]]}},{"type":"Feature","properties":{"ef":1,"year":2009,"date":"2009-11-29","len_km":5.3,"inj":0,"fat":0},"geometry":{"type":"LineString","coordinates":[[-94.4295,33.4744],[-94.4245,33.4776]]}},{"type":"Feature","properties":{"ef":0,"year":2009,"date":"2009-12-23","len_km":3.7,"inj":0,"fat":0},"geometry":{"type":"LineString","coordinates":[[-95.18,32.0069],[-95.1412,32.0097]]}},{"type":"Feature","properties":{"ef":0,"year":2009,"date":"2009-12-23","len_km":4.5,"inj":0,"fat":0},"geometry":{"type":"LineString","coordinates":[[-95.026,32.1051],[-94.9875,32.129]]}},{"type":"Feature","properties":{"ef":2,"year":2009,"date":"2009-12-23","len_km":11.3,"inj":0,"fat":0},"geometry":{"type":"LineString","coordinates":[[-94.69,32.4919],[-94.6303,32.5803]]}},{"type":"Feature","properties":{"ef":1,"year":2009,"date":"2009-12-23","len_km":0.2,"inj":0,"fat":0},"geometry":{"type":"LineString","coordinates":[[-94.5039,32.8887],[-94.5039,32.887]]}},{"type":"Feature","properties":{"ef":0,"year":2009,"date":"2009-12-23","len_km":0.2,"inj":0,"fat":0},"geometry":{"type":"LineString","coordinates":[[-94.9474,31.978],[-94.9456,31.9784]]}},{"type":"Feature","properties":{"ef":3,"year":2009,"date":"2009-12-23","len_km":6.5,"inj":2,"fat":0},"geometry":{"type":"LineString","coordinates":[[-94.7152,31.3139],[-94.6932,31.3695]]}},{"type":"Feature","properties":{"ef":1,"year":2009,"date":"2009-12-23","len_km":0.8,"inj":0,"fat":0},"geometry":{"type":"LineString","coordinates":[[-94.4908,31.7794],[-94.4916,31.7864]]}},{"type":"Feature","properties":{"ef":2,"year":2009,"date":"2009-12-23","len_km":16.3,"inj":0,"fat":0},"geometry":{"type":"LineString","coordinates":[[-94.38,31.93],[-94.3,32.06]]}},{"type":"Feature","properties":{"ef":0,"year":2009,"date":"2009-12-24","len_km":2.1,"inj":0,"fat":0},"geometry":{"type":"LineString","coordinates":[[-93.9564,31.261],[-93.956,31.2425]]}},{"type":"Feature","properties":{"ef":0,"year":2009,"date":"2009-12-24","len_km":0.5,"inj":0,"fat":0},"geometry":{"type":"LineString","coordinates":[[-93.729,31.2082],[-93.726,31.2049]]}},{"type":"Feature","properties":{"ef":0,"year":2009,"date":"2009-02-10","len_km":0.6,"inj":0,"fat":0},"geometry":{"type":"LineString","coordinates":[[-97.8338,33.7888],[-97.8287,33.7926]]}},{"type":"Feature","properties":{"ef":1,"year":2009,"date":"2009-02-10","len_km":0.8,"inj":0,"fat":0},"geometry":{"type":"LineString","coordinates":[[-97.1416,32.9106],[-97.1349,32.9144]]}},{"type":"Feature","properties":{"ef":1,"year":2009,"date":"2009-02-10","len_km":11.4,"inj":0,"fat":0},"geometry":{"type":"LineString","coordinates":[[-95.497,32.578],[-95.43,32.664]]}},{"type":"Feature","properties":{"ef":0,"year":2009,"date":"2009-03-26","len_km":0.3,"inj":0,"fat":0},"geometry":{"type":"Point","coordinates":[-97.5826,33.75]}},{"type":"Feature","properties":{"ef":0,"year":2009,"date":"2009-03-26","len_km":0.5,"inj":0,"fat":0},"geometry":{"type":"LineString","coordinates":[[-97.43,33.6601],[-97.4241,33.6594]]}},{"type":"Feature","properties":{"ef":0,"year":2009,"date":"2009-03-27","len_km":0.2,"inj":0,"fat":0},"geometry":{"type":"Point","coordinates":[-95.0863,30.342]}},{"type":"Feature","properties":{"ef":0,"year":2009,"date":"2009-03-27","len_km":0.0,"inj":0,"fat":0},"geometry":{"type":"Point","coordinates":[-94.6714,30.439]}},{"type":"Feature","properties":{"ef":0,"year":2009,"date":"2009-04-11","len_km":1.2,"inj":0,"fat":0},"geometry":{"type":"LineString","coordinates":[[-101.7613,31.9009],[-101.7488,31.901]]}},{"type":"Feature","properties":{"ef":0,"year":2009,"date":"2009-04-12","len_km":0.2,"inj":0,"fat":0},"geometry":{"type":"Point","coordinates":[-97.7267,33.7288]}},{"type":"Feature","properties":{"ef":0,"year":2009,"date":"2009-04-16","len_km":1.6,"inj":0,"fat":0},"geometry":{"type":"LineString","coordinates":[[-101.75,34.4062],[-101.7454,34.4267]]}},{"type":"Feature","properties":{"ef":0,"year":2009,"date":"2009-04-16","len_km":2.8,"inj":0,"fat":0},"geometry":{"type":"LineString","coordinates":[[-101.6121,33.6482],[-101.6055,33.6654]]}},{"type":"Feature","properties":{"ef":0,"year":2009,"date":"2009-04-16","len_km":3.5,"inj":0,"fat":0},"geometry":{"type":"LineString","coordinates":[[-101.61,33.66],[-101.62,33.69]]}},{"type":"Feature","properties":{"ef":0,"year":2009,"date":"2009-04-16","len_km":0.8,"inj":0,"fat":0},"geometry":{"type":"LineString","coordinates":[[-101.4046,33.6595],[-101.3985,33.6647]]}},{"type":"Feature","properties":{"ef":0,"year":2009,"date":"2009-04-16","len_km":1.2,"inj":0,"fat":0},"geometry":{"type":"LineString","coordinates":[[-101.2319,33.0189],[-101.2263,33.0274]]}},{"type":"Feature","properties":{"ef":0,"year":2009,"date":"2009-04-16","len_km":0.8,"inj":0,"fat":0},"geometry":{"type":"LineString","coordinates":[[-101.0267,33.17],[-101.0224,33.1749]]}},{"type":"Feature","properties":{"ef":1,"year":2009,"date":"2009-04-16","len_km":12.2,"inj":0,"fat":0},"geometry":{"type":"LineString","coordinates":[[-102.07,33.73],[-102.05,33.84]]}},{"type":"Feature","properties":{"ef":1,"year":2009,"date":"2009-04-16","len_km":12.2,"inj":0,"fat":0},"geometry":{"type":"LineString","coordinates":[[-102.0245,32.254],[-101.9058,32.2985]]}},{"type":"Feature","properties":{"ef":1,"year":2009,"date":"2009-04-16","len_km":3.2,"inj":0,"fat":0},"geometry":{"type":"LineString","coordinates":[[-101.96,33.88],[-101.96,33.91]]}},{"type":"Feature","properties":{"ef":0,"year":2009,"date":"2009-04-16","len_km":0.4,"inj":0,"fat":0},"geometry":{"type":"Point","coordinates":[-100.91,33.25]}},{"type":"Feature","properties":{"ef":2,"year":2009,"date":"2009-04-16","len_km":18.2,"inj":0,"fat":0},"geometry":{"type":"LineString","coordinates":[[-101.5794,32.3041],[-101.4542,32.4291]]}},{"type":"Feature","properties":{"ef":1,"year":2009,"date":"2009-04-16","len_km":11.9,"inj":0,"fat":0},"geometry":{"type":"LineString","coordinates":[[-101.7785,32.3235],[-101.6797,32.3911]]}},{"type":"Feature","properties":{"ef":0,"year":2009,"date":"2009-04-16","len_km":2.4,"inj":0,"fat":0},"geometry":{"type":"LineString","coordinates":[[-100.74,33.35],[-100.74,33.37]]}},{"type":"Feature","properties":{"ef":1,"year":2009,"date":"2009-04-16","len_km":2.4,"inj":0,"fat":0},"geometry":{"type":"LineString","coordinates":[[-101.66,33.59],[-101.65,33.61]]}},{"type":"Feature","properties":{"ef":0,"year":2009,"date":"2009-04-16","len_km":0.4,"inj":0,"fat":0},"geometry":{"type":"Point","coordinates":[-100.56,33.41]}},{"type":"Feature","properties":{"ef":0,"year":2009,"date":"2009-04-16","len_km":0.4,"inj":0,"fat":0},"geometry":{"type":"Point","coordinates":[-100.51,33.49]}},{"type":"Feature","properties":{"ef":0,"year":2009,"date":"2009-04-18","len_km":0.2,"inj":0,"fat":0},"geometry":{"type":"Point","coordinates":[-96.37,31.13]}},{"type":"Feature","properties":{"ef":0,"year":2009,"date":"2009-04-18","len_km":1.8,"inj":0,"fat":0},"geometry":{"type":"LineString","coordinates":[[-94.983,29.2887],[-94.9657,29.2934]]}},{"type":"Feature","properties":{"ef":1,"year":2009,"date":"2009-04-27","len_km":3.4,"inj":0,"fat":0},"geometry":{"type":"LineString","coordinates":[[-97.588,30.6265],[-97.5578,30.6394]]}},{"type":"Feature","properties":{"ef":1,"year":2009,"date":"2009-04-27","len_km":0.9,"inj":1,"fat":0},"geometry":{"type":"LineString","coordinates":[[-96.4871,32.0843],[-96.4776,32.0845]]}},{"type":"Feature","properties":{"ef":0,"year":2009,"date":"2009-04-27","len_km":1.3,"inj":0,"fat":0},"geometry":{"type":"LineString","coordinates":[[-96.013,32.6793],[-96.003,32.6874]]}},{"type":"Feature","properties":{"ef":0,"year":2009,"date":"2009-04-27","len_km":0.1,"inj":0,"fat":0},"geometry":{"type":"LineString","coordinates":[[-97.5306,29.0178],[-97.5303,29.0172]]}},{"type":"Feature","properties":{"ef":0,"year":2009,"date":"2009-04-27","len_km":0.0,"inj":0,"fat":0},"geometry":{"type":"Point","coordinates":[-93.7857,30.7082]}},{"type":"Feature","properties":{"ef":0,"year":2009,"date":"2009-04-27","len_km":0.0,"inj":0,"fat":0},"geometry":{"type":"Point","coordinates":[-93.88,30.88]}},{"type":"Feature","properties":{"ef":0,"year":2009,"date":"2009-04-28","len_km":0.2,"inj":0,"fat":0},"geometry":{"type":"Point","coordinates":[-96.325,30.9299]}},{"type":"Feature","properties":{"ef":0,"year":2009,"date":"2009-04-28","len_km":5.2,"inj":0,"fat":0},"geometry":{"type":"LineString","coordinates":[[-96.3305,30.9261],[-96.2914,30.9211]]}},{"type":"Feature","properties":{"ef":0,"year":2009,"date":"2009-04-28","len_km":3.1,"inj":0,"fat":0},"geometry":{"type":"LineString","coordinates":[[-96.0995,30.932],[-96.072,30.9464]]}},{"type":"Feature","properties":{"ef":0,"year":2009,"date":"2009-04-28","len_km":3.8,"inj":0,"fat":0},"geometry":{"type":"LineString","coordinates":[[-96.0638,30.8787],[-96.0246,30.8848]]}},{"type":"Feature","properties":{"ef":0,"year":2009,"date":"2009-04-29","len_km":4.4,"inj":0,"fat":0},"geometry":{"type":"LineString","coordinates":[[-100.7048,34.518],[-100.6677,34.5451]]}},{"type":"Feature","properties":{"ef":0,"year":2009,"date":"2009-04-29","len_km":1.2,"inj":0,"fat":0},"geometry":{"type":"LineString","coordinates":[[-100.597,34.5355],[-100.5867,34.5428]]}},{"type":"Feature","properties":{"ef":2,"year":2009,"date":"2009-04-29","len_km":0.5,"inj":0,"fat":0},"geometry":{"type":"LineString","coordinates":[[-102.0525,30.4432],[-102.0492,30.4396]]}},{"type":"Feature","properties":{"ef":0,"year":2009,"date":"2009-04-29","len_km":0.4,"inj":0,"fat":0},"geometry":{"type":"Point","coordinates":[-101.145,34.22]}},{"type":"Feature","properties":{"ef":0,"year":2009,"date":"2009-04-29","len_km":0.8,"inj":0,"fat":0},"geometry":{"type":"LineString","coordinates":[[-101.331,34.2351],[-101.3238,34.2311]]}},{"type":"Feature","properties":{"ef":1,"year":2009,"date":"2009-04-29","len_km":6.4,"inj":0,"fat":0},"geometry":{"type":"LineString","coordinates":[[-101.2816,34.1681],[-101.1937,34.1062]]}},{"type":"Feature","properties":{"ef":0,"year":2009,"date":"2009-04-29","len_km":1.2,"inj":0,"fat":0},"geometry":{"type":"LineString","coordinates":[[-101.1367,34.146],[-101.1257,34.1448]]}},{"type":"Feature","properties":{"ef":1,"year":2009,"date":"2009-04-29","len_km":1.4,"inj":0,"fat":0},"geometry":{"type":"LineString","coordinates":[[-101.3832,35.4518],[-101.367,35.4485]]}},{"type":"Feature","properties":{"ef":0,"year":2009,"date":"2009-04-29","len_km":0.2,"inj":0,"fat":0},"geometry":{"type":"Point","coordinates":[-101.3936,35.3767]}},{"type":"Feature","properties":{"ef":0,"year":2009,"date":"2009-04-29","len_km":2.8,"inj":0,"fat":0},"geometry":{"type":"LineString","coordinates":[[-101.12,34.08],[-101.1,34.06]]}},{"type":"Feature","properties":{"ef":0,"year":2009,"date":"2009-04-29","len_km":0.4,"inj":0,"fat":0},"geometry":{"type":"Point","coordinates":[-100.38,33.7945]}},{"type":"Feature","properties":{"ef":0,"year":2009,"date":"2009-04-29","len_km":2.8,"inj":0,"fat":0},"geometry":{"type":"LineString","coordinates":[[-100.56,33.63],[-100.53,33.63]]}},{"type":"Feature","properties":{"ef":1,"year":2009,"date":"2009-04-09","len_km":9.3,"inj":0,"fat":0},"geometry":{"type":"LineString","coordinates":[[-94.686,33.0621],[-94.5866,33.0691]]}},{"type":"Feature","properties":{"ef":2,"year":2009,"date":"2009-04-09","len_km":27.0,"inj":0,"fat":0},"geometry":{"type":"LineString","coordinates":[[-94.4864,33.0541],[-94.1971,33.0624]]}},{"type":"Feature","properties":{"ef":0,"year":2009,"date":"2009-04-09","len_km":6.0,"inj":0,"fat":0},"geometry":{"type":"LineString","coordinates":[[-94.1163,33.048],[-94.0531,33.0359]]}},{"type":"Feature","properties":{"ef":1,"year":2009,"date":"2009-04-09","len_km":4.3,"inj":0,"fat":0},"geometry":{"type":"LineString","coordinates":[[-94.6237,32.6176],[-94.5786,32.6122]]}},{"type":"Feature","properties":{"ef":0,"year":2009,"date":"2009-05-14","len_km":0.8,"inj":0,"fat":0},"geometry":{"type":"LineString","coordinates":[[-94.914,33.766],[-94.906,33.763]]}},{"type":"Feature","properties":{"ef":0,"year":2009,"date":"2009-05-14","len_km":1.9,"inj":0,"fat":0},"geometry":{"type":"LineString","coordinates":[[-94.5196,33.5989],[-94.5077,33.5846]]}},{"type":"Feature","properties":{"ef":0,"year":2009,"date":"2009-05-15","len_km":0.4,"inj":0,"fat":0},"geometry":{"type":"LineString","coordinates":[[-100.8617,35.7],[-100.8581,35.7]]}},{"type":"Feature","properties":{"ef":0,"year":2009,"date":"2009-05-15","len_km":0.8,"inj":0,"fat":0},"geometry":{"type":"LineString","coordinates":[[-100.8604,35.6225],[-100.8522,35.6252]]}},{"type":"Feature","properties":{"ef":0,"year":2009,"date":"2009-05-15","len_km":1.6,"inj":0,"fat":0},"geometry":{"type":"LineString","coordinates":[[-100.9071,35.5812],[-100.9197,35.5709]]}},{"type":"Feature","properties":{"ef":2,"year":2009,"date":"2009-05-15","len_km":4.8,"inj":1,"fat":0},"geometry":{"type":"LineString","coordinates":[[-100.9043,35.5522],[-100.8879,35.5023]]}},{"type":"Feature","properties":{"ef":1,"year":2009,"date":"2009-05-15","len_km":9.7,"inj":0,"fat":0},"geometry":{"type":"LineString","coordinates":[[-100.8451,35.4505],[-100.7698,35.3891]]}},{"type":"Feature","properties":{"ef":0,"year":2009,"date":"2009-05-24","len_km":0.3,"inj":0,"fat":0},"geometry":{"type":"LineString","coordinates":[[-101.5758,33.8783],[-101.5744,33.8761]]}},{"type":"Feature","properties":{"ef":1,"year":2009,"date":"2009-05-24","len_km":0.4,"inj":0,"fat":0},"geometry":{"type":"LineString","coordinates":[[-98.0683,27.6749],[-98.0645,27.6749]]}},{"type":"Feature","properties":{"ef":0,"year":2009,"date":"2009-05-24","len_km":0.4,"inj":0,"fat":0},"geometry":{"type":"LineString","coordinates":[[-101.08,34.053],[-101.0763,34.0532]]}},{"type":"Feature","properties":{"ef":0,"year":2009,"date":"2009-05-01","len_km":0.2,"inj":0,"fat":0},"geometry":{"type":"Point","coordinates":[-99.84,33.38]}},{"type":"Feature","properties":{"ef":0,"year":2009,"date":"2009-05-01","len_km":0.1,"inj":0,"fat":0},"geometry":{"type":"Point","coordinates":[-99.9,33.2596]}},{"type":"Feature","properties":{"ef":0,"year":2009,"date":"2009-05-01","len_km":0.1,"inj":0,"fat":0},"geometry":{"type":"Point","coordinates":[-99.84,33.02]}},{"type":"Feature","properties":{"ef":0,"year":2009,"date":"2009-05-02","len_km":4.6,"inj":0,"fat":0},"geometry":{"type":"LineString","coordinates":[[-96.07,33.13],[-96.0245,33.1457]]}},{"type":"Feature","properties":{"ef":0,"year":2009,"date":"2009-05-02","len_km":1.5,"inj":0,"fat":0},"geometry":{"type":"LineString","coordinates":[[-94.631,33.4418],[-94.6293,33.4556]]}},{"type":"Feature","properties":{"ef":1,"year":2009,"date":"2009-05-02","len_km":3.5,"inj":0,"fat":0},"geometry":{"type":"LineString","coordinates":[[-94.363,33.236],[-94.327,33.227]]}},{"type":"Feature","properties":{"ef":0,"year":2009,"date":"2009-05-02","len_km":3.1,"inj":0,"fat":0},"geometry":{"type":"LineString","coordinates":[[-95.0785,32.9353],[-95.0671,32.961]]}},{"type":"Feature","properties":{"ef":1,"year":2009,"date":"2009-05-03","len_km":3.3,"inj":0,"fat":0},"geometry":{"type":"LineString","coordinates":[[-95.18,31.2],[-95.1454,31.1949]]}},{"type":"Feature","properties":{"ef":0,"year":2009,"date":"2009-06-10","len_km":3.8,"inj":0,"fat":0},"geometry":{"type":"LineString","coordinates":[[-97.23,33.0],[-97.1897,32.9995]]}},{"type":"Feature","properties":{"ef":0,"year":2009,"date":"2009-06-10","len_km":0.2,"inj":0,"fat":0},"geometry":{"type":"Point","coordinates":[-97.1288,33.0472]}},{"type":"Feature","properties":{"ef":1,"year":2009,"date":"2009-06-10","len_km":0.3,"inj":0,"fat":0},"geometry":{"type":"LineString","coordinates":[[-97.0308,33.044],[-97.0272,33.0433]]}},{"type":"Feature","properties":{"ef":0,"year":2009,"date":"2009-06-10","len_km":1.0,"inj":0,"fat":0},"geometry":{"type":"LineString","coordinates":[[-96.9035,33.0554],[-96.8931,33.0569]]}},{"type":"Feature","properties":{"ef":0,"year":2009,"date":"2009-06-10","len_km":4.0,"inj":0,"fat":0},"geometry":{"type":"LineString","coordinates":[[-95.2772,33.6347],[-95.2449,33.6586]]}},{"type":"Feature","properties":{"ef":0,"year":2009,"date":"2009-06-10","len_km":4.1,"inj":0,"fat":0},"geometry":{"type":"LineString","coordinates":[[-95.0939,33.3597],[-95.0526,33.3462]]}},{"type":"Feature","properties":{"ef":0,"year":2009,"date":"2009-06-10","len_km":0.8,"inj":0,"fat":0},"geometry":{"type":"LineString","coordinates":[[-94.4638,32.9609],[-94.4552,32.9606]]}},{"type":"Feature","properties":{"ef":1,"year":2009,"date":"2009-06-12","len_km":2.7,"inj":0,"fat":0},"geometry":{"type":"LineString","coordinates":[[-98.2205,33.1629],[-98.1936,33.1542]]}},{"type":"Feature","properties":{"ef":1,"year":2009,"date":"2009-06-12","len_km":5.3,"inj":0,"fat":0},"geometry":{"type":"LineString","coordinates":[[-98.1457,33.0621],[-98.0983,33.0352]]}},{"type":"Feature","properties":{"ef":1,"year":2009,"date":"2009-06-12","len_km":1.0,"inj":0,"fat":0},"geometry":{"type":"LineString","coordinates":[[-98.8994,31.2833],[-98.89,31.2791]]}},{"type":"Feature","properties":{"ef":0,"year":2009,"date":"2009-06-12","len_km":2.5,"inj":0,"fat":0},"geometry":{"type":"LineString","coordinates":[[-98.0085,32.8223],[-97.9956,32.8023]]}},{"type":"Feature","properties":{"ef":1,"year":2009,"date":"2009-06-12","len_km":5.1,"inj":0,"fat":0},"geometry":{"type":"LineString","coordinates":[[-97.9043,32.6807],[-97.8862,32.6374]]}},{"type":"Feature","properties":{"ef":0,"year":2009,"date":"2009-06-12","len_km":1.1,"inj":0,"fat":0},"geometry":{"type":"LineString","coordinates":[[-98.9863,30.912],[-98.9858,30.9019]]}},{"type":"Feature","properties":{"ef":0,"year":2009,"date":"2009-06-12","len_km":0.9,"inj":0,"fat":0},"geometry":{"type":"LineString","coordinates":[[-99.0733,30.7823],[-99.0705,30.7748]]}},{"type":"Feature","properties":{"ef":1,"year":2009,"date":"2009-06-12","len_km":1.5,"inj":0,"fat":0},"geometry":{"type":"LineString","coordinates":[[-99.1253,30.6731],[-99.1133,30.6645]]}},{"type":"Feature","properties":{"ef":1,"year":2009,"date":"2009-06-13","len_km":6.4,"inj":0,"fat":0},"geometry":{"type":"LineString","coordinates":[[-100.23,33.1862],[-100.1874,33.1384]]}},{"type":"Feature","properties":{"ef":2,"year":2009,"date":"2009-06-13","len_km":5.7,"inj":0,"fat":0},"geometry":{"type":"LineString","coordinates":[[-99.95,33.2],[-99.9,33.17]]}},{"type":"Feature","properties":{"ef":0,"year":2009,"date":"2009-06-13","len_km":0.0,"inj":0,"fat":0},"geometry":{"type":"Point","coordinates":[-101.3496,34.4291]}},{"type":"Feature","properties":{"ef":0,"year":2009,"date":"2009-06-13","len_km":1.2,"inj":0,"fat":0},"geometry":{"type":"LineString","coordinates":[[-101.2318,34.4137],[-101.2184,34.4137]]}},{"type":"Feature","properties":{"ef":1,"year":2009,"date":"2009-06-13","len_km":0.6,"inj":0,"fat":0},"geometry":{"type":"LineString","coordinates":[[-99.9042,33.0379],[-99.8992,33.0349]]}},{"type":"Feature","properties":{"ef":0,"year":2009,"date":"2009-06-13","len_km":0.0,"inj":0,"fat":0},"geometry":{"type":"LineString","coordinates":[[-99.75,32.94],[-99.75,32.9401]]}},{"type":"Feature","properties":{"ef":0,"year":2009,"date":"2009-06-15","len_km":0.4,"inj":0,"fat":0},"geometry":{"type":"Point","coordinates":[-100.66,36.18]}},{"type":"Feature","properties":{"ef":0,"year":2009,"date":"2009-06-02","len_km":0.0,"inj":0,"fat":0},"geometry":{"type":"Point","coordinates":[-102.252,33.33]}},{"type":"Feature","properties":{"ef":0,"year":2009,"date":"2009-06-02","len_km":0.2,"inj":0,"fat":0},"geometry":{"type":"Point","coordinates":[-100.3844,32.65]}},{"type":"Feature","properties":{"ef":0,"year":2009,"date":"2009-06-03","len_km":0.1,"inj":0,"fat":0},"geometry":{"type":"LineString","coordinates":[[-95.0169,29.573],[-95.0166,29.5721]]}},{"type":"Feature","properties":{"ef":0,"year":2009,"date":"2009-06-03","len_km":2.3,"inj":0,"fat":0},"geometry":{"type":"LineString","coordinates":[[-98.63,26.53],[-98.6085,26.5376]]}},{"type":"Feature","properties":{"ef":0,"year":2009,"date":"2009-06-03","len_km":1.1,"inj":0,"fat":0},"geometry":{"type":"LineString","coordinates":[[-97.8002,27.9626],[-97.808,27.9573]]}},{"type":"Feature","properties":{"ef":0,"year":2009,"date":"2009-06-04","len_km":0.8,"inj":0,"fat":0},"geometry":{"type":"LineString","coordinates":[[-102.52,35.9832],[-102.5124,35.9875]]}},{"type":"Feature","properties":{"ef":0,"year":2009,"date":"2009-06-04","len_km":1.6,"inj":0,"fat":0},"geometry":{"type":"LineString","coordinates":[[-102.4477,35.25],[-102.4321,35.2555]]}},{"type":"Feature","properties":{"ef":0,"year":2009,"date":"2009-06-04","len_km":0.2,"inj":0,"fat":0},"geometry":{"type":"Point","coordinates":[-101.9952,35.0567]}},{"type":"Feature","properties":{"ef":0,"year":2009,"date":"2009-06-04","len_km":1.2,"inj":0,"fat":0},"geometry":{"type":"LineString","coordinates":[[-102.0437,34.98],[-102.0314,34.9852]]}},{"type":"Feature","properties":{"ef":0,"year":2009,"date":"2009-06-05","len_km":2.1,"inj":0,"fat":0},"geometry":{"type":"LineString","coordinates":[[-101.13,35.35],[-101.1072,35.3489]]}},{"type":"Feature","properties":{"ef":0,"year":2009,"date":"2009-07-21","len_km":0.6,"inj":0,"fat":0},"geometry":{"type":"LineString","coordinates":[[-101.9816,33.3561],[-101.9863,33.3594]]}},{"type":"Feature","properties":{"ef":1,"year":2009,"date":"2009-07-28","len_km":0.6,"inj":0,"fat":0},"geometry":{"type":"LineString","coordinates":[[-94.1923,32.4218],[-94.1857,32.4223]]}},{"type":"Feature","properties":{"ef":1,"year":2009,"date":"2009-08-18","len_km":1.5,"inj":10,"fat":0},"geometry":{"type":"LineString","coordinates":[[-94.1726,30.1199],[-94.1582,30.1255]]}},{"type":"Feature","properties":{"ef":0,"year":2009,"date":"2009-08-26","len_km":0.2,"inj":0,"fat":0},"geometry":{"type":"LineString","coordinates":[[-101.8934,33.5958],[-101.8953,33.5955]]}},{"type":"Feature","properties":{"ef":0,"year":2009,"date":"2009-08-30","len_km":5.6,"inj":0,"fat":0},"geometry":{"type":"LineString","coordinates":[[-97.1492,27.9832],[-97.1507,27.9328]]}},{"type":"Feature","properties":{"ef":1,"year":2009,"date":"2009-08-30","len_km":0.5,"inj":3,"fat":0},"geometry":{"type":"LineString","coordinates":[[-94.7944,29.2855],[-94.7975,29.287]]}},{"type":"Feature","properties":{"ef":0,"year":2009,"date":"2009-09-22","len_km":0.0,"inj":0,"fat":0},"geometry":{"type":"Point","coordinates":[-97.62,26.46]}},{"type":"Feature","properties":{"ef":0,"year":2010,"date":"2010-10-21","len_km":1.3,"inj":0,"fat":0},"geometry":{"type":"LineString","coordinates":[[-101.9675,31.2061],[-101.9544,31.2077]]}},{"type":"Feature","properties":{"ef":0,"year":2010,"date":"2010-10-23","len_km":0.0,"inj":0,"fat":0},"geometry":{"type":"Point","coordinates":[-97.2013,32.8035]}},{"type":"Feature","properties":{"ef":0,"year":2010,"date":"2010-10-24","len_km":4.8,"inj":0,"fat":0},"geometry":{"type":"LineString","coordinates":[[-94.691,33.086],[-94.641,33.092]]}},{"type":"Feature","properties":{"ef":2,"year":2010,"date":"2010-10-24","len_km":10.5,"inj":4,"fat":0},"geometry":{"type":"LineString","coordinates":[[-96.5548,32.1949],[-96.4621,32.2472]]}},{"type":"Feature","properties":{"ef":0,"year":2010,"date":"2010-10-24","len_km":0.4,"inj":0,"fat":0},"geometry":{"type":"LineString","coordinates":[[-95.9823,32.936],[-95.9791,32.9378]]}},{"type":"Feature","properties":{"ef":0,"year":2010,"date":"2010-10-24","len_km":0.3,"inj":0,"fat":0},"geometry":{"type":"LineString","coordinates":[[-95.2278,33.222],[-95.2234,33.2232]]}},{"type":"Feature","properties":{"ef":0,"year":2010,"date":"2010-10-24","len_km":1.4,"inj":0,"fat":0},"geometry":{"type":"LineString","coordinates":[[-94.8151,33.1873],[-94.8077,33.1949]]}},{"type":"Feature","properties":{"ef":0,"year":2010,"date":"2010-10-24","len_km":2.7,"inj":0,"fat":0},"geometry":{"type":"LineString","coordinates":[[-95.5606,32.7402],[-95.5375,32.7255]]}},{"type":"Feature","properties":{"ef":1,"year":2010,"date":"2010-01-20","len_km":1.3,"inj":0,"fat":0},"geometry":{"type":"LineString","coordinates":[[-93.9232,31.5095],[-93.9111,31.5146]]}},{"type":"Feature","properties":{"ef":2,"year":2010,"date":"2010-01-20","len_km":24.4,"inj":0,"fat":0},"geometry":{"type":"LineString","coordinates":[[-95.8725,32.571],[-95.6284,32.6481]]}},{"type":"Feature","properties":{"ef":2,"year":2010,"date":"2010-01-20","len_km":1.4,"inj":0,"fat":0},"geometry":{"type":"LineString","coordinates":[[-95.6903,32.0649],[-95.6781,32.0728]]}},{"type":"Feature","properties":{"ef":0,"year":2010,"date":"2010-01-20","len_km":8.7,"inj":0,"fat":0},"geometry":{"type":"LineString","coordinates":[[-95.7142,33.0531],[-95.6568,33.0744]]}},{"type":"Feature","properties":{"ef":1,"year":2010,"date":"2010-01-20","len_km":4.8,"inj":0,"fat":0},"geometry":{"type":"LineString","coordinates":[[-95.6296,32.0872],[-95.5855,32.1058]]}},{"type":"Feature","properties":{"ef":0,"year":2010,"date":"2010-01-20","len_km":2.2,"inj":0,"fat":0},"geometry":{"type":"LineString","coordinates":[[-95.56,33.1321],[-95.5496,33.1496]]}},{"type":"Feature","properties":{"ef":0,"year":2010,"date":"2010-01-20","len_km":2.4,"inj":0,"fat":0},"geometry":{"type":"LineString","coordinates":[[-95.3492,32.1923],[-95.3249,32.1983]]}},{"type":"Feature","properties":{"ef":1,"year":2010,"date":"2010-01-20","len_km":0.8,"inj":0,"fat":0},"geometry":{"type":"LineString","coordinates":[[-95.268,32.24],[-95.2624,32.2448]]}},{"type":"Feature","properties":{"ef":1,"year":2010,"date":"2010-01-20","len_km":0.5,"inj":0,"fat":0},"geometry":{"type":"LineString","coordinates":[[-94.5777,32.6735],[-94.5729,32.6753]]}},{"type":"Feature","properties":{"ef":0,"year":2010,"date":"2010-04-17","len_km":0.8,"inj":0,"fat":0},"geometry":{"type":"LineString","coordinates":[[-97.9681,27.5211],[-97.9684,27.5137]]}},{"type":"Feature","properties":{"ef":0,"year":2010,"date":"2010-04-20","len_km":1.7,"inj":0,"fat":0},"geometry":{"type":"LineString","coordinates":[[-102.1231,35.18],[-102.1083,35.1893]]}},{"type":"Feature","properties":{"ef":0,"year":2010,"date":"2010-04-20","len_km":1.4,"inj":0,"fat":0},"geometry":{"type":"LineString","coordinates":[[-102.0625,34.9807],[-102.0513,34.9899]]}},{"type":"Feature","properties":{"ef":0,"year":2010,"date":"2010-04-22","len_km":2.9,"inj":0,"fat":0},"geometry":{"type":"LineString","coordinates":[[-101.1375,35.0812],[-101.1062,35.0879]]}},{"type":"Feature","properties":{"ef":0,"year":2010,"date":"2010-04-22","len_km":8.4,"inj":0,"fat":0},"geometry":{"type":"LineString","coordinates":[[-100.98,35.16],[-100.8873,35.1589]]}},{"type":"Feature","properties":{"ef":1,"year":2010,"date":"2010-04-22","len_km":16.6,"inj":0,"fat":0},"geometry":{"type":"LineString","coordinates":[[-101.2,34.9866],[-101.1,35.1119]]}},{"type":"Feature","properties":{"ef":0,"year":2010,"date":"2010-04-22","len_km":0.8,"inj":0,"fat":0},"geometry":{"type":"LineString","coordinates":[[-100.85,35.22],[-100.8418,35.2225]]}},{"type":"Feature","properties":{"ef":0,"year":2010,"date":"2010-04-22","len_km":0.9,"inj":0,"fat":0},"geometry":{"type":"LineString","coordinates":[[-100.98,35.16],[-100.9699,35.1618]]}},{"type":"Feature","properties":{"ef":0,"year":2010,"date":"2010-04-22","len_km":6.5,"inj":0,"fat":0},"geometry":{"type":"LineString","coordinates":[[-100.8,35.26],[-100.6485,35.2958]]}},{"type":"Feature","properties":{"ef":0,"year":2010,"date":"2010-04-22","len_km":7.2,"inj":0,"fat":0},"geometry":{"type":"LineString","coordinates":[[-100.6394,35.4909],[-100.56,35.49]]}},{"type":"Feature","properties":{"ef":2,"year":2010,"date":"2010-04-22","len_km":14.5,"inj":0,"fat":0},"geometry":{"type":"LineString","coordinates":[[-100.6636,34.153],[-100.5002,34.1905]]}},{"type":"Feature","properties":{"ef":3,"year":2010,"date":"2010-04-22","len_km":19.7,"inj":0,"fat":0},"geometry":{"type":"LineString","coordinates":[[-100.5119,34.1688],[-100.3287,34.2615]]}},{"type":"Feature","properties":{"ef":0,"year":2010,"date":"2010-04-22","len_km":8.0,"inj":0,"fat":0},"geometry":{"type":"LineString","coordinates":[[-100.22,34.15],[-100.15,34.1934]]}},{"type":"Feature","properties":{"ef":0,"year":2010,"date":"2010-04-23","len_km":7.7,"inj":0,"fat":0},"geometry":{"type":"LineString","coordinates":[[-94.2455,33.0808],[-94.1649,33.0971]]}},{"type":"Feature","properties":{"ef":1,"year":2010,"date":"2010-04-24","len_km":0.3,"inj":0,"fat":0},"geometry":{"type":"LineString","coordinates":[[-96.1034,32.3699],[-96.1021,32.3719]]}},{"type":"Feature","properties":{"ef":0,"year":2010,"date":"2010-04-24","len_km":6.8,"inj":3,"fat":0},"geometry":{"type":"LineString","coordinates":[[-95.451,32.818],[-95.392,32.854]]}},{"type":"Feature","properties":{"ef":0,"year":2010,"date":"2010-04-24","len_km":2.6,"inj":0,"fat":0},"geometry":{"type":"LineString","coordinates":[[-95.2291,32.938],[-95.2054,32.9505]]}},{"type":"Feature","properties":{"ef":0,"year":2010,"date":"2010-05-14","len_km":4.8,"inj":0,"fat":0},"geometry":{"type":"LineString","coordinates":[[-102.802,31.7548],[-102.7788,31.7931]]}},{"type":"Feature","properties":{"ef":3,"year":2010,"date":"2010-05-14","len_km":6.9,"inj":0,"fat":0},"geometry":{"type":"LineString","coordinates":[[-102.7299,31.8344],[-102.7314,31.8964]]}},{"type":"Feature","properties":{"ef":0,"year":2010,"date":"2010-05-14","len_km":2.0,"inj":0,"fat":0},"geometry":{"type":"LineString","coordinates":[[-102.5708,31.9102],[-102.5671,31.9284]]}},{"type":"Feature","properties":{"ef":0,"year":2010,"date":"2010-05-14","len_km":0.9,"inj":0,"fat":0},"geometry":{"type":"LineString","coordinates":[[-101.92,32.0],[-101.9121,32.0039]]}},{"type":"Feature","properties":{"ef":0,"year":2010,"date":"2010-05-14","len_km":1.1,"inj":0,"fat":0},"geometry":{"type":"LineString","coordinates":[[-101.6189,31.3198],[-101.607,31.3198]]}},{"type":"Feature","properties":{"ef":0,"year":2010,"date":"2010-05-18","len_km":0.0,"inj":0,"fat":0},"geometry":{"type":"Point","coordinates":[-97.22,26.07]}},{"type":"Feature","properties":{"ef":0,"year":2010,"date":"2010-05-18","len_km":1.8,"inj":0,"fat":0},"geometry":{"type":"LineString","coordinates":[[-102.3727,35.8265],[-102.3541,35.8313]]}},{"type":"Feature","properties":{"ef":0,"year":2010,"date":"2010-05-18","len_km":1.6,"inj":0,"fat":0},"geometry":{"type":"LineString","coordinates":[[-102.299,35.7981],[-102.2814,35.8011]]}},{"type":"Feature","properties":{"ef":0,"year":2010,"date":"2010-05-18","len_km":0.9,"inj":0,"fat":0},"geometry":{"type":"LineString","coordinates":[[-102.1664,35.85],[-102.1573,35.8523]]}},{"type":"Feature","properties":{"ef":0,"year":2010,"date":"2010-05-18","len_km":3.6,"inj":0,"fat":0},"geometry":{"type":"LineString","coordinates":[[-101.9837,35.8233],[-101.9448,35.8295]]}},{"type":"Feature","properties":{"ef":0,"year":2010,"date":"2010-05-18","len_km":2.0,"inj":0,"fat":0},"geometry":{"type":"LineString","coordinates":[[-101.9343,35.85],[-101.9126,35.8531]]}},{"type":"Feature","properties":{"ef":2,"year":2010,"date":"2010-05-18","len_km":8.0,"inj":0,"fat":0},"geometry":{"type":"LineString","coordinates":[[-101.4705,35.9099],[-101.4879,35.9807]]}},{"type":"Feature","properties":{"ef":0,"year":2010,"date":"2010-05-18","len_km":0.8,"inj":0,"fat":0},"geometry":{"type":"LineString","coordinates":[[-102.6503,36.1966],[-102.6411,36.1978]]}},{"type":"Feature","properties":{"ef":0,"year":2010,"date":"2010-05-18","len_km":6.6,"inj":0,"fat":0},"geometry":{"type":"LineString","coordinates":[[-102.3735,36.23],[-102.3025,36.244]]}},{"type":"Feature","properties":{"ef":0,"year":2010,"date":"2010-05-18","len_km":1.7,"inj":0,"fat":0},"geometry":{"type":"LineString","coordinates":[[-102.106,36.42],[-102.0877,36.4243]]}},{"type":"Feature","properties":{"ef":0,"year":2010,"date":"2010-05-18","len_km":2.3,"inj":0,"fat":0},"geometry":{"type":"LineString","coordinates":[[-101.8002,36.42],[-101.7752,36.4228]]}},{"type":"Feature","properties":{"ef":0,"year":2010,"date":"2010-05-18","len_km":0.9,"inj":0,"fat":0},"geometry":{"type":"LineString","coordinates":[[-101.4275,36.3235],[-101.4177,36.3241]]}},{"type":"Feature","properties":{"ef":1,"year":2010,"date":"2010-05-19","len_km":0.7,"inj":0,"fat":0},"geometry":{"type":"LineString","coordinates":[[-101.4705,35.9099],[-101.4628,35.911]]}},{"type":"Feature","properties":{"ef":0,"year":2010,"date":"2010-05-19","len_km":1.8,"inj":0,"fat":0},"geometry":{"type":"LineString","coordinates":[[-100.82,36.07],[-100.8002,36.0719]]}},{"type":"Feature","properties":{"ef":0,"year":2010,"date":"2010-05-20","len_km":1.9,"inj":0,"fat":0},"geometry":{"type":"LineString","coordinates":[[-97.0261,32.4975],[-97.0119,32.4857]]}},{"type":"Feature","properties":{"ef":0,"year":2010,"date":"2010-05-20","len_km":0.8,"inj":0,"fat":0},"geometry":{"type":"LineString","coordinates":[[-96.5258,32.3005],[-96.5176,32.3029]]}},{"type":"Feature","properties":{"ef":0,"year":2010,"date":"2010-05-20","len_km":0.0,"inj":0,"fat":0},"geometry":{"type":"Point","coordinates":[-96.77,31.81]}},{"type":"Feature","properties":{"ef":0,"year":2010,"date":"2010-05-22","len_km":2.8,"inj":0,"fat":0},"geometry":{"type":"LineString","coordinates":[[-103.2501,30.8079],[-103.239,30.7841]]}},{"type":"Feature","properties":{"ef":0,"year":2010,"date":"2010-05-22","len_km":0.4,"inj":0,"fat":0},"geometry":{"type":"Point","coordinates":[-103.2987,30.8203]}},{"type":"Feature","properties":{"ef":2,"year":2010,"date":"2010-05-23","len_km":6.4,"inj":0,"fat":0},"geometry":{"type":"LineString","coordinates":[[-103.4347,31.0092],[-103.3916,30.9653]]}},{"type":"Feature","properties":{"ef":0,"year":2010,"date":"2010-05-24","len_km":4.9,"inj":0,"fat":0},"geometry":{"type":"LineString","coordinates":[[-101.2717,36.2],[-101.2507,36.2409]]}},{"type":"Feature","properties":{"ef":0,"year":2010,"date":"2010-05-24","len_km":0.3,"inj":0,"fat":0},"geometry":{"type":"LineString","coordinates":[[-101.25,36.2],[-101.2466,36.2011]]}},{"type":"Feature","properties":{"ef":0,"year":2010,"date":"2010-05-24","len_km":0.6,"inj":0,"fat":0},"geometry":{"type":"LineString","coordinates":[[-101.24,36.24],[-101.2449,36.2362]]}},{"type":"Feature","properties":{"ef":0,"year":2010,"date":"2010-05-24","len_km":0.2,"inj":0,"fat":0},"geometry":{"type":"LineString","coordinates":[[-101.2,36.2],[-101.1978,36.201]]}},{"type":"Feature","properties":{"ef":0,"year":2010,"date":"2010-05-25","len_km":0.3,"inj":0,"fat":0},"geometry":{"type":"LineString","coordinates":[[-98.0175,28.0708],[-98.0164,28.0726]]}},{"type":"Feature","properties":{"ef":0,"year":2010,"date":"2010-05-25","len_km":0.3,"inj":0,"fat":0},"geometry":{"type":"Point","coordinates":[-102.3551,34.55]}},{"type":"Feature","properties":{"ef":0,"year":2010,"date":"2010-05-25","len_km":0.2,"inj":0,"fat":0},"geometry":{"type":"Point","coordinates":[-102.2703,34.5909]}},{"type":"Feature","properties":{"ef":0,"year":2010,"date":"2010-05-25","len_km":0.2,"inj":0,"fat":0},"geometry":{"type":"Point","coordinates":[-102.2827,34.5807]}},{"type":"Feature","properties":{"ef":0,"year":2010,"date":"2010-05-01","len_km":1.5,"inj":0,"fat":0},"geometry":{"type":"LineString","coordinates":[[-94.2,33.0118],[-94.1995,33.025]]}},{"type":"Feature","properties":{"ef":1,"year":2010,"date":"2010-06-10","len_km":4.5,"inj":0,"fat":0},"geometry":{"type":"LineString","coordinates":[[-95.6555,31.312],[-95.6418,31.351]]}},{"type":"Feature","properties":{"ef":0,"year":2010,"date":"2010-06-10","len_km":2.3,"inj":0,"fat":0},"geometry":{"type":"LineString","coordinates":[[-95.4753,31.4527],[-95.4619,31.4705]]}},{"type":"Feature","properties":{"ef":0,"year":2010,"date":"2010-06-12","len_km":0.9,"inj":0,"fat":0},"geometry":{"type":"LineString","coordinates":[[-101.73,35.9042],[-101.7202,35.9057]]}},{"type":"Feature","properties":{"ef":0,"year":2010,"date":"2010-06-13","len_km":0.5,"inj":0,"fat":0},"geometry":{"type":"LineString","coordinates":[[-100.53,36.18],[-100.5251,36.1822]]}},{"type":"Feature","properties":{"ef":0,"year":2010,"date":"2010-06-14","len_km":0.3,"inj":0,"fat":0},"geometry":{"type":"LineString","coordinates":[[-101.7327,33.2901],[-101.73,33.2911]]}},{"type":"Feature","properties":{"ef":0,"year":2010,"date":"2010-06-14","len_km":0.9,"inj":0,"fat":0},"geometry":{"type":"LineString","coordinates":[[-102.0458,32.711],[-102.0369,32.7142]]}},{"type":"Feature","properties":{"ef":0,"year":2010,"date":"2010-06-28","len_km":0.4,"inj":0,"fat":0},"geometry":{"type":"Point","coordinates":[-96.1788,29.3837]}},{"type":"Feature","properties":{"ef":0,"year":2010,"date":"2010-06-30","len_km":0.0,"inj":0,"fat":0},"geometry":{"type":"Point","coordinates":[-95.8209,28.83]}},{"type":"Feature","properties":{"ef":0,"year":2010,"date":"2010-06-30","len_km":0.1,"inj":0,"fat":0},"geometry":{"type":"LineString","coordinates":[[-97.2105,26.0759],[-97.2112,26.0754]]}},{"type":"Feature","properties":{"ef":0,"year":2010,"date":"2010-06-30","len_km":0.6,"inj":0,"fat":0},"geometry":{"type":"LineString","coordinates":[[-97.5904,25.977],[-97.5928,25.9719]]}},{"type":"Feature","properties":{"ef":0,"year":2010,"date":"2010-06-30","len_km":11.4,"inj":0,"fat":0},"geometry":{"type":"LineString","coordinates":[[-97.0204,28.3285],[-97.1363,28.3207]]}},{"type":"Feature","properties":{"ef":0,"year":2010,"date":"2010-06-30","len_km":1.2,"inj":0,"fat":0},"geometry":{"type":"LineString","coordinates":[[-97.78,26.5524],[-97.7883,26.544]]}},{"type":"Feature","properties":{"ef":0,"year":2010,"date":"2010-06-30","len_km":0.2,"inj":0,"fat":0},"geometry":{"type":"LineString","coordinates":[[-97.796,27.8278],[-97.7982,27.8278]]}},{"type":"Feature","properties":{"ef":0,"year":2010,"date":"2010-06-30","len_km":0.2,"inj":0,"fat":0},"geometry":{"type":"LineString","coordinates":[[-97.203,28.1654],[-97.2052,28.1654]]}},{"type":"Feature","properties":{"ef":0,"year":2010,"date":"2010-06-30","len_km":0.9,"inj":0,"fat":0},"geometry":{"type":"LineString","coordinates":[[-96.9792,28.1384],[-96.987,28.1344]]}},{"type":"Feature","properties":{"ef":0,"year":2010,"date":"2010-06-02","len_km":0.2,"inj":0,"fat":0},"geometry":{"type":"Point","coordinates":[-101.92,33.3634]}},{"type":"Feature","properties":{"ef":1,"year":2010,"date":"2010-06-02","len_km":12.2,"inj":0,"fat":0},"geometry":{"type":"LineString","coordinates":[[-97.7433,28.151],[-97.6206,28.1412]]}},{"type":"Feature","properties":{"ef":0,"year":2010,"date":"2010-06-02","len_km":0.8,"inj":0,"fat":0},"geometry":{"type":"LineString","coordinates":[[-97.4542,27.6343],[-97.4474,27.6374]]}},{"type":"Feature","properties":{"ef":0,"year":2010,"date":"2010-06-02","len_km":0.4,"inj":0,"fat":0},"geometry":{"type":"LineString","coordinates":[[-97.2825,28.1846],[-97.2788,28.1829]]}},{"type":"Feature","properties":{"ef":2,"year":2010,"date":"2010-06-02","len_km":6.1,"inj":0,"fat":0},"geometry":{"type":"LineString","coordinates":[[-97.1254,28.0499],[-97.1006,28.0]]}},{"type":"Feature","properties":{"ef":0,"year":2010,"date":"2010-06-08","len_km":0.2,"inj":0,"fat":0},"geometry":{"type":"LineString","coordinates":[[-94.9432,29.7292],[-94.9412,29.7302]]}},{"type":"Feature","properties":{"ef":1,"year":2010,"date":"2010-06-09","len_km":4.4,"inj":0,"fat":0},"geometry":{"type":"LineString","coordinates":[[-94.4157,30.0104],[-94.4026,30.0487]]}},{"type":"Feature","properties":{"ef":0,"year":2010,"date":"2010-07-01","len_km":0.0,"inj":0,"fat":0},"geometry":{"type":"LineString","coordinates":[[-97.0694,28.0003],[-97.0698,28.0003]]}},{"type":"Feature","properties":{"ef":0,"year":2010,"date":"2010-07-01","len_km":0.1,"inj":0,"fat":0},"geometry":{"type":"LineString","coordinates":[[-98.0484,27.6286],[-98.0496,27.6286]]}},{"type":"Feature","properties":{"ef":1,"year":2010,"date":"2010-07-02","len_km":3.1,"inj":0,"fat":0},"geometry":{"type":"LineString","coordinates":[[-98.6688,27.2929],[-98.6818,27.3178]]}},{"type":"Feature","properties":{"ef":0,"year":2010,"date":"2010-08-12","len_km":0.2,"inj":0,"fat":0},"geometry":{"type":"LineString","coordinates":[[-97.2599,25.9911],[-97.2609,25.9898]]}},{"type":"Feature","properties":{"ef":0,"year":2010,"date":"2010-09-15","len_km":0.0,"inj":0,"fat":0},"geometry":{"type":"Point","coordinates":[-97.3205,28.2358]}},{"type":"Feature","properties":{"ef":0,"year":2010,"date":"2010-09-15","len_km":0.2,"inj":0,"fat":0},"geometry":{"type":"Point","coordinates":[-102.5205,32.6851]}},{"type":"Feature","properties":{"ef":0,"year":2010,"date":"2010-09-01","len_km":0.4,"inj":0,"fat":0},"geometry":{"type":"LineString","coordinates":[[-102.422,31.9283],[-102.4177,31.9268]]}},{"type":"Feature","properties":{"ef":0,"year":2010,"date":"2010-09-07","len_km":0.2,"inj":0,"fat":0},"geometry":{"type":"Point","coordinates":[-97.4686,32.6281]}},{"type":"Feature","properties":{"ef":0,"year":2010,"date":"2010-09-07","len_km":0.3,"inj":0,"fat":0},"geometry":{"type":"LineString","coordinates":[[-97.15,29.5655],[-97.15,29.5684]]}},{"type":"Feature","properties":{"ef":0,"year":2010,"date":"2010-09-08","len_km":0.2,"inj":0,"fat":0},"geometry":{"type":"Point","coordinates":[-97.4693,31.3264]}},{"type":"Feature","properties":{"ef":0,"year":2010,"date":"2010-09-08","len_km":3.1,"inj":0,"fat":0},"geometry":{"type":"LineString","coordinates":[[-95.3533,33.802],[-95.3198,33.8033]]}},{"type":"Feature","properties":{"ef":1,"year":2010,"date":"2010-09-08","len_km":15.9,"inj":0,"fat":0},"geometry":{"type":"LineString","coordinates":[[-96.6333,32.5393],[-96.5455,32.6619]]}},{"type":"Feature","properties":{"ef":0,"year":2010,"date":"2010-09-08","len_km":1.0,"inj":0,"fat":0},"geometry":{"type":"LineString","coordinates":[[-96.9191,31.4354],[-96.9131,31.4428]]}},{"type":"Feature","properties":{"ef":2,"year":2010,"date":"2010-09-08","len_km":4.3,"inj":1,"fat":0},"geometry":{"type":"LineString","coordinates":[[-96.879,32.7744],[-96.8737,32.8131]]}},{"type":"Feature","properties":{"ef":0,"year":2010,"date":"2010-09-08","len_km":1.1,"inj":0,"fat":0},"geometry":{"type":"LineString","coordinates":[[-96.4898,32.8408],[-96.4928,32.8501]]}},{"type":"Feature","properties":{"ef":0,"year":2010,"date":"2010-09-08","len_km":0.0,"inj":0,"fat":0},"geometry":{"type":"Point","coordinates":[-97.23,33.68]}},{"type":"Feature","properties":{"ef":0,"year":2011,"date":"2011-10-12","len_km":6.8,"inj":1,"fat":0},"geometry":{"type":"LineString","coordinates":[[-94.9875,30.3097],[-94.9294,30.2746]]}},{"type":"Feature","properties":{"ef":1,"year":2011,"date":"2011-10-09","len_km":3.0,"inj":0,"fat":0},"geometry":{"type":"LineString","coordinates":[[-98.632,29.366],[-98.642,29.392]]}},{"type":"Feature","properties":{"ef":0,"year":2011,"date":"2011-11-15","len_km":0.2,"inj":0,"fat":0},"geometry":{"type":"Point","coordinates":[-95.2025,30.4207]}},{"type":"Feature","properties":{"ef":1,"year":2011,"date":"2011-11-08","len_km":0.6,"inj":0,"fat":0},"geometry":{"type":"LineString","coordinates":[[-95.1519,30.0536],[-95.1495,30.0583]]}},{"type":"Feature","properties":{"ef":1,"year":2011,"date":"2011-11-08","len_km":19.9,"inj":0,"fat":0},"geometry":{"type":"LineString","coordinates":[[-94.7696,31.836],[-94.6048,31.9474]]}},{"type":"Feature","properties":{"ef":0,"year":2011,"date":"2011-11-08","len_km":10.3,"inj":0,"fat":0},"geometry":{"type":"LineString","coordinates":[[-94.7401,31.9182],[-94.657,31.9777]]}},{"type":"Feature","properties":{"ef":0,"year":2011,"date":"2011-11-08","len_km":0.4,"inj":0,"fat":0},"geometry":{"type":"LineString","coordinates":[[-94.9734,29.427],[-94.969,29.4275]]}},{"type":"Feature","properties":{"ef":1,"year":2011,"date":"2011-11-08","len_km":5.7,"inj":0,"fat":0},"geometry":{"type":"LineString","coordinates":[[-93.87,30.6],[-93.8155,30.6215]]}},{"type":"Feature","properties":{"ef":1,"year":2011,"date":"2011-01-09","len_km":37.5,"inj":0,"fat":0},"geometry":{"type":"LineString","coordinates":[[-97.9663,27.7107],[-97.6231,27.8537]]}},{"type":"Feature","properties":{"ef":1,"year":2011,"date":"2011-02-01","len_km":1.0,"inj":0,"fat":0},"geometry":{"type":"LineString","coordinates":[[-94.6588,32.291],[-94.6479,32.2917]]}},{"type":"Feature","properties":{"ef":0,"year":2011,"date":"2011-03-19","len_km":0.2,"inj":0,"fat":0},"geometry":{"type":"Point","coordinates":[-101.7637,33.9016]}},{"type":"Feature","properties":{"ef":0,"year":2011,"date":"2011-03-08","len_km":6.5,"inj":0,"fat":0},"geometry":{"type":"LineString","coordinates":[[-95.7824,33.6057],[-95.7134,33.6147]]}},{"type":"Feature","properties":{"ef":1,"year":2011,"date":"2011-03-08","len_km":17.1,"inj":0,"fat":0},"geometry":{"type":"LineString","coordinates":[[-95.182,33.63],[-94.999,33.649]]}},{"type":"Feature","properties":{"ef":1,"year":2011,"date":"2011-04-11","len_km":2.4,"inj":0,"fat":0},"geometry":{"type":"LineString","coordinates":[[-97.4159,32.2702],[-97.3923,32.2736]]}},{"type":"Feature","properties":{"ef":1,"year":2011,"date":"2011-04-11","len_km":0.2,"inj":2,"fat":0},"geometry":{"type":"LineString","coordinates":[[-97.233,32.4143],[-97.2312,32.4155]]}},{"type":"Feature","properties":{"ef":1,"year":2011,"date":"2011-04-11","len_km":0.9,"inj":0,"fat":0},"geometry":{"type":"LineString","coordinates":[[-96.4716,32.7721],[-96.4637,32.7717]]}},{"type":"Feature","properties":{"ef":1,"year":2011,"date":"2011-04-11","len_km":10.5,"inj":0,"fat":0},"geometry":{"type":"LineString","coordinates":[[-96.1126,32.9888],[-96.0119,33.036]]}},{"type":"Feature","properties":{"ef":0,"year":2011,"date":"2011-04-14","len_km":2.5,"inj":0,"fat":0},"geometry":{"type":"LineString","coordinates":[[-95.9213,33.5969],[-95.896,33.6037]]}},{"type":"Feature","properties":{"ef":0,"year":2011,"date":"2011-04-20","len_km":0.2,"inj":0,"fat":0},"geometry":{"type":"Point","coordinates":[-99.86,30.49]}},{"type":"Feature","properties":{"ef":0,"year":2011,"date":"2011-04-21","len_km":6.1,"inj":0,"fat":0},"geometry":{"type":"LineString","coordinates":[[-102.6785,30.4725],[-102.668,30.4184]]}},{"type":"Feature","properties":{"ef":0,"year":2011,"date":"2011-04-21","len_km":13.0,"inj":0,"fat":0},"geometry":{"type":"LineString","coordinates":[[-102.677,30.57],[-102.68,30.453]]}},{"type":"Feature","properties":{"ef":2,"year":2011,"date":"2011-04-21","len_km":12.6,"inj":0,"fat":0},"geometry":{"type":"LineString","coordinates":[[-102.4448,30.2045],[-102.3253,30.1582]]}},{"type":"Feature","properties":{"ef":1,"year":2011,"date":"2011-04-21","len_km":8.0,"inj":0,"fat":0},"geometry":{"type":"LineString","coordinates":[[-99.9799,32.5697],[-100.0394,32.6209]]}},{"type":"Feature","properties":{"ef":0,"year":2011,"date":"2011-04-21","len_km":0.2,"inj":0,"fat":0},"geometry":{"type":"Point","coordinates":[-99.91,32.58]}},{"type":"Feature","properties":{"ef":0,"year":2011,"date":"2011-04-23","len_km":0.0,"inj":0,"fat":0},"geometry":{"type":"Point","coordinates":[-98.74,31.98]}},{"type":"Feature","properties":{"ef":0,"year":2011,"date":"2011-04-24","len_km":1.9,"inj":0,"fat":0},"geometry":{"type":"LineString","coordinates":[[-99.4016,32.4844],[-99.381,32.4867]]}},{"type":"Feature","properties":{"ef":0,"year":2011,"date":"2011-04-24","len_km":0.2,"inj":0,"fat":0},"geometry":{"type":"Point","coordinates":[-99.12,32.68]}},{"type":"Feature","properties":{"ef":0,"year":2011,"date":"2011-04-24","len_km":0.2,"inj":0,"fat":0},"geometry":{"type":"Point","coordinates":[-99.63,32.34]}},{"type":"Feature","properties":{"ef":0,"year":2011,"date":"2011-04-24","len_km":2.8,"inj":0,"fat":0},"geometry":{"type":"LineString","coordinates":[[-99.418,32.4444],[-99.3892,32.4507]]}},{"type":"Feature","properties":{"ef":0,"year":2011,"date":"2011-04-24","len_km":0.2,"inj":0,"fat":0},"geometry":{"type":"Point","coordinates":[-99.3851,32.4977]}},{"type":"Feature","properties":{"ef":0,"year":2011,"date":"2011-04-24","len_km":9.6,"inj":0,"fat":0},"geometry":{"type":"LineString","coordinates":[[-99.381,32.4821],[-99.2793,32.4902]]}},{"type":"Feature","properties":{"ef":0,"year":2011,"date":"2011-04-24","len_km":0.2,"inj":0,"fat":0},"geometry":{"type":"Point","coordinates":[-99.5701,31.9286]}},{"type":"Feature","properties":{"ef":0,"year":2011,"date":"2011-04-25","len_km":4.0,"inj":0,"fat":0},"geometry":{"type":"LineString","coordinates":[[-97.9994,32.3341],[-97.9567,32.332]]}},{"type":"Feature","properties":{"ef":0,"year":2011,"date":"2011-04-25","len_km":0.7,"inj":0,"fat":0},"geometry":{"type":"LineString","coordinates":[[-97.9542,32.3304],[-97.9471,32.3311]]}},{"type":"Feature","properties":{"ef":0,"year":2011,"date":"2011-04-25","len_km":1.3,"inj":0,"fat":0},"geometry":{"type":"LineString","coordinates":[[-97.7456,32.2803],[-97.734,32.2747]]}},{"type":"Feature","properties":{"ef":0,"year":2011,"date":"2011-04-25","len_km":4.1,"inj":0,"fat":0},"geometry":{"type":"LineString","coordinates":[[-97.5724,32.2952],[-97.5327,32.2791]]}},{"type":"Feature","properties":{"ef":0,"year":2011,"date":"2011-04-25","len_km":1.5,"inj":0,"fat":0},"geometry":{"type":"LineString","coordinates":[[-97.5066,32.2778],[-97.4929,32.2847]]}},{"type":"Feature","properties":{"ef":1,"year":2011,"date":"2011-04-25","len_km":13.8,"inj":0,"fat":0},"geometry":{"type":"LineString","coordinates":[[-95.2134,32.0886],[-95.0736,32.1262]]}},{"type":"Feature","properties":{"ef":0,"year":2011,"date":"2011-04-25","len_km":1.1,"inj":0,"fat":0},"geometry":{"type":"LineString","coordinates":[[-97.1435,32.146],[-97.1314,32.1457]]}},{"type":"Feature","properties":{"ef":0,"year":2011,"date":"2011-04-25","len_km":0.7,"inj":0,"fat":0},"geometry":{"type":"LineString","coordinates":[[-96.7985,32.2055],[-96.7906,32.2056]]}},{"type":"Feature","properties":{"ef":0,"year":2011,"date":"2011-04-25","len_km":2.1,"inj":0,"fat":0},"geometry":{"type":"LineString","coordinates":[[-96.637,31.7923],[-96.6153,31.7872]]}},{"type":"Feature","properties":{"ef":0,"year":2011,"date":"2011-04-25","len_km":1.3,"inj":0,"fat":0},"geometry":{"type":"LineString","coordinates":[[-96.4904,31.7919],[-96.4772,31.7959]]}},{"type":"Feature","properties":{"ef":0,"year":2011,"date":"2011-04-25","len_km":5.6,"inj":0,"fat":0},"geometry":{"type":"LineString","coordinates":[[-96.246,31.6882],[-96.1908,31.67]]}},{"type":"Feature","properties":{"ef":0,"year":2011,"date":"2011-04-25","len_km":1.5,"inj":0,"fat":0},"geometry":{"type":"LineString","coordinates":[[-95.8242,31.5904],[-95.808,31.5897]]}},{"type":"Feature","properties":{"ef":1,"year":2011,"date":"2011-04-25","len_km":0.3,"inj":0,"fat":0},"geometry":{"type":"LineString","coordinates":[[-95.5022,31.2954],[-95.4998,31.2935]]}},{"type":"Feature","properties":{"ef":1,"year":2011,"date":"2011-04-25","len_km":12.4,"inj":0,"fat":0},"geometry":{"type":"LineString","coordinates":[[-95.0273,31.4568],[-94.8987,31.4469]]}},{"type":"Feature","properties":{"ef":1,"year":2011,"date":"2011-04-25","len_km":1.0,"inj":0,"fat":0},"geometry":{"type":"LineString","coordinates":[[-95.0749,31.2257],[-95.0839,31.2206]]}},{"type":"Feature","properties":{"ef":0,"year":2011,"date":"2011-04-25","len_km":1.1,"inj":0,"fat":0},"geometry":{"type":"LineString","coordinates":[[-94.7956,31.3924],[-94.7842,31.3919]]}},{"type":"Feature","properties":{"ef":0,"year":2011,"date":"2011-04-25","len_km":0.2,"inj":0,"fat":0},"geometry":{"type":"Point","coordinates":[-95.0827,30.8333]}},{"type":"Feature","properties":{"ef":0,"year":2011,"date":"2011-04-26","len_km":1.2,"inj":0,"fat":0},"geometry":{"type":"LineString","coordinates":[[-102.7999,34.03],[-102.7826,34.0296]]}},{"type":"Feature","properties":{"ef":0,"year":2011,"date":"2011-04-26","len_km":8.2,"inj":0,"fat":0},"geometry":{"type":"LineString","coordinates":[[-96.2048,32.3655],[-96.14,32.4143]]}},{"type":"Feature","properties":{"ef":1,"year":2011,"date":"2011-04-26","len_km":22.3,"inj":1,"fat":0},"geometry":{"type":"LineString","coordinates":[[-95.7028,32.4313],[-95.4813,32.5181]]}},{"type":"Feature","properties":{"ef":0,"year":2011,"date":"2011-04-26","len_km":8.2,"inj":0,"fat":0},"geometry":{"type":"LineString","coordinates":[[-96.1644,32.3666],[-96.0789,32.3706]]}},{"type":"Feature","properties":{"ef":0,"year":2011,"date":"2011-04-26","len_km":1.6,"inj":0,"fat":0},"geometry":{"type":"LineString","coordinates":[[-95.9557,32.3896],[-95.9394,32.3948]]}},{"type":"Feature","properties":{"ef":1,"year":2011,"date":"2011-04-26","len_km":22.3,"inj":0,"fat":0},"geometry":{"type":"LineString","coordinates":[[-94.658,32.2848],[-94.4486,32.3791]]}},{"type":"Feature","properties":{"ef":0,"year":2011,"date":"2011-04-26","len_km":5.4,"inj":0,"fat":0},"geometry":{"type":"LineString","coordinates":[[-95.3479,32.6302],[-95.2898,32.6285]]}},{"type":"Feature","properties":{"ef":2,"year":2011,"date":"2011-04-26","len_km":8.3,"inj":0,"fat":0},"geometry":{"type":"LineString","coordinates":[[-94.3534,32.4312],[-94.2695,32.4557]]}},{"type":"Feature","properties":{"ef":0,"year":2011,"date":"2011-04-26","len_km":0.7,"inj":0,"fat":0},"geometry":{"type":"LineString","coordinates":[[-96.4225,32.1756],[-96.4167,32.1796]]}},{"type":"Feature","properties":{"ef":0,"year":2011,"date":"2011-04-26","len_km":9.6,"inj":0,"fat":0},"geometry":{"type":"LineString","coordinates":[[-94.1545,32.4959],[-94.0663,32.5396]]}},{"type":"Feature","properties":{"ef":1,"year":2011,"date":"2011-04-26","len_km":1.5,"inj":0,"fat":0},"geometry":{"type":"LineString","coordinates":[[-96.5381,31.5313],[-96.5341,31.5184]]}},{"type":"Feature","properties":{"ef":0,"year":2011,"date":"2011-04-26","len_km":1.1,"inj":0,"fat":0},"geometry":{"type":"LineString","coordinates":[[-96.3661,31.5003],[-96.3546,31.5005]]}},{"type":"Feature","properties":{"ef":0,"year":2011,"date":"2011-04-26","len_km":5.1,"inj":0,"fat":0},"geometry":{"type":"LineString","coordinates":[[-95.3216,32.375],[-95.2672,32.3782]]}},{"type":"Feature","properties":{"ef":0,"year":2011,"date":"2011-04-26","len_km":5.1,"inj":0,"fat":0},"geometry":{"type":"LineString","coordinates":[[-95.3216,32.375],[-95.2672,32.3782]]}},{"type":"Feature","properties":{"ef":0,"year":2011,"date":"2011-04-26","len_km":0.6,"inj":0,"fat":0},"geometry":{"type":"LineString","coordinates":[[-97.042,31.6906],[-97.0361,31.6885]]}},{"type":"Feature","properties":{"ef":0,"year":2011,"date":"2011-04-26","len_km":2.4,"inj":0,"fat":0},"geometry":{"type":"LineString","coordinates":[[-96.8648,31.5763],[-96.8399,31.5777]]}},{"type":"Feature","properties":{"ef":0,"year":2011,"date":"2011-04-26","len_km":1.2,"inj":0,"fat":0},"geometry":{"type":"LineString","coordinates":[[-96.5615,31.3529],[-96.549,31.3516]]}},{"type":"Feature","properties":{"ef":0,"year":2011,"date":"2011-04-30","len_km":2.8,"inj":0,"fat":0},"geometry":{"type":"LineString","coordinates":[[-95.4021,32.7078],[-95.376,32.7205]]}},{"type":"Feature","properties":{"ef":0,"year":2011,"date":"2011-04-30","len_km":3.6,"inj":0,"fat":0},"geometry":{"type":"LineString","coordinates":[[-95.05,32.8596],[-95.0136,32.8697]]}},{"type":"Feature","properties":{"ef":0,"year":2011,"date":"2011-04-30","len_km":4.2,"inj":0,"fat":0},"geometry":{"type":"LineString","coordinates":[[-94.641,32.9857],[-94.6037,33.0069]]}},{"type":"Feature","properties":{"ef":0,"year":2011,"date":"2011-05-11","len_km":0.8,"inj":0,"fat":0},"geometry":{"type":"LineString","coordinates":[[-97.4764,32.7477],[-97.4703,32.7526]]}},{"type":"Feature","properties":{"ef":0,"year":2011,"date":"2011-05-11","len_km":2.6,"inj":0,"fat":0},"geometry":{"type":"LineString","coordinates":[[-97.021,33.5605],[-97.0111,33.5799]]}},{"type":"Feature","properties":{"ef":0,"year":2011,"date":"2011-05-19","len_km":0.8,"inj":0,"fat":0},"geometry":{"type":"Point","coordinates":[-99.0534,34.2016]}},{"type":"Feature","properties":{"ef":0,"year":2011,"date":"2011-05-20","len_km":2.6,"inj":0,"fat":0},"geometry":{"type":"LineString","coordinates":[[-95.122,33.847],[-95.103,33.864]]}},{"type":"Feature","properties":{"ef":0,"year":2011,"date":"2011-05-20","len_km":11.0,"inj":0,"fat":0},"geometry":{"type":"LineString","coordinates":[[-94.473,32.601],[-94.5413,32.5206]]}},{"type":"Feature","properties":{"ef":0,"year":2011,"date":"2011-05-21","len_km":0.0,"inj":0,"fat":0},"geometry":{"type":"Point","coordinates":[-98.0576,31.48]}},{"type":"Feature","properties":{"ef":0,"year":2011,"date":"2011-05-21","len_km":2.6,"inj":0,"fat":0},"geometry":{"type":"LineString","coordinates":[[-97.8372,30.7635],[-97.8308,30.7859]]}},{"type":"Feature","properties":{"ef":0,"year":2011,"date":"2011-05-22","len_km":0.0,"inj":0,"fat":0},"geometry":{"type":"Point","coordinates":[-98.0409,33.3108]}},{"type":"Feature","properties":{"ef":0,"year":2011,"date":"2011-05-24","len_km":0.0,"inj":0,"fat":0},"geometry":{"type":"Point","coordinates":[-97.5054,33.6795]}},{"type":"Feature","properties":{"ef":0,"year":2011,"date":"2011-05-24","len_km":0.0,"inj":0,"fat":0},"geometry":{"type":"Point","coordinates":[-97.6434,33.8632]}},{"type":"Feature","properties":{"ef":0,"year":2011,"date":"2011-05-24","len_km":2.5,"inj":0,"fat":0},"geometry":{"type":"LineString","coordinates":[[-97.2695,33.5088],[-97.2439,33.5161]]}},{"type":"Feature","properties":{"ef":0,"year":2011,"date":"2011-05-24","len_km":0.0,"inj":0,"fat":0},"geometry":{"type":"Point","coordinates":[-97.4511,33.0814]}},{"type":"Feature","properties":{"ef":0,"year":2011,"date":"2011-05-24","len_km":0.7,"inj":0,"fat":0},"geometry":{"type":"LineString","coordinates":[[-97.6105,32.9177],[-97.6033,32.9171]]}},{"type":"Feature","properties":{"ef":0,"year":2011,"date":"2011-05-24","len_km":2.7,"inj":0,"fat":0},"geometry":{"type":"LineString","coordinates":[[-97.49,32.88],[-97.4745,32.9007]]}},{"type":"Feature","properties":{"ef":2,"year":2011,"date":"2011-05-24","len_km":2.4,"inj":0,"fat":0},"geometry":{"type":"LineString","coordinates":[[-97.1911,33.1359],[-97.1774,33.1547]]}},{"type":"Feature","properties":{"ef":1,"year":2011,"date":"2011-05-24","len_km":2.2,"inj":0,"fat":0},"geometry":{"type":"LineString","coordinates":[[-96.9811,32.8291],[-96.9764,32.8097]]}},{"type":"Feature","properties":{"ef":0,"year":2011,"date":"2011-05-24","len_km":0.0,"inj":0,"fat":0},"geometry":{"type":"Point","coordinates":[-96.6841,32.6709]}},{"type":"Feature","properties":{"ef":0,"year":2011,"date":"2011-05-24","len_km":0.0,"inj":0,"fat":0},"geometry":{"type":"Point","coordinates":[-96.1109,32.5755]}},{"type":"Feature","properties":{"ef":0,"year":2011,"date":"2011-05-25","len_km":0.8,"inj":0,"fat":0},"geometry":{"type":"Point","coordinates":[-95.09,30.3]}},{"type":"Feature","properties":{"ef":0,"year":2011,"date":"2011-05-25","len_km":0.8,"inj":0,"fat":0},"geometry":{"type":"Point","coordinates":[-94.85,30.11]}},{"type":"Feature","properties":{"ef":0,"year":2011,"date":"2011-06-11","len_km":0.8,"inj":0,"fat":0},"geometry":{"type":"LineString","coordinates":[[-100.4229,36.4488],[-100.4147,36.4454]]}},{"type":"Feature","properties":{"ef":0,"year":2011,"date":"2011-06-11","len_km":0.3,"inj":0,"fat":0},"geometry":{"type":"LineString","coordinates":[[-100.2241,36.463],[-100.2215,36.4617]]}},{"type":"Feature","properties":{"ef":0,"year":2011,"date":"2011-06-20","len_km":0.0,"inj":0,"fat":0},"geometry":{"type":"Point","coordinates":[-98.72,32.95]}},{"type":"Feature","properties":{"ef":0,"year":2011,"date":"2011-06-21","len_km":6.2,"inj":0,"fat":0},"geometry":{"type":"LineString","coordinates":[[-94.355,31.941],[-94.392,31.895]]}},{"type":"Feature","properties":{"ef":0,"year":2011,"date":"2011-06-21","len_km":2.5,"inj":0,"fat":0},"geometry":{"type":"LineString","coordinates":[[-94.357,31.783],[-94.371,31.764]]}},{"type":"Feature","properties":{"ef":1,"year":2011,"date":"2011-06-30","len_km":0.6,"inj":1,"fat":0},"geometry":{"type":"LineString","coordinates":[[-98.1937,26.1184],[-98.1997,26.1203]]}},{"type":"Feature","properties":{"ef":0,"year":2011,"date":"2011-07-19","len_km":0.2,"inj":0,"fat":0},"geometry":{"type":"LineString","coordinates":[[-99.1832,29.35],[-99.1849,29.35]]}},{"type":"Feature","properties":{"ef":0,"year":2011,"date":"2011-08-14","len_km":0.0,"inj":0,"fat":0},"geometry":{"type":"LineString","coordinates":[[-93.7695,30.2487],[-93.7691,30.2487]]}},{"type":"Feature","properties":{"ef":0,"year":2011,"date":"2011-08-25","len_km":0.4,"inj":0,"fat":0},"geometry":{"type":"LineString","coordinates":[[-96.565,28.574],[-96.569,28.574]]}},{"type":"Feature","properties":{"ef":0,"year":2011,"date":"2011-08-25","len_km":0.2,"inj":0,"fat":0},"geometry":{"type":"LineString","coordinates":[[-101.955,33.5042],[-101.9549,33.5021]]}},{"type":"Feature","properties":{"ef":0,"year":2011,"date":"2011-08-06","len_km":0.2,"inj":0,"fat":0},"geometry":{"type":"LineString","coordinates":[[-100.4482,34.5894],[-100.447,34.5907]]}},{"type":"Feature","properties":{"ef":1,"year":2011,"date":"2011-09-17","len_km":3.1,"inj":0,"fat":0},"geometry":{"type":"LineString","coordinates":[[-97.9442,27.8685],[-97.9594,27.8439]]}},{"type":"Feature","properties":{"ef":0,"year":2012,"date":"2012-10-12","len_km":2.9,"inj":0,"fat":0},"geometry":{"type":"LineString","coordinates":[[-101.7959,33.942],[-101.7725,33.9593]]}},{"type":"Feature","properties":{"ef":0,"year":2012,"date":"2012-10-12","len_km":0.2,"inj":0,"fat":0},"geometry":{"type":"LineString","coordinates":[[-101.7027,34.032],[-101.7007,34.0333]]}},{"type":"Feature","properties":{"ef":0,"year":2012,"date":"2012-10-13","len_km":0.3,"inj":0,"fat":0},"geometry":{"type":"LineString","coordinates":[[-96.957,30.4024],[-96.9556,30.4047]]}},{"type":"Feature","properties":{"ef":0,"year":2012,"date":"2012-12-14","len_km":4.8,"inj":0,"fat":0},"geometry":{"type":"LineString","coordinates":[[-101.5768,35.1941],[-101.5205,35.2162]]}},{"type":"Feature","properties":{"ef":0,"year":2012,"date":"2012-12-14","len_km":1.5,"inj":0,"fat":0},"geometry":{"type":"LineString","coordinates":[[-100.7865,34.9372],[-100.77,34.94]]}},{"type":"Feature","properties":{"ef":0,"year":2012,"date":"2012-12-14","len_km":0.7,"inj":0,"fat":0},"geometry":{"type":"LineString","coordinates":[[-100.78,34.91],[-100.7731,34.9128]]}},{"type":"Feature","properties":{"ef":3,"year":2012,"date":"2012-12-25","len_km":15.6,"inj":0,"fat":0},"geometry":{"type":"LineString","coordinates":[[-95.3208,31.1613],[-95.1959,31.2528]]}},{"type":"Feature","properties":{"ef":0,"year":2012,"date":"2012-12-25","len_km":0.5,"inj":0,"fat":0},"geometry":{"type":"Point","coordinates":[-95.1956,31.2131]}},{"type":"Feature","properties":{"ef":0,"year":2012,"date":"2012-01-24","len_km":4.8,"inj":0,"fat":0},"geometry":{"type":"LineString","coordinates":[[-100.398,30.0675],[-100.3544,30.0893]]}},{"type":"Feature","properties":{"ef":1,"year":2012,"date":"2012-01-25","len_km":1.8,"inj":0,"fat":0},"geometry":{"type":"LineString","coordinates":[[-97.6536,30.3221],[-97.6551,30.3381]]}},{"type":"Feature","properties":{"ef":0,"year":2012,"date":"2012-01-25","len_km":0.4,"inj":0,"fat":0},"geometry":{"type":"LineString","coordinates":[[-98.6645,29.4556],[-98.6603,29.4545]]}},{"type":"Feature","properties":{"ef":0,"year":2012,"date":"2012-01-25","len_km":4.6,"inj":0,"fat":0},"geometry":{"type":"LineString","coordinates":[[-97.3407,29.8544],[-97.3118,29.8874]]}},{"type":"Feature","properties":{"ef":1,"year":2012,"date":"2012-01-25","len_km":3.6,"inj":0,"fat":0},"geometry":{"type":"LineString","coordinates":[[-96.73,30.4506],[-96.6929,30.4566]]}},{"type":"Feature","properties":{"ef":0,"year":2012,"date":"2012-01-25","len_km":3.3,"inj":0,"fat":0},"geometry":{"type":"LineString","coordinates":[[-96.3729,30.2318],[-96.3443,30.2484]]}},{"type":"Feature","properties":{"ef":0,"year":2012,"date":"2012-01-25","len_km":0.7,"inj":0,"fat":0},"geometry":{"type":"LineString","coordinates":[[-95.9702,30.9667],[-95.9665,30.9726]]}},{"type":"Feature","properties":{"ef":0,"year":2012,"date":"2012-01-25","len_km":0.6,"inj":0,"fat":0},"geometry":{"type":"LineString","coordinates":[[-95.5765,30.7241],[-95.5722,30.7279]]}},{"type":"Feature","properties":{"ef":0,"year":2012,"date":"2012-01-25","len_km":0.3,"inj":0,"fat":0},"geometry":{"type":"LineString","coordinates":[[-95.5659,30.7247],[-95.564,30.7272]]}},{"type":"Feature","properties":{"ef":1,"year":2012,"date":"2012-01-25","len_km":2.3,"inj":1,"fat":0},"geometry":{"type":"LineString","coordinates":[[-94.692,31.912],[-94.67,31.922]]}},{"type":"Feature","properties":{"ef":0,"year":2012,"date":"2012-01-25","len_km":10.5,"inj":0,"fat":0},"geometry":{"type":"LineString","coordinates":[[-94.632,32.006],[-94.533,32.049]]}},{"type":"Feature","properties":{"ef":0,"year":2012,"date":"2012-01-25","len_km":0.3,"inj":0,"fat":0},"geometry":{"type":"LineString","coordinates":[[-95.2846,29.5691],[-95.2867,29.5668]]}},{"type":"Feature","properties":{"ef":0,"year":2012,"date":"2012-01-25","len_km":4.1,"inj":0,"fat":0},"geometry":{"type":"LineString","coordinates":[[-94.43,30.46],[-94.388,30.466]]}},{"type":"Feature","properties":{"ef":0,"year":2012,"date":"2012-01-25","len_km":0.6,"inj":0,"fat":0},"geometry":{"type":"LineString","coordinates":[[-94.1903,30.5388],[-94.1843,30.5389]]}},{"type":"Feature","properties":{"ef":0,"year":2012,"date":"2012-01-25","len_km":1.7,"inj":0,"fat":0},"geometry":{"type":"LineString","coordinates":[[-94.02,30.75],[-94.0032,30.7536]]}},{"type":"Feature","properties":{"ef":1,"year":2012,"date":"2012-01-25","len_km":2.6,"inj":0,"fat":0},"geometry":{"type":"LineString","coordinates":[[-93.9221,30.6494],[-93.8968,30.6571]]}},{"type":"Feature","properties":{"ef":0,"year":2012,"date":"2012-01-09","len_km":0.2,"inj":0,"fat":0},"geometry":{"type":"LineString","coordinates":[[-95.8121,29.666],[-95.8101,29.6659]]}},{"type":"Feature","properties":{"ef":1,"year":2012,"date":"2012-01-09","len_km":0.8,"inj":0,"fat":0},"geometry":{"type":"LineString","coordinates":[[-95.6565,29.6756],[-95.6511,29.6814]]}},{"type":"Feature","properties":{"ef":0,"year":2012,"date":"2012-01-09","len_km":0.1,"inj":0,"fat":0},"geometry":{"type":"LineString","coordinates":[[-95.5771,29.3492],[-95.5768,29.3499]]}},{"type":"Feature","properties":{"ef":0,"year":2012,"date":"2012-01-09","len_km":0.2,"inj":0,"fat":0},"geometry":{"type":"LineString","coordinates":[[-95.44,29.2654],[-95.4398,29.2669]]}},{"type":"Feature","properties":{"ef":0,"year":2012,"date":"2012-01-09","len_km":0.5,"inj":0,"fat":0},"geometry":{"type":"LineString","coordinates":[[-95.4356,29.2827],[-95.4338,29.2864]]}},{"type":"Feature","properties":{"ef":0,"year":2012,"date":"2012-01-09","len_km":0.9,"inj":0,"fat":0},"geometry":{"type":"LineString","coordinates":[[-95.0294,29.407],[-95.02,29.4066]]}},{"type":"Feature","properties":{"ef":1,"year":2012,"date":"2012-02-03","len_km":20.4,"inj":0,"fat":0},"geometry":{"type":"LineString","coordinates":[[-100.7,35.55],[-100.51,35.65]]}},{"type":"Feature","properties":{"ef":1,"year":2012,"date":"2012-02-03","len_km":1.2,"inj":0,"fat":0},"geometry":{"type":"LineString","coordinates":[[-96.47,30.49],[-96.4584,30.498]]}},{"type":"Feature","properties":{"ef":2,"year":2012,"date":"2012-02-03","len_km":0.8,"inj":0,"fat":0},"geometry":{"type":"LineString","coordinates":[[-96.4313,30.522],[-96.4252,30.5271]]}},{"type":"Feature","properties":{"ef":0,"year":2012,"date":"2012-03-11","len_km":5.8,"inj":0,"fat":0},"geometry":{"type":"LineString","coordinates":[[-94.1269,31.5734],[-94.0944,31.6174]]}},{"type":"Feature","properties":{"ef":2,"year":2012,"date":"2012-03-18","len_km":1.6,"inj":3,"fat":0},"geometry":{"type":"LineString","coordinates":[[-102.3386,32.0282],[-102.328,32.0358]]}},{"type":"Feature","properties":{"ef":2,"year":2012,"date":"2012-03-19","len_km":5.6,"inj":0,"fat":0},"geometry":{"type":"LineString","coordinates":[[-98.942,29.144],[-98.9492,29.1896]]}},{"type":"Feature","properties":{"ef":1,"year":2012,"date":"2012-03-19","len_km":11.3,"inj":0,"fat":0},"geometry":{"type":"LineString","coordinates":[[-98.841,29.182],[-98.892,29.271]]}},{"type":"Feature","properties":{"ef":2,"year":2012,"date":"2012-03-19","len_km":8.0,"inj":4,"fat":0},"geometry":{"type":"LineString","coordinates":[[-98.761,29.245],[-98.7837,29.3149]]}},{"type":"Feature","properties":{"ef":0,"year":2012,"date":"2012-03-19","len_km":1.2,"inj":0,"fat":0},"geometry":{"type":"LineString","coordinates":[[-98.412,29.535],[-98.405,29.527]]}},{"type":"Feature","properties":{"ef":0,"year":2012,"date":"2012-03-19","len_km":0.4,"inj":0,"fat":0},"geometry":{"type":"Point","coordinates":[-98.377,29.488]}},{"type":"Feature","properties":{"ef":0,"year":2012,"date":"2012-03-20","len_km":0.4,"inj":0,"fat":0},"geometry":{"type":"LineString","coordinates":[[-97.7177,28.881],[-97.7154,28.8795]]}},{"type":"Feature","properties":{"ef":0,"year":2012,"date":"2012-03-29","len_km":0.3,"inj":0,"fat":0},"geometry":{"type":"LineString","coordinates":[[-97.6976,26.5939],[-97.6949,26.5933]]}},{"type":"Feature","properties":{"ef":0,"year":2012,"date":"2012-04-11","len_km":2.7,"inj":0,"fat":0},"geometry":{"type":"LineString","coordinates":[[-94.9101,32.0995],[-94.8913,32.081]]}},{"type":"Feature","properties":{"ef":0,"year":2012,"date":"2012-04-11","len_km":1.5,"inj":0,"fat":0},"geometry":{"type":"LineString","coordinates":[[-94.7454,31.9918],[-94.7361,31.9805]]}},{"type":"Feature","properties":{"ef":1,"year":2012,"date":"2012-04-16","len_km":3.2,"inj":0,"fat":0},"geometry":{"type":"LineString","coordinates":[[-97.3063,27.8748],[-97.2985,27.903]]}},{"type":"Feature","properties":{"ef":0,"year":2012,"date":"2012-04-16","len_km":1.7,"inj":0,"fat":0},"geometry":{"type":"LineString","coordinates":[[-97.26,27.92],[-97.2565,27.9348]]}},{"type":"Feature","properties":{"ef":0,"year":2012,"date":"2012-04-16","len_km":1.1,"inj":0,"fat":0},"geometry":{"type":"LineString","coordinates":[[-97.23,27.92],[-97.2285,27.9294]]}},{"type":"Feature","properties":{"ef":0,"year":2012,"date":"2012-04-16","len_km":0.8,"inj":0,"fat":0},"geometry":{"type":"LineString","coordinates":[[-97.705,27.294],[-97.7043,27.3009]]}},{"type":"Feature","properties":{"ef":0,"year":2012,"date":"2012-04-16","len_km":1.2,"inj":0,"fat":0},"geometry":{"type":"LineString","coordinates":[[-97.7776,27.2504],[-97.7819,27.2608]]}},{"type":"Feature","properties":{"ef":0,"year":2012,"date":"2012-04-20","len_km":0.3,"inj":0,"fat":0},"geometry":{"type":"LineString","coordinates":[[-97.7806,26.4561],[-97.7776,26.4561]]}},{"type":"Feature","properties":{"ef":0,"year":2012,"date":"2012-04-20","len_km":0.1,"inj":0,"fat":0},"geometry":{"type":"LineString","coordinates":[[-97.733,26.1202],[-97.7323,26.1198]]}},{"type":"Feature","properties":{"ef":0,"year":2012,"date":"2012-04-28","len_km":0.2,"inj":0,"fat":0},"geometry":{"type":"LineString","coordinates":[[-100.42,32.98],[-100.4183,32.9803]]}},{"type":"Feature","properties":{"ef":0,"year":2012,"date":"2012-04-30","len_km":2.0,"inj":0,"fat":0},"geometry":{"type":"LineString","coordinates":[[-100.22,34.7451],[-100.1979,34.7473]]}},{"type":"Feature","properties":{"ef":1,"year":2012,"date":"2012-04-02","len_km":2.8,"inj":0,"fat":0},"geometry":{"type":"LineString","coordinates":[[-93.7514,30.8345],[-93.7487,30.86]]}},{"type":"Feature","properties":{"ef":1,"year":2012,"date":"2012-04-03","len_km":1.9,"inj":0,"fat":0},"geometry":{"type":"LineString","coordinates":[[-97.3581,32.4361],[-97.3684,32.4217]]}},{"type":"Feature","properties":{"ef":2,"year":2012,"date":"2012-04-03","len_km":22.0,"inj":10,"fat":0},"geometry":{"type":"LineString","coordinates":[[-96.8595,32.492],[-96.7515,32.6682]]}},{"type":"Feature","properties":{"ef":0,"year":2012,"date":"2012-04-03","len_km":0.4,"inj":0,"fat":0},"geometry":{"type":"LineString","coordinates":[[-97.2825,32.5375],[-97.2824,32.5414]]}},{"type":"Feature","properties":{"ef":2,"year":2012,"date":"2012-04-03","len_km":10.3,"inj":7,"fat":0},"geometry":{"type":"LineString","coordinates":[[-97.2194,32.6306],[-97.1997,32.7086]]}},{"type":"Feature","properties":{"ef":0,"year":2012,"date":"2012-04-03","len_km":0.1,"inj":0,"fat":0},"geometry":{"type":"LineString","coordinates":[[-96.6908,32.7773],[-96.6904,32.7785]]}},{"type":"Feature","properties":{"ef":0,"year":2012,"date":"2012-04-03","len_km":0.8,"inj":0,"fat":0},"geometry":{"type":"LineString","coordinates":[[-97.0623,32.7725],[-97.0552,32.7758]]}},{"type":"Feature","properties":{"ef":0,"year":2012,"date":"2012-04-03","len_km":2.1,"inj":0,"fat":0},"geometry":{"type":"LineString","coordinates":[[-96.9847,32.8566],[-96.9988,32.8417]]}},{"type":"Feature","properties":{"ef":0,"year":2012,"date":"2012-04-03","len_km":3.3,"inj":0,"fat":0},"geometry":{"type":"LineString","coordinates":[[-96.9936,32.9469],[-96.9743,32.9713]]}},{"type":"Feature","properties":{"ef":0,"year":2012,"date":"2012-04-03","len_km":0.3,"inj":0,"fat":0},"geometry":{"type":"LineString","coordinates":[[-97.1376,33.1582],[-97.1344,33.1595]]}},{"type":"Feature","properties":{"ef":0,"year":2012,"date":"2012-04-03","len_km":0.5,"inj":0,"fat":0},"geometry":{"type":"LineString","coordinates":[[-95.8967,33.1215],[-95.892,33.1233]]}},{"type":"Feature","properties":{"ef":0,"year":2012,"date":"2012-04-03","len_km":0.5,"inj":2,"fat":0},"geometry":{"type":"LineString","coordinates":[[-96.6156,32.7982],[-96.6108,32.7985]]}},{"type":"Feature","properties":{"ef":0,"year":2012,"date":"2012-04-03","len_km":0.2,"inj":0,"fat":0},"geometry":{"type":"LineString","coordinates":[[-95.7136,33.0425],[-95.7121,33.0437]]}},{"type":"Feature","properties":{"ef":3,"year":2012,"date":"2012-04-03","len_km":12.4,"inj":7,"fat":0},"geometry":{"type":"LineString","coordinates":[[-96.47,32.7495],[-96.3508,32.7991]]}},{"type":"Feature","properties":{"ef":0,"year":2012,"date":"2012-04-03","len_km":0.9,"inj":0,"fat":0},"geometry":{"type":"LineString","coordinates":[[-95.5946,33.1837],[-95.5914,33.1916]]}},{"type":"Feature","properties":{"ef":3,"year":2012,"date":"2012-04-03","len_km":5.4,"inj":3,"fat":0},"geometry":{"type":"LineString","coordinates":[[-96.3286,32.878],[-96.2834,32.908]]}},{"type":"Feature","properties":{"ef":0,"year":2012,"date":"2012-04-03","len_km":0.9,"inj":0,"fat":0},"geometry":{"type":"LineString","coordinates":[[-96.1358,33.0361],[-96.1284,33.0415]]}},{"type":"Feature","properties":{"ef":0,"year":2012,"date":"2012-04-03","len_km":1.4,"inj":0,"fat":0},"geometry":{"type":"LineString","coordinates":[[-95.212,33.347],[-95.201,33.355]]}},{"type":"Feature","properties":{"ef":0,"year":2012,"date":"2012-04-03","len_km":2.3,"inj":0,"fat":0},"geometry":{"type":"LineString","coordinates":[[-95.056,33.465],[-95.047,33.484]]}},{"type":"Feature","properties":{"ef":0,"year":2012,"date":"2012-04-03","len_km":3.6,"inj":0,"fat":0},"geometry":{"type":"LineString","coordinates":[[-94.702,33.411],[-94.665,33.421]]}},{"type":"Feature","properties":{"ef":0,"year":2012,"date":"2012-04-03","len_km":0.9,"inj":0,"fat":0},"geometry":{"type":"LineString","coordinates":[[-95.3556,33.0095],[-95.3464,33.0106]]}},{"type":"Feature","properties":{"ef":0,"year":2012,"date":"2012-04-07","len_km":2.2,"inj":0,"fat":0},"geometry":{"type":"LineString","coordinates":[[-101.03,32.11],[-101.03,32.09]]}},{"type":"Feature","properties":{"ef":0,"year":2012,"date":"2012-04-07","len_km":3.7,"inj":0,"fat":0},"geometry":{"type":"LineString","coordinates":[[-101.03,32.09],[-101.0495,32.0735]]}},{"type":"Feature","properties":{"ef":0,"year":2012,"date":"2012-04-07","len_km":1.2,"inj":0,"fat":0},"geometry":{"type":"LineString","coordinates":[[-101.13,31.69],[-101.1309,31.6788]]}},{"type":"Feature","properties":{"ef":0,"year":2012,"date":"2012-04-07","len_km":1.9,"inj":0,"fat":0},"geometry":{"type":"LineString","coordinates":[[-101.2,31.65],[-101.2054,31.6336]]}},{"type":"Feature","properties":{"ef":0,"year":2012,"date":"2012-05-10","len_km":16.5,"inj":2,"fat":0},"geometry":{"type":"LineString","coordinates":[[-99.3947,28.526],[-99.2649,28.6214]]}},{"type":"Feature","properties":{"ef":0,"year":2012,"date":"2012-05-10","len_km":0.1,"inj":0,"fat":0},"geometry":{"type":"LineString","coordinates":[[-97.9125,27.4215],[-97.9114,27.4217]]}},{"type":"Feature","properties":{"ef":0,"year":2012,"date":"2012-05-10","len_km":0.4,"inj":0,"fat":0},"geometry":{"type":"LineString","coordinates":[[-97.912,29.1098],[-97.9058,29.1086]]}},{"type":"Feature","properties":{"ef":0,"year":2012,"date":"2012-05-10","len_km":0.0,"inj":0,"fat":0},"geometry":{"type":"LineString","coordinates":[[-98.2658,28.5864],[-98.2657,28.5865]]}},{"type":"Feature","properties":{"ef":0,"year":2012,"date":"2012-05-10","len_km":1.3,"inj":0,"fat":0},"geometry":{"type":"LineString","coordinates":[[-98.2782,28.6276],[-98.2655,28.631]]}},{"type":"Feature","properties":{"ef":0,"year":2012,"date":"2012-05-10","len_km":0.7,"inj":0,"fat":0},"geometry":{"type":"LineString","coordinates":[[-98.169,28.62],[-98.1639,28.6246]]}},{"type":"Feature","properties":{"ef":0,"year":2012,"date":"2012-05-10","len_km":0.0,"inj":0,"fat":0},"geometry":{"type":"LineString","coordinates":[[-98.099,28.647],[-98.0986,28.6473]]}},{"type":"Feature","properties":{"ef":0,"year":2012,"date":"2012-05-10","len_km":0.5,"inj":0,"fat":0},"geometry":{"type":"LineString","coordinates":[[-98.035,28.6193],[-98.0324,28.6236]]}},{"type":"Feature","properties":{"ef":0,"year":2012,"date":"2012-05-10","len_km":0.6,"inj":0,"fat":0},"geometry":{"type":"LineString","coordinates":[[-98.0247,28.65],[-98.0207,28.6536]]}},{"type":"Feature","properties":{"ef":0,"year":2012,"date":"2012-05-10","len_km":1.5,"inj":0,"fat":0},"geometry":{"type":"LineString","coordinates":[[-98.022,28.6756],[-98.0073,28.6709]]}},{"type":"Feature","properties":{"ef":0,"year":2012,"date":"2012-05-10","len_km":0.1,"inj":0,"fat":0},"geometry":{"type":"LineString","coordinates":[[-98.2557,28.4035],[-98.2549,28.4041]]}},{"type":"Feature","properties":{"ef":2,"year":2012,"date":"2012-05-10","len_km":1.0,"inj":8,"fat":0},"geometry":{"type":"LineString","coordinates":[[-96.7935,29.6992],[-96.7894,29.7074]]}},{"type":"Feature","properties":{"ef":0,"year":2012,"date":"2012-05-10","len_km":7.9,"inj":0,"fat":0},"geometry":{"type":"LineString","coordinates":[[-98.328,28.0788],[-98.248,28.0832]]}},{"type":"Feature","properties":{"ef":0,"year":2012,"date":"2012-05-10","len_km":0.6,"inj":0,"fat":0},"geometry":{"type":"LineString","coordinates":[[-98.0255,28.0908],[-98.02,28.0932]]}},{"type":"Feature","properties":{"ef":0,"year":2012,"date":"2012-05-10","len_km":2.8,"inj":0,"fat":0},"geometry":{"type":"LineString","coordinates":[[-97.4795,27.7528],[-97.4529,27.7444]]}},{"type":"Feature","properties":{"ef":1,"year":2012,"date":"2012-05-10","len_km":12.0,"inj":0,"fat":0},"geometry":{"type":"LineString","coordinates":[[-97.4671,28.0014],[-97.3475,28.0234]]}},{"type":"Feature","properties":{"ef":0,"year":2012,"date":"2012-05-10","len_km":6.0,"inj":0,"fat":0},"geometry":{"type":"LineString","coordinates":[[-97.2858,28.1392],[-97.2256,28.1324]]}},{"type":"Feature","properties":{"ef":0,"year":2012,"date":"2012-05-10","len_km":1.8,"inj":0,"fat":0},"geometry":{"type":"LineString","coordinates":[[-97.0014,28.1961],[-96.9838,28.2013]]}},{"type":"Feature","properties":{"ef":0,"year":2012,"date":"2012-05-10","len_km":0.2,"inj":0,"fat":0},"geometry":{"type":"LineString","coordinates":[[-98.8846,27.078],[-98.8829,27.0779]]}},{"type":"Feature","properties":{"ef":0,"year":2012,"date":"2012-05-11","len_km":0.2,"inj":0,"fat":0},"geometry":{"type":"Point","coordinates":[-97.6165,26.1367]}},{"type":"Feature","properties":{"ef":0,"year":2012,"date":"2012-05-21","len_km":0.9,"inj":0,"fat":0},"geometry":{"type":"LineString","coordinates":[[-102.7302,35.3109],[-102.7332,35.3032]]}},{"type":"Feature","properties":{"ef":0,"year":2012,"date":"2012-05-30","len_km":1.1,"inj":0,"fat":0},"geometry":{"type":"LineString","coordinates":[[-100.2839,34.0114],[-100.2853,34.0015]]}},{"type":"Feature","properties":{"ef":0,"year":2012,"date":"2012-05-30","len_km":0.6,"inj":0,"fat":0},"geometry":{"type":"LineString","coordinates":[[-100.2832,34.0009],[-100.2856,33.9958]]}},{"type":"Feature","properties":{"ef":0,"year":2012,"date":"2012-05-30","len_km":0.5,"inj":0,"fat":0},"geometry":{"type":"LineString","coordinates":[[-100.2805,34.0018],[-100.2798,33.9972]]}},{"type":"Feature","properties":{"ef":0,"year":2012,"date":"2012-05-30","len_km":0.9,"inj":0,"fat":0},"geometry":{"type":"LineString","coordinates":[[-100.2969,33.9634],[-100.2939,33.9556]]}},{"type":"Feature","properties":{"ef":0,"year":2012,"date":"2012-05-30","len_km":3.2,"inj":0,"fat":0},"geometry":{"type":"Point","coordinates":[-99.95,33.87]}},{"type":"Feature","properties":{"ef":0,"year":2012,"date":"2012-05-30","len_km":0.2,"inj":0,"fat":0},"geometry":{"type":"LineString","coordinates":[[-99.863,31.5789],[-99.8618,31.5779]]}},{"type":"Feature","properties":{"ef":0,"year":2012,"date":"2012-05-30","len_km":0.2,"inj":0,"fat":0},"geometry":{"type":"LineString","coordinates":[[-99.8411,31.53],[-99.8394,31.53]]}},{"type":"Feature","properties":{"ef":0,"year":2012,"date":"2012-05-30","len_km":7.7,"inj":0,"fat":0},"geometry":{"type":"LineString","coordinates":[[-100.4535,34.0393],[-100.4343,33.9722]]}},{"type":"Feature","properties":{"ef":0,"year":2012,"date":"2012-05-30","len_km":0.2,"inj":0,"fat":0},"geometry":{"type":"LineString","coordinates":[[-99.75,31.41],[-99.7512,31.408]]}},{"type":"Feature","properties":{"ef":0,"year":2012,"date":"2012-05-08","len_km":0.0,"inj":0,"fat":0},"geometry":{"type":"LineString","coordinates":[[-97.3628,27.7364],[-97.3632,27.736]]}},{"type":"Feature","properties":{"ef":1,"year":2012,"date":"2012-06-12","len_km":0.2,"inj":0,"fat":0},"geometry":{"type":"LineString","coordinates":[[-102.8142,32.3939],[-102.7663,32.3784]]}},{"type":"Feature","properties":{"ef":0,"year":2012,"date":"2012-06-13","len_km":0.3,"inj":0,"fat":0},"geometry":{"type":"LineString","coordinates":[[-96.2504,33.5045],[-96.2491,33.5025]]}},{"type":"Feature","properties":{"ef":0,"year":2012,"date":"2012-06-04","len_km":0.0,"inj":0,"fat":0},"geometry":{"type":"Point","coordinates":[-101.27,33.63]}},{"type":"Feature","properties":{"ef":0,"year":2012,"date":"2012-08-21","len_km":0.6,"inj":0,"fat":0},"geometry":{"type":"LineString","coordinates":[[-94.8788,29.6681],[-94.8723,29.672]]}},{"type":"Feature","properties":{"ef":0,"year":2012,"date":"2012-09-29","len_km":1.0,"inj":0,"fat":0},"geometry":{"type":"LineString","coordinates":[[-97.0655,29.338],[-97.0688,29.3466]]}},{"type":"Feature","properties":{"ef":0,"year":2012,"date":"2012-09-29","len_km":0.2,"inj":0,"fat":0},"geometry":{"type":"LineString","coordinates":[[-96.6423,28.6179],[-96.6414,28.6191]]}},{"type":"Feature","properties":{"ef":0,"year":2013,"date":"2013-10-12","len_km":0.0,"inj":0,"fat":0},"geometry":{"type":"Point","coordinates":[-97.0985,33.359]}},{"type":"Feature","properties":{"ef":0,"year":2013,"date":"2013-10-18","len_km":0.3,"inj":0,"fat":0},"geometry":{"type":"LineString","coordinates":[[-97.77,27.54],[-97.7671,27.5412]]}},{"type":"Feature","properties":{"ef":0,"year":2013,"date":"2013-10-21","len_km":0.3,"inj":0,"fat":0},"geometry":{"type":"LineString","coordinates":[[-97.8,27.4276],[-97.797,27.4272]]}},{"type":"Feature","properties":{"ef":1,"year":2013,"date":"2013-10-31","len_km":2.0,"inj":0,"fat":0},"geometry":{"type":"LineString","coordinates":[[-93.9826,30.8447],[-93.973,30.861]]}},{"type":"Feature","properties":{"ef":1,"year":2013,"date":"2013-10-31","len_km":9.5,"inj":0,"fat":0},"geometry":{"type":"LineString","coordinates":[[-93.871,30.039],[-93.7799,30.073]]}},{"type":"Feature","properties":{"ef":1,"year":2013,"date":"2013-12-21","len_km":1.4,"inj":0,"fat":0},"geometry":{"type":"LineString","coordinates":[[-94.4977,30.7418],[-94.4835,30.7452]]}},{"type":"Feature","properties":{"ef":1,"year":2013,"date":"2013-12-21","len_km":2.4,"inj":0,"fat":0},"geometry":{"type":"LineString","coordinates":[[-94.2042,30.7867],[-94.1808,30.7944]]}},{"type":"Feature","properties":{"ef":1,"year":2013,"date":"2013-12-21","len_km":0.6,"inj":0,"fat":0},"geometry":{"type":"LineString","coordinates":[[-94.0208,30.6953],[-94.0158,30.6991]]}},{"type":"Feature","properties":{"ef":0,"year":2013,"date":"2013-01-29","len_km":0.3,"inj":0,"fat":0},"geometry":{"type":"LineString","coordinates":[[-95.5502,32.6993],[-95.5481,32.7014]]}},{"type":"Feature","properties":{"ef":0,"year":2013,"date":"2013-02-10","len_km":0.8,"inj":1,"fat":0},"geometry":{"type":"LineString","coordinates":[[-94.871,30.707],[-94.8624,30.7075]]}},{"type":"Feature","properties":{"ef":1,"year":2013,"date":"2013-02-18","len_km":0.9,"inj":0,"fat":0},"geometry":{"type":"LineString","coordinates":[[-94.9543,30.4897],[-94.9449,30.4913]]}},{"type":"Feature","properties":{"ef":0,"year":2013,"date":"2013-02-18","len_km":1.2,"inj":0,"fat":0},"geometry":{"type":"LineString","coordinates":[[-94.7978,32.3099],[-94.787,32.3152]]}},{"type":"Feature","properties":{"ef":0,"year":2013,"date":"2013-02-18","len_km":0.0,"inj":0,"fat":0},"geometry":{"type":"Point","coordinates":[-94.7338,32.319]}},{"type":"Feature","properties":{"ef":0,"year":2013,"date":"2013-02-18","len_km":2.0,"inj":0,"fat":0},"geometry":{"type":"LineString","coordinates":[[-94.921,32.0183],[-94.901,32.0128]]}},{"type":"Feature","properties":{"ef":0,"year":2013,"date":"2013-02-18","len_km":2.5,"inj":0,"fat":0},"geometry":{"type":"LineString","coordinates":[[-94.6639,32.3047],[-94.6374,32.3059]]}},{"type":"Feature","properties":{"ef":1,"year":2013,"date":"2013-02-18","len_km":3.2,"inj":0,"fat":0},"geometry":{"type":"LineString","coordinates":[[-94.7597,31.9662],[-94.7313,31.9509]]}},{"type":"Feature","properties":{"ef":0,"year":2013,"date":"2013-02-18","len_km":1.9,"inj":0,"fat":0},"geometry":{"type":"LineString","coordinates":[[-94.4192,32.2991],[-94.3991,32.3025]]}},{"type":"Feature","properties":{"ef":0,"year":2013,"date":"2013-02-18","len_km":0.0,"inj":0,"fat":0},"geometry":{"type":"Point","coordinates":[-94.663,31.9619]}},{"type":"Feature","properties":{"ef":0,"year":2013,"date":"2013-02-18","len_km":1.3,"inj":0,"fat":0},"geometry":{"type":"LineString","coordinates":[[-94.3466,32.2831],[-94.3328,32.2847]]}},{"type":"Feature","properties":{"ef":0,"year":2013,"date":"2013-02-18","len_km":0.0,"inj":0,"fat":0},"geometry":{"type":"Point","coordinates":[-94.5935,31.9279]}},{"type":"Feature","properties":{"ef":0,"year":2013,"date":"2013-02-18","len_km":0.0,"inj":0,"fat":0},"geometry":{"type":"Point","coordinates":[-94.2826,32.2893]}},{"type":"Feature","properties":{"ef":1,"year":2013,"date":"2013-02-18","len_km":0.0,"inj":0,"fat":0},"geometry":{"type":"Point","coordinates":[-94.5265,31.9243]}},{"type":"Feature","properties":{"ef":0,"year":2013,"date":"2013-02-18","len_km":0.0,"inj":0,"fat":0},"geometry":{"type":"Point","coordinates":[-94.2343,32.2578]}},{"type":"Feature","properties":{"ef":0,"year":2013,"date":"2013-02-18","len_km":0.0,"inj":0,"fat":0},"geometry":{"type":"Point","coordinates":[-94.397,31.9097]}},{"type":"Feature","properties":{"ef":1,"year":2013,"date":"2013-02-21","len_km":7.2,"inj":2,"fat":1},"geometry":{"type":"LineString","coordinates":[[-93.9751,31.3157],[-93.9072,31.3442]]}},{"type":"Feature","properties":{"ef":0,"year":2013,"date":"2013-04-13","len_km":4.2,"inj":0,"fat":0},"geometry":{"type":"LineString","coordinates":[[-103.7755,30.3006],[-103.7731,30.2629]]}},{"type":"Feature","properties":{"ef":0,"year":2013,"date":"2013-04-17","len_km":1.7,"inj":0,"fat":0},"geometry":{"type":"LineString","coordinates":[[-98.98,34.17],[-98.9635,34.1759]]}},{"type":"Feature","properties":{"ef":0,"year":2013,"date":"2013-04-17","len_km":0.3,"inj":0,"fat":0},"geometry":{"type":"LineString","coordinates":[[-98.97,34.2],[-98.9675,34.201]]}},{"type":"Feature","properties":{"ef":0,"year":2013,"date":"2013-04-29","len_km":2.7,"inj":0,"fat":0},"geometry":{"type":"LineString","coordinates":[[-97.38,28.04],[-97.3701,28.0623]]}},{"type":"Feature","properties":{"ef":0,"year":2013,"date":"2013-04-29","len_km":0.2,"inj":0,"fat":0},"geometry":{"type":"LineString","coordinates":[[-97.38,28.0958],[-97.3798,28.0973]]}},{"type":"Feature","properties":{"ef":0,"year":2013,"date":"2013-04-29","len_km":0.4,"inj":0,"fat":0},"geometry":{"type":"LineString","coordinates":[[-97.1312,28.4207],[-97.131,28.4238]]}},{"type":"Feature","properties":{"ef":0,"year":2013,"date":"2013-04-30","len_km":0.2,"inj":0,"fat":0},"geometry":{"type":"LineString","coordinates":[[-101.8582,33.4475],[-101.8562,33.4475]]}},{"type":"Feature","properties":{"ef":1,"year":2013,"date":"2013-04-01","len_km":3.0,"inj":0,"fat":0},"geometry":{"type":"LineString","coordinates":[[-101.2249,34.4319],[-101.1867,34.4241]]}},{"type":"Feature","properties":{"ef":0,"year":2013,"date":"2013-05-15","len_km":1.8,"inj":0,"fat":0},"geometry":{"type":"LineString","coordinates":[[-97.881,33.814],[-97.867,33.825]]}},{"type":"Feature","properties":{"ef":0,"year":2013,"date":"2013-05-15","len_km":5.5,"inj":0,"fat":0},"geometry":{"type":"LineString","coordinates":[[-98.58,31.655],[-98.525,31.639]]}},{"type":"Feature","properties":{"ef":0,"year":2013,"date":"2013-05-15","len_km":0.5,"inj":0,"fat":0},"geometry":{"type":"LineString","coordinates":[[-98.072,32.771],[-98.067,32.77]]}},{"type":"Feature","properties":{"ef":1,"year":2013,"date":"2013-05-15","len_km":1.6,"inj":1,"fat":0},"geometry":{"type":"LineString","coordinates":[[-97.683,33.845],[-97.673,33.857]]}},{"type":"Feature","properties":{"ef":1,"year":2013,"date":"2013-05-15","len_km":5.8,"inj":0,"fat":0},"geometry":{"type":"LineString","coordinates":[[-97.89,33.434],[-97.862,33.481]]}},{"type":"Feature","properties":{"ef":1,"year":2013,"date":"2013-05-15","len_km":3.1,"inj":0,"fat":0},"geometry":{"type":"LineString","coordinates":[[-98.0302,32.747],[-97.9991,32.7365]]}},{"type":"Feature","properties":{"ef":0,"year":2013,"date":"2013-05-15","len_km":1.5,"inj":0,"fat":0},"geometry":{"type":"LineString","coordinates":[[-97.589,33.841],[-97.573,33.838]]}},{"type":"Feature","properties":{"ef":0,"year":2013,"date":"2013-05-15","len_km":0.8,"inj":0,"fat":0},"geometry":{"type":"LineString","coordinates":[[-97.942,32.72],[-97.934,32.718]]}},{"type":"Feature","properties":{"ef":0,"year":2013,"date":"2013-05-15","len_km":1.1,"inj":0,"fat":0},"geometry":{"type":"LineString","coordinates":[[-97.6719,33.408],[-97.66,33.408]]}},{"type":"Feature","properties":{"ef":0,"year":2013,"date":"2013-05-15","len_km":2.3,"inj":0,"fat":0},"geometry":{"type":"LineString","coordinates":[[-97.806,32.639],[-97.781,32.641]]}},{"type":"Feature","properties":{"ef":4,"year":2013,"date":"2013-05-15","len_km":4.0,"inj":54,"fat":6},"geometry":{"type":"LineString","coordinates":[[-97.754,32.412],[-97.7243,32.438]]}},{"type":"Feature","properties":{"ef":0,"year":2013,"date":"2013-05-15","len_km":0.2,"inj":0,"fat":0},"geometry":{"type":"LineString","coordinates":[[-97.675,32.566],[-97.673,32.566]]}},{"type":"Feature","properties":{"ef":1,"year":2013,"date":"2013-05-15","len_km":3.9,"inj":0,"fat":0},"geometry":{"type":"LineString","coordinates":[[-97.633,32.356],[-97.592,32.351]]}},{"type":"Feature","properties":{"ef":0,"year":2013,"date":"2013-05-15","len_km":0.3,"inj":0,"fat":0},"geometry":{"type":"LineString","coordinates":[[-97.664,32.555],[-97.661,32.554]]}},{"type":"Feature","properties":{"ef":0,"year":2013,"date":"2013-05-15","len_km":0.3,"inj":0,"fat":0},"geometry":{"type":"LineString","coordinates":[[-98.135,31.512],[-98.135,31.515]]}},{"type":"Feature","properties":{"ef":0,"year":2013,"date":"2013-05-15","len_km":1.7,"inj":0,"fat":0},"geometry":{"type":"LineString","coordinates":[[-98.145,31.502],[-98.128,31.506]]}},{"type":"Feature","properties":{"ef":3,"year":2013,"date":"2013-05-15","len_km":12.5,"inj":7,"fat":0},"geometry":{"type":"LineString","coordinates":[[-97.495,32.255],[-97.406,32.339]]}},{"type":"Feature","properties":{"ef":0,"year":2013,"date":"2013-05-15","len_km":2.1,"inj":0,"fat":0},"geometry":{"type":"LineString","coordinates":[[-97.297,32.311],[-97.275,32.311]]}},{"type":"Feature","properties":{"ef":1,"year":2013,"date":"2013-05-15","len_km":9.9,"inj":1,"fat":0},"geometry":{"type":"LineString","coordinates":[[-96.631,32.325],[-96.536,32.364]]}},{"type":"Feature","properties":{"ef":1,"year":2013,"date":"2013-05-16","len_km":2.3,"inj":1,"fat":0},"geometry":{"type":"LineString","coordinates":[[-94.1534,32.4911],[-94.1299,32.4852]]}},{"type":"Feature","properties":{"ef":1,"year":2013,"date":"2013-05-16","len_km":0.7,"inj":0,"fat":0},"geometry":{"type":"LineString","coordinates":[[-94.0565,32.4636],[-94.0509,32.4597]]}},{"type":"Feature","properties":{"ef":0,"year":2013,"date":"2013-05-17","len_km":1.6,"inj":0,"fat":0},"geometry":{"type":"LineString","coordinates":[[-98.81,32.99],[-98.797,32.98]]}},{"type":"Feature","properties":{"ef":1,"year":2013,"date":"2013-05-17","len_km":5.1,"inj":0,"fat":0},"geometry":{"type":"LineString","coordinates":[[-98.784,32.999],[-98.8145,32.9615]]}},{"type":"Feature","properties":{"ef":0,"year":2013,"date":"2013-05-20","len_km":1.9,"inj":0,"fat":0},"geometry":{"type":"LineString","coordinates":[[-99.01,31.86],[-98.99,31.86]]}},{"type":"Feature","properties":{"ef":0,"year":2013,"date":"2013-05-20","len_km":1.5,"inj":0,"fat":0},"geometry":{"type":"LineString","coordinates":[[-97.931,33.798],[-97.915,33.798]]}},{"type":"Feature","properties":{"ef":1,"year":2013,"date":"2013-05-20","len_km":5.9,"inj":0,"fat":0},"geometry":{"type":"LineString","coordinates":[[-98.79,31.83],[-98.77,31.78]]}},{"type":"Feature","properties":{"ef":0,"year":2013,"date":"2013-05-20","len_km":0.3,"inj":0,"fat":0},"geometry":{"type":"Point","coordinates":[-98.78,31.73]}},{"type":"Feature","properties":{"ef":0,"year":2013,"date":"2013-05-20","len_km":1.7,"inj":0,"fat":0},"geometry":{"type":"LineString","coordinates":[[-98.485,31.677],[-98.467,31.68]]}},{"type":"Feature","properties":{"ef":0,"year":2013,"date":"2013-05-23","len_km":0.0,"inj":0,"fat":0},"geometry":{"type":"Point","coordinates":[-101.32,34.1]}},{"type":"Feature","properties":{"ef":0,"year":2013,"date":"2013-05-23","len_km":0.0,"inj":0,"fat":0},"geometry":{"type":"Point","coordinates":[-101.2,34.11]}},{"type":"Feature","properties":{"ef":0,"year":2013,"date":"2013-05-23","len_km":1.1,"inj":0,"fat":0},"geometry":{"type":"LineString","coordinates":[[-101.1655,33.9935],[-101.1587,33.9812]]}},{"type":"Feature","properties":{"ef":1,"year":2013,"date":"2013-05-23","len_km":3.1,"inj":0,"fat":0},"geometry":{"type":"LineString","coordinates":[[-100.66,33.48],[-100.6499,33.4533]]}},{"type":"Feature","properties":{"ef":0,"year":2013,"date":"2013-05-23","len_km":1.6,"inj":0,"fat":0},"geometry":{"type":"LineString","coordinates":[[-100.45,32.86],[-100.46,32.85]]}},{"type":"Feature","properties":{"ef":0,"year":2013,"date":"2013-05-25","len_km":0.5,"inj":0,"fat":0},"geometry":{"type":"LineString","coordinates":[[-98.1209,29.3427],[-98.1236,29.3462]]}},{"type":"Feature","properties":{"ef":0,"year":2013,"date":"2013-05-25","len_km":0.6,"inj":0,"fat":0},"geometry":{"type":"LineString","coordinates":[[-98.3479,29.5498],[-98.3483,29.5554]]}},{"type":"Feature","properties":{"ef":0,"year":2013,"date":"2013-05-25","len_km":2.0,"inj":0,"fat":0},"geometry":{"type":"LineString","coordinates":[[-96.9825,28.8719],[-96.9866,28.8896]]}},{"type":"Feature","properties":{"ef":0,"year":2013,"date":"2013-05-28","len_km":3.4,"inj":0,"fat":0},"geometry":{"type":"LineString","coordinates":[[-102.961,34.7897],[-102.9237,34.7939]]}},{"type":"Feature","properties":{"ef":0,"year":2013,"date":"2013-05-28","len_km":3.3,"inj":0,"fat":0},"geometry":{"type":"LineString","coordinates":[[-102.921,34.9936],[-102.9016,35.0188]]}},{"type":"Feature","properties":{"ef":0,"year":2013,"date":"2013-05-29","len_km":1.1,"inj":0,"fat":0},"geometry":{"type":"LineString","coordinates":[[-100.99,34.38],[-100.9783,34.3819]]}},{"type":"Feature","properties":{"ef":0,"year":2013,"date":"2013-05-29","len_km":0.9,"inj":0,"fat":0},"geometry":{"type":"LineString","coordinates":[[-100.9094,34.3759],[-100.9027,34.3819]]}},{"type":"Feature","properties":{"ef":0,"year":2013,"date":"2013-05-08","len_km":0.0,"inj":0,"fat":0},"geometry":{"type":"Point","coordinates":[-100.48,33.35]}},{"type":"Feature","properties":{"ef":0,"year":2013,"date":"2013-06-14","len_km":3.1,"inj":0,"fat":0},"geometry":{"type":"LineString","coordinates":[[-99.73,29.33],[-99.7499,29.3513]]}},{"type":"Feature","properties":{"ef":2,"year":2013,"date":"2013-06-19","len_km":8.4,"inj":0,"fat":0},"geometry":{"type":"LineString","coordinates":[[-102.561,33.4805],[-102.5478,33.555]]}},{"type":"Feature","properties":{"ef":0,"year":2013,"date":"2013-06-02","len_km":0.3,"inj":0,"fat":0},"geometry":{"type":"LineString","coordinates":[[-97.5303,27.6816],[-97.5277,27.6836]]}},{"type":"Feature","properties":{"ef":0,"year":2013,"date":"2013-08-14","len_km":1.6,"inj":0,"fat":0},"geometry":{"type":"Point","coordinates":[-101.82,36.34]}},{"type":"Feature","properties":{"ef":0,"year":2013,"date":"2013-08-14","len_km":0.2,"inj":0,"fat":0},"geometry":{"type":"Point","coordinates":[-101.57,35.95]}},{"type":"Feature","properties":{"ef":0,"year":2013,"date":"2013-08-14","len_km":0.1,"inj":0,"fat":0},"geometry":{"type":"LineString","coordinates":[[-101.9,33.94],[-101.8997,33.939]]}},{"type":"Feature","properties":{"ef":0,"year":2013,"date":"2013-08-01","len_km":1.2,"inj":0,"fat":0},"geometry":{"type":"LineString","coordinates":[[-101.8345,33.6621],[-101.8307,33.6723]]}},{"type":"Feature","properties":{"ef":0,"year":2013,"date":"2013-08-01","len_km":0.7,"inj":0,"fat":0},"geometry":{"type":"LineString","coordinates":[[-101.8253,33.6804],[-101.8223,33.6861]]}},{"type":"Feature","properties":{"ef":0,"year":2013,"date":"2013-08-07","len_km":0.0,"inj":0,"fat":0},"geometry":{"type":"LineString","coordinates":[[-102.02,33.529],[-102.0198,33.5291]]}},{"type":"Feature","properties":{"ef":1,"year":2014,"date":"2014-10-13","len_km":9.3,"inj":0,"fat":0},"geometry":{"type":"LineString","coordinates":[[-95.0456,32.7681],[-94.9475,32.784]]}},{"type":"Feature","properties":{"ef":1,"year":2014,"date":"2014-10-09","len_km":11.3,"inj":0,"fat":0},"geometry":{"type":"LineString","coordinates":[[-101.0445,35.4213],[-100.9467,35.4845]]}},{"type":"Feature","properties":{"ef":0,"year":2014,"date":"2014-12-27","len_km":0.4,"inj":0,"fat":0},"geometry":{"type":"LineString","coordinates":[[-94.7823,30.3853],[-94.781,30.3855]]}},{"type":"Feature","properties":{"ef":1,"year":2014,"date":"2014-12-27","len_km":6.8,"inj":0,"fat":0},"geometry":{"type":"LineString","coordinates":[[-94.2553,30.6829],[-94.1952,30.7163]]}},{"type":"Feature","properties":{"ef":1,"year":2014,"date":"2014-12-27","len_km":3.2,"inj":0,"fat":0},"geometry":{"type":"LineString","coordinates":[[-93.979,30.864],[-93.955,30.884]]}},{"type":"Feature","properties":{"ef":0,"year":2014,"date":"2014-04-13","len_km":0.5,"inj":0,"fat":0},"geometry":{"type":"LineString","coordinates":[[-94.9673,33.0181],[-94.9643,33.0212]]}},{"type":"Feature","properties":{"ef":1,"year":2014,"date":"2014-04-13","len_km":1.3,"inj":1,"fat":0},"geometry":{"type":"LineString","coordinates":[[-95.4477,31.1251],[-95.4479,31.1365]]}},{"type":"Feature","properties":{"ef":0,"year":2014,"date":"2014-04-20","len_km":0.3,"inj":0,"fat":0},"geometry":{"type":"Point","coordinates":[-100.07,34.51]}},{"type":"Feature","properties":{"ef":0,"year":2014,"date":"2014-04-03","len_km":1.5,"inj":1,"fat":0},"geometry":{"type":"LineString","coordinates":[[-96.5234,33.1851],[-96.5101,33.1772]]}},{"type":"Feature","properties":{"ef":1,"year":2014,"date":"2014-04-03","len_km":19.0,"inj":4,"fat":0},"geometry":{"type":"LineString","coordinates":[[-96.2488,33.1959],[-96.0618,33.2643]]}},{"type":"Feature","properties":{"ef":0,"year":2014,"date":"2014-04-03","len_km":0.9,"inj":1,"fat":0},"geometry":{"type":"LineString","coordinates":[[-95.587,33.2671],[-95.5813,33.2736]]}},{"type":"Feature","properties":{"ef":0,"year":2014,"date":"2014-05-24","len_km":0.2,"inj":0,"fat":0},"geometry":{"type":"LineString","coordinates":[[-101.8355,30.9255],[-101.8338,30.9262]]}},{"type":"Feature","properties":{"ef":0,"year":2014,"date":"2014-05-25","len_km":1.9,"inj":0,"fat":0},"geometry":{"type":"LineString","coordinates":[[-102.8741,30.3808],[-102.8566,30.3879]]}},{"type":"Feature","properties":{"ef":0,"year":2014,"date":"2014-05-26","len_km":0.8,"inj":0,"fat":0},"geometry":{"type":"LineString","coordinates":[[-97.4599,30.0941],[-97.4518,30.0954]]}},{"type":"Feature","properties":{"ef":0,"year":2014,"date":"2014-05-26","len_km":1.0,"inj":0,"fat":0},"geometry":{"type":"LineString","coordinates":[[-102.1052,32.4985],[-102.0988,32.5054]]}},{"type":"Feature","properties":{"ef":0,"year":2014,"date":"2014-05-26","len_km":0.2,"inj":0,"fat":0},"geometry":{"type":"LineString","coordinates":[[-97.6463,28.0553],[-97.6444,28.0553]]}},{"type":"Feature","properties":{"ef":2,"year":2014,"date":"2014-05-26","len_km":1.6,"inj":0,"fat":0},"geometry":{"type":"LineString","coordinates":[[-101.2859,32.2946],[-101.28,32.3084]]}},{"type":"Feature","properties":{"ef":0,"year":2014,"date":"2014-05-26","len_km":3.3,"inj":0,"fat":0},"geometry":{"type":"LineString","coordinates":[[-102.1983,33.5125],[-102.1674,33.4979]]}},{"type":"Feature","properties":{"ef":0,"year":2014,"date":"2014-05-26","len_km":2.1,"inj":0,"fat":0},"geometry":{"type":"LineString","coordinates":[[-101.5937,31.8935],[-101.5801,31.909]]}},{"type":"Feature","properties":{"ef":0,"year":2014,"date":"2014-05-26","len_km":1.1,"inj":0,"fat":0},"geometry":{"type":"LineString","coordinates":[[-101.3807,31.87],[-101.375,31.8784]]}},{"type":"Feature","properties":{"ef":0,"year":2014,"date":"2014-05-26","len_km":1.3,"inj":0,"fat":0},"geometry":{"type":"LineString","coordinates":[[-101.3554,31.8462],[-101.3472,31.8552]]}},{"type":"Feature","properties":{"ef":0,"year":2014,"date":"2014-05-26","len_km":0.4,"inj":0,"fat":0},"geometry":{"type":"LineString","coordinates":[[-101.2102,31.72],[-101.2064,31.7197]]}},{"type":"Feature","properties":{"ef":1,"year":2014,"date":"2014-05-27","len_km":3.8,"inj":0,"fat":0},"geometry":{"type":"LineString","coordinates":[[-98.0538,27.7519],[-98.0631,27.719]]}},{"type":"Feature","properties":{"ef":1,"year":2014,"date":"2014-05-27","len_km":8.5,"inj":0,"fat":0},"geometry":{"type":"LineString","coordinates":[[-98.1278,27.3649],[-98.1376,27.2893]]}},{"type":"Feature","properties":{"ef":0,"year":2014,"date":"2014-05-07","len_km":0.3,"inj":0,"fat":0},"geometry":{"type":"Point","coordinates":[-98.602,34.033]}},{"type":"Feature","properties":{"ef":0,"year":2014,"date":"2014-05-08","len_km":0.7,"inj":0,"fat":0},"geometry":{"type":"LineString","coordinates":[[-96.889,32.757],[-96.882,32.76]]}},{"type":"Feature","properties":{"ef":0,"year":2014,"date":"2014-06-11","len_km":1.1,"inj":0,"fat":0},"geometry":{"type":"LineString","coordinates":[[-100.39,31.49],[-100.39,31.48]]}},{"type":"Feature","properties":{"ef":0,"year":2014,"date":"2014-06-11","len_km":0.9,"inj":0,"fat":0},"geometry":{"type":"LineString","coordinates":[[-100.378,31.4479],[-100.3722,31.4409]]}},{"type":"Feature","properties":{"ef":0,"year":2014,"date":"2014-06-12","len_km":0.2,"inj":0,"fat":0},"geometry":{"type":"LineString","coordinates":[[-98.0402,30.9321],[-98.04,30.9303]]}},{"type":"Feature","properties":{"ef":2,"year":2014,"date":"2014-06-12","len_km":2.7,"inj":0,"fat":0},"geometry":{"type":"LineString","coordinates":[[-98.0875,30.8685],[-98.1068,30.8507]]}},{"type":"Feature","properties":{"ef":0,"year":2014,"date":"2014-06-22","len_km":3.2,"inj":0,"fat":0},"geometry":{"type":"LineString","coordinates":[[-100.4165,36.4234],[-100.4151,36.3944]]}},{"type":"Feature","properties":{"ef":0,"year":2014,"date":"2014-06-22","len_km":1.6,"inj":0,"fat":0},"geometry":{"type":"LineString","coordinates":[[-100.3351,36.3226],[-100.3347,36.3081]]}},{"type":"Feature","properties":{"ef":1,"year":2014,"date":"2014-06-22","len_km":3.0,"inj":0,"fat":0},"geometry":{"type":"LineString","coordinates":[[-100.5581,35.9433],[-100.5259,35.9498]]}},{"type":"Feature","properties":{"ef":0,"year":2014,"date":"2014-06-25","len_km":0.6,"inj":0,"fat":0},"geometry":{"type":"LineString","coordinates":[[-97.2761,28.3177],[-97.2706,28.3199]]}},{"type":"Feature","properties":{"ef":0,"year":2014,"date":"2014-06-26","len_km":0.1,"inj":1,"fat":0},"geometry":{"type":"LineString","coordinates":[[-94.9646,29.3369],[-94.9646,29.3375]]}},{"type":"Feature","properties":{"ef":0,"year":2014,"date":"2014-06-27","len_km":0.0,"inj":0,"fat":0},"geometry":{"type":"Point","coordinates":[-94.9272,30.1343]}},{"type":"Feature","properties":{"ef":0,"year":2014,"date":"2014-06-27","len_km":0.0,"inj":0,"fat":0},"geometry":{"type":"Point","coordinates":[-94.9994,30.35]}},{"type":"Feature","properties":{"ef":0,"year":2014,"date":"2014-06-28","len_km":1.2,"inj":0,"fat":0},"geometry":{"type":"LineString","coordinates":[[-95.4824,29.8018],[-95.4804,29.8124]]}},{"type":"Feature","properties":{"ef":0,"year":2014,"date":"2014-06-06","len_km":4.0,"inj":0,"fat":0},"geometry":{"type":"LineString","coordinates":[[-102.5128,35.6958],[-102.4916,35.727]]}},{"type":"Feature","properties":{"ef":0,"year":2014,"date":"2014-06-06","len_km":2.7,"inj":0,"fat":0},"geometry":{"type":"LineString","coordinates":[[-100.927,36.0816],[-100.9162,36.1039]]}},{"type":"Feature","properties":{"ef":0,"year":2014,"date":"2014-06-09","len_km":2.8,"inj":0,"fat":0},"geometry":{"type":"LineString","coordinates":[[-94.8031,33.5532],[-94.7735,33.5523]]}},{"type":"Feature","properties":{"ef":0,"year":2014,"date":"2014-07-16","len_km":0.0,"inj":0,"fat":0},"geometry":{"type":"Point","coordinates":[-102.0543,36.3478]}},{"type":"Feature","properties":{"ef":0,"year":2014,"date":"2014-07-16","len_km":2.2,"inj":0,"fat":0},"geometry":{"type":"LineString","coordinates":[[-102.0527,36.3128],[-102.0705,36.2998]]}},{"type":"Feature","properties":{"ef":0,"year":2014,"date":"2014-07-16","len_km":4.9,"inj":0,"fat":0},"geometry":{"type":"LineString","coordinates":[[-102.0838,36.0292],[-102.0804,35.9849]]}},{"type":"Feature","properties":{"ef":0,"year":2014,"date":"2014-07-21","len_km":0.2,"inj":0,"fat":0},"geometry":{"type":"Point","coordinates":[-94.9056,29.3788]}},{"type":"Feature","properties":{"ef":0,"year":2014,"date":"2014-07-02","len_km":0.4,"inj":0,"fat":0},"geometry":{"type":"LineString","coordinates":[[-99.613,33.1018],[-99.6096,33.1004]]}},{"type":"Feature","properties":{"ef":0,"year":2015,"date":"2015-10-24","len_km":0.9,"inj":0,"fat":0},"geometry":{"type":"LineString","coordinates":[[-95.3646,29.5963],[-95.3622,29.6044]]}},{"type":"Feature","properties":{"ef":0,"year":2015,"date":"2015-10-30","len_km":4.5,"inj":0,"fat":0},"geometry":{"type":"LineString","coordinates":[[-99.288,29.3261],[-99.2563,29.3553]]}},{"type":"Feature","properties":{"ef":2,"year":2015,"date":"2015-10-30","len_km":8.5,"inj":0,"fat":0},"geometry":{"type":"LineString","coordinates":[[-98.155,29.127],[-98.1497,29.203]]}},{"type":"Feature","properties":{"ef":1,"year":2015,"date":"2015-10-30","len_km":1.0,"inj":0,"fat":0},"geometry":{"type":"LineString","coordinates":[[-97.6718,26.3651],[-97.6738,26.3743]]}},{"type":"Feature","properties":{"ef":0,"year":2015,"date":"2015-10-30","len_km":2.6,"inj":1,"fat":0},"geometry":{"type":"LineString","coordinates":[[-97.6116,26.4327],[-97.6192,26.4552]]}},{"type":"Feature","properties":{"ef":2,"year":2015,"date":"2015-10-30","len_km":13.4,"inj":0,"fat":0},"geometry":{"type":"LineString","coordinates":[[-97.982,29.624],[-98.013,29.741]]}},{"type":"Feature","properties":{"ef":1,"year":2015,"date":"2015-10-30","len_km":2.2,"inj":0,"fat":0},"geometry":{"type":"LineString","coordinates":[[-97.977,29.76],[-97.9717,29.7794]]}},{"type":"Feature","properties":{"ef":1,"year":2015,"date":"2015-10-30","len_km":1.4,"inj":0,"fat":0},"geometry":{"type":"LineString","coordinates":[[-97.9717,29.7794],[-97.968,29.792]]}},{"type":"Feature","properties":{"ef":1,"year":2015,"date":"2015-10-31","len_km":1.9,"inj":0,"fat":0},"geometry":{"type":"LineString","coordinates":[[-95.444,28.9653],[-95.4352,28.9809]]}},{"type":"Feature","properties":{"ef":0,"year":2015,"date":"2015-10-31","len_km":1.6,"inj":0,"fat":0},"geometry":{"type":"LineString","coordinates":[[-95.4642,29.0434],[-95.4531,29.054]]}},{"type":"Feature","properties":{"ef":0,"year":2015,"date":"2015-10-31","len_km":1.5,"inj":0,"fat":0},"geometry":{"type":"LineString","coordinates":[[-95.2801,29.2854],[-95.2778,29.2987]]}},{"type":"Feature","properties":{"ef":0,"year":2015,"date":"2015-10-31","len_km":5.9,"inj":0,"fat":0},"geometry":{"type":"LineString","coordinates":[[-95.3791,29.195],[-95.3664,29.2473]]}},{"type":"Feature","properties":{"ef":1,"year":2015,"date":"2015-10-31","len_km":0.3,"inj":3,"fat":0},"geometry":{"type":"LineString","coordinates":[[-95.3129,29.4747],[-95.3112,29.4773]]}},{"type":"Feature","properties":{"ef":1,"year":2015,"date":"2015-10-31","len_km":1.5,"inj":2,"fat":0},"geometry":{"type":"LineString","coordinates":[[-95.2719,29.4716],[-95.2602,29.4804]]}},{"type":"Feature","properties":{"ef":0,"year":2015,"date":"2015-10-31","len_km":1.2,"inj":0,"fat":0},"geometry":{"type":"LineString","coordinates":[[-95.1286,29.6015],[-95.1267,29.6081]]}},{"type":"Feature","properties":{"ef":2,"year":2015,"date":"2015-10-31","len_km":6.8,"inj":0,"fat":0},"geometry":{"type":"LineString","coordinates":[[-95.235,29.511],[-95.205,29.557]]}},{"type":"Feature","properties":{"ef":0,"year":2015,"date":"2015-10-31","len_km":0.3,"inj":0,"fat":0},"geometry":{"type":"LineString","coordinates":[[-94.9556,29.8468],[-94.9548,29.8498]]}},{"type":"Feature","properties":{"ef":2,"year":2015,"date":"2015-10-31","len_km":7.7,"inj":0,"fat":0},"geometry":{"type":"LineString","coordinates":[[-95.1126,29.6383],[-95.0633,29.6922]]}},{"type":"Feature","properties":{"ef":0,"year":2015,"date":"2015-10-31","len_km":5.3,"inj":0,"fat":0},"geometry":{"type":"LineString","coordinates":[[-95.0771,29.8281],[-95.0533,29.8712]]}},{"type":"Feature","properties":{"ef":0,"year":2015,"date":"2015-11-16","len_km":0.6,"inj":0,"fat":0},"geometry":{"type":"LineString","coordinates":[[-101.3,35.007],[-101.294,35.01]]}},{"type":"Feature","properties":{"ef":0,"year":2015,"date":"2015-11-16","len_km":0.2,"inj":0,"fat":0},"geometry":{"type":"LineString","coordinates":[[-101.0777,35.7525],[-101.077,35.754]]}},{"type":"Feature","properties":{"ef":0,"year":2015,"date":"2015-11-16","len_km":0.4,"inj":0,"fat":0},"geometry":{"type":"LineString","coordinates":[[-100.962,35.953],[-100.896,36.016]]}},{"type":"Feature","properties":{"ef":0,"year":2015,"date":"2015-11-16","len_km":0.4,"inj":0,"fat":0},"geometry":{"type":"LineString","coordinates":[[-101.1272,35.207],[-101.126,35.21]]}},{"type":"Feature","properties":{"ef":3,"year":2015,"date":"2015-11-16","len_km":51.3,"inj":0,"fat":0},"geometry":{"type":"LineString","coordinates":[[-101.021,35.299],[-100.7073,35.7333]]}},{"type":"Feature","properties":{"ef":2,"year":2015,"date":"2015-11-16","len_km":16.8,"inj":0,"fat":0},"geometry":{"type":"LineString","coordinates":[[-101.158,35.253],[-101.076,35.388]]}},{"type":"Feature","properties":{"ef":0,"year":2015,"date":"2015-11-16","len_km":5.9,"inj":0,"fat":0},"geometry":{"type":"LineString","coordinates":[[-100.763,36.3],[-100.723,36.342]]}},{"type":"Feature","properties":{"ef":2,"year":2015,"date":"2015-11-16","len_km":9.0,"inj":0,"fat":0},"geometry":{"type":"LineString","coordinates":[[-102.4463,32.6562],[-102.3735,32.7086]]}},{"type":"Feature","properties":{"ef":1,"year":2015,"date":"2015-11-16","len_km":9.3,"inj":0,"fat":0},"geometry":{"type":"LineString","coordinates":[[-100.664,36.361],[-100.6,36.427]]}},{"type":"Feature","properties":{"ef":3,"year":2015,"date":"2015-11-16","len_km":17.6,"inj":0,"fat":0},"geometry":{"type":"LineString","coordinates":[[-100.966,35.457],[-100.844,35.58]]}},{"type":"Feature","properties":{"ef":1,"year":2015,"date":"2015-11-16","len_km":25.7,"inj":0,"fat":0},"geometry":{"type":"LineString","coordinates":[[-100.8281,35.5948],[-100.6712,35.7862]]}},{"type":"Feature","properties":{"ef":0,"year":2015,"date":"2015-11-16","len_km":0.9,"inj":0,"fat":0},"geometry":{"type":"LineString","coordinates":[[-101.2528,35.7491],[-101.246,35.755]]}},{"type":"Feature","properties":{"ef":0,"year":2015,"date":"2015-11-16","len_km":11.6,"inj":0,"fat":0},"geometry":{"type":"LineString","coordinates":[[-100.6218,35.7894],[-100.521,35.854]]}},{"type":"Feature","properties":{"ef":0,"year":2015,"date":"2015-11-16","len_km":0.6,"inj":0,"fat":0},"geometry":{"type":"LineString","coordinates":[[-101.628,35.428],[-101.625,35.433]]}},{"type":"Feature","properties":{"ef":1,"year":2015,"date":"2015-11-16","len_km":23.5,"inj":0,"fat":0},"geometry":{"type":"LineString","coordinates":[[-100.8625,36.0773],[-100.6704,36.2206]]}},{"type":"Feature","properties":{"ef":0,"year":2015,"date":"2015-11-16","len_km":7.5,"inj":0,"fat":0},"geometry":{"type":"LineString","coordinates":[[-100.543,36.322],[-100.48,36.367]]}},{"type":"Feature","properties":{"ef":0,"year":2015,"date":"2015-11-17","len_km":1.4,"inj":0,"fat":0},"geometry":{"type":"LineString","coordinates":[[-97.23,32.91],[-97.22,32.92]]}},{"type":"Feature","properties":{"ef":1,"year":2015,"date":"2015-11-17","len_km":4.9,"inj":0,"fat":0},"geometry":{"type":"LineString","coordinates":[[-97.06,33.13],[-97.01,33.145]]}},{"type":"Feature","properties":{"ef":1,"year":2015,"date":"2015-11-17","len_km":14.9,"inj":0,"fat":0},"geometry":{"type":"LineString","coordinates":[[-96.124,30.6007],[-96.0892,30.7305]]}},{"type":"Feature","properties":{"ef":0,"year":2015,"date":"2015-11-05","len_km":6.2,"inj":0,"fat":0},"geometry":{"type":"LineString","coordinates":[[-97.33,32.79],[-97.3,32.84]]}},{"type":"Feature","properties":{"ef":2,"year":2015,"date":"2015-12-12","len_km":2.9,"inj":0,"fat":0},"geometry":{"type":"LineString","coordinates":[[-95.3989,32.4984],[-95.3895,32.5231]]}},{"type":"Feature","properties":{"ef":2,"year":2015,"date":"2015-12-12","len_km":3.6,"inj":0,"fat":0},"geometry":{"type":"LineString","coordinates":[[-95.4994,30.4561],[-95.4917,30.4879]]}},{"type":"Feature","properties":{"ef":0,"year":2015,"date":"2015-12-12","len_km":8.6,"inj":2,"fat":0},"geometry":{"type":"LineString","coordinates":[[-95.3032,33.0371],[-95.2964,33.1139]]}},{"type":"Feature","properties":{"ef":1,"year":2015,"date":"2015-12-12","len_km":1.6,"inj":0,"fat":0},"geometry":{"type":"LineString","coordinates":[[-95.2567,33.3912],[-95.2603,33.4056]]}},{"type":"Feature","properties":{"ef":1,"year":2015,"date":"2015-12-12","len_km":0.2,"inj":0,"fat":0},"geometry":{"type":"LineString","coordinates":[[-95.2342,33.5492],[-95.2343,33.5507]]}},{"type":"Feature","properties":{"ef":0,"year":2015,"date":"2015-12-12","len_km":0.1,"inj":0,"fat":0},"geometry":{"type":"LineString","coordinates":[[-100.66,35.37],[-100.6602,35.3695]]}},{"type":"Feature","properties":{"ef":0,"year":2015,"date":"2015-12-26","len_km":4.4,"inj":0,"fat":0},"geometry":{"type":"LineString","coordinates":[[-96.81,31.89],[-96.81,31.93]]}},{"type":"Feature","properties":{"ef":0,"year":2015,"date":"2015-12-26","len_km":1.4,"inj":0,"fat":0},"geometry":{"type":"LineString","coordinates":[[-95.99,32.33],[-95.98,32.34]]}},{"type":"Feature","properties":{"ef":0,"year":2015,"date":"2015-12-26","len_km":1.1,"inj":0,"fat":0},"geometry":{"type":"LineString","coordinates":[[-95.73,32.9],[-95.73,32.91]]}},{"type":"Feature","properties":{"ef":0,"year":2015,"date":"2015-12-26","len_km":2.6,"inj":0,"fat":0},"geometry":{"type":"LineString","coordinates":[[-97.157,32.039],[-97.154,32.062]]}},{"type":"Feature","properties":{"ef":0,"year":2015,"date":"2015-12-26","len_km":0.6,"inj":0,"fat":0},"geometry":{"type":"LineString","coordinates":[[-95.63,33.023],[-95.628,33.028]]}},{"type":"Feature","properties":{"ef":0,"year":2015,"date":"2015-12-26","len_km":2.5,"inj":0,"fat":0},"geometry":{"type":"LineString","coordinates":[[-97.012,32.334],[-96.994,32.351]]}},{"type":"Feature","properties":{"ef":3,"year":2015,"date":"2015-12-26","len_km":13.7,"inj":46,"fat":0},"geometry":{"type":"LineString","coordinates":[[-96.909,32.4623],[-96.8376,32.5699]]}},{"type":"Feature","properties":{"ef":4,"year":2015,"date":"2015-12-26","len_km":21.0,"inj":468,"fat":10},"geometry":{"type":"LineString","coordinates":[[-96.5894,32.796],[-96.495,32.9669]]}},{"type":"Feature","properties":{"ef":0,"year":2015,"date":"2015-12-26","len_km":8.2,"inj":0,"fat":0},"geometry":{"type":"LineString","coordinates":[[-96.53,32.3855],[-96.508,32.4566]]}},{"type":"Feature","properties":{"ef":2,"year":2015,"date":"2015-12-26","len_km":8.5,"inj":119,"fat":2},"geometry":{"type":"LineString","coordinates":[[-96.434,33.0607],[-96.4019,33.1324]]}},{"type":"Feature","properties":{"ef":1,"year":2015,"date":"2015-12-26","len_km":7.2,"inj":0,"fat":0},"geometry":{"type":"LineString","coordinates":[[-96.3956,33.1587],[-96.3784,33.2218]]}},{"type":"Feature","properties":{"ef":1,"year":2015,"date":"2015-12-26","len_km":8.4,"inj":2,"fat":1},"geometry":{"type":"LineString","coordinates":[[-96.3546,33.2718],[-96.3322,33.3448]]}},{"type":"Feature","properties":{"ef":0,"year":2015,"date":"2015-12-27","len_km":4.7,"inj":0,"fat":0},"geometry":{"type":"LineString","coordinates":[[-94.6687,33.4971],[-94.6689,33.5395]]}},{"type":"Feature","properties":{"ef":1,"year":2015,"date":"2015-12-27","len_km":12.8,"inj":0,"fat":0},"geometry":{"type":"LineString","coordinates":[[-94.9854,32.732],[-94.9379,32.8403]]}},{"type":"Feature","properties":{"ef":2,"year":2015,"date":"2015-12-27","len_km":12.5,"inj":0,"fat":0},"geometry":{"type":"LineString","coordinates":[[-94.3216,32.6228],[-94.2801,32.7299]]}},{"type":"Feature","properties":{"ef":1,"year":2015,"date":"2015-12-27","len_km":2.0,"inj":0,"fat":0},"geometry":{"type":"LineString","coordinates":[[-94.2196,32.9046],[-94.2135,32.922]]}},{"type":"Feature","properties":{"ef":0,"year":2015,"date":"2015-04-11","len_km":4.6,"inj":0,"fat":0},"geometry":{"type":"LineString","coordinates":[[-101.692,35.539],[-101.644,35.526]]}},{"type":"Feature","properties":{"ef":2,"year":2015,"date":"2015-04-13","len_km":0.1,"inj":0,"fat":0},"geometry":{"type":"LineString","coordinates":[[-95.0703,33.1602],[-95.0708,33.161]]}},{"type":"Feature","properties":{"ef":0,"year":2015,"date":"2015-04-16","len_km":0.0,"inj":0,"fat":0},"geometry":{"type":"LineString","coordinates":[[-97.32,28.31],[-97.3199,28.3101]]}},{"type":"Feature","properties":{"ef":0,"year":2015,"date":"2015-04-16","len_km":0.2,"inj":0,"fat":0},"geometry":{"type":"LineString","coordinates":[[-97.1473,28.3482],[-97.1466,28.3496]]}},{"type":"Feature","properties":{"ef":0,"year":2015,"date":"2015-04-16","len_km":0.2,"inj":0,"fat":0},"geometry":{"type":"LineString","coordinates":[[-96.8994,28.4269],[-96.8976,28.4271]]}},{"type":"Feature","properties":{"ef":0,"year":2015,"date":"2015-04-16","len_km":3.6,"inj":0,"fat":0},"geometry":{"type":"LineString","coordinates":[[-101.34,35.22],[-101.301,35.227]]}},{"type":"Feature","properties":{"ef":0,"year":2015,"date":"2015-04-16","len_km":3.8,"inj":0,"fat":0},"geometry":{"type":"LineString","coordinates":[[-101.01,35.239],[-100.969,35.244]]}},{"type":"Feature","properties":{"ef":0,"year":2015,"date":"2015-04-16","len_km":11.5,"inj":0,"fat":0},"geometry":{"type":"LineString","coordinates":[[-100.228,35.649],[-100.153,35.733]]}},{"type":"Feature","properties":{"ef":0,"year":2015,"date":"2015-04-16","len_km":7.0,"inj":0,"fat":0},"geometry":{"type":"LineString","coordinates":[[-100.667,35.622],[-100.593,35.642]]}},{"type":"Feature","properties":{"ef":0,"year":2015,"date":"2015-04-16","len_km":22.6,"inj":0,"fat":0},"geometry":{"type":"LineString","coordinates":[[-100.629,35.362],[-100.382,35.39]]}},{"type":"Feature","properties":{"ef":0,"year":2015,"date":"2015-04-16","len_km":7.9,"inj":0,"fat":0},"geometry":{"type":"LineString","coordinates":[[-100.21,35.585],[-100.128,35.61]]}},{"type":"Feature","properties":{"ef":0,"year":2015,"date":"2015-04-18","len_km":0.9,"inj":0,"fat":0},"geometry":{"type":"LineString","coordinates":[[-97.8082,32.5124],[-97.8,32.516]]}},{"type":"Feature","properties":{"ef":0,"year":2015,"date":"2015-04-22","len_km":0.0,"inj":0,"fat":0},"geometry":{"type":"Point","coordinates":[-100.68,32.54]}},{"type":"Feature","properties":{"ef":0,"year":2015,"date":"2015-04-22","len_km":0.1,"inj":0,"fat":0},"geometry":{"type":"LineString","coordinates":[[-100.6628,32.5232],[-100.6573,32.523]]}},{"type":"Feature","properties":{"ef":0,"year":2015,"date":"2015-04-22","len_km":0.1,"inj":0,"fat":0},"geometry":{"type":"LineString","coordinates":[[-101.56,34.14],[-101.5584,34.1402]]}},{"type":"Feature","properties":{"ef":0,"year":2015,"date":"2015-04-22","len_km":0.3,"inj":0,"fat":0},"geometry":{"type":"Point","coordinates":[-99.8936,33.4814]}},{"type":"Feature","properties":{"ef":1,"year":2015,"date":"2015-04-24","len_km":21.4,"inj":0,"fat":0},"geometry":{"type":"LineString","coordinates":[[-94.0114,30.6647],[-93.797,30.6112]]}},{"type":"Feature","properties":{"ef":0,"year":2015,"date":"2015-04-24","len_km":6.3,"inj":0,"fat":0},"geometry":{"type":"LineString","coordinates":[[-93.7917,30.5763],[-93.7268,30.5647]]}},{"type":"Feature","properties":{"ef":1,"year":2015,"date":"2015-04-24","len_km":13.6,"inj":0,"fat":0},"geometry":{"type":"LineString","coordinates":[[-99.7777,31.9865],[-99.6373,32.0145]]}},{"type":"Feature","properties":{"ef":0,"year":2015,"date":"2015-04-24","len_km":1.6,"inj":0,"fat":0},"geometry":{"type":"LineString","coordinates":[[-97.5775,32.6374],[-97.562,32.6429]]}},{"type":"Feature","properties":{"ef":0,"year":2015,"date":"2015-04-24","len_km":1.6,"inj":0,"fat":0},"geometry":{"type":"LineString","coordinates":[[-96.9599,32.4481],[-96.943,32.4507]]}},{"type":"Feature","properties":{"ef":0,"year":2015,"date":"2015-04-24","len_km":2.0,"inj":0,"fat":0},"geometry":{"type":"LineString","coordinates":[[-99.8698,28.6411],[-99.8507,28.6487]]}},{"type":"Feature","properties":{"ef":1,"year":2015,"date":"2015-04-24","len_km":3.1,"inj":0,"fat":0},"geometry":{"type":"LineString","coordinates":[[-95.0864,32.7003],[-95.054,32.704]]}},{"type":"Feature","properties":{"ef":1,"year":2015,"date":"2015-04-24","len_km":10.0,"inj":0,"fat":0},"geometry":{"type":"LineString","coordinates":[[-94.4609,33.0972],[-94.3595,33.1264]]}},{"type":"Feature","properties":{"ef":0,"year":2015,"date":"2015-04-26","len_km":0.2,"inj":0,"fat":0},"geometry":{"type":"LineString","coordinates":[[-99.23,32.01],[-99.2279,32.0096]]}},{"type":"Feature","properties":{"ef":0,"year":2015,"date":"2015-04-26","len_km":5.2,"inj":0,"fat":0},"geometry":{"type":"LineString","coordinates":[[-99.0157,31.9871],[-98.9607,31.9941]]}},{"type":"Feature","properties":{"ef":0,"year":2015,"date":"2015-04-26","len_km":1.5,"inj":0,"fat":0},"geometry":{"type":"LineString","coordinates":[[-98.8526,32.0418],[-98.839,32.0492]]}},{"type":"Feature","properties":{"ef":0,"year":2015,"date":"2015-04-26","len_km":2.2,"inj":0,"fat":0},"geometry":{"type":"LineString","coordinates":[[-98.7621,31.9815],[-98.7424,31.9914]]}},{"type":"Feature","properties":{"ef":0,"year":2015,"date":"2015-04-26","len_km":1.3,"inj":0,"fat":0},"geometry":{"type":"LineString","coordinates":[[-98.5161,32.0386],[-98.5034,32.0426]]}},{"type":"Feature","properties":{"ef":0,"year":2015,"date":"2015-04-26","len_km":0.8,"inj":0,"fat":0},"geometry":{"type":"LineString","coordinates":[[-98.4348,31.9992],[-98.4294,32.0049]]}},{"type":"Feature","properties":{"ef":0,"year":2015,"date":"2015-04-26","len_km":2.0,"inj":0,"fat":0},"geometry":{"type":"LineString","coordinates":[[-98.3901,32.0578],[-98.3703,32.065]]}},{"type":"Feature","properties":{"ef":0,"year":2015,"date":"2015-04-26","len_km":1.3,"inj":0,"fat":0},"geometry":{"type":"LineString","coordinates":[[-98.1017,32.2298],[-98.099,32.2412]]}},{"type":"Feature","properties":{"ef":0,"year":2015,"date":"2015-04-26","len_km":0.3,"inj":0,"fat":0},"geometry":{"type":"LineString","coordinates":[[-97.7777,32.1691],[-97.7749,32.1698]]}},{"type":"Feature","properties":{"ef":1,"year":2015,"date":"2015-04-26","len_km":1.6,"inj":0,"fat":0},"geometry":{"type":"LineString","coordinates":[[-99.0575,31.8639],[-99.0406,31.8641]]}},{"type":"Feature","properties":{"ef":0,"year":2015,"date":"2015-04-26","len_km":3.3,"inj":0,"fat":0},"geometry":{"type":"LineString","coordinates":[[-97.507,32.2335],[-97.5169,32.2055]]}},{"type":"Feature","properties":{"ef":0,"year":2015,"date":"2015-04-26","len_km":1.7,"inj":0,"fat":0},"geometry":{"type":"LineString","coordinates":[[-97.4381,32.2267],[-97.4509,32.2378]]}},{"type":"Feature","properties":{"ef":0,"year":2015,"date":"2015-04-26","len_km":3.5,"inj":0,"fat":0},"geometry":{"type":"LineString","coordinates":[[-97.383,32.2326],[-97.3629,32.2587]]}},{"type":"Feature","properties":{"ef":0,"year":2015,"date":"2015-04-26","len_km":1.4,"inj":0,"fat":0},"geometry":{"type":"LineString","coordinates":[[-97.4108,32.2382],[-97.3961,32.2344]]}},{"type":"Feature","properties":{"ef":0,"year":2015,"date":"2015-04-26","len_km":8.7,"inj":0,"fat":0},"geometry":{"type":"LineString","coordinates":[[-97.3468,32.2337],[-97.3452,32.2451]]}},{"type":"Feature","properties":{"ef":1,"year":2015,"date":"2015-04-26","len_km":1.7,"inj":0,"fat":0},"geometry":{"type":"LineString","coordinates":[[-97.3168,32.2462],[-97.3203,32.2316]]}},{"type":"Feature","properties":{"ef":0,"year":2015,"date":"2015-04-26","len_km":2.6,"inj":0,"fat":0},"geometry":{"type":"LineString","coordinates":[[-97.31,32.2668],[-97.2989,32.2455]]}},{"type":"Feature","properties":{"ef":0,"year":2015,"date":"2015-04-26","len_km":1.1,"inj":0,"fat":0},"geometry":{"type":"LineString","coordinates":[[-97.3384,32.1219],[-97.3315,32.1295]]}},{"type":"Feature","properties":{"ef":0,"year":2015,"date":"2015-04-26","len_km":8.9,"inj":0,"fat":0},"geometry":{"type":"LineString","coordinates":[[-97.2244,32.3024],[-97.2354,32.2948]]}},{"type":"Feature","properties":{"ef":1,"year":2015,"date":"2015-04-27","len_km":5.6,"inj":0,"fat":0},"geometry":{"type":"LineString","coordinates":[[-93.992,31.0639],[-93.9517,31.1003]]}},{"type":"Feature","properties":{"ef":2,"year":2015,"date":"2015-04-09","len_km":2.8,"inj":0,"fat":0},"geometry":{"type":"LineString","coordinates":[[-95.2289,32.0888],[-95.1992,32.0936]]}},{"type":"Feature","properties":{"ef":1,"year":2015,"date":"2015-04-09","len_km":2.1,"inj":0,"fat":0},"geometry":{"type":"LineString","coordinates":[[-94.7316,32.5179],[-94.7098,32.5226]]}},{"type":"Feature","properties":{"ef":1,"year":2015,"date":"2015-04-09","len_km":7.3,"inj":0,"fat":0},"geometry":{"type":"LineString","coordinates":[[-94.6734,32.5465],[-94.5991,32.5655]]}},{"type":"Feature","properties":{"ef":1,"year":2015,"date":"2015-05-10","len_km":8.4,"inj":0,"fat":0},"geometry":{"type":"LineString","coordinates":[[-97.1833,33.1317],[-97.1409,33.1979]]}},{"type":"Feature","properties":{"ef":0,"year":2015,"date":"2015-05-10","len_km":4.7,"inj":0,"fat":0},"geometry":{"type":"LineString","coordinates":[[-96.9836,33.2769],[-96.934,33.2832]]}},{"type":"Feature","properties":{"ef":1,"year":2015,"date":"2015-05-10","len_km":4.2,"inj":0,"fat":0},"geometry":{"type":"LineString","coordinates":[[-96.46,33.67],[-96.4287,33.6972]]}},{"type":"Feature","properties":{"ef":1,"year":2015,"date":"2015-05-10","len_km":8.2,"inj":0,"fat":0},"geometry":{"type":"LineString","coordinates":[[-98.234,31.5612],[-98.1776,31.6172]]}},{"type":"Feature","properties":{"ef":0,"year":2015,"date":"2015-05-10","len_km":1.0,"inj":0,"fat":0},"geometry":{"type":"LineString","coordinates":[[-97.2682,31.9874],[-97.2585,31.9902]]}},{"type":"Feature","properties":{"ef":0,"year":2015,"date":"2015-05-10","len_km":0.2,"inj":0,"fat":0},"geometry":{"type":"Point","coordinates":[-96.4,32.48]}},{"type":"Feature","properties":{"ef":0,"year":2015,"date":"2015-05-10","len_km":0.1,"inj":0,"fat":0},"geometry":{"type":"Point","coordinates":[-96.33,32.65]}},{"type":"Feature","properties":{"ef":0,"year":2015,"date":"2015-05-10","len_km":2.3,"inj":0,"fat":0},"geometry":{"type":"LineString","coordinates":[[-96.9653,32.0526],[-96.9447,32.0634]]}},{"type":"Feature","properties":{"ef":3,"year":2015,"date":"2015-05-10","len_km":16.4,"inj":43,"fat":2},"geometry":{"type":"LineString","coordinates":[[-95.619,32.4095],[-95.6329,32.5569]]}},{"type":"Feature","properties":{"ef":1,"year":2015,"date":"2015-05-10","len_km":2.3,"inj":0,"fat":0},"geometry":{"type":"LineString","coordinates":[[-95.5807,32.6348],[-95.5809,32.6557]]}},{"type":"Feature","properties":{"ef":1,"year":2015,"date":"2015-05-10","len_km":1.8,"inj":0,"fat":0},"geometry":{"type":"LineString","coordinates":[[-95.5761,32.6129],[-95.5706,32.628]]}},{"type":"Feature","properties":{"ef":0,"year":2015,"date":"2015-05-10","len_km":0.5,"inj":0,"fat":0},"geometry":{"type":"LineString","coordinates":[[-94.3114,32.8357],[-94.3082,32.8387]]}},{"type":"Feature","properties":{"ef":0,"year":2015,"date":"2015-05-10","len_km":4.2,"inj":0,"fat":0},"geometry":{"type":"LineString","coordinates":[[-94.2865,32.8643],[-94.2647,32.8978]]}},{"type":"Feature","properties":{"ef":1,"year":2015,"date":"2015-05-11","len_km":2.2,"inj":0,"fat":0},"geometry":{"type":"LineString","coordinates":[[-95.0562,31.9604],[-95.0377,31.9731]]}},{"type":"Feature","properties":{"ef":0,"year":2015,"date":"2015-05-13","len_km":0.0,"inj":0,"fat":0},"geometry":{"type":"Point","coordinates":[-96.8436,28.8024]}},{"type":"Feature","properties":{"ef":0,"year":2015,"date":"2015-05-13","len_km":0.1,"inj":0,"fat":0},"geometry":{"type":"LineString","coordinates":[[-100.3362,33.6231],[-100.3348,33.6234]]}},{"type":"Feature","properties":{"ef":0,"year":2015,"date":"2015-05-13","len_km":1.0,"inj":0,"fat":0},"geometry":{"type":"LineString","coordinates":[[-98.99,27.78],[-98.9801,27.782]]}},{"type":"Feature","properties":{"ef":1,"year":2015,"date":"2015-05-15","len_km":3.6,"inj":1,"fat":0},"geometry":{"type":"LineString","coordinates":[[-99.3889,28.5419],[-99.3613,28.5199]]}},{"type":"Feature","properties":{"ef":0,"year":2015,"date":"2015-05-15","len_km":1.3,"inj":0,"fat":0},"geometry":{"type":"LineString","coordinates":[[-99.2723,28.5062],[-99.2625,28.499]]}},{"type":"Feature","properties":{"ef":0,"year":2015,"date":"2015-05-15","len_km":0.0,"inj":0,"fat":0},"geometry":{"type":"LineString","coordinates":[[-98.42,27.85],[-98.42,27.8503]]}},{"type":"Feature","properties":{"ef":0,"year":2015,"date":"2015-05-15","len_km":0.4,"inj":0,"fat":0},"geometry":{"type":"LineString","coordinates":[[-97.3728,27.6501],[-97.3693,27.6504]]}},{"type":"Feature","properties":{"ef":0,"year":2015,"date":"2015-05-15","len_km":2.2,"inj":3,"fat":0},"geometry":{"type":"LineString","coordinates":[[-97.2797,27.9043],[-97.2669,27.9206]]}},{"type":"Feature","properties":{"ef":0,"year":2015,"date":"2015-05-16","len_km":0.9,"inj":0,"fat":0},"geometry":{"type":"LineString","coordinates":[[-101.24,34.6],[-101.2325,34.6047]]}},{"type":"Feature","properties":{"ef":1,"year":2015,"date":"2015-05-16","len_km":13.8,"inj":0,"fat":0},"geometry":{"type":"LineString","coordinates":[[-100.7414,34.873],[-100.6346,34.9612]]}},{"type":"Feature","properties":{"ef":1,"year":2015,"date":"2015-05-16","len_km":36.2,"inj":0,"fat":0},"geometry":{"type":"LineString","coordinates":[[-100.6218,34.9486],[-100.3423,35.182]]}},{"type":"Feature","properties":{"ef":0,"year":2015,"date":"2015-05-16","len_km":8.8,"inj":0,"fat":0},"geometry":{"type":"LineString","coordinates":[[-100.2882,35.2226],[-100.2452,35.2939]]}},{"type":"Feature","properties":{"ef":0,"year":2015,"date":"2015-05-16","len_km":0.3,"inj":0,"fat":0},"geometry":{"type":"Point","coordinates":[-98.9339,33.82]}},{"type":"Feature","properties":{"ef":0,"year":2015,"date":"2015-05-18","len_km":2.2,"inj":0,"fat":0},"geometry":{"type":"LineString","coordinates":[[-103.3522,31.33],[-103.341,31.3477]]}},{"type":"Feature","properties":{"ef":0,"year":2015,"date":"2015-05-18","len_km":5.7,"inj":0,"fat":0},"geometry":{"type":"LineString","coordinates":[[-103.3772,31.2924],[-103.3553,31.3405]]}},{"type":"Feature","properties":{"ef":0,"year":2015,"date":"2015-05-19","len_km":3.4,"inj":1,"fat":0},"geometry":{"type":"LineString","coordinates":[[-96.8811,30.1553],[-96.9063,30.1774]]}},{"type":"Feature","properties":{"ef":0,"year":2015,"date":"2015-05-19","len_km":0.1,"inj":0,"fat":0},"geometry":{"type":"LineString","coordinates":[[-102.2389,31.1118],[-102.2382,31.1128]]}},{"type":"Feature","properties":{"ef":0,"year":2015,"date":"2015-05-19","len_km":7.5,"inj":0,"fat":0},"geometry":{"type":"LineString","coordinates":[[-96.7952,32.3102],[-96.7707,32.3743]]}},{"type":"Feature","properties":{"ef":0,"year":2015,"date":"2015-05-19","len_km":0.3,"inj":0,"fat":0},"geometry":{"type":"LineString","coordinates":[[-102.2376,31.1183],[-102.2361,31.1207]]}},{"type":"Feature","properties":{"ef":0,"year":2015,"date":"2015-05-19","len_km":1.3,"inj":0,"fat":0},"geometry":{"type":"LineString","coordinates":[[-102.2964,31.0084],[-102.2836,31.0122]]}},{"type":"Feature","properties":{"ef":0,"year":2015,"date":"2015-05-19","len_km":0.3,"inj":0,"fat":0},"geometry":{"type":"Point","coordinates":[-98.9066,34.1167]}},{"type":"Feature","properties":{"ef":0,"year":2015,"date":"2015-05-19","len_km":4.7,"inj":0,"fat":0},"geometry":{"type":"LineString","coordinates":[[-102.3396,30.8288],[-102.2965,30.8488]]}},{"type":"Feature","properties":{"ef":0,"year":2015,"date":"2015-05-19","len_km":2.6,"inj":0,"fat":0},"geometry":{"type":"LineString","coordinates":[[-102.3992,30.7777],[-102.3727,30.7839]]}},{"type":"Feature","properties":{"ef":0,"year":2015,"date":"2015-05-19","len_km":1.2,"inj":0,"fat":0},"geometry":{"type":"LineString","coordinates":[[-102.2053,30.6303],[-102.1929,30.6328]]}},{"type":"Feature","properties":{"ef":0,"year":2015,"date":"2015-05-19","len_km":0.8,"inj":0,"fat":0},"geometry":{"type":"LineString","coordinates":[[-102.5354,30.6718],[-102.5278,30.6744]]}},{"type":"Feature","properties":{"ef":0,"year":2015,"date":"2015-05-19","len_km":0.5,"inj":0,"fat":0},"geometry":{"type":"LineString","coordinates":[[-98.5667,33.3322],[-98.5635,33.336]]}},{"type":"Feature","properties":{"ef":0,"year":2015,"date":"2015-05-19","len_km":0.3,"inj":0,"fat":0},"geometry":{"type":"LineString","coordinates":[[-98.5529,33.3472],[-98.5503,33.3491]]}},{"type":"Feature","properties":{"ef":0,"year":2015,"date":"2015-05-19","len_km":0.3,"inj":0,"fat":0},"geometry":{"type":"Point","coordinates":[-98.44,33.4208]}},{"type":"Feature","properties":{"ef":0,"year":2015,"date":"2015-05-19","len_km":0.8,"inj":0,"fat":0},"geometry":{"type":"LineString","coordinates":[[-98.2865,32.7826],[-98.2801,32.7873]]}},{"type":"Feature","properties":{"ef":0,"year":2015,"date":"2015-05-19","len_km":1.6,"inj":0,"fat":0},"geometry":{"type":"Point","coordinates":[-98.7441,34.0114]}},{"type":"Feature","properties":{"ef":0,"year":2015,"date":"2015-05-19","len_km":1.2,"inj":0,"fat":0},"geometry":{"type":"LineString","coordinates":[[-98.3532,33.4513],[-98.3482,33.4611]]}},{"type":"Feature","properties":{"ef":0,"year":2015,"date":"2015-05-19","len_km":1.6,"inj":0,"fat":0},"geometry":{"type":"Point","coordinates":[-97.9672,33.9593]}},{"type":"Feature","properties":{"ef":0,"year":2015,"date":"2015-05-19","len_km":0.3,"inj":0,"fat":0},"geometry":{"type":"Point","coordinates":[-98.22,33.5221]}},{"type":"Feature","properties":{"ef":0,"year":2015,"date":"2015-05-19","len_km":4.1,"inj":0,"fat":0},"geometry":{"type":"LineString","coordinates":[[-98.5351,32.7987],[-98.5037,32.7729]]}},{"type":"Feature","properties":{"ef":1,"year":2015,"date":"2015-05-19","len_km":1.2,"inj":0,"fat":0},"geometry":{"type":"LineString","coordinates":[[-98.1181,32.8055],[-98.1095,32.8136]]}},{"type":"Feature","properties":{"ef":0,"year":2015,"date":"2015-05-19","len_km":6.8,"inj":0,"fat":0},"geometry":{"type":"LineString","coordinates":[[-97.9851,33.1654],[-97.9164,33.1455]]}},{"type":"Feature","properties":{"ef":0,"year":2015,"date":"2015-05-19","len_km":3.2,"inj":0,"fat":0},"geometry":{"type":"LineString","coordinates":[[-97.9127,33.1593],[-97.8866,33.1413]]}},{"type":"Feature","properties":{"ef":1,"year":2015,"date":"2015-05-19","len_km":2.9,"inj":0,"fat":0},"geometry":{"type":"LineString","coordinates":[[-97.8613,33.1824],[-97.8845,33.1651]]}},{"type":"Feature","properties":{"ef":1,"year":2015,"date":"2015-05-19","len_km":4.0,"inj":0,"fat":0},"geometry":{"type":"LineString","coordinates":[[-97.8481,33.135],[-97.8055,33.1333]]}},{"type":"Feature","properties":{"ef":1,"year":2015,"date":"2015-05-19","len_km":3.1,"inj":0,"fat":0},"geometry":{"type":"LineString","coordinates":[[-97.488,33.2148],[-97.4641,33.1955]]}},{"type":"Feature","properties":{"ef":0,"year":2015,"date":"2015-05-19","len_km":0.3,"inj":0,"fat":0},"geometry":{"type":"LineString","coordinates":[[-98.1713,33.2169],[-98.1688,33.216]]}},{"type":"Feature","properties":{"ef":0,"year":2015,"date":"2015-05-20","len_km":0.5,"inj":0,"fat":0},"geometry":{"type":"LineString","coordinates":[[-96.8082,33.7847],[-96.8061,33.7889]]}},{"type":"Feature","properties":{"ef":0,"year":2015,"date":"2015-05-22","len_km":0.7,"inj":0,"fat":0},"geometry":{"type":"LineString","coordinates":[[-103.4601,30.4802],[-103.4577,30.4858]]}},{"type":"Feature","properties":{"ef":1,"year":2015,"date":"2015-05-23","len_km":0.6,"inj":0,"fat":0},"geometry":{"type":"LineString","coordinates":[[-98.575,29.443],[-98.5705,29.4434]]}},{"type":"Feature","properties":{"ef":0,"year":2015,"date":"2015-05-23","len_km":9.2,"inj":0,"fat":0},"geometry":{"type":"LineString","coordinates":[[-98.0909,30.1269],[-98.0295,30.1903]]}},{"type":"Feature","properties":{"ef":1,"year":2015,"date":"2015-05-23","len_km":2.1,"inj":0,"fat":0},"geometry":{"type":"LineString","coordinates":[[-97.9708,30.5465],[-97.9624,30.5637]]}},{"type":"Feature","properties":{"ef":0,"year":2015,"date":"2015-05-23","len_km":4.0,"inj":0,"fat":0},"geometry":{"type":"LineString","coordinates":[[-97.8694,30.1533],[-97.8443,30.1824]]}},{"type":"Feature","properties":{"ef":1,"year":2015,"date":"2015-05-23","len_km":5.0,"inj":0,"fat":0},"geometry":{"type":"LineString","coordinates":[[-97.9411,30.6909],[-97.9272,30.7338]]}},{"type":"Feature","properties":{"ef":0,"year":2015,"date":"2015-05-23","len_km":1.9,"inj":0,"fat":0},"geometry":{"type":"LineString","coordinates":[[-97.8883,30.5155],[-97.8716,30.5241]]}},{"type":"Feature","properties":{"ef":1,"year":2015,"date":"2015-05-23","len_km":1.0,"inj":0,"fat":0},"geometry":{"type":"LineString","coordinates":[[-97.685,30.365],[-97.675,30.366]]}},{"type":"Feature","properties":{"ef":1,"year":2015,"date":"2015-05-23","len_km":1.3,"inj":0,"fat":0},"geometry":{"type":"LineString","coordinates":[[-97.494,30.1692],[-97.4813,30.1734]]}},{"type":"Feature","properties":{"ef":0,"year":2015,"date":"2015-05-23","len_km":0.4,"inj":0,"fat":0},"geometry":{"type":"LineString","coordinates":[[-97.925,30.7665],[-97.9255,30.7702]]}},{"type":"Feature","properties":{"ef":1,"year":2015,"date":"2015-05-23","len_km":0.9,"inj":0,"fat":0},"geometry":{"type":"LineString","coordinates":[[-97.805,30.611],[-97.799,30.617]]}},{"type":"Feature","properties":{"ef":1,"year":2015,"date":"2015-05-24","len_km":4.2,"inj":0,"fat":0},"geometry":{"type":"LineString","coordinates":[[-97.43,27.75],[-97.409,27.783]]}},{"type":"Feature","properties":{"ef":1,"year":2015,"date":"2015-05-24","len_km":1.8,"inj":0,"fat":0},"geometry":{"type":"LineString","coordinates":[[-96.9561,32.8752],[-96.9655,32.8895]]}},{"type":"Feature","properties":{"ef":1,"year":2015,"date":"2015-05-24","len_km":7.9,"inj":0,"fat":0},"geometry":{"type":"LineString","coordinates":[[-96.8623,32.8841],[-96.9147,32.94]]}},{"type":"Feature","properties":{"ef":0,"year":2015,"date":"2015-05-24","len_km":0.8,"inj":4,"fat":0},"geometry":{"type":"LineString","coordinates":[[-95.528,29.674],[-95.526,29.681]]}},{"type":"Feature","properties":{"ef":1,"year":2015,"date":"2015-05-24","len_km":3.0,"inj":0,"fat":0},"geometry":{"type":"LineString","coordinates":[[-94.3589,32.3588],[-94.3558,32.386]]}},{"type":"Feature","properties":{"ef":1,"year":2015,"date":"2015-05-25","len_km":0.3,"inj":0,"fat":0},"geometry":{"type":"LineString","coordinates":[[-100.7172,32.3994],[-100.7155,32.4011]]}},{"type":"Feature","properties":{"ef":0,"year":2015,"date":"2015-05-25","len_km":1.7,"inj":0,"fat":0},"geometry":{"type":"LineString","coordinates":[[-100.4,32.54],[-100.3835,32.5462]]}},{"type":"Feature","properties":{"ef":1,"year":2015,"date":"2015-05-25","len_km":15.4,"inj":0,"fat":0},"geometry":{"type":"LineString","coordinates":[[-94.3364,32.4719],[-94.3193,32.6092]]}},{"type":"Feature","properties":{"ef":1,"year":2015,"date":"2015-05-25","len_km":3.8,"inj":0,"fat":0},"geometry":{"type":"LineString","coordinates":[[-98.8038,30.2462],[-98.7758,30.271]]}},{"type":"Feature","properties":{"ef":0,"year":2015,"date":"2015-05-25","len_km":7.8,"inj":0,"fat":0},"geometry":{"type":"LineString","coordinates":[[-98.4931,30.3375],[-98.4244,30.3751]]}},{"type":"Feature","properties":{"ef":1,"year":2015,"date":"2015-05-25","len_km":0.7,"inj":0,"fat":0},"geometry":{"type":"LineString","coordinates":[[-98.0892,31.0951],[-98.0828,31.0976]]}},{"type":"Feature","properties":{"ef":1,"year":2015,"date":"2015-05-25","len_km":2.5,"inj":0,"fat":0},"geometry":{"type":"LineString","coordinates":[[-98.0607,31.1157],[-98.0397,31.1286]]}},{"type":"Feature","properties":{"ef":1,"year":2015,"date":"2015-05-25","len_km":9.1,"inj":0,"fat":0},"geometry":{"type":"LineString","coordinates":[[-97.9362,31.2435],[-97.8701,31.3029]]}},{"type":"Feature","properties":{"ef":0,"year":2015,"date":"2015-05-25","len_km":2.8,"inj":0,"fat":0},"geometry":{"type":"LineString","coordinates":[[-96.5925,33.6728],[-96.5643,33.6807]]}},{"type":"Feature","properties":{"ef":1,"year":2015,"date":"2015-05-25","len_km":0.5,"inj":0,"fat":0},"geometry":{"type":"LineString","coordinates":[[-97.731,30.638],[-97.729,30.642]]}},{"type":"Feature","properties":{"ef":0,"year":2015,"date":"2015-05-25","len_km":3.9,"inj":0,"fat":0},"geometry":{"type":"LineString","coordinates":[[-96.1403,33.7764],[-96.1019,33.7912]]}},{"type":"Feature","properties":{"ef":0,"year":2015,"date":"2015-05-25","len_km":0.5,"inj":0,"fat":0},"geometry":{"type":"LineString","coordinates":[[-96.3357,31.7534],[-96.3307,31.7555]]}},{"type":"Feature","properties":{"ef":2,"year":2015,"date":"2015-05-25","len_km":14.3,"inj":6,"fat":1},"geometry":{"type":"LineString","coordinates":[[-97.1175,30.8154],[-97.0235,30.9154]]}},{"type":"Feature","properties":{"ef":1,"year":2015,"date":"2015-05-25","len_km":4.9,"inj":1,"fat":0},"geometry":{"type":"LineString","coordinates":[[-97.542,30.085],[-97.516,30.123]]}},{"type":"Feature","properties":{"ef":0,"year":2015,"date":"2015-05-25","len_km":2.7,"inj":0,"fat":0},"geometry":{"type":"LineString","coordinates":[[-98.13,29.099],[-98.124,29.123]]}},{"type":"Feature","properties":{"ef":1,"year":2015,"date":"2015-05-25","len_km":6.5,"inj":0,"fat":0},"geometry":{"type":"LineString","coordinates":[[-96.951,29.787],[-96.906,29.831]]}},{"type":"Feature","properties":{"ef":2,"year":2015,"date":"2015-05-25","len_km":31.3,"inj":0,"fat":0},"geometry":{"type":"LineString","coordinates":[[-94.9438,32.1177],[-94.6311,32.2133]]}},{"type":"Feature","properties":{"ef":0,"year":2015,"date":"2015-05-25","len_km":2.9,"inj":0,"fat":0},"geometry":{"type":"LineString","coordinates":[[-97.874,29.247],[-97.848,29.26]]}},{"type":"Feature","properties":{"ef":1,"year":2015,"date":"2015-05-25","len_km":34.8,"inj":0,"fat":0},"geometry":{"type":"LineString","coordinates":[[-94.4566,32.24],[-94.1086,32.346]]}},{"type":"Feature","properties":{"ef":0,"year":2015,"date":"2015-05-26","len_km":3.5,"inj":0,"fat":0},"geometry":{"type":"LineString","coordinates":[[-98.5351,32.7897],[-98.5037,32.7729]]}},{"type":"Feature","properties":{"ef":0,"year":2015,"date":"2015-05-26","len_km":0.8,"inj":0,"fat":0},"geometry":{"type":"LineString","coordinates":[[-98.461,32.6779],[-98.4524,32.6786]]}},{"type":"Feature","properties":{"ef":0,"year":2015,"date":"2015-05-26","len_km":1.0,"inj":0,"fat":0},"geometry":{"type":"LineString","coordinates":[[-98.3426,32.5745],[-98.3323,32.5718]]}},{"type":"Feature","properties":{"ef":0,"year":2015,"date":"2015-05-27","len_km":0.5,"inj":0,"fat":0},"geometry":{"type":"LineString","coordinates":[[-98.38,30.0],[-98.3789,30.0047]]}},{"type":"Feature","properties":{"ef":2,"year":2015,"date":"2015-05-27","len_km":2.2,"inj":3,"fat":0},"geometry":{"type":"LineString","coordinates":[[-100.423,35.974],[-100.408,35.99]]}},{"type":"Feature","properties":{"ef":1,"year":2015,"date":"2015-05-27","len_km":1.8,"inj":0,"fat":0},"geometry":{"type":"LineString","coordinates":[[-100.435,35.94],[-100.423,35.953]]}},{"type":"Feature","properties":{"ef":0,"year":2015,"date":"2015-05-27","len_km":0.9,"inj":0,"fat":0},"geometry":{"type":"LineString","coordinates":[[-100.422,35.979],[-100.416,35.985]]}},{"type":"Feature","properties":{"ef":1,"year":2015,"date":"2015-05-27","len_km":1.8,"inj":0,"fat":0},"geometry":{"type":"LineString","coordinates":[[-100.435,35.94],[-100.423,35.953]]}},{"type":"Feature","properties":{"ef":0,"year":2015,"date":"2015-05-27","len_km":3.5,"inj":0,"fat":0},"geometry":{"type":"LineString","coordinates":[[-103.2824,31.0052],[-103.2526,31.0234]]}},{"type":"Feature","properties":{"ef":0,"year":2015,"date":"2015-05-27","len_km":6.6,"inj":0,"fat":0},"geometry":{"type":"LineString","coordinates":[[-103.2585,30.9847],[-103.1963,31.0102]]}},{"type":"Feature","properties":{"ef":0,"year":2015,"date":"2015-05-28","len_km":1.7,"inj":0,"fat":0},"geometry":{"type":"LineString","coordinates":[[-101.6366,32.9242],[-101.6222,32.9337]]}},{"type":"Feature","properties":{"ef":0,"year":2015,"date":"2015-05-28","len_km":0.8,"inj":0,"fat":0},"geometry":{"type":"Point","coordinates":[-99.8247,33.98]}},{"type":"Feature","properties":{"ef":1,"year":2015,"date":"2015-05-05","len_km":13.1,"inj":0,"fat":0},"geometry":{"type":"LineString","coordinates":[[-101.5473,32.4493],[-101.4131,32.479]]}},{"type":"Feature","properties":{"ef":0,"year":2015,"date":"2015-05-05","len_km":0.4,"inj":0,"fat":0},"geometry":{"type":"LineString","coordinates":[[-101.41,33.57],[-101.4057,33.5708]]}},{"type":"Feature","properties":{"ef":0,"year":2015,"date":"2015-05-05","len_km":3.7,"inj":0,"fat":0},"geometry":{"type":"LineString","coordinates":[[-101.43,33.48],[-101.3901,33.4816]]}},{"type":"Feature","properties":{"ef":0,"year":2015,"date":"2015-05-05","len_km":1.3,"inj":0,"fat":0},"geometry":{"type":"LineString","coordinates":[[-101.0334,32.032],[-101.0192,32.0319]]}},{"type":"Feature","properties":{"ef":0,"year":2015,"date":"2015-05-05","len_km":1.8,"inj":0,"fat":0},"geometry":{"type":"LineString","coordinates":[[-100.7302,32.0221],[-100.712,32.0251]]}},{"type":"Feature","properties":{"ef":2,"year":2015,"date":"2015-05-06","len_km":19.3,"inj":0,"fat":0},"geometry":{"type":"LineString","coordinates":[[-98.7318,33.6434],[-98.63,33.7058]]}},{"type":"Feature","properties":{"ef":0,"year":2015,"date":"2015-05-06","len_km":5.5,"inj":0,"fat":0},"geometry":{"type":"LineString","coordinates":[[-99.3198,33.183],[-99.2759,33.2156]]}},{"type":"Feature","properties":{"ef":0,"year":2015,"date":"2015-05-06","len_km":1.9,"inj":0,"fat":0},"geometry":{"type":"LineString","coordinates":[[-99.34,33.25],[-99.32,33.2536]]}},{"type":"Feature","properties":{"ef":0,"year":2015,"date":"2015-05-06","len_km":0.0,"inj":0,"fat":0},"geometry":{"type":"LineString","coordinates":[[-99.0496,33.3129],[-99.0495,33.3129]]}},{"type":"Feature","properties":{"ef":1,"year":2015,"date":"2015-05-07","len_km":5.4,"inj":1,"fat":0},"geometry":{"type":"LineString","coordinates":[[-97.4658,33.1468],[-97.444,33.1921]]}},{"type":"Feature","properties":{"ef":1,"year":2015,"date":"2015-05-07","len_km":20.4,"inj":0,"fat":0},"geometry":{"type":"LineString","coordinates":[[-97.3877,33.255],[-97.2651,33.4076]]}},{"type":"Feature","properties":{"ef":0,"year":2015,"date":"2015-05-07","len_km":0.5,"inj":0,"fat":0},"geometry":{"type":"LineString","coordinates":[[-97.8899,33.2071],[-97.8864,33.2101]]}},{"type":"Feature","properties":{"ef":0,"year":2015,"date":"2015-05-08","len_km":0.5,"inj":0,"fat":0},"geometry":{"type":"Point","coordinates":[-99.4516,34.2054]}},{"type":"Feature","properties":{"ef":1,"year":2015,"date":"2015-05-08","len_km":5.6,"inj":0,"fat":0},"geometry":{"type":"LineString","coordinates":[[-99.4194,34.1209],[-99.3762,34.0851]]}},{"type":"Feature","properties":{"ef":0,"year":2015,"date":"2015-05-08","len_km":0.5,"inj":0,"fat":0},"geometry":{"type":"Point","coordinates":[-98.8999,34.1301]}},{"type":"Feature","properties":{"ef":0,"year":2015,"date":"2015-05-08","len_km":0.3,"inj":0,"fat":0},"geometry":{"type":"LineString","coordinates":[[-99.7859,33.3809],[-99.7827,33.3815]]}},{"type":"Feature","properties":{"ef":0,"year":2015,"date":"2015-05-08","len_km":0.4,"inj":0,"fat":0},"geometry":{"type":"LineString","coordinates":[[-99.34,33.31],[-99.3358,33.3094]]}},{"type":"Feature","properties":{"ef":0,"year":2015,"date":"2015-05-08","len_km":0.3,"inj":0,"fat":0},"geometry":{"type":"LineString","coordinates":[[-99.19,33.19],[-99.1867,33.1899]]}},{"type":"Feature","properties":{"ef":3,"year":2015,"date":"2015-05-09","len_km":6.1,"inj":2,"fat":1},"geometry":{"type":"LineString","coordinates":[[-99.0133,32.3032],[-98.9489,32.3098]]}},{"type":"Feature","properties":{"ef":0,"year":2015,"date":"2015-05-09","len_km":1.1,"inj":0,"fat":0},"geometry":{"type":"LineString","coordinates":[[-97.21,33.69],[-97.2017,33.6971]]}},{"type":"Feature","properties":{"ef":0,"year":2015,"date":"2015-05-09","len_km":0.2,"inj":0,"fat":0},"geometry":{"type":"Point","coordinates":[-98.7,32.34]}},{"type":"Feature","properties":{"ef":0,"year":2015,"date":"2015-05-09","len_km":5.2,"inj":0,"fat":0},"geometry":{"type":"LineString","coordinates":[[-98.631,34.11],[-98.5801,34.1301]]}},{"type":"Feature","properties":{"ef":0,"year":2015,"date":"2015-05-09","len_km":0.5,"inj":0,"fat":0},"geometry":{"type":"LineString","coordinates":[[-98.2637,32.3607],[-98.2604,32.3637]]}},{"type":"Feature","properties":{"ef":0,"year":2015,"date":"2015-06-12","len_km":0.3,"inj":0,"fat":0},"geometry":{"type":"Point","coordinates":[-102.52,34.76]}},{"type":"Feature","properties":{"ef":0,"year":2015,"date":"2015-06-12","len_km":0.8,"inj":0,"fat":0},"geometry":{"type":"LineString","coordinates":[[-102.4372,32.92],[-102.4285,32.9215]]}},{"type":"Feature","properties":{"ef":0,"year":2015,"date":"2015-06-17","len_km":0.3,"inj":0,"fat":0},"geometry":{"type":"LineString","coordinates":[[-98.0918,27.6689],[-98.0892,27.668]]}},{"type":"Feature","properties":{"ef":0,"year":2015,"date":"2015-09-26","len_km":0.5,"inj":0,"fat":0},"geometry":{"type":"LineString","coordinates":[[-97.6312,27.6747],[-97.6308,27.6791]]}},{"type":"Feature","properties":{"ef":0,"year":2015,"date":"2015-09-26","len_km":0.6,"inj":0,"fat":0},"geometry":{"type":"LineString","coordinates":[[-98.0302,27.7534],[-98.0251,27.756]]}},{"type":"Feature","properties":{"ef":0,"year":2016,"date":"2016-02-23","len_km":3.3,"inj":0,"fat":0},"geometry":{"type":"LineString","coordinates":[[-95.8865,29.2382],[-95.8613,29.2575]]}},{"type":"Feature","properties":{"ef":0,"year":2016,"date":"2016-03-23","len_km":1.0,"inj":0,"fat":0},"geometry":{"type":"LineString","coordinates":[[-97.3815,32.9404],[-97.3711,32.9428]]}},{"type":"Feature","properties":{"ef":1,"year":2016,"date":"2016-03-07","len_km":3.5,"inj":0,"fat":0},"geometry":{"type":"LineString","coordinates":[[-97.98,32.79],[-97.97,32.82]]}},{"type":"Feature","properties":{"ef":0,"year":2016,"date":"2016-03-08","len_km":0.5,"inj":0,"fat":0},"geometry":{"type":"LineString","coordinates":[[-98.3435,32.0833],[-98.3396,32.0859]]}},{"type":"Feature","properties":{"ef":1,"year":2016,"date":"2016-03-08","len_km":3.5,"inj":0,"fat":0},"geometry":{"type":"LineString","coordinates":[[-98.2172,32.2055],[-98.2108,32.2368]]}},{"type":"Feature","properties":{"ef":0,"year":2016,"date":"2016-03-08","len_km":0.6,"inj":0,"fat":0},"geometry":{"type":"LineString","coordinates":[[-97.8896,32.4014],[-97.8833,32.4018]]}},{"type":"Feature","properties":{"ef":0,"year":2016,"date":"2016-03-08","len_km":0.0,"inj":0,"fat":0},"geometry":{"type":"Point","coordinates":[-97.7586,32.4571]}},{"type":"Feature","properties":{"ef":0,"year":2016,"date":"2016-03-08","len_km":3.0,"inj":0,"fat":0},"geometry":{"type":"LineString","coordinates":[[-97.4828,32.6547],[-97.4504,32.6542]]}},{"type":"Feature","properties":{"ef":0,"year":2016,"date":"2016-03-08","len_km":0.3,"inj":0,"fat":0},"geometry":{"type":"LineString","coordinates":[[-98.175,31.1672],[-98.173,31.1697]]}},{"type":"Feature","properties":{"ef":1,"year":2016,"date":"2016-03-08","len_km":0.2,"inj":0,"fat":0},"geometry":{"type":"LineString","coordinates":[[-96.8695,33.0965],[-96.8687,33.0985]]}},{"type":"Feature","properties":{"ef":0,"year":2016,"date":"2016-03-08","len_km":2.4,"inj":0,"fat":0},"geometry":{"type":"LineString","coordinates":[[-97.8314,30.7522],[-97.8284,30.7737]]}},{"type":"Feature","properties":{"ef":1,"year":2016,"date":"2016-03-08","len_km":3.1,"inj":0,"fat":0},"geometry":{"type":"LineString","coordinates":[[-96.1692,32.0112],[-96.1602,32.0378]]}},{"type":"Feature","properties":{"ef":0,"year":2016,"date":"2016-03-08","len_km":8.5,"inj":0,"fat":0},"geometry":{"type":"LineString","coordinates":[[-96.0874,32.1285],[-96.0101,32.1687]]}},{"type":"Feature","properties":{"ef":1,"year":2016,"date":"2016-03-08","len_km":2.7,"inj":0,"fat":0},"geometry":{"type":"LineString","coordinates":[[-99.2,30.93],[-99.1774,30.9425]]}},{"type":"Feature","properties":{"ef":0,"year":2016,"date":"2016-04-15","len_km":1.3,"inj":0,"fat":0},"geometry":{"type":"LineString","coordinates":[[-102.625,35.5621],[-102.6192,35.5728]]}},{"type":"Feature","properties":{"ef":0,"year":2016,"date":"2016-04-16","len_km":0.2,"inj":0,"fat":0},"geometry":{"type":"LineString","coordinates":[[-100.7754,33.2781],[-100.7745,33.2796]]}},{"type":"Feature","properties":{"ef":0,"year":2016,"date":"2016-04-16","len_km":1.5,"inj":0,"fat":0},"geometry":{"type":"LineString","coordinates":[[-100.7714,32.42],[-100.7579,32.4267]]}},{"type":"Feature","properties":{"ef":0,"year":2016,"date":"2016-04-16","len_km":1.2,"inj":0,"fat":0},"geometry":{"type":"LineString","coordinates":[[-100.62,33.58],[-100.6135,33.5889]]}},{"type":"Feature","properties":{"ef":0,"year":2016,"date":"2016-04-16","len_km":0.0,"inj":0,"fat":0},"geometry":{"type":"LineString","coordinates":[[-100.54,33.66],[-100.539,33.6612]]}},{"type":"Feature","properties":{"ef":0,"year":2016,"date":"2016-04-16","len_km":2.0,"inj":0,"fat":0},"geometry":{"type":"LineString","coordinates":[[-100.4174,32.6256],[-100.4111,32.6426]]}},{"type":"Feature","properties":{"ef":0,"year":2016,"date":"2016-04-16","len_km":1.5,"inj":0,"fat":0},"geometry":{"type":"LineString","coordinates":[[-100.7865,32.5993],[-100.774,32.6072]]}},{"type":"Feature","properties":{"ef":0,"year":2016,"date":"2016-04-17","len_km":0.8,"inj":0,"fat":0},"geometry":{"type":"LineString","coordinates":[[-95.4782,30.061],[-95.4753,30.0673]]}},{"type":"Feature","properties":{"ef":0,"year":2016,"date":"2016-04-17","len_km":0.0,"inj":0,"fat":0},"geometry":{"type":"LineString","coordinates":[[-99.0,28.29],[-98.9999,28.2898]]}},{"type":"Feature","properties":{"ef":0,"year":2016,"date":"2016-04-18","len_km":0.4,"inj":0,"fat":0},"geometry":{"type":"LineString","coordinates":[[-95.1611,29.9212],[-95.1574,29.9222]]}},{"type":"Feature","properties":{"ef":0,"year":2016,"date":"2016-04-18","len_km":0.2,"inj":0,"fat":0},"geometry":{"type":"LineString","coordinates":[[-95.1169,30.0452],[-95.1146,30.0454]]}},{"type":"Feature","properties":{"ef":0,"year":2016,"date":"2016-04-19","len_km":10.5,"inj":0,"fat":0},"geometry":{"type":"LineString","coordinates":[[-102.7235,30.5879],[-102.6205,30.5547]]}},{"type":"Feature","properties":{"ef":0,"year":2016,"date":"2016-04-24","len_km":2.3,"inj":0,"fat":0},"geometry":{"type":"LineString","coordinates":[[-95.1001,29.4714],[-95.0903,29.4904]]}},{"type":"Feature","properties":{"ef":0,"year":2016,"date":"2016-04-26","len_km":2.4,"inj":0,"fat":0},"geometry":{"type":"LineString","coordinates":[[-99.8271,33.0303],[-99.8017,33.0298]]}},{"type":"Feature","properties":{"ef":0,"year":2016,"date":"2016-04-26","len_km":0.4,"inj":0,"fat":0},"geometry":{"type":"LineString","coordinates":[[-96.8964,33.6567],[-96.8925,33.6572]]}},{"type":"Feature","properties":{"ef":0,"year":2016,"date":"2016-04-26","len_km":3.9,"inj":5,"fat":0},"geometry":{"type":"LineString","coordinates":[[-96.6174,33.5257],[-96.5809,33.5431]]}},{"type":"Feature","properties":{"ef":0,"year":2016,"date":"2016-04-26","len_km":9.7,"inj":0,"fat":0},"geometry":{"type":"LineString","coordinates":[[-96.4916,33.5998],[-96.3989,33.6398]]}},{"type":"Feature","properties":{"ef":0,"year":2016,"date":"2016-04-27","len_km":0.7,"inj":0,"fat":1},"geometry":{"type":"LineString","coordinates":[[-95.5511,30.0982],[-95.545,30.096]]}},{"type":"Feature","properties":{"ef":1,"year":2016,"date":"2016-04-27","len_km":1.1,"inj":0,"fat":0},"geometry":{"type":"LineString","coordinates":[[-94.4145,30.7679],[-94.4034,30.7649]]}},{"type":"Feature","properties":{"ef":1,"year":2016,"date":"2016-04-27","len_km":3.6,"inj":0,"fat":0},"geometry":{"type":"LineString","coordinates":[[-94.0229,30.7403],[-93.9898,30.7551]]}},{"type":"Feature","properties":{"ef":0,"year":2016,"date":"2016-04-28","len_km":0.1,"inj":0,"fat":0},"geometry":{"type":"Point","coordinates":[-100.8193,34.3475]}},{"type":"Feature","properties":{"ef":0,"year":2016,"date":"2016-04-29","len_km":2.2,"inj":0,"fat":0},"geometry":{"type":"LineString","coordinates":[[-96.7228,33.3628],[-96.7353,33.3792]]}},{"type":"Feature","properties":{"ef":0,"year":2016,"date":"2016-04-29","len_km":0.5,"inj":0,"fat":0},"geometry":{"type":"Point","coordinates":[-97.7847,31.98]}},{"type":"Feature","properties":{"ef":2,"year":2016,"date":"2016-04-29","len_km":1.6,"inj":0,"fat":0},"geometry":{"type":"LineString","coordinates":[[-95.4076,32.4991],[-95.4008,32.5105]]}},{"type":"Feature","properties":{"ef":2,"year":2016,"date":"2016-04-29","len_km":41.7,"inj":2,"fat":0},"geometry":{"type":"LineString","coordinates":[[-95.3712,32.5007],[-95.1026,32.7977]]}},{"type":"Feature","properties":{"ef":0,"year":2016,"date":"2016-04-29","len_km":4.2,"inj":0,"fat":0},"geometry":{"type":"LineString","coordinates":[[-95.6149,32.4361],[-95.5744,32.4513]]}},{"type":"Feature","properties":{"ef":2,"year":2016,"date":"2016-04-29","len_km":11.6,"inj":0,"fat":0},"geometry":{"type":"LineString","coordinates":[[-95.116,31.598],[-95.075,31.696]]}},{"type":"Feature","properties":{"ef":1,"year":2016,"date":"2016-04-29","len_km":1.7,"inj":0,"fat":0},"geometry":{"type":"LineString","coordinates":[[-95.0391,31.8142],[-95.0288,31.8268]]}},{"type":"Feature","properties":{"ef":1,"year":2016,"date":"2016-04-29","len_km":9.0,"inj":0,"fat":0},"geometry":{"type":"LineString","coordinates":[[-94.2631,32.349],[-94.2003,32.41]]}},{"type":"Feature","properties":{"ef":1,"year":2016,"date":"2016-04-29","len_km":9.3,"inj":0,"fat":0},"geometry":{"type":"LineString","coordinates":[[-94.1199,32.5287],[-94.077,32.6039]]}},{"type":"Feature","properties":{"ef":1,"year":2016,"date":"2016-04-29","len_km":10.7,"inj":0,"fat":0},"geometry":{"type":"LineString","coordinates":[[-94.3715,32.6301],[-94.2627,32.6585]]}},{"type":"Feature","properties":{"ef":1,"year":2016,"date":"2016-04-30","len_km":5.1,"inj":0,"fat":0},"geometry":{"type":"LineString","coordinates":[[-94.1245,31.2614],[-94.0758,31.2795]]}},{"type":"Feature","properties":{"ef":2,"year":2016,"date":"2016-04-30","len_km":15.9,"inj":3,"fat":0},"geometry":{"type":"LineString","coordinates":[[-94.0183,30.5284],[-93.8765,30.6014]]}},{"type":"Feature","properties":{"ef":1,"year":2016,"date":"2016-05-16","len_km":1.4,"inj":0,"fat":0},"geometry":{"type":"LineString","coordinates":[[-102.9979,36.1488],[-102.9848,36.1421]]}},{"type":"Feature","properties":{"ef":0,"year":2016,"date":"2016-05-16","len_km":0.3,"inj":0,"fat":0},"geometry":{"type":"LineString","coordinates":[[-102.7837,36.1401],[-102.7816,36.1403]]}},{"type":"Feature","properties":{"ef":0,"year":2016,"date":"2016-05-16","len_km":0.2,"inj":0,"fat":0},"geometry":{"type":"LineString","coordinates":[[-100.3989,35.8686],[-100.3972,35.8688]]}},{"type":"Feature","properties":{"ef":0,"year":2016,"date":"2016-05-16","len_km":15.2,"inj":0,"fat":0},"geometry":{"type":"LineString","coordinates":[[-100.3029,35.9193],[-100.1378,35.8927]]}},{"type":"Feature","properties":{"ef":0,"year":2016,"date":"2016-05-22","len_km":0.6,"inj":0,"fat":0},"geometry":{"type":"LineString","coordinates":[[-100.9416,35.0616],[-100.9479,35.0618]]}},{"type":"Feature","properties":{"ef":1,"year":2016,"date":"2016-05-22","len_km":1.7,"inj":0,"fat":0},"geometry":{"type":"LineString","coordinates":[[-100.9521,35.062],[-100.9585,35.0748]]}},{"type":"Feature","properties":{"ef":3,"year":2016,"date":"2016-05-22","len_km":6.5,"inj":0,"fat":0},"geometry":{"type":"LineString","coordinates":[[-101.6411,32.25],[-101.5923,32.2092]]}},{"type":"Feature","properties":{"ef":0,"year":2016,"date":"2016-05-22","len_km":4.0,"inj":0,"fat":0},"geometry":{"type":"LineString","coordinates":[[-100.9783,36.1261],[-100.9409,36.1126]]}},{"type":"Feature","properties":{"ef":2,"year":2016,"date":"2016-05-22","len_km":10.6,"inj":0,"fat":0},"geometry":{"type":"LineString","coordinates":[[-100.7,34.66],[-100.59,34.63]]}},{"type":"Feature","properties":{"ef":0,"year":2016,"date":"2016-05-22","len_km":2.4,"inj":0,"fat":0},"geometry":{"type":"LineString","coordinates":[[-101.5585,32.1571],[-101.5355,32.1674]]}},{"type":"Feature","properties":{"ef":1,"year":2016,"date":"2016-05-22","len_km":2.4,"inj":0,"fat":0},"geometry":{"type":"LineString","coordinates":[[-100.926,36.134],[-100.9181,36.1189]]}},{"type":"Feature","properties":{"ef":1,"year":2016,"date":"2016-05-22","len_km":2.4,"inj":0,"fat":0},"geometry":{"type":"LineString","coordinates":[[-100.9021,36.1536],[-100.9199,36.1411]]}},{"type":"Feature","properties":{"ef":1,"year":2016,"date":"2016-05-22","len_km":3.9,"inj":0,"fat":0},"geometry":{"type":"LineString","coordinates":[[-100.8636,36.1468],[-100.8399,36.1549]]}},{"type":"Feature","properties":{"ef":0,"year":2016,"date":"2016-05-22","len_km":3.7,"inj":0,"fat":0},"geometry":{"type":"LineString","coordinates":[[-101.48,32.1076],[-101.5192,32.1069]]}},{"type":"Feature","properties":{"ef":0,"year":2016,"date":"2016-05-22","len_km":0.8,"inj":0,"fat":0},"geometry":{"type":"LineString","coordinates":[[-101.5654,32.08],[-101.5579,32.0832]]}},{"type":"Feature","properties":{"ef":-9,"year":2016,"date":"2016-05-22","len_km":0.4,"inj":0,"fat":0},"geometry":{"type":"LineString","coordinates":[[-100.8,36.1],[-100.7969,36.0972]]}},{"type":"Feature","properties":{"ef":2,"year":2016,"date":"2016-05-22","len_km":4.9,"inj":0,"fat":0},"geometry":{"type":"LineString","coordinates":[[-101.5283,32.0391],[-101.4896,32.0094]]}},{"type":"Feature","properties":{"ef":3,"year":2016,"date":"2016-05-22","len_km":6.0,"inj":0,"fat":0},"geometry":{"type":"LineString","coordinates":[[-101.5261,31.9235],[-101.4775,31.8892]]}},{"type":"Feature","properties":{"ef":0,"year":2016,"date":"2016-05-22","len_km":0.2,"inj":0,"fat":0},"geometry":{"type":"Point","coordinates":[-100.55,36.07]}},{"type":"Feature","properties":{"ef":2,"year":2016,"date":"2016-05-22","len_km":3.1,"inj":0,"fat":0},"geometry":{"type":"LineString","coordinates":[[-101.4981,31.8922],[-101.5056,31.8655]]}},{"type":"Feature","properties":{"ef":0,"year":2016,"date":"2016-05-22","len_km":2.3,"inj":0,"fat":0},"geometry":{"type":"LineString","coordinates":[[-101.4934,31.859],[-101.4787,31.8435]]}},{"type":"Feature","properties":{"ef":3,"year":2016,"date":"2016-05-23","len_km":16.1,"inj":0,"fat":0},"geometry":{"type":"LineString","coordinates":[[-100.7142,34.3068],[-100.8542,34.3935]]}},{"type":"Feature","properties":{"ef":-9,"year":2016,"date":"2016-05-24","len_km":0.6,"inj":0,"fat":0},"geometry":{"type":"LineString","coordinates":[[-101.22,36.04],[-101.2161,36.0442]]}},{"type":"Feature","properties":{"ef":1,"year":2016,"date":"2016-05-26","len_km":4.6,"inj":0,"fat":0},"geometry":{"type":"LineString","coordinates":[[-96.3106,30.6792],[-96.3202,30.6386]]}},{"type":"Feature","properties":{"ef":0,"year":2016,"date":"2016-05-26","len_km":0.6,"inj":0,"fat":0},"geometry":{"type":"LineString","coordinates":[[-96.2315,30.312],[-96.2264,30.3096]]}},{"type":"Feature","properties":{"ef":0,"year":2016,"date":"2016-05-26","len_km":0.2,"inj":0,"fat":0},"geometry":{"type":"LineString","coordinates":[[-96.1074,30.3244],[-96.1056,30.3242]]}},{"type":"Feature","properties":{"ef":1,"year":2016,"date":"2016-05-26","len_km":0.2,"inj":0,"fat":0},"geometry":{"type":"LineString","coordinates":[[-96.0487,30.3137],[-96.0471,30.3134]]}},{"type":"Feature","properties":{"ef":2,"year":2016,"date":"2016-05-26","len_km":2.1,"inj":0,"fat":0},"geometry":{"type":"LineString","coordinates":[[-96.0471,30.3069],[-96.026,30.3038]]}},{"type":"Feature","properties":{"ef":1,"year":2016,"date":"2016-05-26","len_km":1.5,"inj":0,"fat":0},"geometry":{"type":"LineString","coordinates":[[-95.5055,30.335],[-95.4952,30.3457]]}},{"type":"Feature","properties":{"ef":1,"year":2016,"date":"2016-05-26","len_km":8.8,"inj":0,"fat":0},"geometry":{"type":"LineString","coordinates":[[-99.31,31.95],[-99.23,31.99]]}},{"type":"Feature","properties":{"ef":-9,"year":2016,"date":"2016-05-26","len_km":0.2,"inj":0,"fat":0},"geometry":{"type":"LineString","coordinates":[[-100.06,36.05],[-100.0585,36.0511]]}},{"type":"Feature","properties":{"ef":0,"year":2016,"date":"2016-05-27","len_km":0.1,"inj":0,"fat":0},"geometry":{"type":"LineString","coordinates":[[-94.1305,31.0656],[-94.1298,31.0659]]}},{"type":"Feature","properties":{"ef":2,"year":2016,"date":"2016-05-28","len_km":7.8,"inj":0,"fat":0},"geometry":{"type":"LineString","coordinates":[[-99.467,30.4034],[-99.399,30.3657]]}},{"type":"Feature","properties":{"ef":0,"year":2016,"date":"2016-05-29","len_km":0.0,"inj":0,"fat":0},"geometry":{"type":"LineString","coordinates":[[-99.05,33.31],[-99.0497,33.31]]}},{"type":"Feature","properties":{"ef":0,"year":2016,"date":"2016-05-29","len_km":2.8,"inj":0,"fat":0},"geometry":{"type":"LineString","coordinates":[[-99.363,32.8929],[-99.3339,32.8888]]}},{"type":"Feature","properties":{"ef":0,"year":2016,"date":"2016-05-30","len_km":0.9,"inj":0,"fat":0},"geometry":{"type":"LineString","coordinates":[[-97.4104,27.9722],[-97.4013,27.9717]]}},{"type":"Feature","properties":{"ef":0,"year":2016,"date":"2016-05-31","len_km":4.3,"inj":0,"fat":0},"geometry":{"type":"LineString","coordinates":[[-98.2871,28.488],[-98.2466,28.5028]]}},{"type":"Feature","properties":{"ef":1,"year":2016,"date":"2016-05-31","len_km":1.4,"inj":0,"fat":0},"geometry":{"type":"LineString","coordinates":[[-97.8512,27.4919],[-97.8646,27.4969]]}},{"type":"Feature","properties":{"ef":1,"year":2016,"date":"2016-05-31","len_km":3.6,"inj":0,"fat":0},"geometry":{"type":"LineString","coordinates":[[-97.8316,27.4664],[-97.8666,27.475]]}},{"type":"Feature","properties":{"ef":0,"year":2016,"date":"2016-05-31","len_km":0.6,"inj":0,"fat":0},"geometry":{"type":"LineString","coordinates":[[-97.8829,27.3794],[-97.8763,27.3797]]}},{"type":"Feature","properties":{"ef":1,"year":2016,"date":"2016-05-09","len_km":3.3,"inj":0,"fat":0},"geometry":{"type":"LineString","coordinates":[[-94.6584,33.6108],[-94.6522,33.6399]]}},{"type":"Feature","properties":{"ef":1,"year":2016,"date":"2016-05-09","len_km":0.2,"inj":0,"fat":0},"geometry":{"type":"LineString","coordinates":[[-94.6154,33.6413],[-94.6153,33.6434]]}},{"type":"Feature","properties":{"ef":0,"year":2016,"date":"2016-06-13","len_km":0.5,"inj":0,"fat":0},"geometry":{"type":"LineString","coordinates":[[-101.747,35.788],[-101.745,35.792]]}},{"type":"Feature","properties":{"ef":2,"year":2016,"date":"2016-06-13","len_km":8.0,"inj":0,"fat":0},"geometry":{"type":"LineString","coordinates":[[-101.643,35.428],[-101.5742,35.4063]]}},{"type":"Feature","properties":{"ef":-9,"year":2016,"date":"2016-06-01","len_km":0.1,"inj":0,"fat":0},"geometry":{"type":"LineString","coordinates":[[-102.2315,33.3092],[-102.2312,33.3098]]}},{"type":"Feature","properties":{"ef":0,"year":2016,"date":"2016-07-17","len_km":0.1,"inj":0,"fat":0},"geometry":{"type":"LineString","coordinates":[[-94.8259,29.2668],[-94.8258,29.2661]]}},{"type":"Feature","properties":{"ef":-9,"year":2016,"date":"2016-08-29","len_km":1.0,"inj":0,"fat":0},"geometry":{"type":"LineString","coordinates":[[-101.4581,34.4713],[-101.4689,34.4718]]}},{"type":"Feature","properties":{"ef":0,"year":2016,"date":"2016-09-16","len_km":0.6,"inj":0,"fat":0},"geometry":{"type":"LineString","coordinates":[[-102.4409,31.9256],[-102.4397,31.9306]]}},{"type":"Feature","properties":{"ef":1,"year":2016,"date":"2016-09-17","len_km":9.4,"inj":0,"fat":0},"geometry":{"type":"LineString","coordinates":[[-102.8059,32.095],[-102.7469,32.0263]]}},{"type":"Feature","properties":{"ef":0,"year":2016,"date":"2016-09-17","len_km":0.0,"inj":0,"fat":0},"geometry":{"type":"LineString","coordinates":[[-102.0688,35.7132],[-102.0687,35.7132]]}},{"type":"Feature","properties":{"ef":0,"year":2016,"date":"2016-09-17","len_km":1.9,"inj":0,"fat":0},"geometry":{"type":"LineString","coordinates":[[-101.9797,35.6876],[-101.9599,35.6931]]}},{"type":"Feature","properties":{"ef":0,"year":2016,"date":"2016-09-09","len_km":0.5,"inj":0,"fat":0},"geometry":{"type":"LineString","coordinates":[[-101.41,36.34],[-101.41,36.336]]}},{"type":"Feature","properties":{"ef":0,"year":2017,"date":"2017-10-20","len_km":0.8,"inj":0,"fat":0},"geometry":{"type":"LineString","coordinates":[[-95.0738,29.4757],[-95.0675,29.4724]]}},{"type":"Feature","properties":{"ef":2,"year":2017,"date":"2017-12-19","len_km":5.0,"inj":0,"fat":0},"geometry":{"type":"LineString","coordinates":[[-95.1926,31.7435],[-95.1494,31.7687]]}},{"type":"Feature","properties":{"ef":2,"year":2017,"date":"2017-12-19","len_km":10.3,"inj":0,"fat":0},"geometry":{"type":"LineString","coordinates":[[-94.9435,31.8934],[-94.8406,31.9237]]}},{"type":"Feature","properties":{"ef":1,"year":2017,"date":"2017-12-20","len_km":6.4,"inj":0,"fat":0},"geometry":{"type":"LineString","coordinates":[[-93.9484,30.2755],[-93.885,30.2945]]}},{"type":"Feature","properties":{"ef":0,"year":2017,"date":"2017-01-13","len_km":1.9,"inj":0,"fat":0},"geometry":{"type":"LineString","coordinates":[[-97.582,30.722],[-97.579,30.739]]}},{"type":"Feature","properties":{"ef":0,"year":2017,"date":"2017-01-15","len_km":2.0,"inj":0,"fat":0},"geometry":{"type":"LineString","coordinates":[[-96.114,30.9217],[-96.0978,30.9365]]}},{"type":"Feature","properties":{"ef":2,"year":2017,"date":"2017-01-15","len_km":20.8,"inj":0,"fat":0},"geometry":{"type":"LineString","coordinates":[[-97.67,31.49],[-97.58,31.66]]}},{"type":"Feature","properties":{"ef":1,"year":2017,"date":"2017-01-15","len_km":2.2,"inj":0,"fat":0},"geometry":{"type":"LineString","coordinates":[[-97.58,31.77],[-97.58,31.79]]}},{"type":"Feature","properties":{"ef":1,"year":2017,"date":"2017-01-15","len_km":10.5,"inj":2,"fat":0},"geometry":{"type":"LineString","coordinates":[[-97.4266,31.9115],[-97.3694,31.9921]]}},{"type":"Feature","properties":{"ef":2,"year":2017,"date":"2017-01-15","len_km":3.2,"inj":0,"fat":0},"geometry":{"type":"LineString","coordinates":[[-99.2111,31.0817],[-99.2033,31.1097]]}},{"type":"Feature","properties":{"ef":0,"year":2017,"date":"2017-01-15","len_km":4.9,"inj":0,"fat":0},"geometry":{"type":"LineString","coordinates":[[-97.12,32.52],[-97.1,32.56]]}},{"type":"Feature","properties":{"ef":0,"year":2017,"date":"2017-01-15","len_km":0.5,"inj":0,"fat":0},"geometry":{"type":"LineString","coordinates":[[-97.034,32.69],[-97.0295,32.6922]]}},{"type":"Feature","properties":{"ef":0,"year":2017,"date":"2017-01-16","len_km":5.0,"inj":0,"fat":0},"geometry":{"type":"LineString","coordinates":[[-96.55,31.69],[-96.51,31.72]]}},{"type":"Feature","properties":{"ef":0,"year":2017,"date":"2017-01-16","len_km":0.2,"inj":0,"fat":0},"geometry":{"type":"LineString","coordinates":[[-95.5648,29.9302],[-95.5646,29.9312]]}},{"type":"Feature","properties":{"ef":0,"year":2017,"date":"2017-01-16","len_km":0.2,"inj":0,"fat":0},"geometry":{"type":"LineString","coordinates":[[-95.4498,30.085],[-95.44,30.086]]}},{"type":"Feature","properties":{"ef":0,"year":2017,"date":"2017-01-16","len_km":0.3,"inj":0,"fat":0},"geometry":{"type":"LineString","coordinates":[[-95.4339,30.1276],[-95.4333,30.1308]]}},{"type":"Feature","properties":{"ef":1,"year":2017,"date":"2017-01-18","len_km":1.0,"inj":0,"fat":0},"geometry":{"type":"LineString","coordinates":[[-93.6172,30.9883],[-93.607,30.9882]]}},{"type":"Feature","properties":{"ef":2,"year":2017,"date":"2017-01-21","len_km":11.2,"inj":0,"fat":0},"geometry":{"type":"LineString","coordinates":[[-94.2529,32.5199],[-94.1995,32.6096]]}},{"type":"Feature","properties":{"ef":1,"year":2017,"date":"2017-01-21","len_km":1.3,"inj":0,"fat":0},"geometry":{"type":"LineString","coordinates":[[-94.4179,32.7724],[-94.4163,32.784]]}},{"type":"Feature","properties":{"ef":1,"year":2017,"date":"2017-01-02","len_km":4.1,"inj":0,"fat":0},"geometry":{"type":"LineString","coordinates":[[-94.021,31.0707],[-93.9824,31.087]]}},{"type":"Feature","properties":{"ef":1,"year":2017,"date":"2017-01-02","len_km":4.1,"inj":0,"fat":0},"geometry":{"type":"LineString","coordinates":[[-93.758,30.5821],[-93.7209,30.6012]]}},{"type":"Feature","properties":{"ef":0,"year":2017,"date":"2017-02-14","len_km":1.6,"inj":0,"fat":0},"geometry":{"type":"LineString","coordinates":[[-96.09,29.334],[-96.08,29.3351]]}},{"type":"Feature","properties":{"ef":1,"year":2017,"date":"2017-02-14","len_km":2.8,"inj":6,"fat":0},"geometry":{"type":"LineString","coordinates":[[-95.8997,29.0227],[-95.872,29.0284]]}},{"type":"Feature","properties":{"ef":2,"year":2017,"date":"2017-02-14","len_km":1.1,"inj":0,"fat":0},"geometry":{"type":"LineString","coordinates":[[-95.7149,29.541],[-95.7063,29.5345]]}},{"type":"Feature","properties":{"ef":0,"year":2017,"date":"2017-02-14","len_km":1.0,"inj":0,"fat":0},"geometry":{"type":"LineString","coordinates":[[-95.7016,29.5414],[-95.6927,29.5376]]}},{"type":"Feature","properties":{"ef":0,"year":2017,"date":"2017-02-14","len_km":0.6,"inj":0,"fat":0},"geometry":{"type":"LineString","coordinates":[[-95.5668,29.6335],[-95.5626,29.6295]]}},{"type":"Feature","properties":{"ef":0,"year":2017,"date":"2017-02-14","len_km":1.2,"inj":0,"fat":0},"geometry":{"type":"LineString","coordinates":[[-95.5819,29.592],[-95.5719,29.5988]]}},{"type":"Feature","properties":{"ef":0,"year":2017,"date":"2017-02-14","len_km":2.4,"inj":0,"fat":0},"geometry":{"type":"LineString","coordinates":[[-95.746,29.0364],[-95.7263,29.0494]]}},{"type":"Feature","properties":{"ef":2,"year":2017,"date":"2017-02-19","len_km":7.5,"inj":0,"fat":0},"geometry":{"type":"LineString","coordinates":[[-98.4991,29.4907],[-98.4273,29.5154]]}},{"type":"Feature","properties":{"ef":0,"year":2017,"date":"2017-02-19","len_km":2.6,"inj":0,"fat":0},"geometry":{"type":"LineString","coordinates":[[-98.3601,29.5016],[-98.3469,29.5219]]}},{"type":"Feature","properties":{"ef":1,"year":2017,"date":"2017-02-19","len_km":4.8,"inj":0,"fat":0},"geometry":{"type":"LineString","coordinates":[[-98.4117,29.5551],[-98.378,29.586]]}},{"type":"Feature","properties":{"ef":0,"year":2017,"date":"2017-02-19","len_km":1.1,"inj":0,"fat":0},"geometry":{"type":"LineString","coordinates":[[-98.265,29.6714],[-98.2581,29.6786]]}},{"type":"Feature","properties":{"ef":0,"year":2017,"date":"2017-02-19","len_km":0.4,"inj":0,"fat":0},"geometry":{"type":"LineString","coordinates":[[-97.9487,29.4605],[-97.9458,29.4626]]}},{"type":"Feature","properties":{"ef":1,"year":2017,"date":"2017-02-19","len_km":15.7,"inj":0,"fat":0},"geometry":{"type":"LineString","coordinates":[[-98.048,29.9156],[-97.8986,29.9636]]}},{"type":"Feature","properties":{"ef":0,"year":2017,"date":"2017-02-19","len_km":4.8,"inj":0,"fat":0},"geometry":{"type":"LineString","coordinates":[[-97.7415,30.0361],[-97.7046,30.0613]]}},{"type":"Feature","properties":{"ef":2,"year":2017,"date":"2017-02-20","len_km":15.1,"inj":0,"fat":0},"geometry":{"type":"LineString","coordinates":[[-97.3594,30.5501],[-97.2436,30.6312]]}},{"type":"Feature","properties":{"ef":2,"year":2017,"date":"2017-02-20","len_km":6.8,"inj":0,"fat":0},"geometry":{"type":"LineString","coordinates":[[-97.3525,30.5443],[-97.2883,30.5709]]}},{"type":"Feature","properties":{"ef":0,"year":2017,"date":"2017-03-11","len_km":0.7,"inj":0,"fat":0},"geometry":{"type":"LineString","coordinates":[[-94.2291,30.0929],[-94.2215,30.0933]]}},{"type":"Feature","properties":{"ef":0,"year":2017,"date":"2017-03-19","len_km":0.3,"inj":0,"fat":0},"geometry":{"type":"LineString","coordinates":[[-103.6677,30.3874],[-103.6649,30.3891]]}},{"type":"Feature","properties":{"ef":2,"year":2017,"date":"2017-03-24","len_km":4.4,"inj":0,"fat":0},"geometry":{"type":"LineString","coordinates":[[-94.4499,32.4825],[-94.4169,32.5102]]}},{"type":"Feature","properties":{"ef":0,"year":2017,"date":"2017-03-24","len_km":0.0,"inj":0,"fat":0},"geometry":{"type":"Point","coordinates":[-94.8774,29.7829]}},{"type":"Feature","properties":{"ef":-9,"year":2017,"date":"2017-03-28","len_km":4.0,"inj":0,"fat":0},"geometry":{"type":"LineString","coordinates":[[-101.1935,33.6456],[-101.1715,33.6762]]}},{"type":"Feature","properties":{"ef":-9,"year":2017,"date":"2017-03-28","len_km":3.3,"inj":0,"fat":0},"geometry":{"type":"LineString","coordinates":[[-101.1791,33.6893],[-101.1957,33.716]]}},{"type":"Feature","properties":{"ef":0,"year":2017,"date":"2017-03-28","len_km":0.1,"inj":0,"fat":0},"geometry":{"type":"LineString","coordinates":[[-100.2873,32.776],[-100.2873,32.777]]}},{"type":"Feature","properties":{"ef":0,"year":2017,"date":"2017-03-28","len_km":0.0,"inj":0,"fat":0},"geometry":{"type":"LineString","coordinates":[[-99.94,32.44],[-99.94,32.4401]]}},{"type":"Feature","properties":{"ef":-9,"year":2017,"date":"2017-03-28","len_km":1.6,"inj":0,"fat":0},"geometry":{"type":"LineString","coordinates":[[-100.9993,33.464],[-100.9976,33.4787]]}},{"type":"Feature","properties":{"ef":-9,"year":2017,"date":"2017-03-28","len_km":1.0,"inj":0,"fat":0},"geometry":{"type":"LineString","coordinates":[[-101.0698,33.889],[-101.0639,33.8964]]}},{"type":"Feature","properties":{"ef":0,"year":2017,"date":"2017-03-28","len_km":7.2,"inj":0,"fat":0},"geometry":{"type":"LineString","coordinates":[[-99.8247,32.6783],[-99.8,32.74]]}},{"type":"Feature","properties":{"ef":0,"year":2017,"date":"2017-03-28","len_km":5.0,"inj":0,"fat":0},"geometry":{"type":"LineString","coordinates":[[-100.27,34.89],[-100.2313,34.9217]]}},{"type":"Feature","properties":{"ef":0,"year":2017,"date":"2017-03-28","len_km":7.5,"inj":0,"fat":0},"geometry":{"type":"LineString","coordinates":[[-99.7803,32.8888],[-99.7527,32.9525]]}},{"type":"Feature","properties":{"ef":1,"year":2017,"date":"2017-03-28","len_km":1.1,"inj":0,"fat":0},"geometry":{"type":"LineString","coordinates":[[-100.536,33.599],[-100.5287,33.6071]]}},{"type":"Feature","properties":{"ef":-9,"year":2017,"date":"2017-03-28","len_km":3.1,"inj":0,"fat":0},"geometry":{"type":"LineString","coordinates":[[-100.5653,33.6482],[-100.5694,33.6756]]}},{"type":"Feature","properties":{"ef":-9,"year":2017,"date":"2017-03-28","len_km":2.3,"inj":0,"fat":0},"geometry":{"type":"LineString","coordinates":[[-100.5135,33.6653],[-100.515,33.6855]]}},{"type":"Feature","properties":{"ef":-9,"year":2017,"date":"2017-03-28","len_km":4.8,"inj":0,"fat":0},"geometry":{"type":"LineString","coordinates":[[-99.387,33.417],[-99.361,33.455]]}},{"type":"Feature","properties":{"ef":0,"year":2017,"date":"2017-03-28","len_km":9.4,"inj":0,"fat":0},"geometry":{"type":"LineString","coordinates":[[-101.8159,31.6318],[-101.732,31.6727]]}},{"type":"Feature","properties":{"ef":2,"year":2017,"date":"2017-03-28","len_km":2.9,"inj":0,"fat":0},"geometry":{"type":"LineString","coordinates":[[-101.6766,31.6706],[-101.6472,31.6772]]}},{"type":"Feature","properties":{"ef":0,"year":2017,"date":"2017-03-28","len_km":7.3,"inj":0,"fat":0},"geometry":{"type":"LineString","coordinates":[[-100.849,32.0926],[-100.79,32.1351]]}},{"type":"Feature","properties":{"ef":0,"year":2017,"date":"2017-03-29","len_km":10.4,"inj":0,"fat":0},"geometry":{"type":"LineString","coordinates":[[-97.373,32.923],[-97.277,32.971]]}},{"type":"Feature","properties":{"ef":0,"year":2017,"date":"2017-03-29","len_km":18.3,"inj":0,"fat":0},"geometry":{"type":"LineString","coordinates":[[-97.331,32.861],[-97.161,32.943]]}},{"type":"Feature","properties":{"ef":1,"year":2017,"date":"2017-03-29","len_km":2.6,"inj":0,"fat":0},"geometry":{"type":"LineString","coordinates":[[-97.03,33.035],[-97.012,33.053]]}},{"type":"Feature","properties":{"ef":1,"year":2017,"date":"2017-03-29","len_km":9.6,"inj":0,"fat":0},"geometry":{"type":"LineString","coordinates":[[-94.7976,32.5278],[-94.7098,32.5726]]}},{"type":"Feature","properties":{"ef":0,"year":2017,"date":"2017-03-29","len_km":0.4,"inj":0,"fat":0},"geometry":{"type":"LineString","coordinates":[[-95.4873,29.6984],[-95.4855,29.702]]}},{"type":"Feature","properties":{"ef":0,"year":2017,"date":"2017-03-29","len_km":0.2,"inj":0,"fat":0},"geometry":{"type":"LineString","coordinates":[[-95.1294,30.266],[-95.1285,30.2672]]}},{"type":"Feature","properties":{"ef":1,"year":2017,"date":"2017-03-29","len_km":0.7,"inj":0,"fat":0},"geometry":{"type":"LineString","coordinates":[[-95.071,29.6487],[-95.0698,29.6426]]}},{"type":"Feature","properties":{"ef":0,"year":2017,"date":"2017-03-29","len_km":3.2,"inj":0,"fat":0},"geometry":{"type":"LineString","coordinates":[[-95.0278,29.633],[-94.9966,29.6689]]}},{"type":"Feature","properties":{"ef":1,"year":2017,"date":"2017-03-29","len_km":4.3,"inj":2,"fat":0},"geometry":{"type":"LineString","coordinates":[[-95.0285,29.6814],[-94.9843,29.6775]]}},{"type":"Feature","properties":{"ef":1,"year":2017,"date":"2017-03-29","len_km":2.1,"inj":0,"fat":0},"geometry":{"type":"LineString","coordinates":[[-94.4198,30.6708],[-94.3978,30.6712]]}},{"type":"Feature","properties":{"ef":1,"year":2017,"date":"2017-03-29","len_km":0.7,"inj":0,"fat":0},"geometry":{"type":"LineString","coordinates":[[-94.359,30.6747],[-94.3516,30.6765]]}},{"type":"Feature","properties":{"ef":0,"year":2017,"date":"2017-03-29","len_km":0.1,"inj":0,"fat":0},"geometry":{"type":"LineString","coordinates":[[-94.8364,29.7716],[-94.836,29.7727]]}},{"type":"Feature","properties":{"ef":1,"year":2017,"date":"2017-03-29","len_km":0.7,"inj":0,"fat":0},"geometry":{"type":"LineString","coordinates":[[-93.9739,30.8309],[-93.9682,30.8344]]}},{"type":"Feature","properties":{"ef":1,"year":2017,"date":"2017-03-29","len_km":19.6,"inj":0,"fat":0},"geometry":{"type":"LineString","coordinates":[[-93.8457,30.9534],[-93.7149,31.0896]]}},{"type":"Feature","properties":{"ef":0,"year":2017,"date":"2017-03-05","len_km":0.0,"inj":0,"fat":0},"geometry":{"type":"Point","coordinates":[-96.1457,28.8844]}},{"type":"Feature","properties":{"ef":0,"year":2017,"date":"2017-03-05","len_km":0.0,"inj":0,"fat":0},"geometry":{"type":"Point","coordinates":[-95.56,28.94]}},{"type":"Feature","properties":{"ef":1,"year":2017,"date":"2017-04-10","len_km":0.8,"inj":0,"fat":0},"geometry":{"type":"LineString","coordinates":[[-95.1026,32.2484],[-95.0963,32.2443]]}},{"type":"Feature","properties":{"ef":1,"year":2017,"date":"2017-04-10","len_km":2.9,"inj":0,"fat":0},"geometry":{"type":"LineString","coordinates":[[-94.9999,32.2782],[-94.9688,32.2755]]}},{"type":"Feature","properties":{"ef":0,"year":2017,"date":"2017-04-10","len_km":1.2,"inj":0,"fat":0},"geometry":{"type":"LineString","coordinates":[[-96.9019,31.5478],[-96.8908,31.5434]]}},{"type":"Feature","properties":{"ef":0,"year":2017,"date":"2017-04-13","len_km":0.5,"inj":0,"fat":0},"geometry":{"type":"Point","coordinates":[-99.14,34.0793]}},{"type":"Feature","properties":{"ef":-9,"year":2017,"date":"2017-04-14","len_km":5.0,"inj":0,"fat":0},"geometry":{"type":"LineString","coordinates":[[-102.5467,34.4638],[-102.4978,34.4828]]}},{"type":"Feature","properties":{"ef":0,"year":2017,"date":"2017-04-14","len_km":0.6,"inj":0,"fat":0},"geometry":{"type":"LineString","coordinates":[[-102.4793,34.5272],[-102.473,34.5295]]}},{"type":"Feature","properties":{"ef":0,"year":2017,"date":"2017-04-14","len_km":3.1,"inj":0,"fat":0},"geometry":{"type":"LineString","coordinates":[[-102.4101,34.5017],[-102.3681,34.5093]]}},{"type":"Feature","properties":{"ef":3,"year":2017,"date":"2017-04-14","len_km":5.7,"inj":0,"fat":0},"geometry":{"type":"LineString","coordinates":[[-102.359,34.572],[-102.3957,34.5305]]}},{"type":"Feature","properties":{"ef":-9,"year":2017,"date":"2017-04-14","len_km":0.8,"inj":0,"fat":0},"geometry":{"type":"LineString","coordinates":[[-102.2968,34.5997],[-102.2886,34.6021]]}},{"type":"Feature","properties":{"ef":-9,"year":2017,"date":"2017-04-14","len_km":0.1,"inj":0,"fat":0},"geometry":{"type":"Point","coordinates":[-102.4118,34.536]}},{"type":"Feature","properties":{"ef":-9,"year":2017,"date":"2017-04-14","len_km":1.5,"inj":0,"fat":0},"geometry":{"type":"LineString","coordinates":[[-101.9657,34.3212],[-101.95,34.3185]]}},{"type":"Feature","properties":{"ef":0,"year":2017,"date":"2017-04-21","len_km":0.5,"inj":0,"fat":0},"geometry":{"type":"LineString","coordinates":[[-97.1835,33.553],[-97.1787,33.5519]]}},{"type":"Feature","properties":{"ef":0,"year":2017,"date":"2017-04-29","len_km":2.5,"inj":0,"fat":0},"geometry":{"type":"LineString","coordinates":[[-95.7526,32.6056],[-95.7457,32.6272]]}},{"type":"Feature","properties":{"ef":0,"year":2017,"date":"2017-04-29","len_km":2.9,"inj":0,"fat":0},"geometry":{"type":"LineString","coordinates":[[-95.8429,32.5405],[-95.8299,32.5642]]}},{"type":"Feature","properties":{"ef":4,"year":2017,"date":"2017-04-29","len_km":34.5,"inj":25,"fat":2},"geometry":{"type":"LineString","coordinates":[[-96.018,32.2572],[-95.9306,32.5528]]}},{"type":"Feature","properties":{"ef":2,"year":2017,"date":"2017-04-29","len_km":18.8,"inj":10,"fat":0},"geometry":{"type":"LineString","coordinates":[[-95.9803,32.251],[-95.9025,32.4061]]}},{"type":"Feature","properties":{"ef":3,"year":2017,"date":"2017-04-29","len_km":63.9,"inj":24,"fat":2},"geometry":{"type":"LineString","coordinates":[[-95.8756,32.3991],[-95.6987,32.954]]}},{"type":"Feature","properties":{"ef":0,"year":2017,"date":"2017-04-29","len_km":13.8,"inj":0,"fat":0},"geometry":{"type":"LineString","coordinates":[[-95.836,32.9906],[-95.8302,33.1146]]}},{"type":"Feature","properties":{"ef":0,"year":2017,"date":"2017-04-29","len_km":1.4,"inj":0,"fat":0},"geometry":{"type":"LineString","coordinates":[[-96.0528,32.3859],[-96.0384,32.3822]]}},{"type":"Feature","properties":{"ef":1,"year":2017,"date":"2017-04-29","len_km":4.8,"inj":0,"fat":0},"geometry":{"type":"LineString","coordinates":[[-95.4619,32.5656],[-95.4219,32.5928]]}},{"type":"Feature","properties":{"ef":1,"year":2017,"date":"2017-04-29","len_km":0.5,"inj":0,"fat":0},"geometry":{"type":"LineString","coordinates":[[-95.4439,32.6496],[-95.4394,32.6516]]}},{"type":"Feature","properties":{"ef":0,"year":2017,"date":"2017-04-02","len_km":4.8,"inj":0,"fat":0},"geometry":{"type":"LineString","coordinates":[[-98.057,30.3652],[-98.0099,30.3805]]}},{"type":"Feature","properties":{"ef":0,"year":2017,"date":"2017-04-02","len_km":0.8,"inj":0,"fat":0},"geometry":{"type":"LineString","coordinates":[[-95.4322,30.8242],[-95.4377,30.83]]}},{"type":"Feature","properties":{"ef":1,"year":2017,"date":"2017-04-02","len_km":10.2,"inj":0,"fat":0},"geometry":{"type":"LineString","coordinates":[[-94.3315,31.2699],[-94.2419,31.3208]]}},{"type":"Feature","properties":{"ef":1,"year":2017,"date":"2017-05-10","len_km":4.5,"inj":0,"fat":0},"geometry":{"type":"LineString","coordinates":[[-101.1,35.04],[-101.05,35.07]]}},{"type":"Feature","properties":{"ef":1,"year":2017,"date":"2017-05-10","len_km":4.3,"inj":0,"fat":0},"geometry":{"type":"LineString","coordinates":[[-100.9,35.2],[-100.86,35.22]]}},{"type":"Feature","properties":{"ef":-9,"year":2017,"date":"2017-05-10","len_km":0.0,"inj":0,"fat":0},"geometry":{"type":"Point","coordinates":[-100.773,34.0234]}},{"type":"Feature","properties":{"ef":-9,"year":2017,"date":"2017-05-10","len_km":0.0,"inj":0,"fat":0},"geometry":{"type":"LineString","coordinates":[[-100.2891,34.1744],[-100.2942,34.1741]]}},{"type":"Feature","properties":{"ef":-9,"year":2017,"date":"2017-05-10","len_km":1.7,"inj":0,"fat":0},"geometry":{"type":"LineString","coordinates":[[-100.0641,34.3019],[-100.0462,34.3051]]}},{"type":"Feature","properties":{"ef":-9,"year":2017,"date":"2017-05-10","len_km":0.6,"inj":0,"fat":0},"geometry":{"type":"LineString","coordinates":[[-100.935,34.6332],[-100.9311,34.6373]]}},{"type":"Feature","properties":{"ef":-9,"year":2017,"date":"2017-05-10","len_km":0.2,"inj":0,"fat":0},"geometry":{"type":"LineString","coordinates":[[-100.78,29.4279],[-100.7783,29.4279]]}},{"type":"Feature","properties":{"ef":0,"year":2017,"date":"2017-05-11","len_km":3.4,"inj":0,"fat":0},"geometry":{"type":"LineString","coordinates":[[-95.9109,32.6568],[-95.8827,32.6753]]}},{"type":"Feature","properties":{"ef":1,"year":2017,"date":"2017-05-11","len_km":2.1,"inj":0,"fat":0},"geometry":{"type":"LineString","coordinates":[[-95.0058,32.5528],[-94.9889,32.5646]]}},{"type":"Feature","properties":{"ef":1,"year":2017,"date":"2017-05-11","len_km":4.3,"inj":0,"fat":0},"geometry":{"type":"LineString","coordinates":[[-94.8971,32.5738],[-94.851,32.5704]]}},{"type":"Feature","properties":{"ef":1,"year":2017,"date":"2017-05-11","len_km":8.5,"inj":0,"fat":0},"geometry":{"type":"LineString","coordinates":[[-94.6932,32.0177],[-94.6542,32.0869]]}},{"type":"Feature","properties":{"ef":2,"year":2017,"date":"2017-05-11","len_km":7.4,"inj":0,"fat":0},"geometry":{"type":"LineString","coordinates":[[-94.4989,31.815],[-94.4547,31.8693]]}},{"type":"Feature","properties":{"ef":0,"year":2017,"date":"2017-05-16","len_km":0.1,"inj":0,"fat":0},"geometry":{"type":"LineString","coordinates":[[-101.14,36.35],[-101.139,36.351]]}},{"type":"Feature","properties":{"ef":0,"year":2017,"date":"2017-05-16","len_km":2.2,"inj":0,"fat":0},"geometry":{"type":"LineString","coordinates":[[-100.65,35.16],[-100.647,35.18]]}},{"type":"Feature","properties":{"ef":0,"year":2017,"date":"2017-05-16","len_km":0.1,"inj":0,"fat":0},"geometry":{"type":"LineString","coordinates":[[-100.49,35.23],[-100.489,35.2301]]}},{"type":"Feature","properties":{"ef":1,"year":2017,"date":"2017-05-16","len_km":0.1,"inj":0,"fat":0},"geometry":{"type":"LineString","coordinates":[[-100.38,35.31],[-100.379,35.311]]}},{"type":"Feature","properties":{"ef":2,"year":2017,"date":"2017-05-16","len_km":14.8,"inj":0,"fat":0},"geometry":{"type":"LineString","coordinates":[[-100.29,35.37],[-100.17,35.46]]}},{"type":"Feature","properties":{"ef":0,"year":2017,"date":"2017-05-16","len_km":0.5,"inj":0,"fat":0},"geometry":{"type":"LineString","coordinates":[[-100.05,35.02],[-100.045,35.021]]}},{"type":"Feature","properties":{"ef":0,"year":2017,"date":"2017-05-16","len_km":3.6,"inj":0,"fat":0},"geometry":{"type":"LineString","coordinates":[[-100.05,35.02],[-100.01,35.02]]}},{"type":"Feature","properties":{"ef":-9,"year":2017,"date":"2017-05-18","len_km":0.3,"inj":0,"fat":0},"geometry":{"type":"Point","coordinates":[-99.282,34.054]}},{"type":"Feature","properties":{"ef":-9,"year":2017,"date":"2017-05-18","len_km":1.9,"inj":0,"fat":0},"geometry":{"type":"LineString","coordinates":[[-98.929,34.121],[-98.911,34.129]]}},{"type":"Feature","properties":{"ef":2,"year":2017,"date":"2017-05-18","len_km":3.2,"inj":0,"fat":0},"geometry":{"type":"LineString","coordinates":[[-98.894,34.133],[-98.865,34.136]]}},{"type":"Feature","properties":{"ef":1,"year":2017,"date":"2017-05-18","len_km":5.3,"inj":0,"fat":0},"geometry":{"type":"LineString","coordinates":[[-99.1185,32.0353],[-99.0786,32.0571]]}},{"type":"Feature","properties":{"ef":0,"year":2017,"date":"2017-05-18","len_km":0.7,"inj":0,"fat":0},"geometry":{"type":"LineString","coordinates":[[-98.9605,32.011],[-98.9539,32.0088]]}},{"type":"Feature","properties":{"ef":1,"year":2017,"date":"2017-05-18","len_km":7.0,"inj":0,"fat":0},"geometry":{"type":"LineString","coordinates":[[-98.8591,31.942],[-98.8931,31.9509]]}},{"type":"Feature","properties":{"ef":-9,"year":2017,"date":"2017-05-19","len_km":0.0,"inj":0,"fat":0},"geometry":{"type":"LineString","coordinates":[[-99.99,31.97],[-99.9895,31.97]]}},{"type":"Feature","properties":{"ef":-9,"year":2017,"date":"2017-05-19","len_km":0.8,"inj":0,"fat":0},"geometry":{"type":"LineString","coordinates":[[-98.467,33.549],[-98.46,33.553]]}},{"type":"Feature","properties":{"ef":-9,"year":2017,"date":"2017-05-19","len_km":0.1,"inj":0,"fat":0},"geometry":{"type":"LineString","coordinates":[[-99.2855,31.5601],[-99.2841,31.5601]]}},{"type":"Feature","properties":{"ef":0,"year":2017,"date":"2017-05-21","len_km":11.6,"inj":0,"fat":0},"geometry":{"type":"LineString","coordinates":[[-95.95,29.77],[-95.846,29.717]]}},{"type":"Feature","properties":{"ef":0,"year":2017,"date":"2017-05-22","len_km":0.3,"inj":0,"fat":0},"geometry":{"type":"LineString","coordinates":[[-95.48,29.2211],[-95.4797,29.2235]]}},{"type":"Feature","properties":{"ef":0,"year":2017,"date":"2017-05-22","len_km":0.2,"inj":0,"fat":0},"geometry":{"type":"Point","coordinates":[-94.8957,29.2281]}},{"type":"Feature","properties":{"ef":0,"year":2017,"date":"2017-05-23","len_km":2.9,"inj":0,"fat":0},"geometry":{"type":"LineString","coordinates":[[-97.371,30.395],[-97.348,30.378]]}},{"type":"Feature","properties":{"ef":1,"year":2017,"date":"2017-05-28","len_km":16.5,"inj":0,"fat":0},"geometry":{"type":"LineString","coordinates":[[-94.8205,32.5501],[-94.716,32.4304]]}},{"type":"Feature","properties":{"ef":1,"year":2017,"date":"2017-05-28","len_km":7.5,"inj":0,"fat":0},"geometry":{"type":"LineString","coordinates":[[-94.6213,32.3834],[-94.5447,32.3717]]}},{"type":"Feature","properties":{"ef":1,"year":2017,"date":"2017-05-03","len_km":13.5,"inj":0,"fat":0},"geometry":{"type":"LineString","coordinates":[[-94.5231,32.098],[-94.3817,32.1159]]}},{"type":"Feature","properties":{"ef":0,"year":2017,"date":"2017-05-03","len_km":9.2,"inj":0,"fat":0},"geometry":{"type":"LineString","coordinates":[[-94.7158,31.3323],[-94.628,31.2967]]}},{"type":"Feature","properties":{"ef":-9,"year":2017,"date":"2017-05-09","len_km":0.0,"inj":0,"fat":0},"geometry":{"type":"Point","coordinates":[-102.7,33.86]}},{"type":"Feature","properties":{"ef":-9,"year":2017,"date":"2017-05-09","len_km":0.0,"inj":0,"fat":0},"geometry":{"type":"Point","coordinates":[-102.54,34.07]}},{"type":"Feature","properties":{"ef":-9,"year":2017,"date":"2017-05-09","len_km":0.0,"inj":0,"fat":0},"geometry":{"type":"Point","coordinates":[-102.86,33.49]}},{"type":"Feature","properties":{"ef":0,"year":2017,"date":"2017-06-18","len_km":9.8,"inj":0,"fat":0},"geometry":{"type":"LineString","coordinates":[[-101.8282,31.1586],[-101.7307,31.1856]]}},{"type":"Feature","properties":{"ef":0,"year":2017,"date":"2017-06-18","len_km":2.8,"inj":0,"fat":0},"geometry":{"type":"LineString","coordinates":[[-101.3982,31.2614],[-101.3753,31.2776]]}},{"type":"Feature","properties":{"ef":0,"year":2017,"date":"2017-06-18","len_km":3.3,"inj":0,"fat":0},"geometry":{"type":"LineString","coordinates":[[-101.47,31.4895],[-101.4443,31.5093]]}},{"type":"Feature","properties":{"ef":0,"year":2017,"date":"2017-07-15","len_km":0.6,"inj":0,"fat":0},"geometry":{"type":"LineString","coordinates":[[-94.9982,30.7418],[-95.0006,30.7367]]}},{"type":"Feature","properties":{"ef":0,"year":2017,"date":"2017-07-15","len_km":0.2,"inj":0,"fat":0},"geometry":{"type":"LineString","coordinates":[[-97.6632,30.5768],[-97.6643,30.5757]]}},{"type":"Feature","properties":{"ef":0,"year":2017,"date":"2017-07-07","len_km":0.2,"inj":0,"fat":0},"geometry":{"type":"Point","coordinates":[-97.3691,25.9715]}},{"type":"Feature","properties":{"ef":0,"year":2017,"date":"2017-08-13","len_km":0.1,"inj":0,"fat":0},"geometry":{"type":"LineString","coordinates":[[-101.71,35.32],[-101.709,35.319]]}},{"type":"Feature","properties":{"ef":0,"year":2017,"date":"2017-08-25","len_km":0.2,"inj":0,"fat":0},"geometry":{"type":"LineString","coordinates":[[-94.7699,29.3104],[-94.77,29.3122]]}},{"type":"Feature","properties":{"ef":0,"year":2017,"date":"2017-08-25","len_km":0.4,"inj":0,"fat":0},"geometry":{"type":"LineString","coordinates":[[-95.483,28.9811],[-95.4854,28.9837]]}},{"type":"Feature","properties":{"ef":1,"year":2017,"date":"2017-08-25","len_km":3.5,"inj":0,"fat":0},"geometry":{"type":"LineString","coordinates":[[-95.6255,28.7699],[-95.6587,28.7821]]}},{"type":"Feature","properties":{"ef":0,"year":2017,"date":"2017-08-25","len_km":0.3,"inj":0,"fat":0},"geometry":{"type":"LineString","coordinates":[[-96.6671,28.4239],[-96.6696,28.4229]]}},{"type":"Feature","properties":{"ef":0,"year":2017,"date":"2017-08-25","len_km":6.4,"inj":0,"fat":0},"geometry":{"type":"LineString","coordinates":[[-95.5448,29.1464],[-95.5959,29.1828]]}},{"type":"Feature","properties":{"ef":0,"year":2017,"date":"2017-08-25","len_km":7.7,"inj":0,"fat":0},"geometry":{"type":"LineString","coordinates":[[-95.3505,29.2216],[-95.4221,29.2505]]}},{"type":"Feature","properties":{"ef":0,"year":2017,"date":"2017-08-25","len_km":6.9,"inj":0,"fat":0},"geometry":{"type":"LineString","coordinates":[[-95.3045,29.2987],[-95.3458,29.3496]]}},{"type":"Feature","properties":{"ef":1,"year":2017,"date":"2017-08-25","len_km":2.5,"inj":0,"fat":0},"geometry":{"type":"LineString","coordinates":[[-95.45,29.4379],[-95.467,29.455]]}},{"type":"Feature","properties":{"ef":1,"year":2017,"date":"2017-08-25","len_km":2.3,"inj":0,"fat":0},"geometry":{"type":"LineString","coordinates":[[-95.517,29.4873],[-95.538,29.4978]]}},{"type":"Feature","properties":{"ef":0,"year":2017,"date":"2017-08-26","len_km":2.3,"inj":0,"fat":0},"geometry":{"type":"LineString","coordinates":[[-96.25,29.3421],[-96.2591,29.3616]]}},{"type":"Feature","properties":{"ef":0,"year":2017,"date":"2017-08-26","len_km":0.2,"inj":0,"fat":0},"geometry":{"type":"LineString","coordinates":[[-95.76,29.7],[-95.7613,29.7011]]}},{"type":"Feature","properties":{"ef":0,"year":2017,"date":"2017-08-26","len_km":1.6,"inj":0,"fat":0},"geometry":{"type":"LineString","coordinates":[[-95.1516,29.9243],[-95.1704,29.9347]]}},{"type":"Feature","properties":{"ef":1,"year":2017,"date":"2017-08-26","len_km":1.4,"inj":0,"fat":0},"geometry":{"type":"LineString","coordinates":[[-95.844,29.776],[-95.852,29.787]]}},{"type":"Feature","properties":{"ef":0,"year":2017,"date":"2017-08-26","len_km":0.3,"inj":0,"fat":0},"geometry":{"type":"LineString","coordinates":[[-96.315,30.4803],[-96.3165,30.4823]]}},{"type":"Feature","properties":{"ef":1,"year":2017,"date":"2017-08-26","len_km":1.5,"inj":0,"fat":0},"geometry":{"type":"LineString","coordinates":[[-95.6872,29.907],[-95.696,29.9182]]}},{"type":"Feature","properties":{"ef":0,"year":2017,"date":"2017-08-26","len_km":0.8,"inj":0,"fat":0},"geometry":{"type":"LineString","coordinates":[[-95.6704,29.9528],[-95.6748,29.9593]]}},{"type":"Feature","properties":{"ef":0,"year":2017,"date":"2017-08-26","len_km":0.9,"inj":0,"fat":0},"geometry":{"type":"LineString","coordinates":[[-96.0845,29.5438],[-96.09,29.55]]}},{"type":"Feature","properties":{"ef":1,"year":2017,"date":"2017-08-26","len_km":9.3,"inj":0,"fat":0},"geometry":{"type":"LineString","coordinates":[[-95.5125,29.5706],[-95.5503,29.6476]]}},{"type":"Feature","properties":{"ef":0,"year":2017,"date":"2017-08-26","len_km":0.0,"inj":0,"fat":0},"geometry":{"type":"LineString","coordinates":[[-95.11,29.55],[-95.11,29.5504]]}},{"type":"Feature","properties":{"ef":1,"year":2017,"date":"2017-08-27","len_km":3.7,"inj":0,"fat":0},"geometry":{"type":"LineString","coordinates":[[-96.0669,29.5246],[-96.0934,29.548]]}},{"type":"Feature","properties":{"ef":0,"year":2017,"date":"2017-08-27","len_km":1.2,"inj":0,"fat":0},"geometry":{"type":"LineString","coordinates":[[-95.0057,29.5106],[-95.0,29.52]]}},{"type":"Feature","properties":{"ef":0,"year":2017,"date":"2017-08-27","len_km":0.1,"inj":0,"fat":0},"geometry":{"type":"LineString","coordinates":[[-95.4151,29.717],[-95.4164,29.7174]]}},{"type":"Feature","properties":{"ef":0,"year":2017,"date":"2017-09-25","len_km":0.2,"inj":0,"fat":0},"geometry":{"type":"LineString","coordinates":[[-97.8921,28.0531],[-97.8925,28.0545]]}},{"type":"Feature","properties":{"ef":2,"year":2018,"date":"2018-10-13","len_km":4.8,"inj":0,"fat":0},"geometry":{"type":"LineString","coordinates":[[-100.6599,31.1749],[-100.6091,31.1779]]}},{"type":"Feature","properties":{"ef":0,"year":2018,"date":"2018-10-13","len_km":0.9,"inj":0,"fat":0},"geometry":{"type":"LineString","coordinates":[[-99.3422,31.1184],[-99.3335,31.1204]]}},{"type":"Feature","properties":{"ef":0,"year":2018,"date":"2018-10-13","len_km":0.7,"inj":0,"fat":0},"geometry":{"type":"LineString","coordinates":[[-96.8961,32.4282],[-96.8919,32.4285]]}},{"type":"Feature","properties":{"ef":0,"year":2018,"date":"2018-10-13","len_km":0.7,"inj":0,"fat":0},"geometry":{"type":"Point","coordinates":[-97.1283,31.9523]}},{"type":"Feature","properties":{"ef":1,"year":2018,"date":"2018-10-13","len_km":2.6,"inj":0,"fat":0},"geometry":{"type":"LineString","coordinates":[[-97.0938,31.9641],[-97.0847,31.9699]]}},{"type":"Feature","properties":{"ef":0,"year":2018,"date":"2018-10-13","len_km":0.5,"inj":0,"fat":0},"geometry":{"type":"Point","coordinates":[-96.9781,32.0181]}},{"type":"Feature","properties":{"ef":0,"year":2018,"date":"2018-10-13","len_km":0.8,"inj":0,"fat":0},"geometry":{"type":"LineString","coordinates":[[-96.5944,32.0451],[-96.5866,32.0484]]}},{"type":"Feature","properties":{"ef":0,"year":2018,"date":"2018-10-13","len_km":1.8,"inj":0,"fat":0},"geometry":{"type":"Point","coordinates":[-96.2368,32.0394]}},{"type":"Feature","properties":{"ef":0,"year":2018,"date":"2018-10-13","len_km":6.7,"inj":0,"fat":0},"geometry":{"type":"LineString","coordinates":[[-96.1307,31.4927],[-96.1128,31.4948]]}},{"type":"Feature","properties":{"ef":0,"year":2018,"date":"2018-10-13","len_km":2.1,"inj":0,"fat":0},"geometry":{"type":"LineString","coordinates":[[-94.5491,32.1707],[-94.537,32.1867]]}},{"type":"Feature","properties":{"ef":0,"year":2018,"date":"2018-10-31","len_km":2.3,"inj":0,"fat":0},"geometry":{"type":"Point","coordinates":[-96.2906,29.5354]}},{"type":"Feature","properties":{"ef":1,"year":2018,"date":"2018-10-31","len_km":2.4,"inj":0,"fat":0},"geometry":{"type":"LineString","coordinates":[[-94.8477,31.8025],[-94.8288,31.8171]]}},{"type":"Feature","properties":{"ef":1,"year":2018,"date":"2018-10-31","len_km":3.4,"inj":0,"fat":0},"geometry":{"type":"LineString","coordinates":[[-94.0958,30.3585],[-94.0611,30.3621]]}},{"type":"Feature","properties":{"ef":0,"year":2018,"date":"2018-10-31","len_km":1.1,"inj":0,"fat":0},"geometry":{"type":"LineString","coordinates":[[-93.9711,30.4032],[-93.96,30.4044]]}},{"type":"Feature","properties":{"ef":1,"year":2018,"date":"2018-10-31","len_km":13.7,"inj":0,"fat":0},"geometry":{"type":"LineString","coordinates":[[-93.9111,30.4303],[-93.8079,30.5159]]}},{"type":"Feature","properties":{"ef":0,"year":2018,"date":"2018-10-31","len_km":0.1,"inj":0,"fat":0},"geometry":{"type":"Point","coordinates":[-95.43,29.17]}},{"type":"Feature","properties":{"ef":1,"year":2018,"date":"2018-10-31","len_km":0.6,"inj":0,"fat":0},"geometry":{"type":"Point","coordinates":[-94.821,29.8268]}},{"type":"Feature","properties":{"ef":-9,"year":2018,"date":"2018-10-07","len_km":13.9,"inj":0,"fat":0},"geometry":{"type":"LineString","coordinates":[[-102.39,34.61],[-102.3824,34.735]]}},{"type":"Feature","properties":{"ef":-9,"year":2018,"date":"2018-10-08","len_km":0.8,"inj":0,"fat":0},"geometry":{"type":"LineString","coordinates":[[-102.3703,33.205],[-102.3614,33.2057]]}},{"type":"Feature","properties":{"ef":0,"year":2018,"date":"2018-10-08","len_km":0.1,"inj":0,"fat":0},"geometry":{"type":"Point","coordinates":[-102.2303,31.1887]}},{"type":"Feature","properties":{"ef":0,"year":2018,"date":"2018-11-07","len_km":0.3,"inj":0,"fat":0},"geometry":{"type":"LineString","coordinates":[[-94.34,30.02],[-94.3386,30.0221]]}},{"type":"Feature","properties":{"ef":0,"year":2018,"date":"2018-12-26","len_km":0.5,"inj":0,"fat":0},"geometry":{"type":"LineString","coordinates":[[-100.7792,33.7772],[-100.778,33.7819]]}},{"type":"Feature","properties":{"ef":0,"year":2018,"date":"2018-12-26","len_km":0.9,"inj":0,"fat":0},"geometry":{"type":"LineString","coordinates":[[-100.8941,34.931],[-100.8849,34.9342]]}},{"type":"Feature","properties":{"ef":0,"year":2018,"date":"2018-01-21","len_km":1.8,"inj":0,"fat":0},"geometry":{"type":"LineString","coordinates":[[-96.3186,32.1196],[-96.3053,32.1307]]}},{"type":"Feature","properties":{"ef":0,"year":2018,"date":"2018-01-21","len_km":0.4,"inj":0,"fat":0},"geometry":{"type":"LineString","coordinates":[[-95.3288,33.0015],[-95.316,33.0092]]}},{"type":"Feature","properties":{"ef":2,"year":2018,"date":"2018-01-21","len_km":11.4,"inj":0,"fat":0},"geometry":{"type":"LineString","coordinates":[[-94.6484,33.4474],[-94.571,33.5266]]}},{"type":"Feature","properties":{"ef":0,"year":2018,"date":"2018-01-21","len_km":0.9,"inj":0,"fat":0},"geometry":{"type":"LineString","coordinates":[[-94.5114,33.5655],[-94.5037,33.57]]}},{"type":"Feature","properties":{"ef":0,"year":2018,"date":"2018-01-22","len_km":0.8,"inj":0,"fat":0},"geometry":{"type":"LineString","coordinates":[[-93.89,30.76],[-93.892,30.7671]]}},{"type":"Feature","properties":{"ef":0,"year":2018,"date":"2018-03-18","len_km":0.1,"inj":0,"fat":0},"geometry":{"type":"LineString","coordinates":[[-101.19,36.13],[-101.189,36.1301]]}},{"type":"Feature","properties":{"ef":1,"year":2018,"date":"2018-03-18","len_km":9.7,"inj":0,"fat":0},"geometry":{"type":"LineString","coordinates":[[-100.2995,36.0248],[-100.2273,36.0891]]}},{"type":"Feature","properties":{"ef":0,"year":2018,"date":"2018-03-27","len_km":0.2,"inj":0,"fat":0},"geometry":{"type":"LineString","coordinates":[[-102.3238,33.3387],[-102.322,33.3385]]}},{"type":"Feature","properties":{"ef":0,"year":2018,"date":"2018-03-28","len_km":1.9,"inj":0,"fat":0},"geometry":{"type":"LineString","coordinates":[[-97.5736,29.7624],[-97.5537,29.7608]]}},{"type":"Feature","properties":{"ef":0,"year":2018,"date":"2018-03-28","len_km":1.5,"inj":0,"fat":0},"geometry":{"type":"LineString","coordinates":[[-97.33,28.24],[-97.32,28.23]]}},{"type":"Feature","properties":{"ef":0,"year":2018,"date":"2018-03-29","len_km":0.2,"inj":0,"fat":0},"geometry":{"type":"LineString","coordinates":[[-97.0177,28.167],[-97.017,28.1665]]}},{"type":"Feature","properties":{"ef":1,"year":2018,"date":"2018-03-29","len_km":0.6,"inj":0,"fat":0},"geometry":{"type":"LineString","coordinates":[[-96.7174,28.4186],[-96.7116,28.4202]]}},{"type":"Feature","properties":{"ef":0,"year":2018,"date":"2018-03-29","len_km":0.0,"inj":0,"fat":0},"geometry":{"type":"LineString","coordinates":[[-95.4343,29.406],[-95.434,29.406]]}},{"type":"Feature","properties":{"ef":1,"year":2018,"date":"2018-04-13","len_km":7.0,"inj":0,"fat":0},"geometry":{"type":"LineString","coordinates":[[-94.7436,32.6345],[-94.6829,32.6701]]}},{"type":"Feature","properties":{"ef":-9,"year":2018,"date":"2018-04-06","len_km":0.9,"inj":0,"fat":0},"geometry":{"type":"LineString","coordinates":[[-98.02,30.98],[-98.01,30.98]]}},{"type":"Feature","properties":{"ef":1,"year":2018,"date":"2018-05-20","len_km":8.2,"inj":0,"fat":0},"geometry":{"type":"LineString","coordinates":[[-97.8241,30.5905],[-97.8391,30.6634]]}},{"type":"Feature","properties":{"ef":0,"year":2018,"date":"2018-05-29","len_km":0.2,"inj":0,"fat":0},"geometry":{"type":"Point","coordinates":[-100.57,35.5]}},{"type":"Feature","properties":{"ef":0,"year":2018,"date":"2018-05-29","len_km":0.2,"inj":0,"fat":0},"geometry":{"type":"Point","coordinates":[-100.43,35.48]}},{"type":"Feature","properties":{"ef":-9,"year":2018,"date":"2018-05-02","len_km":0.3,"inj":0,"fat":0},"geometry":{"type":"Point","coordinates":[-99.3235,34.2169]}},{"type":"Feature","properties":{"ef":0,"year":2018,"date":"2018-05-02","len_km":1.2,"inj":0,"fat":0},"geometry":{"type":"Point","coordinates":[-101.5035,30.2832]}},{"type":"Feature","properties":{"ef":0,"year":2018,"date":"2018-06-12","len_km":0.2,"inj":0,"fat":0},"geometry":{"type":"Point","coordinates":[-101.41,35.34]}},{"type":"Feature","properties":{"ef":0,"year":2018,"date":"2018-06-22","len_km":0.9,"inj":0,"fat":0},"geometry":{"type":"LineString","coordinates":[[-100.299,35.448],[-100.29,35.446]]}},{"type":"Feature","properties":{"ef":-9,"year":2018,"date":"2018-06-01","len_km":0.0,"inj":0,"fat":0},"geometry":{"type":"Point","coordinates":[-100.54,33.13]}},{"type":"Feature","properties":{"ef":0,"year":2018,"date":"2018-07-27","len_km":3.0,"inj":0,"fat":0},"geometry":{"type":"LineString","coordinates":[[-97.722,26.4842],[-97.702,26.5047]]}},{"type":"Feature","properties":{"ef":0,"year":2018,"date":"2018-07-04","len_km":1.1,"inj":0,"fat":0},"geometry":{"type":"LineString","coordinates":[[-97.5903,30.5615],[-97.6016,30.559]]}},{"type":"Feature","properties":{"ef":0,"year":2018,"date":"2018-07-09","len_km":0.4,"inj":0,"fat":0},"geometry":{"type":"LineString","coordinates":[[-93.7545,31.4526],[-93.7505,31.4538]]}},{"type":"Feature","properties":{"ef":0,"year":2018,"date":"2018-08-11","len_km":0.6,"inj":0,"fat":0},"geometry":{"type":"LineString","coordinates":[[-101.5184,32.2909],[-101.5149,32.2952]]}},{"type":"Feature","properties":{"ef":0,"year":2018,"date":"2018-08-07","len_km":0.2,"inj":0,"fat":0},"geometry":{"type":"LineString","coordinates":[[-93.88,29.92],[-93.8819,29.9192]]}},{"type":"Feature","properties":{"ef":-9,"year":2018,"date":"2018-09-02","len_km":0.1,"inj":0,"fat":0},"geometry":{"type":"LineString","coordinates":[[-101.88,33.47],[-101.8798,33.4707]]}},{"type":"Feature","properties":{"ef":0,"year":2019,"date":"2019-10-20","len_km":1.3,"inj":0,"fat":0},"geometry":{"type":"LineString","coordinates":[[-94.5443,32.147],[-94.5307,32.1477]]}},{"type":"Feature","properties":{"ef":3,"year":2019,"date":"2019-10-20","len_km":25.4,"inj":0,"fat":0},"geometry":{"type":"LineString","coordinates":[[-96.9149,32.8685],[-96.6833,32.9569]]}},{"type":"Feature","properties":{"ef":1,"year":2019,"date":"2019-10-20","len_km":4.6,"inj":0,"fat":0},"geometry":{"type":"LineString","coordinates":[[-96.9935,32.4981],[-96.9454,32.493]]}},{"type":"Feature","properties":{"ef":2,"year":2019,"date":"2019-10-20","len_km":4.0,"inj":0,"fat":0},"geometry":{"type":"LineString","coordinates":[[-96.6753,32.8974],[-96.6377,32.9099]]}},{"type":"Feature","properties":{"ef":1,"year":2019,"date":"2019-10-20","len_km":9.3,"inj":0,"fat":0},"geometry":{"type":"LineString","coordinates":[[-96.5697,32.9237],[-96.4974,32.9802]]}},{"type":"Feature","properties":{"ef":0,"year":2019,"date":"2019-10-20","len_km":0.3,"inj":0,"fat":0},"geometry":{"type":"LineString","coordinates":[[-96.6664,32.5332],[-96.6635,32.5324]]}},{"type":"Feature","properties":{"ef":1,"year":2019,"date":"2019-10-20","len_km":3.2,"inj":0,"fat":0},"geometry":{"type":"LineString","coordinates":[[-96.4864,32.9312],[-96.4545,32.9393]]}},{"type":"Feature","properties":{"ef":0,"year":2019,"date":"2019-10-20","len_km":0.2,"inj":0,"fat":0},"geometry":{"type":"LineString","coordinates":[[-96.3241,32.6661],[-96.3241,32.668]]}},{"type":"Feature","properties":{"ef":1,"year":2019,"date":"2019-10-20","len_km":0.9,"inj":0,"fat":0},"geometry":{"type":"LineString","coordinates":[[-96.1393,32.6708],[-96.138,32.6784]]}},{"type":"Feature","properties":{"ef":0,"year":2019,"date":"2019-10-20","len_km":1.0,"inj":0,"fat":0},"geometry":{"type":"LineString","coordinates":[[-96.0054,32.7353],[-95.9946,32.7353]]}},{"type":"Feature","properties":{"ef":0,"year":2019,"date":"2019-10-20","len_km":7.7,"inj":0,"fat":0},"geometry":{"type":"LineString","coordinates":[[-96.7272,33.1169],[-96.6481,33.1326]]}},{"type":"Feature","properties":{"ef":1,"year":2019,"date":"2019-10-21","len_km":14.6,"inj":0,"fat":0},"geometry":{"type":"LineString","coordinates":[[-94.4987,33.1039],[-94.3424,33.1162]]}},{"type":"Feature","properties":{"ef":1,"year":2019,"date":"2019-03-12","len_km":1.3,"inj":0,"fat":0},"geometry":{"type":"LineString","coordinates":[[-102.4883,32.3199],[-102.479,32.3287]]}},{"type":"Feature","properties":{"ef":1,"year":2019,"date":"2019-03-12","len_km":5.5,"inj":0,"fat":0},"geometry":{"type":"LineString","coordinates":[[-102.1549,33.8006],[-102.1359,33.8474]]}},{"type":"Feature","properties":{"ef":0,"year":2019,"date":"2019-03-13","len_km":0.3,"inj":0,"fat":0},"geometry":{"type":"LineString","coordinates":[[-99.7843,30.4861],[-99.7812,30.4867]]}},{"type":"Feature","properties":{"ef":0,"year":2019,"date":"2019-03-13","len_km":1.1,"inj":0,"fat":0},"geometry":{"type":"LineString","coordinates":[[-99.7756,30.49],[-99.7637,30.4894]]}},{"type":"Feature","properties":{"ef":1,"year":2019,"date":"2019-03-13","len_km":2.2,"inj":0,"fat":0},"geometry":{"type":"LineString","coordinates":[[-98.8001,31.679],[-98.7766,31.6764]]}},{"type":"Feature","properties":{"ef":1,"year":2019,"date":"2019-03-13","len_km":3.7,"inj":0,"fat":0},"geometry":{"type":"LineString","coordinates":[[-98.0924,32.8088],[-98.0531,32.812]]}},{"type":"Feature","properties":{"ef":1,"year":2019,"date":"2019-03-13","len_km":1.2,"inj":0,"fat":0},"geometry":{"type":"LineString","coordinates":[[-97.9102,32.865],[-97.899,32.8685]]}},{"type":"Feature","properties":{"ef":-9,"year":2019,"date":"2019-03-22","len_km":2.4,"inj":0,"fat":0},"geometry":{"type":"LineString","coordinates":[[-102.1571,35.9177],[-102.1418,35.9003]]}},{"type":"Feature","properties":{"ef":-9,"year":2019,"date":"2019-03-22","len_km":1.0,"inj":0,"fat":0},"geometry":{"type":"LineString","coordinates":[[-102.4254,35.2263],[-102.4161,35.2316]]}},{"type":"Feature","properties":{"ef":-9,"year":2019,"date":"2019-03-22","len_km":3.3,"inj":0,"fat":0},"geometry":{"type":"LineString","coordinates":[[-102.0059,34.94],[-101.9711,34.9303]]}},{"type":"Feature","properties":{"ef":0,"year":2019,"date":"2019-03-09","len_km":2.8,"inj":0,"fat":0},"geometry":{"type":"LineString","coordinates":[[-96.6189,32.7525],[-96.5908,32.7534]]}},{"type":"Feature","properties":{"ef":3,"year":2019,"date":"2019-04-13","len_km":52.3,"inj":0,"fat":0},"geometry":{"type":"LineString","coordinates":[[-96.6999,30.8832],[-96.2825,31.1855]]}},{"type":"Feature","properties":{"ef":1,"year":2019,"date":"2019-04-13","len_km":14.3,"inj":4,"fat":0},"geometry":{"type":"LineString","coordinates":[[-95.202,31.3846],[-95.1301,31.4978]]}},{"type":"Feature","properties":{"ef":2,"year":2019,"date":"2019-04-13","len_km":1.3,"inj":0,"fat":0},"geometry":{"type":"LineString","coordinates":[[-95.1042,31.5612],[-95.1043,31.5638]]}},{"type":"Feature","properties":{"ef":2,"year":2019,"date":"2019-04-13","len_km":4.0,"inj":0,"fat":0},"geometry":{"type":"LineString","coordinates":[[-95.0805,31.6405],[-95.0721,31.6759]]}},{"type":"Feature","properties":{"ef":1,"year":2019,"date":"2019-04-13","len_km":18.1,"inj":0,"fat":0},"geometry":{"type":"LineString","coordinates":[[-96.1165,31.3242],[-96.0083,31.4576]]}},{"type":"Feature","properties":{"ef":-9,"year":2019,"date":"2019-04-13","len_km":3.7,"inj":0,"fat":0},"geometry":{"type":"LineString","coordinates":[[-96.5496,30.7303],[-96.5232,30.7561]]}},{"type":"Feature","properties":{"ef":2,"year":2019,"date":"2019-04-13","len_km":9.7,"inj":0,"fat":0},"geometry":{"type":"LineString","coordinates":[[-95.5773,31.0789],[-95.5132,31.1467]]}},{"type":"Feature","properties":{"ef":3,"year":2019,"date":"2019-04-13","len_km":66.2,"inj":20,"fat":2},"geometry":{"type":"LineString","coordinates":[[-95.2718,31.428],[-94.8587,31.9046]]}},{"type":"Feature","properties":{"ef":0,"year":2019,"date":"2019-04-13","len_km":0.3,"inj":0,"fat":0},"geometry":{"type":"LineString","coordinates":[[-95.079,31.367],[-95.0771,31.3687]]}},{"type":"Feature","properties":{"ef":1,"year":2019,"date":"2019-04-13","len_km":1.2,"inj":0,"fat":0},"geometry":{"type":"LineString","coordinates":[[-94.3811,31.4732],[-94.3726,31.4816]]}},{"type":"Feature","properties":{"ef":-9,"year":2019,"date":"2019-04-17","len_km":3.9,"inj":0,"fat":0},"geometry":{"type":"LineString","coordinates":[[-100.2968,35.966],[-100.3397,35.9718]]}},{"type":"Feature","properties":{"ef":0,"year":2019,"date":"2019-04-17","len_km":6.9,"inj":0,"fat":0},"geometry":{"type":"LineString","coordinates":[[-100.2277,36.0342],[-100.1801,36.0799]]}},{"type":"Feature","properties":{"ef":-9,"year":2019,"date":"2019-04-17","len_km":1.7,"inj":0,"fat":0},"geometry":{"type":"LineString","coordinates":[[-100.0741,36.0659],[-100.0859,36.078]]}},{"type":"Feature","properties":{"ef":-9,"year":2019,"date":"2019-04-17","len_km":3.2,"inj":0,"fat":0},"geometry":{"type":"LineString","coordinates":[[-101.4959,35.2471],[-101.523,35.2291]]}},{"type":"Feature","properties":{"ef":0,"year":2019,"date":"2019-04-22","len_km":0.2,"inj":0,"fat":0},"geometry":{"type":"Point","coordinates":[-106.2286,31.5883]}},{"type":"Feature","properties":{"ef":-9,"year":2019,"date":"2019-04-22","len_km":0.1,"inj":0,"fat":0},"geometry":{"type":"LineString","coordinates":[[-100.33,32.79],[-100.3298,32.7912]]}},{"type":"Feature","properties":{"ef":-9,"year":2019,"date":"2019-04-22","len_km":1.4,"inj":0,"fat":0},"geometry":{"type":"LineString","coordinates":[[-100.2176,33.0561],[-100.2168,33.0685]]}},{"type":"Feature","properties":{"ef":2,"year":2019,"date":"2019-04-24","len_km":2.8,"inj":0,"fat":0},"geometry":{"type":"LineString","coordinates":[[-96.3014,30.6867],[-96.3121,30.7102]]}},{"type":"Feature","properties":{"ef":2,"year":2019,"date":"2019-04-24","len_km":13.7,"inj":0,"fat":0},"geometry":{"type":"LineString","coordinates":[[-94.1543,31.5181],[-94.0198,31.5634]]}},{"type":"Feature","properties":{"ef":-9,"year":2019,"date":"2019-04-27","len_km":3.8,"inj":0,"fat":0},"geometry":{"type":"LineString","coordinates":[[-100.3658,33.1913],[-100.327,33.1809]]}},{"type":"Feature","properties":{"ef":0,"year":2019,"date":"2019-04-30","len_km":1.5,"inj":0,"fat":0},"geometry":{"type":"LineString","coordinates":[[-102.1601,30.7519],[-102.1448,30.752]]}},{"type":"Feature","properties":{"ef":0,"year":2019,"date":"2019-04-30","len_km":2.4,"inj":0,"fat":0},"geometry":{"type":"LineString","coordinates":[[-101.1377,32.879],[-101.1122,32.8805]]}},{"type":"Feature","properties":{"ef":-9,"year":2019,"date":"2019-04-30","len_km":2.4,"inj":0,"fat":0},"geometry":{"type":"LineString","coordinates":[[-98.42,34.0],[-98.41,34.02]]}},{"type":"Feature","properties":{"ef":1,"year":2019,"date":"2019-04-30","len_km":16.1,"inj":0,"fat":0},"geometry":{"type":"LineString","coordinates":[[-98.409,33.997],[-98.313,34.119]]}},{"type":"Feature","properties":{"ef":1,"year":2019,"date":"2019-04-30","len_km":2.3,"inj":0,"fat":0},"geometry":{"type":"LineString","coordinates":[[-97.2773,33.0838],[-97.2654,33.1027]]}},{"type":"Feature","properties":{"ef":1,"year":2019,"date":"2019-04-30","len_km":4.7,"inj":0,"fat":0},"geometry":{"type":"LineString","coordinates":[[-97.1252,33.226],[-97.1049,33.2647]]}},{"type":"Feature","properties":{"ef":0,"year":2019,"date":"2019-04-06","len_km":0.5,"inj":0,"fat":0},"geometry":{"type":"LineString","coordinates":[[-97.1968,30.6936],[-97.1959,30.6979]]}},{"type":"Feature","properties":{"ef":-9,"year":2019,"date":"2019-04-06","len_km":0.2,"inj":0,"fat":0},"geometry":{"type":"Point","coordinates":[-96.917,30.9206]}},{"type":"Feature","properties":{"ef":-9,"year":2019,"date":"2019-04-06","len_km":0.2,"inj":0,"fat":0},"geometry":{"type":"Point","coordinates":[-96.7239,31.0061]}},{"type":"Feature","properties":{"ef":0,"year":2019,"date":"2019-04-07","len_km":0.9,"inj":0,"fat":0},"geometry":{"type":"LineString","coordinates":[[-97.6643,28.3691],[-97.655,28.369]]}},{"type":"Feature","properties":{"ef":1,"year":2019,"date":"2019-04-07","len_km":1.2,"inj":0,"fat":0},"geometry":{"type":"LineString","coordinates":[[-95.2018,29.6502],[-95.2002,29.6579]]}},{"type":"Feature","properties":{"ef":0,"year":2019,"date":"2019-04-07","len_km":0.0,"inj":0,"fat":0},"geometry":{"type":"LineString","coordinates":[[-95.6445,30.3189],[-95.6436,30.3197]]}},{"type":"Feature","properties":{"ef":0,"year":2019,"date":"2019-05-17","len_km":3.9,"inj":0,"fat":0},"geometry":{"type":"LineString","coordinates":[[-102.559,30.829],[-102.52,30.839]]}},{"type":"Feature","properties":{"ef":2,"year":2019,"date":"2019-05-18","len_km":3.3,"inj":1,"fat":0},"geometry":{"type":"LineString","coordinates":[[-100.5931,31.0384],[-100.6043,31.0669]]}},{"type":"Feature","properties":{"ef":2,"year":2019,"date":"2019-05-18","len_km":28.3,"inj":2,"fat":0},"geometry":{"type":"LineString","coordinates":[[-100.6501,31.323],[-100.4266,31.4913]]}},{"type":"Feature","properties":{"ef":2,"year":2019,"date":"2019-05-18","len_km":8.1,"inj":0,"fat":0},"geometry":{"type":"LineString","coordinates":[[-99.8388,32.4191],[-99.7607,32.4504]]}},{"type":"Feature","properties":{"ef":1,"year":2019,"date":"2019-05-18","len_km":13.9,"inj":0,"fat":0},"geometry":{"type":"LineString","coordinates":[[-99.7372,32.491],[-99.7007,32.6121]]}},{"type":"Feature","properties":{"ef":3,"year":2019,"date":"2019-05-18","len_km":29.0,"inj":0,"fat":0},"geometry":{"type":"LineString","coordinates":[[-100.0926,31.5142],[-99.9735,31.7544]]}},{"type":"Feature","properties":{"ef":3,"year":2019,"date":"2019-05-18","len_km":9.3,"inj":0,"fat":0},"geometry":{"type":"LineString","coordinates":[[-99.7791,31.835],[-99.7364,31.9106]]}},{"type":"Feature","properties":{"ef":3,"year":2019,"date":"2019-05-18","len_km":12.6,"inj":0,"fat":0},"geometry":{"type":"LineString","coordinates":[[-99.5939,31.8604],[-99.5317,31.9608]]}},{"type":"Feature","properties":{"ef":-9,"year":2019,"date":"2019-05-18","len_km":0.0,"inj":0,"fat":0},"geometry":{"type":"Point","coordinates":[-98.2,32.58]}},{"type":"Feature","properties":{"ef":-9,"year":2019,"date":"2019-05-18","len_km":0.1,"inj":0,"fat":0},"geometry":{"type":"LineString","coordinates":[[-99.5676,31.2014],[-99.5666,31.2017]]}},{"type":"Feature","properties":{"ef":1,"year":2019,"date":"2019-05-18","len_km":1.2,"inj":0,"fat":0},"geometry":{"type":"LineString","coordinates":[[-95.2087,32.3121],[-95.2041,32.3217]]}},{"type":"Feature","properties":{"ef":1,"year":2019,"date":"2019-05-19","len_km":2.1,"inj":1,"fat":0},"geometry":{"type":"LineString","coordinates":[[-94.1459,30.7557],[-94.133,30.77]]}},{"type":"Feature","properties":{"ef":1,"year":2019,"date":"2019-05-19","len_km":5.0,"inj":0,"fat":0},"geometry":{"type":"LineString","coordinates":[[-94.0808,30.7988],[-94.0707,30.8425]]}},{"type":"Feature","properties":{"ef":-9,"year":2019,"date":"2019-05-20","len_km":1.6,"inj":0,"fat":0},"geometry":{"type":"LineString","coordinates":[[-101.0009,33.6648],[-100.9867,33.6731]]}},{"type":"Feature","properties":{"ef":-9,"year":2019,"date":"2019-05-20","len_km":0.3,"inj":0,"fat":0},"geometry":{"type":"LineString","coordinates":[[-100.3859,33.9973],[-100.3844,33.9999]]}},{"type":"Feature","properties":{"ef":0,"year":2019,"date":"2019-05-20","len_km":3.0,"inj":0,"fat":0},"geometry":{"type":"LineString","coordinates":[[-100.3733,34.025],[-100.3525,34.0462]]}},{"type":"Feature","properties":{"ef":0,"year":2019,"date":"2019-05-20","len_km":0.6,"inj":0,"fat":0},"geometry":{"type":"LineString","coordinates":[[-100.2851,34.7864],[-100.2846,34.7914]]}},{"type":"Feature","properties":{"ef":3,"year":2019,"date":"2019-05-20","len_km":9.3,"inj":0,"fat":0},"geometry":{"type":"LineString","coordinates":[[-102.3041,31.7333],[-102.2154,31.7688]]}},{"type":"Feature","properties":{"ef":-9,"year":2019,"date":"2019-05-20","len_km":5.4,"inj":0,"fat":0},"geometry":{"type":"LineString","coordinates":[[-100.5951,33.6049],[-100.5466,33.6323]]}},{"type":"Feature","properties":{"ef":2,"year":2019,"date":"2019-05-20","len_km":10.7,"inj":2,"fat":0},"geometry":{"type":"LineString","coordinates":[[-101.9734,31.6953],[-101.8858,31.7558]]}},{"type":"Feature","properties":{"ef":-9,"year":2019,"date":"2019-05-20","len_km":0.0,"inj":0,"fat":0},"geometry":{"type":"Point","coordinates":[-100.5,32.77]}},{"type":"Feature","properties":{"ef":-9,"year":2019,"date":"2019-05-20","len_km":0.0,"inj":0,"fat":0},"geometry":{"type":"Point","coordinates":[-99.95,33.08]}},{"type":"Feature","properties":{"ef":0,"year":2019,"date":"2019-05-23","len_km":0.9,"inj":0,"fat":0},"geometry":{"type":"LineString","coordinates":[[-101.7826,34.9501],[-101.7722,34.9508]]}},{"type":"Feature","properties":{"ef":0,"year":2019,"date":"2019-05-23","len_km":1.1,"inj":0,"fat":0},"geometry":{"type":"LineString","coordinates":[[-101.5734,35.2092],[-101.5723,35.2194]]}},{"type":"Feature","properties":{"ef":0,"year":2019,"date":"2019-05-23","len_km":0.5,"inj":0,"fat":0},"geometry":{"type":"LineString","coordinates":[[-101.8451,34.8217],[-101.8424,34.8181]]}},{"type":"Feature","properties":{"ef":-9,"year":2019,"date":"2019-05-23","len_km":0.1,"inj":0,"fat":0},"geometry":{"type":"Point","coordinates":[-102.48,33.2267]}},{"type":"Feature","properties":{"ef":1,"year":2019,"date":"2019-05-23","len_km":14.7,"inj":0,"fat":0},"geometry":{"type":"LineString","coordinates":[[-100.9926,35.7224],[-100.9025,35.8322]]}},{"type":"Feature","properties":{"ef":2,"year":2019,"date":"2019-05-23","len_km":28.2,"inj":0,"fat":0},"geometry":{"type":"LineString","coordinates":[[-100.6969,35.9856],[-100.473,36.1561]]}},{"type":"Feature","properties":{"ef":0,"year":2019,"date":"2019-05-23","len_km":0.1,"inj":0,"fat":0},"geometry":{"type":"LineString","coordinates":[[-100.917,35.625],[-100.9165,35.6254]]}},{"type":"Feature","properties":{"ef":0,"year":2019,"date":"2019-05-23","len_km":7.2,"inj":0,"fat":0},"geometry":{"type":"LineString","coordinates":[[-100.4427,36.1721],[-100.3976,36.2256]]}},{"type":"Feature","properties":{"ef":-9,"year":2019,"date":"2019-05-25","len_km":1.7,"inj":0,"fat":0},"geometry":{"type":"LineString","coordinates":[[-102.2978,33.7796],[-102.2797,33.7823]]}},{"type":"Feature","properties":{"ef":2,"year":2019,"date":"2019-05-25","len_km":2.7,"inj":0,"fat":0},"geometry":{"type":"LineString","coordinates":[[-101.7257,34.2195],[-101.6977,34.2274]]}},{"type":"Feature","properties":{"ef":-9,"year":2019,"date":"2019-05-25","len_km":7.5,"inj":0,"fat":0},"geometry":{"type":"LineString","coordinates":[[-102.0567,34.0022],[-101.9757,34.0032]]}},{"type":"Feature","properties":{"ef":-9,"year":2019,"date":"2019-05-25","len_km":0.0,"inj":0,"fat":0},"geometry":{"type":"Point","coordinates":[-100.6289,34.6986]}},{"type":"Feature","properties":{"ef":0,"year":2019,"date":"2019-05-26","len_km":0.5,"inj":0,"fat":0},"geometry":{"type":"LineString","coordinates":[[-103.0116,35.6047],[-103.006,35.6066]]}},{"type":"Feature","properties":{"ef":0,"year":2019,"date":"2019-05-26","len_km":3.2,"inj":0,"fat":0},"geometry":{"type":"LineString","coordinates":[[-102.5413,35.8998],[-102.5099,35.9136]]}},{"type":"Feature","properties":{"ef":0,"year":2019,"date":"2019-05-26","len_km":8.4,"inj":0,"fat":0},"geometry":{"type":"LineString","coordinates":[[-102.243,35.84],[-102.1666,35.8827]]}},{"type":"Feature","properties":{"ef":0,"year":2019,"date":"2019-05-26","len_km":8.0,"inj":0,"fat":0},"geometry":{"type":"LineString","coordinates":[[-102.948,34.269],[-102.9453,34.3344]]}},{"type":"Feature","properties":{"ef":2,"year":2019,"date":"2019-05-26","len_km":12.9,"inj":0,"fat":0},"geometry":{"type":"LineString","coordinates":[[-102.5229,34.2304],[-102.4123,34.3021]]}},{"type":"Feature","properties":{"ef":0,"year":2019,"date":"2019-05-26","len_km":20.6,"inj":0,"fat":0},"geometry":{"type":"LineString","coordinates":[[-102.311,34.3861],[-102.114,34.4759]]}},{"type":"Feature","properties":{"ef":0,"year":2019,"date":"2019-05-26","len_km":2.4,"inj":0,"fat":0},"geometry":{"type":"LineString","coordinates":[[-102.4362,35.3642],[-102.4098,35.3683]]}},{"type":"Feature","properties":{"ef":0,"year":2019,"date":"2019-05-27","len_km":2.5,"inj":0,"fat":0},"geometry":{"type":"LineString","coordinates":[[-101.985,35.4774],[-101.9576,35.4823]]}},{"type":"Feature","properties":{"ef":0,"year":2019,"date":"2019-05-29","len_km":6.2,"inj":0,"fat":0},"geometry":{"type":"LineString","coordinates":[[-97.4199,32.8667],[-97.3584,32.8864]]}},{"type":"Feature","properties":{"ef":0,"year":2019,"date":"2019-05-29","len_km":6.0,"inj":0,"fat":0},"geometry":{"type":"LineString","coordinates":[[-97.2409,33.2571],[-97.1892,33.2864]]}},{"type":"Feature","properties":{"ef":1,"year":2019,"date":"2019-05-29","len_km":0.7,"inj":0,"fat":0},"geometry":{"type":"LineString","coordinates":[[-97.3065,32.9115],[-97.2989,32.9129]]}},{"type":"Feature","properties":{"ef":0,"year":2019,"date":"2019-05-29","len_km":4.9,"inj":0,"fat":0},"geometry":{"type":"LineString","coordinates":[[-96.44,32.9247],[-96.4285,32.9681]]}},{"type":"Feature","properties":{"ef":0,"year":2019,"date":"2019-05-29","len_km":4.8,"inj":0,"fat":0},"geometry":{"type":"LineString","coordinates":[[-95.8883,32.4897],[-95.8532,32.52]]}},{"type":"Feature","properties":{"ef":-9,"year":2019,"date":"2019-05-29","len_km":0.4,"inj":0,"fat":0},"geometry":{"type":"LineString","coordinates":[[-95.83,32.589],[-95.8271,32.5914]]}},{"type":"Feature","properties":{"ef":0,"year":2019,"date":"2019-05-29","len_km":5.4,"inj":0,"fat":0},"geometry":{"type":"LineString","coordinates":[[-95.6344,32.8777],[-95.5833,32.9005]]}},{"type":"Feature","properties":{"ef":2,"year":2019,"date":"2019-05-29","len_km":6.5,"inj":1,"fat":0},"geometry":{"type":"LineString","coordinates":[[-96.2125,32.3683],[-96.1505,32.3917]]}},{"type":"Feature","properties":{"ef":2,"year":2019,"date":"2019-05-29","len_km":14.6,"inj":0,"fat":0},"geometry":{"type":"LineString","coordinates":[[-95.2473,32.9229],[-95.1532,33.022]]}},{"type":"Feature","properties":{"ef":2,"year":2019,"date":"2019-05-29","len_km":11.7,"inj":0,"fat":0},"geometry":{"type":"LineString","coordinates":[[-96.0012,32.4831],[-95.9059,32.5475]]}},{"type":"Feature","properties":{"ef":1,"year":2019,"date":"2019-05-29","len_km":3.7,"inj":0,"fat":0},"geometry":{"type":"LineString","coordinates":[[-95.8844,32.5447],[-95.8508,32.5627]]}},{"type":"Feature","properties":{"ef":1,"year":2019,"date":"2019-05-29","len_km":6.1,"inj":0,"fat":0},"geometry":{"type":"LineString","coordinates":[[-95.8161,32.5804],[-95.7792,32.623]]}},{"type":"Feature","properties":{"ef":0,"year":2019,"date":"2019-05-29","len_km":17.4,"inj":0,"fat":0},"geometry":{"type":"LineString","coordinates":[[-96.2788,33.4171],[-96.102,33.4698]]}},{"type":"Feature","properties":{"ef":0,"year":2019,"date":"2019-05-31","len_km":0.6,"inj":0,"fat":0},"geometry":{"type":"LineString","coordinates":[[-103.1215,30.1975],[-103.1156,30.2]]}},{"type":"Feature","properties":{"ef":-9,"year":2019,"date":"2019-05-01","len_km":4.1,"inj":0,"fat":0},"geometry":{"type":"LineString","coordinates":[[-99.359,33.362],[-99.3148,33.3651]]}},{"type":"Feature","properties":{"ef":-9,"year":2019,"date":"2019-05-01","len_km":2.1,"inj":0,"fat":0},"geometry":{"type":"LineString","coordinates":[[-99.217,33.402],[-99.199,33.414]]}},{"type":"Feature","properties":{"ef":-9,"year":2019,"date":"2019-05-01","len_km":0.0,"inj":0,"fat":0},"geometry":{"type":"Point","coordinates":[-99.51,32.96]}},{"type":"Feature","properties":{"ef":-9,"year":2019,"date":"2019-05-01","len_km":0.0,"inj":0,"fat":0},"geometry":{"type":"Point","coordinates":[-97.8892,31.5693]}},{"type":"Feature","properties":{"ef":1,"year":2019,"date":"2019-05-02","len_km":0.9,"inj":0,"fat":0},"geometry":{"type":"LineString","coordinates":[[-93.9514,31.8531],[-93.9482,31.861]]}},{"type":"Feature","properties":{"ef":-9,"year":2019,"date":"2019-05-02","len_km":0.6,"inj":0,"fat":0},"geometry":{"type":"LineString","coordinates":[[-101.09,29.79],[-101.0869,29.7849]]}},{"type":"Feature","properties":{"ef":0,"year":2019,"date":"2019-05-03","len_km":4.5,"inj":0,"fat":0},"geometry":{"type":"LineString","coordinates":[[-97.0871,29.6024],[-97.0846,29.6418]]}},{"type":"Feature","properties":{"ef":0,"year":2019,"date":"2019-05-03","len_km":6.7,"inj":0,"fat":0},"geometry":{"type":"LineString","coordinates":[[-97.0163,29.7218],[-97.0072,29.7816]]}},{"type":"Feature","properties":{"ef":2,"year":2019,"date":"2019-05-03","len_km":3.9,"inj":0,"fat":0},"geometry":{"type":"LineString","coordinates":[[-96.9573,29.9071],[-96.9397,29.9389]]}},{"type":"Feature","properties":{"ef":0,"year":2019,"date":"2019-05-03","len_km":0.1,"inj":0,"fat":0},"geometry":{"type":"LineString","coordinates":[[-103.0242,30.3232],[-103.0228,30.3234]]}},{"type":"Feature","properties":{"ef":0,"year":2019,"date":"2019-05-03","len_km":0.8,"inj":0,"fat":0},"geometry":{"type":"LineString","coordinates":[[-96.3659,29.5465],[-96.3586,29.5503]]}},{"type":"Feature","properties":{"ef":0,"year":2019,"date":"2019-05-03","len_km":0.5,"inj":0,"fat":0},"geometry":{"type":"LineString","coordinates":[[-95.65,30.08],[-95.6464,30.0831]]}},{"type":"Feature","properties":{"ef":0,"year":2019,"date":"2019-05-03","len_km":0.1,"inj":0,"fat":0},"geometry":{"type":"LineString","coordinates":[[-101.5,31.7713],[-101.4992,31.7714]]}},{"type":"Feature","properties":{"ef":0,"year":2019,"date":"2019-05-04","len_km":0.2,"inj":0,"fat":0},"geometry":{"type":"Point","coordinates":[-95.131,29.359]}},{"type":"Feature","properties":{"ef":-9,"year":2019,"date":"2019-05-04","len_km":0.0,"inj":0,"fat":0},"geometry":{"type":"Point","coordinates":[-102.87,34.18]}},{"type":"Feature","properties":{"ef":-9,"year":2019,"date":"2019-05-04","len_km":0.1,"inj":0,"fat":0},"geometry":{"type":"LineString","coordinates":[[-102.62,35.37],[-102.619,35.369]]}},{"type":"Feature","properties":{"ef":-9,"year":2019,"date":"2019-05-04","len_km":0.0,"inj":0,"fat":0},"geometry":{"type":"Point","coordinates":[-102.69,33.99]}},{"type":"Feature","properties":{"ef":2,"year":2019,"date":"2019-05-05","len_km":27.7,"inj":0,"fat":0},"geometry":{"type":"LineString","coordinates":[[-101.853,33.267],[-101.727,33.107]]}},{"type":"Feature","properties":{"ef":1,"year":2019,"date":"2019-05-05","len_km":8.0,"inj":0,"fat":0},"geometry":{"type":"LineString","coordinates":[[-101.658,33.02],[-101.649,32.967]]}},{"type":"Feature","properties":{"ef":-9,"year":2019,"date":"2019-05-05","len_km":10.3,"inj":0,"fat":0},"geometry":{"type":"LineString","coordinates":[[-100.7675,35.7397],[-100.6943,35.6687]]}},{"type":"Feature","properties":{"ef":0,"year":2019,"date":"2019-05-05","len_km":0.7,"inj":0,"fat":0},"geometry":{"type":"LineString","coordinates":[[-101.5152,32.6984],[-101.5087,32.7012]]}},{"type":"Feature","properties":{"ef":-9,"year":2019,"date":"2019-05-07","len_km":4.7,"inj":0,"fat":0},"geometry":{"type":"LineString","coordinates":[[-101.2474,36.0391],[-101.2345,36.0799]]}},{"type":"Feature","properties":{"ef":-9,"year":2019,"date":"2019-05-07","len_km":0.0,"inj":0,"fat":0},"geometry":{"type":"Point","coordinates":[-101.9757,34.2464]}},{"type":"Feature","properties":{"ef":0,"year":2019,"date":"2019-05-07","len_km":3.2,"inj":0,"fat":0},"geometry":{"type":"LineString","coordinates":[[-102.845,31.0776],[-102.827,31.0652]]}},{"type":"Feature","properties":{"ef":0,"year":2019,"date":"2019-05-07","len_km":0.1,"inj":0,"fat":0},"geometry":{"type":"LineString","coordinates":[[-101.4078,35.7072],[-101.4072,35.7081]]}},{"type":"Feature","properties":{"ef":0,"year":2019,"date":"2019-05-07","len_km":0.0,"inj":0,"fat":0},"geometry":{"type":"LineString","coordinates":[[-100.7996,36.4844],[-100.7996,36.4848]]}},{"type":"Feature","properties":{"ef":-9,"year":2019,"date":"2019-05-07","len_km":2.4,"inj":0,"fat":0},"geometry":{"type":"LineString","coordinates":[[-101.8404,34.4752],[-101.8328,34.4962]]}},{"type":"Feature","properties":{"ef":0,"year":2019,"date":"2019-05-07","len_km":8.7,"inj":0,"fat":0},"geometry":{"type":"LineString","coordinates":[[-101.172,35.8677],[-101.0907,35.9094]]}},{"type":"Feature","properties":{"ef":-9,"year":2019,"date":"2019-05-07","len_km":8.6,"inj":0,"fat":0},"geometry":{"type":"LineString","coordinates":[[-101.6405,34.6813],[-101.5547,34.7134]]}},{"type":"Feature","properties":{"ef":0,"year":2019,"date":"2019-05-07","len_km":18.5,"inj":0,"fat":0},"geometry":{"type":"LineString","coordinates":[[-101.4431,34.7507],[-101.3023,34.8702]]}},{"type":"Feature","properties":{"ef":0,"year":2019,"date":"2019-05-07","len_km":0.1,"inj":0,"fat":0},"geometry":{"type":"Point","coordinates":[-100.4,36.2327]}},{"type":"Feature","properties":{"ef":0,"year":2019,"date":"2019-05-07","len_km":1.8,"inj":0,"fat":0},"geometry":{"type":"LineString","coordinates":[[-100.8966,35.0258],[-100.9065,35.037]]}},{"type":"Feature","properties":{"ef":0,"year":2019,"date":"2019-05-07","len_km":6.6,"inj":0,"fat":0},"geometry":{"type":"LineString","coordinates":[[-102.358,30.908],[-102.3,30.941]]}},{"type":"Feature","properties":{"ef":0,"year":2019,"date":"2019-05-07","len_km":6.8,"inj":0,"fat":0},"geometry":{"type":"LineString","coordinates":[[-100.775,35.1127],[-100.7304,35.162]]}},{"type":"Feature","properties":{"ef":0,"year":2019,"date":"2019-05-08","len_km":0.4,"inj":0,"fat":0},"geometry":{"type":"LineString","coordinates":[[-96.5681,30.9538],[-96.5636,30.9533]]}},{"type":"Feature","properties":{"ef":0,"year":2019,"date":"2019-05-08","len_km":1.4,"inj":0,"fat":0},"geometry":{"type":"LineString","coordinates":[[-96.3827,30.5642],[-96.3843,30.5768]]}},{"type":"Feature","properties":{"ef":1,"year":2019,"date":"2019-05-08","len_km":11.9,"inj":0,"fat":0},"geometry":{"type":"LineString","coordinates":[[-94.3974,32.6219],[-94.2779,32.6576]]}},{"type":"Feature","properties":{"ef":-9,"year":2019,"date":"2019-06-15","len_km":0.0,"inj":0,"fat":0},"geometry":{"type":"Point","coordinates":[-102.5,34.6866]}},{"type":"Feature","properties":{"ef":-9,"year":2019,"date":"2019-06-16","len_km":0.0,"inj":0,"fat":0},"geometry":{"type":"LineString","coordinates":[[-97.4973,32.8842],[-97.4972,32.8842]]}},{"type":"Feature","properties":{"ef":0,"year":2019,"date":"2019-06-16","len_km":2.1,"inj":0,"fat":0},"geometry":{"type":"LineString","coordinates":[[-97.3041,32.9223],[-97.2823,32.9232]]}},{"type":"Feature","properties":{"ef":1,"year":2019,"date":"2019-06-16","len_km":0.3,"inj":0,"fat":0},"geometry":{"type":"LineString","coordinates":[[-97.094,32.7552],[-97.0911,32.7533]]}},{"type":"Feature","properties":{"ef":0,"year":2019,"date":"2019-06-16","len_km":0.2,"inj":0,"fat":0},"geometry":{"type":"LineString","coordinates":[[-96.8659,32.9246],[-96.8675,32.9258]]}},{"type":"Feature","properties":{"ef":0,"year":2019,"date":"2019-06-18","len_km":1.5,"inj":0,"fat":0},"geometry":{"type":"LineString","coordinates":[[-101.0515,35.5174],[-101.0405,35.528]]}},{"type":"Feature","properties":{"ef":0,"year":2019,"date":"2019-06-19","len_km":0.3,"inj":0,"fat":0},"geometry":{"type":"LineString","coordinates":[[-94.5798,32.6266],[-94.5767,32.6269]]}},{"type":"Feature","properties":{"ef":0,"year":2019,"date":"2019-06-21","len_km":0.5,"inj":0,"fat":0},"geometry":{"type":"LineString","coordinates":[[-102.6794,30.7163],[-102.6773,30.7204]]}},{"type":"Feature","properties":{"ef":0,"year":2019,"date":"2019-06-22","len_km":3.9,"inj":0,"fat":0},"geometry":{"type":"LineString","coordinates":[[-101.1359,34.9992],[-101.108,35.0263]]}},{"type":"Feature","properties":{"ef":0,"year":2019,"date":"2019-06-22","len_km":3.3,"inj":0,"fat":0},"geometry":{"type":"LineString","coordinates":[[-101.0967,35.0339],[-101.1098,35.062]]}},{"type":"Feature","properties":{"ef":-9,"year":2019,"date":"2019-06-24","len_km":0.2,"inj":0,"fat":0},"geometry":{"type":"LineString","coordinates":[[-100.1096,31.1466],[-100.1156,31.139]]}},{"type":"Feature","properties":{"ef":2,"year":2019,"date":"2019-06-09","len_km":2.5,"inj":0,"fat":0},"geometry":{"type":"LineString","coordinates":[[-97.9439,31.1376],[-97.935,31.1169]]}},{"type":"Feature","properties":{"ef":0,"year":2019,"date":"2019-06-09","len_km":1.2,"inj":0,"fat":0},"geometry":{"type":"LineString","coordinates":[[-98.0326,30.6289],[-98.0398,30.6201]]}},{"type":"Feature","properties":{"ef":0,"year":2019,"date":"2019-07-26","len_km":0.0,"inj":0,"fat":0},"geometry":{"type":"Point","coordinates":[-97.1635,26.1064]}},{"type":"Feature","properties":{"ef":1,"year":2019,"date":"2019-09-18","len_km":4.9,"inj":0,"fat":0},"geometry":{"type":"LineString","coordinates":[[-95.0007,29.8409],[-94.9505,29.8358]]}},{"type":"Feature","properties":{"ef":-9,"year":2019,"date":"2019-09-24","len_km":0.4,"inj":0,"fat":0},"geometry":{"type":"LineString","coordinates":[[-105.3635,31.3546],[-105.3603,31.3568]]}},{"type":"Feature","properties":{"ef":2,"year":2020,"date":"2020-11-24","len_km":8.1,"inj":5,"fat":0},"geometry":{"type":"LineString","coordinates":[[-97.1472,32.692],[-97.0684,32.7204]]}},{"type":"Feature","properties":{"ef":1,"year":2020,"date":"2020-11-25","len_km":0.6,"inj":0,"fat":0},"geometry":{"type":"LineString","coordinates":[[-94.1294,32.0795],[-94.1249,32.0831]]}},{"type":"Feature","properties":{"ef":2,"year":2020,"date":"2020-12-23","len_km":2.0,"inj":0,"fat":0},"geometry":{"type":"LineString","coordinates":[[-93.7149,30.6341],[-93.6971,30.6432]]}},{"type":"Feature","properties":{"ef":1,"year":2020,"date":"2020-12-23","len_km":0.6,"inj":0,"fat":0},"geometry":{"type":"LineString","coordinates":[[-93.9058,30.6649],[-93.8995,30.6662]]}},{"type":"Feature","properties":{"ef":0,"year":2020,"date":"2020-12-30","len_km":1.6,"inj":0,"fat":0},"geometry":{"type":"LineString","coordinates":[[-96.4824,32.0722],[-96.4688,32.0804]]}},{"type":"Feature","properties":{"ef":0,"year":2020,"date":"2020-01-10","len_km":0.6,"inj":0,"fat":0},"geometry":{"type":"LineString","coordinates":[[-97.6375,33.0971],[-97.6343,33.1023]]}},{"type":"Feature","properties":{"ef":1,"year":2020,"date":"2020-01-10","len_km":1.7,"inj":0,"fat":0},"geometry":{"type":"LineString","coordinates":[[-97.4673,32.4886],[-97.4502,32.4934]]}},{"type":"Feature","properties":{"ef":0,"year":2020,"date":"2020-01-10","len_km":0.7,"inj":0,"fat":0},"geometry":{"type":"LineString","coordinates":[[-95.7016,33.3727],[-95.6965,33.3776]]}},{"type":"Feature","properties":{"ef":0,"year":2020,"date":"2020-01-10","len_km":0.2,"inj":0,"fat":0},"geometry":{"type":"LineString","coordinates":[[-95.6532,33.4254],[-95.6513,33.4265]]}},{"type":"Feature","properties":{"ef":0,"year":2020,"date":"2020-01-10","len_km":1.8,"inj":0,"fat":0},"geometry":{"type":"LineString","coordinates":[[-96.9645,32.9067],[-96.9492,32.9161]]}},{"type":"Feature","properties":{"ef":1,"year":2020,"date":"2020-01-10","len_km":0.2,"inj":0,"fat":0},"geometry":{"type":"LineString","coordinates":[[-96.8042,30.4847],[-96.8034,30.4861]]}},{"type":"Feature","properties":{"ef":1,"year":2020,"date":"2020-01-10","len_km":1.3,"inj":0,"fat":0},"geometry":{"type":"LineString","coordinates":[[-95.1751,31.8177],[-95.1646,31.825]]}},{"type":"Feature","properties":{"ef":1,"year":2020,"date":"2020-01-10","len_km":3.4,"inj":1,"fat":1},"geometry":{"type":"LineString","coordinates":[[-94.7558,31.5832],[-94.7197,31.5855]]}},{"type":"Feature","properties":{"ef":1,"year":2020,"date":"2020-01-10","len_km":6.8,"inj":0,"fat":0},"geometry":{"type":"LineString","coordinates":[[-94.8427,31.8968],[-94.7755,31.9194]]}},{"type":"Feature","properties":{"ef":1,"year":2020,"date":"2020-01-10","len_km":0.5,"inj":0,"fat":0},"geometry":{"type":"LineString","coordinates":[[-94.8401,31.4619],[-94.8354,31.4638]]}},{"type":"Feature","properties":{"ef":1,"year":2020,"date":"2020-01-11","len_km":0.8,"inj":0,"fat":0},"geometry":{"type":"LineString","coordinates":[[-94.4356,32.3289],[-94.4286,32.3336]]}},{"type":"Feature","properties":{"ef":0,"year":2020,"date":"2020-01-11","len_km":4.8,"inj":0,"fat":0},"geometry":{"type":"LineString","coordinates":[[-94.2112,32.6402],[-94.1626,32.6549]]}},{"type":"Feature","properties":{"ef":1,"year":2020,"date":"2020-01-11","len_km":9.8,"inj":1,"fat":0},"geometry":{"type":"LineString","coordinates":[[-94.2021,31.773],[-94.109,31.811]]}},{"type":"Feature","properties":{"ef":0,"year":2020,"date":"2020-01-28","len_km":2.8,"inj":0,"fat":0},"geometry":{"type":"LineString","coordinates":[[-97.1457,31.7094],[-97.1186,31.7194]]}},{"type":"Feature","properties":{"ef":-9,"year":2020,"date":"2020-03-13","len_km":14.4,"inj":0,"fat":0},"geometry":{"type":"LineString","coordinates":[[-103.73,31.6892],[-103.5833,31.7247]]}},{"type":"Feature","properties":{"ef":1,"year":2020,"date":"2020-03-13","len_km":0.8,"inj":0,"fat":0},"geometry":{"type":"LineString","coordinates":[[-103.4143,31.4747],[-103.4117,31.4811]]}},{"type":"Feature","properties":{"ef":-9,"year":2020,"date":"2020-03-17","len_km":0.1,"inj":0,"fat":0},"geometry":{"type":"LineString","coordinates":[[-99.28,33.26],[-99.2787,33.26]]}},{"type":"Feature","properties":{"ef":0,"year":2020,"date":"2020-03-18","len_km":2.9,"inj":0,"fat":0},"geometry":{"type":"LineString","coordinates":[[-98.0475,33.1659],[-98.0175,33.174]]}},{"type":"Feature","properties":{"ef":0,"year":2020,"date":"2020-03-18","len_km":2.4,"inj":0,"fat":0},"geometry":{"type":"LineString","coordinates":[[-98.9049,32.9074],[-98.8939,32.9274]]}},{"type":"Feature","properties":{"ef":0,"year":2020,"date":"2020-03-18","len_km":6.5,"inj":0,"fat":0},"geometry":{"type":"LineString","coordinates":[[-97.8992,33.2501],[-97.8354,33.2732]]}},{"type":"Feature","properties":{"ef":0,"year":2020,"date":"2020-03-18","len_km":8.4,"inj":2,"fat":0},"geometry":{"type":"LineString","coordinates":[[-98.6704,33.0032],[-98.599,33.0455]]}},{"type":"Feature","properties":{"ef":0,"year":2020,"date":"2020-03-18","len_km":2.5,"inj":1,"fat":0},"geometry":{"type":"LineString","coordinates":[[-98.546,33.0367],[-98.5458,33.0591]]}},{"type":"Feature","properties":{"ef":0,"year":2020,"date":"2020-03-18","len_km":1.3,"inj":0,"fat":0},"geometry":{"type":"LineString","coordinates":[[-97.6198,33.4159],[-97.6104,33.423]]}},{"type":"Feature","properties":{"ef":0,"year":2020,"date":"2020-03-18","len_km":1.1,"inj":0,"fat":0},"geometry":{"type":"LineString","coordinates":[[-98.2887,33.1628],[-98.2774,33.1649]]}},{"type":"Feature","properties":{"ef":2,"year":2020,"date":"2020-03-19","len_km":17.5,"inj":0,"fat":0},"geometry":{"type":"LineString","coordinates":[[-100.2189,32.3101],[-100.0534,32.3816]]}},{"type":"Feature","properties":{"ef":1,"year":2020,"date":"2020-03-19","len_km":0.4,"inj":0,"fat":0},"geometry":{"type":"LineString","coordinates":[[-99.8697,32.4388],[-99.8662,32.4404]]}},{"type":"Feature","properties":{"ef":2,"year":2020,"date":"2020-03-19","len_km":8.7,"inj":0,"fat":0},"geometry":{"type":"LineString","coordinates":[[-99.6739,32.5335],[-99.6,32.58]]}},{"type":"Feature","properties":{"ef":-9,"year":2020,"date":"2020-03-30","len_km":5.7,"inj":0,"fat":0},"geometry":{"type":"LineString","coordinates":[[-101.57,35.47],[-101.5095,35.484]]}},{"type":"Feature","properties":{"ef":0,"year":2020,"date":"2020-03-30","len_km":0.3,"inj":0,"fat":0},"geometry":{"type":"LineString","coordinates":[[-101.8499,36.1738],[-101.8486,36.1709]]}},{"type":"Feature","properties":{"ef":1,"year":2020,"date":"2020-04-12","len_km":9.0,"inj":0,"fat":0},"geometry":{"type":"LineString","coordinates":[[-101.3172,30.5048],[-101.2391,30.5505]]}},{"type":"Feature","properties":{"ef":1,"year":2020,"date":"2020-04-12","len_km":8.2,"inj":0,"fat":0},"geometry":{"type":"LineString","coordinates":[[-99.5846,31.2145],[-99.5128,31.256]]}},{"type":"Feature","properties":{"ef":1,"year":2020,"date":"2020-04-12","len_km":18.6,"inj":0,"fat":0},"geometry":{"type":"LineString","coordinates":[[-98.8248,30.3007],[-98.6498,30.3728]]}},{"type":"Feature","properties":{"ef":1,"year":2020,"date":"2020-04-12","len_km":11.2,"inj":2,"fat":0},"geometry":{"type":"LineString","coordinates":[[-98.3605,30.4397],[-98.2769,30.4805]]}},{"type":"Feature","properties":{"ef":0,"year":2020,"date":"2020-04-12","len_km":0.4,"inj":0,"fat":0},"geometry":{"type":"LineString","coordinates":[[-96.4298,31.6552],[-96.4261,31.6558]]}},{"type":"Feature","properties":{"ef":1,"year":2020,"date":"2020-04-12","len_km":1.2,"inj":0,"fat":0},"geometry":{"type":"LineString","coordinates":[[-94.3827,31.8921],[-94.3702,31.8932]]}},{"type":"Feature","properties":{"ef":1,"year":2020,"date":"2020-04-12","len_km":17.0,"inj":0,"fat":0},"geometry":{"type":"LineString","coordinates":[[-94.2764,32.399],[-94.142,32.5021]]}},{"type":"Feature","properties":{"ef":3,"year":2020,"date":"2020-04-22","len_km":45.9,"inj":33,"fat":3},"geometry":{"type":"LineString","coordinates":[[-95.1824,30.8409],[-94.704,30.881]]}},{"type":"Feature","properties":{"ef":1,"year":2020,"date":"2020-04-22","len_km":7.2,"inj":0,"fat":0},"geometry":{"type":"LineString","coordinates":[[-95.7308,33.8089],[-95.654,33.8037]]}},{"type":"Feature","properties":{"ef":2,"year":2020,"date":"2020-04-22","len_km":16.7,"inj":0,"fat":0},"geometry":{"type":"LineString","coordinates":[[-95.4799,33.8169],[-95.3066,33.8421]]}},{"type":"Feature","properties":{"ef":2,"year":2020,"date":"2020-04-24","len_km":12.8,"inj":1,"fat":0},"geometry":{"type":"LineString","coordinates":[[-96.2085,33.7199],[-96.0716,33.7299]]}},{"type":"Feature","properties":{"ef":-9,"year":2020,"date":"2020-04-24","len_km":0.2,"inj":0,"fat":0},"geometry":{"type":"LineString","coordinates":[[-95.93,33.7],[-95.9284,33.7009]]}},{"type":"Feature","properties":{"ef":-9,"year":2020,"date":"2020-04-24","len_km":0.1,"inj":0,"fat":0},"geometry":{"type":"LineString","coordinates":[[-95.88,33.69],[-95.8791,33.6901]]}},{"type":"Feature","properties":{"ef":0,"year":2020,"date":"2020-05-12","len_km":1.2,"inj":0,"fat":0},"geometry":{"type":"LineString","coordinates":[[-97.5256,29.8526],[-97.5267,29.8631]]}},{"type":"Feature","properties":{"ef":0,"year":2020,"date":"2020-05-12","len_km":4.2,"inj":0,"fat":0},"geometry":{"type":"LineString","coordinates":[[-97.2105,30.0196],[-97.1883,30.052]]}},{"type":"Feature","properties":{"ef":-9,"year":2020,"date":"2020-05-12","len_km":0.1,"inj":0,"fat":0},"geometry":{"type":"Point","coordinates":[-97.0986,30.1485]}},{"type":"Feature","properties":{"ef":0,"year":2020,"date":"2020-05-13","len_km":1.3,"inj":0,"fat":0},"geometry":{"type":"LineString","coordinates":[[-102.8647,31.17],[-102.8553,31.1787]]}},{"type":"Feature","properties":{"ef":1,"year":2020,"date":"2020-05-16","len_km":7.2,"inj":0,"fat":0},"geometry":{"type":"LineString","coordinates":[[-93.8575,30.1811],[-93.8296,30.2412]]}},{"type":"Feature","properties":{"ef":0,"year":2020,"date":"2020-05-16","len_km":1.7,"inj":0,"fat":0},"geometry":{"type":"LineString","coordinates":[[-96.0283,32.1659],[-96.0456,32.1637]]}},{"type":"Feature","properties":{"ef":0,"year":2020,"date":"2020-05-16","len_km":1.0,"inj":0,"fat":0},"geometry":{"type":"LineString","coordinates":[[-95.2874,33.2381],[-95.2978,33.2413]]}},{"type":"Feature","properties":{"ef":0,"year":2020,"date":"2020-05-16","len_km":3.5,"inj":0,"fat":0},"geometry":{"type":"LineString","coordinates":[[-96.0645,32.4071],[-96.1015,32.4097]]}},{"type":"Feature","properties":{"ef":-9,"year":2020,"date":"2020-05-16","len_km":4.2,"inj":0,"fat":0},"geometry":{"type":"LineString","coordinates":[[-94.186,33.2782],[-94.2097,33.3107]]}},{"type":"Feature","properties":{"ef":1,"year":2020,"date":"2020-05-16","len_km":0.3,"inj":0,"fat":0},"geometry":{"type":"LineString","coordinates":[[-94.1675,33.502],[-94.1702,33.5036]]}},{"type":"Feature","properties":{"ef":0,"year":2020,"date":"2020-05-22","len_km":0.2,"inj":0,"fat":0},"geometry":{"type":"Point","coordinates":[-98.765,34.102]}},{"type":"Feature","properties":{"ef":1,"year":2020,"date":"2020-05-22","len_km":2.7,"inj":0,"fat":0},"geometry":{"type":"LineString","coordinates":[[-98.744,34.098],[-98.723,34.081]]}},{"type":"Feature","properties":{"ef":1,"year":2020,"date":"2020-05-22","len_km":0.3,"inj":0,"fat":0},"geometry":{"type":"Point","coordinates":[-98.697,34.094]}},{"type":"Feature","properties":{"ef":-9,"year":2020,"date":"2020-05-22","len_km":4.0,"inj":0,"fat":0},"geometry":{"type":"LineString","coordinates":[[-98.197,33.511],[-98.215,33.542]]}},{"type":"Feature","properties":{"ef":1,"year":2020,"date":"2020-05-22","len_km":3.7,"inj":0,"fat":0},"geometry":{"type":"LineString","coordinates":[[-98.365,34.058],[-98.327,34.05]]}},{"type":"Feature","properties":{"ef":1,"year":2020,"date":"2020-05-22","len_km":2.2,"inj":0,"fat":0},"geometry":{"type":"LineString","coordinates":[[-97.8672,33.5522],[-97.8482,33.561]]}},{"type":"Feature","properties":{"ef":-9,"year":2020,"date":"2020-05-23","len_km":0.6,"inj":0,"fat":0},"geometry":{"type":"LineString","coordinates":[[-101.4639,32.995],[-101.4587,32.9981]]}},{"type":"Feature","properties":{"ef":1,"year":2020,"date":"2020-05-24","len_km":0.8,"inj":0,"fat":0},"geometry":{"type":"LineString","coordinates":[[-98.7046,29.5275],[-98.6994,29.5326]]}},{"type":"Feature","properties":{"ef":1,"year":2020,"date":"2020-05-25","len_km":0.9,"inj":0,"fat":0},"geometry":{"type":"LineString","coordinates":[[-95.082,33.2226],[-95.0815,33.2302]]}},{"type":"Feature","properties":{"ef":1,"year":2020,"date":"2020-05-27","len_km":1.3,"inj":0,"fat":0},"geometry":{"type":"LineString","coordinates":[[-96.084,30.2095],[-96.0725,30.2037]]}},{"type":"Feature","properties":{"ef":1,"year":2020,"date":"2020-05-27","len_km":2.3,"inj":0,"fat":0},"geometry":{"type":"LineString","coordinates":[[-96.0562,30.2073],[-96.0355,30.1964]]}},{"type":"Feature","properties":{"ef":0,"year":2020,"date":"2020-05-27","len_km":2.8,"inj":0,"fat":0},"geometry":{"type":"LineString","coordinates":[[-95.1868,29.7054],[-95.162,29.6919]]}},{"type":"Feature","properties":{"ef":0,"year":2020,"date":"2020-06-19","len_km":1.1,"inj":0,"fat":0},"geometry":{"type":"LineString","coordinates":[[-101.1641,35.1989],[-101.1605,35.2088]]}},{"type":"Feature","properties":{"ef":0,"year":2020,"date":"2020-06-19","len_km":0.7,"inj":0,"fat":0},"geometry":{"type":"LineString","coordinates":[[-101.1599,35.19],[-101.1584,35.1961]]}},{"type":"Feature","properties":{"ef":0,"year":2020,"date":"2020-06-22","len_km":2.1,"inj":0,"fat":0},"geometry":{"type":"LineString","coordinates":[[-102.3314,34.946],[-102.31,34.9394]]}},{"type":"Feature","properties":{"ef":0,"year":2020,"date":"2020-07-11","len_km":0.2,"inj":0,"fat":0},"geometry":{"type":"LineString","coordinates":[[-101.893,35.1591],[-101.891,35.1579]]}},{"type":"Feature","properties":{"ef":-9,"year":2020,"date":"2020-07-14","len_km":2.2,"inj":0,"fat":0},"geometry":{"type":"LineString","coordinates":[[-101.5286,36.298],[-101.505,36.2945]]}},{"type":"Feature","properties":{"ef":-9,"year":2020,"date":"2020-07-22","len_km":0.0,"inj":0,"fat":0},"geometry":{"type":"Point","coordinates":[-101.2,33.55]}},{"type":"Feature","properties":{"ef":-9,"year":2020,"date":"2020-07-25","len_km":0.2,"inj":0,"fat":0},"geometry":{"type":"Point","coordinates":[-97.35,28.16]}},{"type":"Feature","properties":{"ef":0,"year":2020,"date":"2020-07-25","len_km":4.1,"inj":0,"fat":0},"geometry":{"type":"LineString","coordinates":[[-97.914,28.11],[-97.955,28.115]]}},{"type":"Feature","properties":{"ef":0,"year":2020,"date":"2020-07-25","len_km":1.0,"inj":0,"fat":0},"geometry":{"type":"LineString","coordinates":[[-97.895,28.057],[-97.903,28.062]]}},{"type":"Feature","properties":{"ef":0,"year":2020,"date":"2020-07-26","len_km":5.5,"inj":0,"fat":0},"geometry":{"type":"LineString","coordinates":[[-97.4287,25.8729],[-97.4355,25.9222]]}},{"type":"Feature","properties":{"ef":0,"year":2020,"date":"2020-07-26","len_km":5.3,"inj":0,"fat":0},"geometry":{"type":"LineString","coordinates":[[-98.0723,29.2917],[-98.1164,29.3193]]}},{"type":"Feature","properties":{"ef":1,"year":2020,"date":"2020-08-16","len_km":2.9,"inj":0,"fat":0},"geometry":{"type":"LineString","coordinates":[[-100.5965,35.5512],[-100.5984,35.5247]]}},{"type":"Feature","properties":{"ef":0,"year":2020,"date":"2020-08-01","len_km":0.0,"inj":0,"fat":0},"geometry":{"type":"Point","coordinates":[-97.63,27.67]}},{"type":"Feature","properties":{"ef":-9,"year":2020,"date":"2020-09-01","len_km":0.0,"inj":0,"fat":0},"geometry":{"type":"Point","coordinates":[-100.8394,34.5706]}},{"type":"Feature","properties":{"ef":0,"year":2021,"date":"2021-10-27","len_km":0.0,"inj":0,"fat":0},"geometry":{"type":"Point","coordinates":[-95.36,30.12]}},{"type":"Feature","properties":{"ef":0,"year":2021,"date":"2021-10-27","len_km":0.5,"inj":0,"fat":0},"geometry":{"type":"LineString","coordinates":[[-94.0196,29.9036],[-94.0168,29.9077]]}},{"type":"Feature","properties":{"ef":2,"year":2021,"date":"2021-10-27","len_km":3.3,"inj":0,"fat":0},"geometry":{"type":"LineString","coordinates":[[-93.8337,30.1108],[-93.8101,30.1326]]}},{"type":"Feature","properties":{"ef":2,"year":2021,"date":"2021-10-27","len_km":11.1,"inj":1,"fat":0},"geometry":{"type":"LineString","coordinates":[[-93.8033,30.1772],[-93.7654,30.2715]]}},{"type":"Feature","properties":{"ef":0,"year":2021,"date":"2021-11-11","len_km":0.9,"inj":0,"fat":0},"geometry":{"type":"LineString","coordinates":[[-94.2352,32.4005],[-94.2252,32.4002]]}},{"type":"Feature","properties":{"ef":0,"year":2021,"date":"2021-11-11","len_km":4.2,"inj":0,"fat":0},"geometry":{"type":"LineString","coordinates":[[-94.1055,32.4021],[-94.0606,32.3992]]}},{"type":"Feature","properties":{"ef":1,"year":2021,"date":"2021-12-18","len_km":2.5,"inj":0,"fat":0},"geometry":{"type":"LineString","coordinates":[[-95.3073,30.388],[-95.2819,30.3937]]}},{"type":"Feature","properties":{"ef":1,"year":2021,"date":"2021-01-06","len_km":3.2,"inj":0,"fat":0},"geometry":{"type":"LineString","coordinates":[[-94.9259,29.3974],[-94.8928,29.3933]]}},{"type":"Feature","properties":{"ef":-9,"year":2021,"date":"2021-03-12","len_km":2.2,"inj":0,"fat":0},"geometry":{"type":"LineString","coordinates":[[-102.0183,33.7628],[-102.0038,33.778]]}},{"type":"Feature","properties":{"ef":-9,"year":2021,"date":"2021-03-12","len_km":0.4,"inj":0,"fat":0},"geometry":{"type":"LineString","coordinates":[[-100.3975,33.8791],[-100.3935,33.8797]]}},{"type":"Feature","properties":{"ef":-9,"year":2021,"date":"2021-03-13","len_km":1.5,"inj":0,"fat":0},"geometry":{"type":"LineString","coordinates":[[-102.1505,34.5267],[-102.1345,34.5284]]}},{"type":"Feature","properties":{"ef":2,"year":2021,"date":"2021-03-13","len_km":34.2,"inj":0,"fat":0},"geometry":{"type":"LineString","coordinates":[[-101.9869,34.7054],[-101.7648,34.95]]}},{"type":"Feature","properties":{"ef":1,"year":2021,"date":"2021-03-13","len_km":4.0,"inj":0,"fat":0},"geometry":{"type":"LineString","coordinates":[[-101.9115,34.8012],[-101.8769,34.8243]]}},{"type":"Feature","properties":{"ef":1,"year":2021,"date":"2021-03-13","len_km":5.7,"inj":0,"fat":0},"geometry":{"type":"LineString","coordinates":[[-101.8576,34.8163],[-101.8213,34.8579]]}},{"type":"Feature","properties":{"ef":1,"year":2021,"date":"2021-03-13","len_km":13.1,"inj":0,"fat":0},"geometry":{"type":"LineString","coordinates":[[-101.7275,34.9765],[-101.604,35.0366]]}},{"type":"Feature","properties":{"ef":0,"year":2021,"date":"2021-03-13","len_km":2.3,"inj":0,"fat":0},"geometry":{"type":"LineString","coordinates":[[-102.1134,34.4136],[-102.1057,34.4262]]}},{"type":"Feature","properties":{"ef":-9,"year":2021,"date":"2021-03-13","len_km":0.5,"inj":0,"fat":0},"geometry":{"type":"LineString","coordinates":[[-102.0696,34.5248],[-102.0677,34.5289]]}},{"type":"Feature","properties":{"ef":0,"year":2021,"date":"2021-03-13","len_km":5.2,"inj":0,"fat":0},"geometry":{"type":"LineString","coordinates":[[-101.7323,34.7335],[-101.6852,34.7623]]}},{"type":"Feature","properties":{"ef":0,"year":2021,"date":"2021-03-13","len_km":20.9,"inj":0,"fat":0},"geometry":{"type":"LineString","coordinates":[[-101.6449,35.0114],[-101.5274,35.1717]]}},{"type":"Feature","properties":{"ef":-9,"year":2021,"date":"2021-03-13","len_km":0.1,"inj":0,"fat":0},"geometry":{"type":"Point","coordinates":[-101.6966,34.0825]}},{"type":"Feature","properties":{"ef":-9,"year":2021,"date":"2021-03-13","len_km":0.1,"inj":0,"fat":0},"geometry":{"type":"Point","coordinates":[-101.4877,34.2333]}},{"type":"Feature","properties":{"ef":-9,"year":2021,"date":"2021-03-13","len_km":5.0,"inj":0,"fat":0},"geometry":{"type":"LineString","coordinates":[[-101.236,35.1251],[-101.2295,35.1698]]}},{"type":"Feature","properties":{"ef":-9,"year":2021,"date":"2021-03-13","len_km":0.1,"inj":0,"fat":0},"geometry":{"type":"Point","coordinates":[-101.3292,34.4504]}},{"type":"Feature","properties":{"ef":2,"year":2021,"date":"2021-03-13","len_km":21.3,"inj":0,"fat":0},"geometry":{"type":"LineString","coordinates":[[-100.9292,34.8861],[-100.8505,35.0549]]}},{"type":"Feature","properties":{"ef":0,"year":2021,"date":"2021-03-13","len_km":1.5,"inj":0,"fat":0},"geometry":{"type":"LineString","coordinates":[[-100.9031,34.9348],[-100.8973,34.9475]]}},{"type":"Feature","properties":{"ef":-9,"year":2021,"date":"2021-03-13","len_km":0.3,"inj":0,"fat":0},"geometry":{"type":"Point","coordinates":[-99.965,34.28]}},{"type":"Feature","properties":{"ef":-9,"year":2021,"date":"2021-03-13","len_km":0.3,"inj":0,"fat":0},"geometry":{"type":"Point","coordinates":[-99.88,34.3834]}},{"type":"Feature","properties":{"ef":-9,"year":2021,"date":"2021-03-22","len_km":0.0,"inj":0,"fat":0},"geometry":{"type":"Point","coordinates":[-100.3,33.9621]}},{"type":"Feature","properties":{"ef":1,"year":2021,"date":"2021-03-23","len_km":0.6,"inj":0,"fat":0},"geometry":{"type":"LineString","coordinates":[[-98.2665,29.8757],[-98.2607,29.8757]]}},{"type":"Feature","properties":{"ef":-9,"year":2021,"date":"2021-03-24","len_km":1.5,"inj":0,"fat":0},"geometry":{"type":"LineString","coordinates":[[-98.01,31.69],[-97.9975,31.6988]]}},{"type":"Feature","properties":{"ef":-9,"year":2021,"date":"2021-03-24","len_km":0.9,"inj":0,"fat":0},"geometry":{"type":"LineString","coordinates":[[-97.75,31.81],[-97.7421,31.8137]]}},{"type":"Feature","properties":{"ef":2,"year":2021,"date":"2021-03-27","len_km":33.0,"inj":0,"fat":0},"geometry":{"type":"LineString","coordinates":[[-95.2293,31.6884],[-94.9242,31.8332]]}},{"type":"Feature","properties":{"ef":2,"year":2021,"date":"2021-03-27","len_km":35.9,"inj":1,"fat":0},"geometry":{"type":"LineString","coordinates":[[-94.7138,31.9009],[-94.3878,32.0669]]}},{"type":"Feature","properties":{"ef":2,"year":2021,"date":"2021-03-27","len_km":25.5,"inj":3,"fat":1},"geometry":{"type":"LineString","coordinates":[[-94.3089,32.0982],[-94.0669,32.2012]]}},{"type":"Feature","properties":{"ef":-9,"year":2021,"date":"2021-04-23","len_km":1.1,"inj":0,"fat":0},"geometry":{"type":"LineString","coordinates":[[-100.9215,34.4454],[-100.9123,34.4513]]}},{"type":"Feature","properties":{"ef":-9,"year":2021,"date":"2021-04-23","len_km":4.5,"inj":0,"fat":0},"geometry":{"type":"LineString","coordinates":[[-99.73,34.13],[-99.69,34.11]]}},{"type":"Feature","properties":{"ef":-9,"year":2021,"date":"2021-04-23","len_km":0.3,"inj":0,"fat":0},"geometry":{"type":"Point","coordinates":[-99.66,34.13]}},{"type":"Feature","properties":{"ef":-9,"year":2021,"date":"2021-04-23","len_km":2.9,"inj":0,"fat":0},"geometry":{"type":"LineString","coordinates":[[-99.51,34.1],[-99.48,34.1]]}},{"type":"Feature","properties":{"ef":2,"year":2021,"date":"2021-04-23","len_km":10.3,"inj":0,"fat":0},"geometry":{"type":"LineString","coordinates":[[-99.49,34.11],[-99.389,34.085]]}},{"type":"Feature","properties":{"ef":1,"year":2021,"date":"2021-04-23","len_km":5.1,"inj":0,"fat":0},"geometry":{"type":"LineString","coordinates":[[-99.334,34.077],[-99.285,34.057]]}},{"type":"Feature","properties":{"ef":3,"year":2021,"date":"2021-04-27","len_km":13.5,"inj":0,"fat":0},"geometry":{"type":"LineString","coordinates":[[-99.921,33.751],[-99.788,33.791]]}},{"type":"Feature","properties":{"ef":-9,"year":2021,"date":"2021-04-27","len_km":0.3,"inj":0,"fat":0},"geometry":{"type":"Point","coordinates":[-99.09,33.85]}},{"type":"Feature","properties":{"ef":0,"year":2021,"date":"2021-04-27","len_km":4.2,"inj":0,"fat":0},"geometry":{"type":"LineString","coordinates":[[-100.7986,32.5891],[-100.7544,32.5954]]}},{"type":"Feature","properties":{"ef":1,"year":2021,"date":"2021-04-28","len_km":2.9,"inj":0,"fat":0},"geometry":{"type":"LineString","coordinates":[[-99.1021,29.2992],[-99.0722,29.297]]}},{"type":"Feature","properties":{"ef":0,"year":2021,"date":"2021-05-10","len_km":0.9,"inj":0,"fat":0},"geometry":{"type":"LineString","coordinates":[[-95.5727,30.7166],[-95.5758,30.7244]]}},{"type":"Feature","properties":{"ef":0,"year":2021,"date":"2021-05-11","len_km":0.0,"inj":0,"fat":0},"geometry":{"type":"LineString","coordinates":[[-95.63,30.98],[-95.6299,30.98]]}},{"type":"Feature","properties":{"ef":1,"year":2021,"date":"2021-05-11","len_km":0.4,"inj":0,"fat":0},"geometry":{"type":"LineString","coordinates":[[-95.0109,30.3007],[-95.0069,30.2998]]}},{"type":"Feature","properties":{"ef":0,"year":2021,"date":"2021-05-16","len_km":3.1,"inj":0,"fat":0},"geometry":{"type":"LineString","coordinates":[[-97.3801,31.2132],[-97.3685,31.2396]]}},{"type":"Feature","properties":{"ef":-9,"year":2021,"date":"2021-05-16","len_km":3.7,"inj":0,"fat":0},"geometry":{"type":"LineString","coordinates":[[-97.085,32.2576],[-97.074,32.29]]}},{"type":"Feature","properties":{"ef":0,"year":2021,"date":"2021-05-16","len_km":0.4,"inj":0,"fat":0},"geometry":{"type":"LineString","coordinates":[[-96.7982,32.8448],[-96.7964,32.8484]]}},{"type":"Feature","properties":{"ef":-9,"year":2021,"date":"2021-05-16","len_km":1.4,"inj":0,"fat":0},"geometry":{"type":"LineString","coordinates":[[-96.9809,32.3057],[-96.9729,32.3167]]}},{"type":"Feature","properties":{"ef":1,"year":2021,"date":"2021-05-16","len_km":1.0,"inj":0,"fat":0},"geometry":{"type":"LineString","coordinates":[[-96.778,32.8972],[-96.7731,32.9049]]}},{"type":"Feature","properties":{"ef":-9,"year":2021,"date":"2021-05-16","len_km":1.0,"inj":0,"fat":0},"geometry":{"type":"LineString","coordinates":[[-96.9627,32.4003],[-96.9588,32.409]]}},{"type":"Feature","properties":{"ef":-9,"year":2021,"date":"2021-05-16","len_km":1.6,"inj":0,"fat":0},"geometry":{"type":"LineString","coordinates":[[-102.4394,34.1122],[-102.4224,34.1131]]}},{"type":"Feature","properties":{"ef":0,"year":2021,"date":"2021-05-16","len_km":0.2,"inj":0,"fat":0},"geometry":{"type":"LineString","coordinates":[[-99.8055,32.9656],[-99.8033,32.9646]]}},{"type":"Feature","properties":{"ef":-9,"year":2021,"date":"2021-05-17","len_km":1.4,"inj":0,"fat":0},"geometry":{"type":"LineString","coordinates":[[-102.582,35.5306],[-102.5795,35.5429]]}},{"type":"Feature","properties":{"ef":2,"year":2021,"date":"2021-05-17","len_km":18.3,"inj":0,"fat":0},"geometry":{"type":"Point","coordinates":[-101.18,32.05]}},{"type":"Feature","properties":{"ef":-9,"year":2021,"date":"2021-05-17","len_km":0.7,"inj":0,"fat":0},"geometry":{"type":"LineString","coordinates":[[-102.1432,33.5173],[-102.136,33.5182]]}},{"type":"Feature","properties":{"ef":1,"year":2021,"date":"2021-05-18","len_km":2.6,"inj":0,"fat":0},"geometry":{"type":"LineString","coordinates":[[-96.8138,29.4936],[-96.8282,29.5135]]}},{"type":"Feature","properties":{"ef":0,"year":2021,"date":"2021-05-18","len_km":0.1,"inj":0,"fat":0},"geometry":{"type":"LineString","coordinates":[[-101.8854,32.8057],[-101.8841,32.8052]]}},{"type":"Feature","properties":{"ef":1,"year":2021,"date":"2021-05-18","len_km":5.3,"inj":0,"fat":0},"geometry":{"type":"LineString","coordinates":[[-96.9186,29.7593],[-96.8772,29.79]]}},{"type":"Feature","properties":{"ef":0,"year":2021,"date":"2021-05-18","len_km":0.0,"inj":0,"fat":0},"geometry":{"type":"LineString","coordinates":[[-101.12,32.5776],[-101.1198,32.5775]]}},{"type":"Feature","properties":{"ef":1,"year":2021,"date":"2021-05-20","len_km":4.2,"inj":0,"fat":0},"geometry":{"type":"LineString","coordinates":[[-94.8799,31.339],[-94.8884,31.3759]]}},{"type":"Feature","properties":{"ef":-9,"year":2021,"date":"2021-05-20","len_km":0.1,"inj":0,"fat":0},"geometry":{"type":"LineString","coordinates":[[-94.6067,32.5482],[-94.6068,32.5489]]}},{"type":"Feature","properties":{"ef":-9,"year":2021,"date":"2021-05-26","len_km":3.1,"inj":0,"fat":0},"geometry":{"type":"LineString","coordinates":[[-101.4572,36.3481],[-101.4244,36.3573]]}},{"type":"Feature","properties":{"ef":-9,"year":2021,"date":"2021-05-26","len_km":1.3,"inj":0,"fat":0},"geometry":{"type":"LineString","coordinates":[[-101.3945,36.3701],[-101.3912,36.3584]]}},{"type":"Feature","properties":{"ef":-9,"year":2021,"date":"2021-05-26","len_km":2.2,"inj":0,"fat":0},"geometry":{"type":"LineString","coordinates":[[-101.0653,36.3403],[-101.047,36.353]]}},{"type":"Feature","properties":{"ef":0,"year":2021,"date":"2021-05-26","len_km":1.5,"inj":0,"fat":0},"geometry":{"type":"LineString","coordinates":[[-100.8026,36.3852],[-100.7857,36.3873]]}},{"type":"Feature","properties":{"ef":-9,"year":2021,"date":"2021-05-26","len_km":1.6,"inj":0,"fat":0},"geometry":{"type":"LineString","coordinates":[[-101.9235,34.0926],[-101.9124,34.1039]]}},{"type":"Feature","properties":{"ef":-9,"year":2021,"date":"2021-05-28","len_km":1.7,"inj":0,"fat":0},"geometry":{"type":"LineString","coordinates":[[-103.3332,30.0262],[-103.3214,30.0144]]}},{"type":"Feature","properties":{"ef":0,"year":2021,"date":"2021-05-28","len_km":2.2,"inj":0,"fat":0},"geometry":{"type":"LineString","coordinates":[[-97.4385,29.9832],[-97.4192,29.9721]]}},{"type":"Feature","properties":{"ef":-9,"year":2021,"date":"2021-05-30","len_km":1.3,"inj":0,"fat":0},"geometry":{"type":"LineString","coordinates":[[-102.4,36.27],[-102.3854,36.2708]]}},{"type":"Feature","properties":{"ef":-9,"year":2021,"date":"2021-05-30","len_km":0.5,"inj":0,"fat":0},"geometry":{"type":"LineString","coordinates":[[-102.3641,36.2805],[-102.3588,36.2813]]}},{"type":"Feature","properties":{"ef":-9,"year":2021,"date":"2021-05-30","len_km":0.5,"inj":0,"fat":0},"geometry":{"type":"LineString","coordinates":[[-102.3473,36.2831],[-102.3416,36.284]]}},{"type":"Feature","properties":{"ef":-9,"year":2021,"date":"2021-05-30","len_km":0.8,"inj":0,"fat":0},"geometry":{"type":"LineString","coordinates":[[-102.2499,36.33],[-102.2421,36.3338]]}},{"type":"Feature","properties":{"ef":-9,"year":2021,"date":"2021-05-30","len_km":2.0,"inj":0,"fat":0},"geometry":{"type":"LineString","coordinates":[[-102.0161,36.3],[-101.9944,36.3026]]}},{"type":"Feature","properties":{"ef":0,"year":2021,"date":"2021-05-30","len_km":7.4,"inj":0,"fat":0},"geometry":{"type":"LineString","coordinates":[[-101.9327,36.2997],[-101.9008,36.3612]]}},{"type":"Feature","properties":{"ef":-9,"year":2021,"date":"2021-05-31","len_km":10.1,"inj":0,"fat":0},"geometry":{"type":"LineString","coordinates":[[-102.87,30.605],[-102.7282,30.5858]]}},{"type":"Feature","properties":{"ef":-9,"year":2021,"date":"2021-05-31","len_km":5.3,"inj":0,"fat":0},"geometry":{"type":"LineString","coordinates":[[-102.7347,30.5992],[-102.7218,30.5725]]}},{"type":"Feature","properties":{"ef":0,"year":2021,"date":"2021-05-03","len_km":0.6,"inj":0,"fat":0},"geometry":{"type":"LineString","coordinates":[[-97.7406,32.4403],[-97.7434,32.445]]}},{"type":"Feature","properties":{"ef":-9,"year":2021,"date":"2021-05-03","len_km":0.0,"inj":0,"fat":0},"geometry":{"type":"Point","coordinates":[-97.4546,32.1367]}},{"type":"Feature","properties":{"ef":2,"year":2021,"date":"2021-05-03","len_km":5.4,"inj":0,"fat":0},"geometry":{"type":"LineString","coordinates":[[-97.4449,32.1426],[-97.4425,32.1876]]}},{"type":"Feature","properties":{"ef":0,"year":2021,"date":"2021-05-03","len_km":0.8,"inj":0,"fat":0},"geometry":{"type":"LineString","coordinates":[[-96.6676,33.3276],[-96.6613,33.3324]]}},{"type":"Feature","properties":{"ef":0,"year":2021,"date":"2021-05-03","len_km":0.4,"inj":0,"fat":0},"geometry":{"type":"LineString","coordinates":[[-97.1279,32.2771],[-97.1251,32.2797]]}},{"type":"Feature","properties":{"ef":2,"year":2021,"date":"2021-05-03","len_km":8.7,"inj":8,"fat":0},"geometry":{"type":"LineString","coordinates":[[-96.91,32.28],[-96.83,32.32]]}},{"type":"Feature","properties":{"ef":0,"year":2021,"date":"2021-05-07","len_km":5.3,"inj":0,"fat":0},"geometry":{"type":"LineString","coordinates":[[-101.0842,35.5241],[-101.0261,35.5276]]}},{"type":"Feature","properties":{"ef":1,"year":2021,"date":"2021-06-25","len_km":3.5,"inj":0,"fat":0},"geometry":{"type":"LineString","coordinates":[[-100.6701,35.2606],[-100.6318,35.2547]]}},{"type":"Feature","properties":{"ef":-9,"year":2021,"date":"2021-06-27","len_km":0.0,"inj":0,"fat":0},"geometry":{"type":"Point","coordinates":[-102.2992,33.5853]}},{"type":"Feature","properties":{"ef":0,"year":2021,"date":"2021-06-08","len_km":2.6,"inj":0,"fat":0},"geometry":{"type":"LineString","coordinates":[[-95.3769,32.3097],[-95.3584,32.3271]]}},{"type":"Feature","properties":{"ef":0,"year":2021,"date":"2021-06-08","len_km":0.4,"inj":0,"fat":0},"geometry":{"type":"LineString","coordinates":[[-95.1379,31.8077],[-95.1346,31.81]]}},{"type":"Feature","properties":{"ef":0,"year":2021,"date":"2021-06-08","len_km":0.1,"inj":0,"fat":0},"geometry":{"type":"LineString","coordinates":[[-94.9897,31.8676],[-94.9886,31.8683]]}},{"type":"Feature","properties":{"ef":0,"year":2021,"date":"2021-07-20","len_km":0.0,"inj":0,"fat":0},"geometry":{"type":"Point","coordinates":[-97.51,27.97]}},{"type":"Feature","properties":{"ef":0,"year":2021,"date":"2021-08-12","len_km":0.4,"inj":0,"fat":0},"geometry":{"type":"LineString","coordinates":[[-95.7281,29.922],[-95.7282,29.9265]]}},{"type":"Feature","properties":{"ef":0,"year":2021,"date":"2021-08-02","len_km":1.2,"inj":0,"fat":0},"geometry":{"type":"LineString","coordinates":[[-94.5721,29.5231],[-94.562,29.5174]]}},{"type":"Feature","properties":{"ef":-9,"year":2022,"date":"2022-10-13","len_km":0.3,"inj":0,"fat":0},"geometry":{"type":"LineString","coordinates":[[-97.47,27.59],[-97.4675,27.5916]]}},{"type":"Feature","properties":{"ef":1,"year":2022,"date":"2022-10-24","len_km":6.2,"inj":0,"fat":0},"geometry":{"type":"LineString","coordinates":[[-97.6742,30.797],[-97.61,30.7883]]}},{"type":"Feature","properties":{"ef":1,"year":2022,"date":"2022-11-04","len_km":7.0,"inj":0,"fat":0},"geometry":{"type":"LineString","coordinates":[[-95.7928,32.9545],[-95.7388,32.9988]]}},{"type":"Feature","properties":{"ef":2,"year":2022,"date":"2022-11-04","len_km":4.7,"inj":0,"fat":0},"geometry":{"type":"LineString","coordinates":[[-95.7297,33.0072],[-95.698,33.0397]]}},{"type":"Feature","properties":{"ef":2,"year":2022,"date":"2022-11-04","len_km":24.2,"inj":0,"fat":0},"geometry":{"type":"LineString","coordinates":[[-96.0044,32.108],[-95.8046,32.2438]]}},{"type":"Feature","properties":{"ef":1,"year":2022,"date":"2022-11-04","len_km":3.6,"inj":0,"fat":0},"geometry":{"type":"LineString","coordinates":[[-94.8712,32.9458],[-94.8461,32.9701]]}},{"type":"Feature","properties":{"ef":3,"year":2022,"date":"2022-11-04","len_km":27.2,"inj":8,"fat":1},"geometry":{"type":"LineString","coordinates":[[-94.8157,33.0218],[-94.6241,33.2064]]}},{"type":"Feature","properties":{"ef":3,"year":2022,"date":"2022-11-04","len_km":25.2,"inj":0,"fat":0},"geometry":{"type":"LineString","coordinates":[[-94.5625,33.3163],[-94.4142,33.506]]}},{"type":"Feature","properties":{"ef":2,"year":2022,"date":"2022-11-04","len_km":31.7,"inj":0,"fat":0},"geometry":{"type":"LineString","coordinates":[[-94.645,32.9829],[-94.4096,33.1882]]}},{"type":"Feature","properties":{"ef":2,"year":2022,"date":"2022-12-13","len_km":17.9,"inj":0,"fat":0},"geometry":{"type":"LineString","coordinates":[[-98.6678,32.2965],[-98.503,32.3764]]}},{"type":"Feature","properties":{"ef":0,"year":2022,"date":"2022-12-13","len_km":1.7,"inj":0,"fat":0},"geometry":{"type":"LineString","coordinates":[[-98.0565,32.8785],[-98.0397,32.8848]]}},{"type":"Feature","properties":{"ef":1,"year":2022,"date":"2022-12-13","len_km":6.0,"inj":0,"fat":0},"geometry":{"type":"LineString","coordinates":[[-98.138,32.5735],[-98.0891,32.6076]]}},{"type":"Feature","properties":{"ef":2,"year":2022,"date":"2022-12-13","len_km":15.6,"inj":2,"fat":0},"geometry":{"type":"LineString","coordinates":[[-97.6563,33.1195],[-97.5338,33.2154]]}},{"type":"Feature","properties":{"ef":0,"year":2022,"date":"2022-12-13","len_km":1.1,"inj":0,"fat":0},"geometry":{"type":"LineString","coordinates":[[-97.8788,32.7259],[-97.8672,32.7289]]}},{"type":"Feature","properties":{"ef":1,"year":2022,"date":"2022-12-13","len_km":1.1,"inj":0,"fat":0},"geometry":{"type":"LineString","coordinates":[[-98.0242,32.3331],[-98.0134,32.3359]]}},{"type":"Feature","properties":{"ef":0,"year":2022,"date":"2022-12-13","len_km":0.7,"inj":0,"fat":0},"geometry":{"type":"LineString","coordinates":[[-97.0697,33.7232],[-97.0631,33.7265]]}},{"type":"Feature","properties":{"ef":0,"year":2022,"date":"2022-12-13","len_km":1.3,"inj":0,"fat":0},"geometry":{"type":"LineString","coordinates":[[-97.4337,32.7693],[-97.4245,32.7778]]}},{"type":"Feature","properties":{"ef":1,"year":2022,"date":"2022-12-13","len_km":0.3,"inj":0,"fat":0},"geometry":{"type":"LineString","coordinates":[[-97.4096,32.7945],[-97.4085,32.797]]}},{"type":"Feature","properties":{"ef":0,"year":2022,"date":"2022-12-13","len_km":0.5,"inj":0,"fat":0},"geometry":{"type":"LineString","coordinates":[[-97.3387,32.8294],[-97.3334,32.8316]]}},{"type":"Feature","properties":{"ef":1,"year":2022,"date":"2022-12-13","len_km":3.0,"inj":0,"fat":0},"geometry":{"type":"LineString","coordinates":[[-97.2055,32.8863],[-97.1819,32.9041]]}},{"type":"Feature","properties":{"ef":1,"year":2022,"date":"2022-12-13","len_km":5.0,"inj":5,"fat":0},"geometry":{"type":"LineString","coordinates":[[-97.1016,32.9282],[-97.0628,32.9587]]}},{"type":"Feature","properties":{"ef":1,"year":2022,"date":"2022-12-13","len_km":1.2,"inj":0,"fat":0},"geometry":{"type":"LineString","coordinates":[[-97.044,32.965],[-97.0381,32.9747]]}},{"type":"Feature","properties":{"ef":2,"year":2022,"date":"2022-12-13","len_km":28.3,"inj":2,"fat":0},"geometry":{"type":"LineString","coordinates":[[-96.4287,33.2981],[-96.1858,33.4412]]}},{"type":"Feature","properties":{"ef":1,"year":2022,"date":"2022-12-13","len_km":10.6,"inj":0,"fat":0},"geometry":{"type":"LineString","coordinates":[[-96.1333,33.3566],[-96.0528,33.4217]]}},{"type":"Feature","properties":{"ef":2,"year":2022,"date":"2022-12-13","len_km":16.4,"inj":0,"fat":0},"geometry":{"type":"LineString","coordinates":[[-95.8268,33.6144],[-95.6763,33.6895]]}},{"type":"Feature","properties":{"ef":2,"year":2022,"date":"2022-12-13","len_km":14.7,"inj":0,"fat":0},"geometry":{"type":"LineString","coordinates":[[-94.2154,32.3323],[-94.0992,32.4211]]}},{"type":"Feature","properties":{"ef":1,"year":2022,"date":"2022-12-29","len_km":0.7,"inj":0,"fat":0},"geometry":{"type":"LineString","coordinates":[[-94.2611,30.584],[-94.26,30.59]]}},{"type":"Feature","properties":{"ef":0,"year":2022,"date":"2022-01-08","len_km":1.3,"inj":0,"fat":0},"geometry":{"type":"LineString","coordinates":[[-95.339,29.9387],[-95.3282,29.9453]]}},{"type":"Feature","properties":{"ef":0,"year":2022,"date":"2022-01-08","len_km":0.2,"inj":0,"fat":0},"geometry":{"type":"Point","coordinates":[-94.9065,30.0425]}},{"type":"Feature","properties":{"ef":0,"year":2022,"date":"2022-01-08","len_km":0.8,"inj":0,"fat":0},"geometry":{"type":"LineString","coordinates":[[-95.6873,30.3912],[-95.6874,30.398]]}},{"type":"Feature","properties":{"ef":0,"year":2022,"date":"2022-01-08","len_km":1.8,"inj":0,"fat":0},"geometry":{"type":"LineString","coordinates":[[-95.5288,29.7911],[-95.5262,29.813]]}},{"type":"Feature","properties":{"ef":1,"year":2022,"date":"2022-01-09","len_km":3.5,"inj":0,"fat":0},"geometry":{"type":"LineString","coordinates":[[-95.27,29.97],[-95.2542,29.9985]]}},{"type":"Feature","properties":{"ef":1,"year":2022,"date":"2022-01-09","len_km":3.6,"inj":0,"fat":0},"geometry":{"type":"LineString","coordinates":[[-95.2359,30.0249],[-95.2231,30.0548]]}},{"type":"Feature","properties":{"ef":1,"year":2022,"date":"2022-03-14","len_km":5.3,"inj":0,"fat":0},"geometry":{"type":"LineString","coordinates":[[-96.3091,33.3686],[-96.2599,33.3914]]}},{"type":"Feature","properties":{"ef":0,"year":2022,"date":"2022-03-14","len_km":0.2,"inj":0,"fat":0},"geometry":{"type":"LineString","coordinates":[[-95.1484,29.405],[-95.1468,29.4064]]}},{"type":"Feature","properties":{"ef":1,"year":2022,"date":"2022-03-21","len_km":15.7,"inj":0,"fat":0},"geometry":{"type":"LineString","coordinates":[[-98.5296,32.8672],[-98.4046,32.9591]]}},{"type":"Feature","properties":{"ef":3,"year":2022,"date":"2022-03-21","len_km":55.5,"inj":9,"fat":0},"geometry":{"type":"LineString","coordinates":[[-98.3298,33.0446],[-97.9699,33.4395]]}},{"type":"Feature","properties":{"ef":1,"year":2022,"date":"2022-03-21","len_km":3.3,"inj":0,"fat":0},"geometry":{"type":"LineString","coordinates":[[-97.9021,33.5069],[-97.8774,33.5255]]}},{"type":"Feature","properties":{"ef":1,"year":2022,"date":"2022-03-21","len_km":8.4,"inj":3,"fat":0},"geometry":{"type":"LineString","coordinates":[[-97.8369,33.5182],[-97.7953,33.5815]]}},{"type":"Feature","properties":{"ef":0,"year":2022,"date":"2022-03-21","len_km":9.8,"inj":0,"fat":0},"geometry":{"type":"LineString","coordinates":[[-97.6229,33.1329],[-97.5511,33.198]]}},{"type":"Feature","properties":{"ef":1,"year":2022,"date":"2022-03-21","len_km":30.0,"inj":0,"fat":0},"geometry":{"type":"LineString","coordinates":[[-97.6874,33.688],[-97.5103,33.914]]}},{"type":"Feature","properties":{"ef":1,"year":2022,"date":"2022-03-21","len_km":29.5,"inj":0,"fat":0},"geometry":{"type":"LineString","coordinates":[[-97.3292,33.4322],[-97.1493,33.6494]]}},{"type":"Feature","properties":{"ef":0,"year":2022,"date":"2022-03-21","len_km":0.7,"inj":0,"fat":0},"geometry":{"type":"LineString","coordinates":[[-97.478,32.6563],[-97.4701,32.6566]]}},{"type":"Feature","properties":{"ef":0,"year":2022,"date":"2022-03-21","len_km":2.1,"inj":0,"fat":0},"geometry":{"type":"LineString","coordinates":[[-97.403,32.7874],[-97.3813,32.792]]}},{"type":"Feature","properties":{"ef":2,"year":2022,"date":"2022-03-21","len_km":12.8,"inj":0,"fat":0},"geometry":{"type":"LineString","coordinates":[[-97.78,29.63],[-97.7177,29.7294]]}},{"type":"Feature","properties":{"ef":1,"year":2022,"date":"2022-03-21","len_km":15.0,"inj":0,"fat":0},"geometry":{"type":"LineString","coordinates":[[-97.6804,30.7736],[-97.5814,30.8777]]}},{"type":"Feature","properties":{"ef":2,"year":2022,"date":"2022-03-21","len_km":55.7,"inj":0,"fat":0},"geometry":{"type":"LineString","coordinates":[[-97.6845,30.4632],[-97.3161,30.8469]]}},{"type":"Feature","properties":{"ef":0,"year":2022,"date":"2022-03-21","len_km":1.0,"inj":0,"fat":0},"geometry":{"type":"LineString","coordinates":[[-97.0919,32.8473],[-97.0843,32.853]]}},{"type":"Feature","properties":{"ef":2,"year":2022,"date":"2022-03-21","len_km":19.3,"inj":0,"fat":0},"geometry":{"type":"LineString","coordinates":[[-97.4755,30.2524],[-97.3214,30.3633]]}},{"type":"Feature","properties":{"ef":0,"year":2022,"date":"2022-03-21","len_km":3.0,"inj":0,"fat":0},"geometry":{"type":"LineString","coordinates":[[-96.913,33.0042],[-96.8839,33.0153]]}},{"type":"Feature","properties":{"ef":0,"year":2022,"date":"2022-03-21","len_km":8.9,"inj":0,"fat":0},"geometry":{"type":"LineString","coordinates":[[-97.2885,30.3667],[-97.2064,30.4036]]}},{"type":"Feature","properties":{"ef":1,"year":2022,"date":"2022-03-21","len_km":6.1,"inj":0,"fat":0},"geometry":{"type":"LineString","coordinates":[[-97.1243,30.9303],[-97.081,30.977]]}},{"type":"Feature","properties":{"ef":0,"year":2022,"date":"2022-03-21","len_km":0.6,"inj":0,"fat":0},"geometry":{"type":"Point","coordinates":[-96.9967,31.0641]}},{"type":"Feature","properties":{"ef":1,"year":2022,"date":"2022-03-21","len_km":4.0,"inj":0,"fat":0},"geometry":{"type":"LineString","coordinates":[[-96.955,30.1538],[-96.9223,30.1743]]}},{"type":"Feature","properties":{"ef":0,"year":2022,"date":"2022-03-21","len_km":19.0,"inj":0,"fat":0},"geometry":{"type":"LineString","coordinates":[[-96.5759,31.5058],[-96.423,31.6023]]}},{"type":"Feature","properties":{"ef":0,"year":2022,"date":"2022-03-21","len_km":1.6,"inj":0,"fat":0},"geometry":{"type":"LineString","coordinates":[[-96.4715,30.4909],[-96.4679,30.5053]]}},{"type":"Feature","properties":{"ef":0,"year":2022,"date":"2022-03-21","len_km":0.5,"inj":0,"fat":0},"geometry":{"type":"LineString","coordinates":[[-96.4391,30.5422],[-96.4363,30.5457]]}},{"type":"Feature","properties":{"ef":1,"year":2022,"date":"2022-03-21","len_km":0.6,"inj":0,"fat":0},"geometry":{"type":"LineString","coordinates":[[-96.2008,30.7405],[-96.1949,30.7431]]}},{"type":"Feature","properties":{"ef":1,"year":2022,"date":"2022-03-21","len_km":3.9,"inj":0,"fat":0},"geometry":{"type":"LineString","coordinates":[[-95.9381,30.9357],[-95.9062,30.958]]}},{"type":"Feature","properties":{"ef":2,"year":2022,"date":"2022-03-21","len_km":30.7,"inj":10,"fat":1},"geometry":{"type":"LineString","coordinates":[[-95.675,31.1346],[-95.3555,31.422]]}},{"type":"Feature","properties":{"ef":2,"year":2022,"date":"2022-03-21","len_km":64.3,"inj":8,"fat":0},"geometry":{"type":"LineString","coordinates":[[-94.966,32.6428],[-94.4388,33.0128]]}},{"type":"Feature","properties":{"ef":2,"year":2022,"date":"2022-03-21","len_km":59.8,"inj":1,"fat":0},"geometry":{"type":"LineString","coordinates":[[-95.0306,31.6591],[-94.6408,32.0749]]}},{"type":"Feature","properties":{"ef":1,"year":2022,"date":"2022-03-21","len_km":2.9,"inj":0,"fat":0},"geometry":{"type":"LineString","coordinates":[[-94.3085,33.1614],[-94.2783,33.1687]]}},{"type":"Feature","properties":{"ef":1,"year":2022,"date":"2022-03-21","len_km":3.3,"inj":0,"fat":0},"geometry":{"type":"LineString","coordinates":[[-94.1655,33.2148],[-94.1325,33.225]]}},{"type":"Feature","properties":{"ef":2,"year":2022,"date":"2022-03-21","len_km":19.2,"inj":1,"fat":0},"geometry":{"type":"LineString","coordinates":[[-94.6089,32.0548],[-94.5117,32.206]]}},{"type":"Feature","properties":{"ef":1,"year":2022,"date":"2022-03-21","len_km":10.6,"inj":0,"fat":0},"geometry":{"type":"LineString","coordinates":[[-94.2821,32.371],[-94.1778,32.4072]]}},{"type":"Feature","properties":{"ef":0,"year":2022,"date":"2022-03-22","len_km":1.3,"inj":4,"fat":0},"geometry":{"type":"LineString","coordinates":[[-96.0397,29.4886],[-96.0237,29.4936]]}},{"type":"Feature","properties":{"ef":0,"year":2022,"date":"2022-03-22","len_km":0.2,"inj":0,"fat":0},"geometry":{"type":"LineString","coordinates":[[-95.3365,29.2286],[-95.3343,29.2286]]}},{"type":"Feature","properties":{"ef":1,"year":2022,"date":"2022-03-30","len_km":0.8,"inj":0,"fat":0},"geometry":{"type":"LineString","coordinates":[[-96.3474,32.834],[-96.3427,32.84]]}},{"type":"Feature","properties":{"ef":1,"year":2022,"date":"2022-03-30","len_km":4.9,"inj":0,"fat":0},"geometry":{"type":"LineString","coordinates":[[-95.1559,33.6486],[-95.1178,33.6788]]}},{"type":"Feature","properties":{"ef":1,"year":2022,"date":"2022-03-30","len_km":1.5,"inj":0,"fat":0},"geometry":{"type":"LineString","coordinates":[[-93.8314,31.2925],[-93.8157,31.2957]]}},{"type":"Feature","properties":{"ef":1,"year":2022,"date":"2022-03-30","len_km":3.1,"inj":0,"fat":0},"geometry":{"type":"LineString","coordinates":[[-93.6336,31.1491],[-93.6018,31.1433]]}},{"type":"Feature","properties":{"ef":-9,"year":2022,"date":"2022-04-12","len_km":6.3,"inj":0,"fat":0},"geometry":{"type":"LineString","coordinates":[[-97.7778,31.3405],[-97.7997,31.2874]]}},{"type":"Feature","properties":{"ef":3,"year":2022,"date":"2022-04-12","len_km":26.6,"inj":23,"fat":0},"geometry":{"type":"LineString","coordinates":[[-97.788,30.8846],[-97.6239,31.0167]]}},{"type":"Feature","properties":{"ef":0,"year":2022,"date":"2022-04-12","len_km":6.0,"inj":0,"fat":0},"geometry":{"type":"LineString","coordinates":[[-97.217,31.0408],[-97.1574,31.0296]]}},{"type":"Feature","properties":{"ef":1,"year":2022,"date":"2022-04-04","len_km":0.5,"inj":0,"fat":0},"geometry":{"type":"LineString","coordinates":[[-96.4049,33.2982],[-96.4004,33.2994]]}},{"type":"Feature","properties":{"ef":2,"year":2022,"date":"2022-04-04","len_km":15.6,"inj":1,"fat":0},"geometry":{"type":"LineString","coordinates":[[-97.4275,32.483],[-97.2669,32.4584]]}},{"type":"Feature","properties":{"ef":0,"year":2022,"date":"2022-04-04","len_km":2.7,"inj":0,"fat":0},"geometry":{"type":"LineString","coordinates":[[-97.3302,32.4195],[-97.302,32.4243]]}},{"type":"Feature","properties":{"ef":0,"year":2022,"date":"2022-04-04","len_km":7.8,"inj":0,"fat":0},"geometry":{"type":"LineString","coordinates":[[-97.241,32.4657],[-97.1575,32.4654]]}},{"type":"Feature","properties":{"ef":0,"year":2022,"date":"2022-04-04","len_km":4.5,"inj":0,"fat":0},"geometry":{"type":"LineString","coordinates":[[-97.1176,32.4518],[-97.0947,32.4861]]}},{"type":"Feature","properties":{"ef":0,"year":2022,"date":"2022-04-04","len_km":2.3,"inj":0,"fat":0},"geometry":{"type":"LineString","coordinates":[[-97.0556,32.4769],[-97.0316,32.473]]}},{"type":"Feature","properties":{"ef":-9,"year":2022,"date":"2022-05-23","len_km":1.6,"inj":0,"fat":0},"geometry":{"type":"LineString","coordinates":[[-102.8465,33.8136],[-102.8292,33.8143]]}},{"type":"Feature","properties":{"ef":2,"year":2022,"date":"2022-05-23","len_km":4.6,"inj":0,"fat":0},"geometry":{"type":"LineString","coordinates":[[-102.786,33.8093],[-102.7815,33.8342]]}},{"type":"Feature","properties":{"ef":-9,"year":2022,"date":"2022-05-23","len_km":1.1,"inj":0,"fat":0},"geometry":{"type":"LineString","coordinates":[[-102.7178,33.8213],[-102.7157,33.835]]}},{"type":"Feature","properties":{"ef":-9,"year":2022,"date":"2022-05-23","len_km":2.5,"inj":0,"fat":0},"geometry":{"type":"LineString","coordinates":[[-102.6694,33.7937],[-102.6433,33.788]]}},{"type":"Feature","properties":{"ef":0,"year":2022,"date":"2022-05-23","len_km":3.1,"inj":0,"fat":0},"geometry":{"type":"LineString","coordinates":[[-102.5942,33.7802],[-102.5608,33.7821]]}},{"type":"Feature","properties":{"ef":-9,"year":2022,"date":"2022-05-23","len_km":0.2,"inj":0,"fat":0},"geometry":{"type":"LineString","coordinates":[[-102.6876,33.6874],[-102.6853,33.687]]}},{"type":"Feature","properties":{"ef":-9,"year":2022,"date":"2022-05-23","len_km":1.7,"inj":0,"fat":0},"geometry":{"type":"LineString","coordinates":[[-102.5785,33.6627],[-102.5644,33.6524]]}},{"type":"Feature","properties":{"ef":-9,"year":2022,"date":"2022-05-23","len_km":0.7,"inj":0,"fat":0},"geometry":{"type":"LineString","coordinates":[[-102.5559,33.664],[-102.5482,33.6636]]}},{"type":"Feature","properties":{"ef":2,"year":2022,"date":"2022-05-23","len_km":12.2,"inj":0,"fat":0},"geometry":{"type":"LineString","coordinates":[[-102.5438,33.6266],[-102.4312,33.6829]]}},{"type":"Feature","properties":{"ef":1,"year":2022,"date":"2022-05-24","len_km":11.9,"inj":0,"fat":0},"geometry":{"type":"LineString","coordinates":[[-95.2362,33.6786],[-95.1662,33.769]]}},{"type":"Feature","properties":{"ef":2,"year":2022,"date":"2022-05-24","len_km":17.9,"inj":0,"fat":0},"geometry":{"type":"LineString","coordinates":[[-101.688,31.888],[-101.539,31.788]]}},{"type":"Feature","properties":{"ef":1,"year":2022,"date":"2022-05-25","len_km":1.7,"inj":0,"fat":0},"geometry":{"type":"LineString","coordinates":[[-93.9766,29.9762],[-93.9602,29.9711]]}},{"type":"Feature","properties":{"ef":0,"year":2022,"date":"2022-05-31","len_km":2.8,"inj":0,"fat":0},"geometry":{"type":"LineString","coordinates":[[-100.0807,34.7927],[-100.0581,34.7754]]}},{"type":"Feature","properties":{"ef":-9,"year":2022,"date":"2022-05-01","len_km":7.3,"inj":0,"fat":0},"geometry":{"type":"LineString","coordinates":[[-102.9928,31.1341],[-102.931,31.0948]]}},{"type":"Feature","properties":{"ef":-9,"year":2022,"date":"2022-05-01","len_km":4.0,"inj":0,"fat":0},"geometry":{"type":"LineString","coordinates":[[-102.6671,31.054],[-102.6372,31.0796]]}},{"type":"Feature","properties":{"ef":-9,"year":2022,"date":"2022-05-01","len_km":0.3,"inj":0,"fat":0},"geometry":{"type":"LineString","coordinates":[[-102.7609,30.9188],[-102.7576,30.9198]]}},{"type":"Feature","properties":{"ef":2,"year":2022,"date":"2022-05-01","len_km":0.6,"inj":0,"fat":0},"geometry":{"type":"LineString","coordinates":[[-100.7711,32.6377],[-100.7655,32.6397]]}},{"type":"Feature","properties":{"ef":0,"year":2022,"date":"2022-05-01","len_km":0.0,"inj":0,"fat":0},"geometry":{"type":"LineString","coordinates":[[-101.5991,35.6365],[-101.5991,35.6368]]}},{"type":"Feature","properties":{"ef":-9,"year":2022,"date":"2022-05-04","len_km":6.0,"inj":0,"fat":0},"geometry":{"type":"LineString","coordinates":[[-100.5941,33.813],[-100.5314,33.8263]]}},{"type":"Feature","properties":{"ef":-9,"year":2022,"date":"2022-05-04","len_km":13.5,"inj":0,"fat":0},"geometry":{"type":"LineString","coordinates":[[-100.3299,33.8149],[-100.1847,33.805]]}},{"type":"Feature","properties":{"ef":-9,"year":2022,"date":"2022-05-04","len_km":12.6,"inj":0,"fat":0},"geometry":{"type":"LineString","coordinates":[[-100.1325,33.804],[-100.006,33.844]]}},{"type":"Feature","properties":{"ef":0,"year":2022,"date":"2022-05-04","len_km":15.0,"inj":0,"fat":0},"geometry":{"type":"LineString","coordinates":[[-99.9,33.87],[-99.748,33.9]]}},{"type":"Feature","properties":{"ef":-9,"year":2022,"date":"2022-05-04","len_km":1.6,"inj":0,"fat":0},"geometry":{"type":"LineString","coordinates":[[-99.707,33.943],[-99.691,33.937]]}},{"type":"Feature","properties":{"ef":3,"year":2022,"date":"2022-05-04","len_km":37.2,"inj":0,"fat":0},"geometry":{"type":"LineString","coordinates":[[-99.616,33.935],[-99.377,34.127]]}},{"type":"Feature","properties":{"ef":2,"year":2022,"date":"2022-05-05","len_km":13.9,"inj":1,"fat":0},"geometry":{"type":"LineString","coordinates":[[-94.7395,32.1763],[-94.6142,32.2396]]}},{"type":"Feature","properties":{"ef":1,"year":2022,"date":"2022-05-05","len_km":13.3,"inj":0,"fat":0},"geometry":{"type":"LineString","coordinates":[[-94.5904,32.2408],[-94.4534,32.2716]]}},{"type":"Feature","properties":{"ef":1,"year":2022,"date":"2022-05-05","len_km":5.4,"inj":0,"fat":0},"geometry":{"type":"LineString","coordinates":[[-94.712,31.9814],[-94.6568,31.9948]]}},{"type":"Feature","properties":{"ef":0,"year":2022,"date":"2022-07-22","len_km":2.7,"inj":0,"fat":0},"geometry":{"type":"LineString","coordinates":[[-93.938,29.839],[-93.9585,29.8505]]}},{"type":"Feature","properties":{"ef":0,"year":2022,"date":"2022-08-15","len_km":0.3,"inj":0,"fat":0},"geometry":{"type":"LineString","coordinates":[[-99.0062,29.0497],[-99.0074,29.0526]]}},{"type":"Feature","properties":{"ef":1,"year":2022,"date":"2022-08-22","len_km":6.1,"inj":0,"fat":0},"geometry":{"type":"LineString","coordinates":[[-95.1918,32.4873],[-95.1582,32.5341]]}},{"type":"Feature","properties":{"ef":-9,"year":2022,"date":"2022-08-23","len_km":0.1,"inj":0,"fat":0},"geometry":{"type":"Point","coordinates":[-97.85,27.67]}},{"type":"Feature","properties":{"ef":-9,"year":2022,"date":"2022-08-25","len_km":0.1,"inj":0,"fat":0},"geometry":{"type":"Point","coordinates":[-97.69,28.03]}},{"type":"Feature","properties":{"ef":0,"year":2022,"date":"2022-08-08","len_km":2.2,"inj":0,"fat":0},"geometry":{"type":"LineString","coordinates":[[-101.94,35.87],[-101.94,35.89]]}},{"type":"Feature","properties":{"ef":0,"year":2023,"date":"2023-10-26","len_km":9.6,"inj":0,"fat":0},"geometry":{"type":"LineString","coordinates":[[-97.9853,29.2796],[-97.9825,29.3663]]}},{"type":"Feature","properties":{"ef":0,"year":2023,"date":"2023-10-26","len_km":8.3,"inj":0,"fat":0},"geometry":{"type":"LineString","coordinates":[[-98.4692,29.4195],[-98.4419,29.4904]]}},{"type":"Feature","properties":{"ef":0,"year":2023,"date":"2023-10-26","len_km":0.8,"inj":0,"fat":0},"geometry":{"type":"LineString","coordinates":[[-97.7086,29.9595],[-97.7076,29.9665]]}},{"type":"Feature","properties":{"ef":0,"year":2023,"date":"2023-10-26","len_km":3.3,"inj":0,"fat":0},"geometry":{"type":"LineString","coordinates":[[-98.2526,29.5774],[-98.2432,29.6055]]}},{"type":"Feature","properties":{"ef":0,"year":2023,"date":"2023-10-26","len_km":0.5,"inj":0,"fat":0},"geometry":{"type":"LineString","coordinates":[[-98.1193,29.8448],[-98.1146,29.8461]]}},{"type":"Feature","properties":{"ef":-9,"year":2023,"date":"2023-10-28","len_km":0.0,"inj":0,"fat":0},"geometry":{"type":"Point","coordinates":[-96.89,31.57]}},{"type":"Feature","properties":{"ef":0,"year":2023,"date":"2023-01-24","len_km":23.5,"inj":0,"fat":0},"geometry":{"type":"LineString","coordinates":[[-95.74,29.39],[-95.52,29.48]]}},{"type":"Feature","properties":{"ef":0,"year":2023,"date":"2023-01-24","len_km":3.9,"inj":0,"fat":0},"geometry":{"type":"LineString","coordinates":[[-95.3372,29.5457],[-95.3742,29.5306]]}},{"type":"Feature","properties":{"ef":3,"year":2023,"date":"2023-01-24","len_km":37.5,"inj":0,"fat":0},"geometry":{"type":"LineString","coordinates":[[-95.2483,29.5958],[-94.9489,29.8104]]}},{"type":"Feature","properties":{"ef":0,"year":2023,"date":"2023-01-24","len_km":3.8,"inj":0,"fat":0},"geometry":{"type":"LineString","coordinates":[[-94.77,29.83],[-94.75,29.86]]}},{"type":"Feature","properties":{"ef":2,"year":2023,"date":"2023-01-24","len_km":3.3,"inj":0,"fat":0},"geometry":{"type":"LineString","coordinates":[[-94.4702,30.0007],[-94.4673,30.0303]]}},{"type":"Feature","properties":{"ef":1,"year":2023,"date":"2023-01-24","len_km":8.9,"inj":0,"fat":0},"geometry":{"type":"LineString","coordinates":[[-94.1996,29.833],[-94.123,29.8769]]}},{"type":"Feature","properties":{"ef":1,"year":2023,"date":"2023-01-24","len_km":3.6,"inj":0,"fat":0},"geometry":{"type":"LineString","coordinates":[[-93.9084,30.032],[-93.8835,30.0565]]}},{"type":"Feature","properties":{"ef":0,"year":2023,"date":"2023-02-26","len_km":0.3,"inj":0,"fat":0},"geometry":{"type":"LineString","coordinates":[[-100.3964,35.2457],[-100.3949,35.2482]]}},{"type":"Feature","properties":{"ef":1,"year":2023,"date":"2023-02-26","len_km":3.0,"inj":0,"fat":0},"geometry":{"type":"LineString","coordinates":[[-100.1214,35.3868],[-100.0935,35.4018]]}},{"type":"Feature","properties":{"ef":1,"year":2023,"date":"2023-03-16","len_km":10.3,"inj":0,"fat":0},"geometry":{"type":"LineString","coordinates":[[-97.0338,32.8066],[-96.9329,32.8095]]}},{"type":"Feature","properties":{"ef":1,"year":2023,"date":"2023-03-16","len_km":1.1,"inj":0,"fat":0},"geometry":{"type":"LineString","coordinates":[[-96.9593,32.8375],[-96.9511,32.845]]}},{"type":"Feature","properties":{"ef":1,"year":2023,"date":"2023-03-16","len_km":4.5,"inj":2,"fat":0},"geometry":{"type":"LineString","coordinates":[[-96.495,32.1319],[-96.4531,32.1185]]}},{"type":"Feature","properties":{"ef":1,"year":2023,"date":"2023-03-24","len_km":10.8,"inj":2,"fat":0},"geometry":{"type":"LineString","coordinates":[[-98.0363,32.9467],[-97.934,32.9905]]}},{"type":"Feature","properties":{"ef":1,"year":2023,"date":"2023-03-24","len_km":8.8,"inj":3,"fat":0},"geometry":{"type":"LineString","coordinates":[[-97.91,32.9597],[-97.839,33.0034]]}},{"type":"Feature","properties":{"ef":1,"year":2023,"date":"2023-03-02","len_km":13.1,"inj":0,"fat":0},"geometry":{"type":"LineString","coordinates":[[-95.4209,32.9816],[-95.3694,33.0903]]}},{"type":"Feature","properties":{"ef":0,"year":2023,"date":"2023-03-02","len_km":8.7,"inj":0,"fat":0},"geometry":{"type":"LineString","coordinates":[[-95.2662,33.2837],[-95.2511,33.3612]]}},{"type":"Feature","properties":{"ef":1,"year":2023,"date":"2023-03-02","len_km":5.2,"inj":0,"fat":0},"geometry":{"type":"LineString","coordinates":[[-94.4203,32.7662],[-94.4094,32.8124]]}},{"type":"Feature","properties":{"ef":1,"year":2023,"date":"2023-03-02","len_km":2.0,"inj":0,"fat":0},"geometry":{"type":"LineString","coordinates":[[-94.1211,32.9747],[-94.1178,32.9922]]}},{"type":"Feature","properties":{"ef":1,"year":2023,"date":"2023-03-02","len_km":5.0,"inj":0,"fat":0},"geometry":{"type":"LineString","coordinates":[[-94.6396,31.7226],[-94.5913,31.7404]]}},{"type":"Feature","properties":{"ef":0,"year":2023,"date":"2023-04-20","len_km":1.1,"inj":0,"fat":0},"geometry":{"type":"LineString","coordinates":[[-95.2896,32.3341],[-95.2879,32.3441]]}},{"type":"Feature","properties":{"ef":0,"year":2023,"date":"2023-04-20","len_km":4.8,"inj":0,"fat":0},"geometry":{"type":"LineString","coordinates":[[-98.2662,29.8528],[-98.2304,29.8233]]}},{"type":"Feature","properties":{"ef":-9,"year":2023,"date":"2023-04-25","len_km":0.3,"inj":0,"fat":0},"geometry":{"type":"LineString","coordinates":[[-101.14,33.94],[-101.1369,33.94]]}},{"type":"Feature","properties":{"ef":-9,"year":2023,"date":"2023-04-26","len_km":0.0,"inj":0,"fat":0},"geometry":{"type":"Point","coordinates":[-97.38,31.63]}},{"type":"Feature","properties":{"ef":-9,"year":2023,"date":"2023-04-26","len_km":0.0,"inj":0,"fat":0},"geometry":{"type":"Point","coordinates":[-97.3,31.61]}},{"type":"Feature","properties":{"ef":1,"year":2023,"date":"2023-04-28","len_km":23.9,"inj":2,"fat":0},"geometry":{"type":"LineString","coordinates":[[-97.882,31.3821],[-97.6681,31.2748]]}},{"type":"Feature","properties":{"ef":-9,"year":2023,"date":"2023-04-02","len_km":1.5,"inj":0,"fat":0},"geometry":{"type":"LineString","coordinates":[[-96.76,31.315],[-96.744,31.317]]}},{"type":"Feature","properties":{"ef":0,"year":2023,"date":"2023-04-02","len_km":0.6,"inj":0,"fat":0},"geometry":{"type":"LineString","coordinates":[[-96.6184,31.3458],[-96.612,31.3464]]}},{"type":"Feature","properties":{"ef":-9,"year":2023,"date":"2023-04-02","len_km":1.9,"inj":0,"fat":0},"geometry":{"type":"LineString","coordinates":[[-96.491,31.373],[-96.471,31.376]]}},{"type":"Feature","properties":{"ef":0,"year":2023,"date":"2023-04-02","len_km":1.1,"inj":0,"fat":0},"geometry":{"type":"LineString","coordinates":[[-96.3595,31.3981],[-96.3478,31.3999]]}},{"type":"Feature","properties":{"ef":0,"year":2023,"date":"2023-04-05","len_km":0.3,"inj":0,"fat":0},"geometry":{"type":"LineString","coordinates":[[-94.444,33.0124],[-94.4405,33.0123]]}},{"type":"Feature","properties":{"ef":1,"year":2023,"date":"2023-05-11","len_km":2.0,"inj":0,"fat":0},"geometry":{"type":"LineString","coordinates":[[-98.3358,32.733],[-98.3437,32.7501]]}},{"type":"Feature","properties":{"ef":1,"year":2023,"date":"2023-05-13","len_km":0.7,"inj":11,"fat":1},"geometry":{"type":"LineString","coordinates":[[-97.2627,26.0799],[-97.2558,26.082]]}},{"type":"Feature","properties":{"ef":0,"year":2023,"date":"2023-05-15","len_km":1.1,"inj":0,"fat":0},"geometry":{"type":"LineString","coordinates":[[-99.1888,28.6761],[-99.1783,28.6804]]}},{"type":"Feature","properties":{"ef":0,"year":2023,"date":"2023-05-18","len_km":0.1,"inj":0,"fat":0},"geometry":{"type":"LineString","coordinates":[[-101.5409,35.2786],[-101.5395,35.2793]]}},{"type":"Feature","properties":{"ef":2,"year":2023,"date":"2023-05-23","len_km":7.4,"inj":2,"fat":0},"geometry":{"type":"LineString","coordinates":[[-99.789,32.723],[-99.752,32.737]]}},{"type":"Feature","properties":{"ef":-9,"year":2023,"date":"2023-05-27","len_km":1.1,"inj":0,"fat":0},"geometry":{"type":"LineString","coordinates":[[-102.8557,33.2174],[-102.8442,33.2136]]}},{"type":"Feature","properties":{"ef":-9,"year":2023,"date":"2023-05-28","len_km":0.6,"inj":0,"fat":0},"geometry":{"type":"LineString","coordinates":[[-101.5781,34.5852],[-101.5723,34.5828]]}},{"type":"Feature","properties":{"ef":-9,"year":2023,"date":"2023-05-28","len_km":1.4,"inj":0,"fat":0},"geometry":{"type":"LineString","coordinates":[[-101.91,36.2],[-101.9,36.21]]}},{"type":"Feature","properties":{"ef":0,"year":2023,"date":"2023-05-04","len_km":0.2,"inj":0,"fat":0},"geometry":{"type":"Point","coordinates":[-98.019,33.638]}},{"type":"Feature","properties":{"ef":0,"year":2023,"date":"2023-05-08","len_km":9.8,"inj":0,"fat":0},"geometry":{"type":"LineString","coordinates":[[-94.3691,30.2439],[-94.2761,30.208]]}},{"type":"Feature","properties":{"ef":-9,"year":2023,"date":"2023-06-11","len_km":0.7,"inj":0,"fat":0},"geometry":{"type":"LineString","coordinates":[[-99.86,32.87],[-99.8526,32.8707]]}},{"type":"Feature","properties":{"ef":-9,"year":2023,"date":"2023-06-13","len_km":2.2,"inj":0,"fat":0},"geometry":{"type":"LineString","coordinates":[[-102.4438,36.4595],[-102.4324,36.4423]]}},{"type":"Feature","properties":{"ef":2,"year":2023,"date":"2023-06-14","len_km":14.4,"inj":0,"fat":0},"geometry":{"type":"LineString","coordinates":[[-94.2162,33.244],[-94.0723,33.1972]]}},{"type":"Feature","properties":{"ef":2,"year":2023,"date":"2023-06-15","len_km":27.9,"inj":0,"fat":0},"geometry":{"type":"LineString","coordinates":[[-100.9489,36.1526],[-100.6572,36.237]]}},{"type":"Feature","properties":{"ef":3,"year":2023,"date":"2023-06-15","len_km":10.2,"inj":100,"fat":3},"geometry":{"type":"LineString","coordinates":[[-100.8302,36.4135],[-100.7284,36.3731]]}},{"type":"Feature","properties":{"ef":0,"year":2023,"date":"2023-06-15","len_km":19.7,"inj":0,"fat":0},"geometry":{"type":"LineString","coordinates":[[-100.9046,36.1412],[-100.7034,36.2128]]}},{"type":"Feature","properties":{"ef":1,"year":2023,"date":"2023-06-15","len_km":4.0,"inj":0,"fat":0},"geometry":{"type":"LineString","coordinates":[[-98.167,33.756],[-98.127,33.743]]}},{"type":"Feature","properties":{"ef":-9,"year":2023,"date":"2023-06-17","len_km":6.9,"inj":0,"fat":0},"geometry":{"type":"LineString","coordinates":[[-100.3701,32.9857],[-100.267,32.961]]}},{"type":"Feature","properties":{"ef":-9,"year":2023,"date":"2023-06-17","len_km":1.7,"inj":0,"fat":0},"geometry":{"type":"LineString","coordinates":[[-100.21,32.92],[-100.1922,32.9213]]}},{"type":"Feature","properties":{"ef":-9,"year":2023,"date":"2023-06-21","len_km":1.4,"inj":0,"fat":0},"geometry":{"type":"LineString","coordinates":[[-101.38,34.95],[-101.37,34.94]]}},{"type":"Feature","properties":{"ef":-9,"year":2023,"date":"2023-06-21","len_km":0.3,"inj":0,"fat":0},"geometry":{"type":"LineString","coordinates":[[-100.85,34.12],[-100.8493,34.1174]]}},{"type":"Feature","properties":{"ef":3,"year":2023,"date":"2023-06-21","len_km":14.7,"inj":15,"fat":4},"geometry":{"type":"LineString","coordinates":[[-100.85,34.12],[-100.82,33.99]]}},{"type":"Feature","properties":{"ef":-9,"year":2023,"date":"2023-06-21","len_km":0.1,"inj":0,"fat":0},"geometry":{"type":"LineString","coordinates":[[-100.73,33.82],[-100.73,33.8191]]}},{"type":"Feature","properties":{"ef":-9,"year":2023,"date":"2023-06-21","len_km":4.5,"inj":0,"fat":0},"geometry":{"type":"LineString","coordinates":[[-100.89,34.01],[-100.88,33.97]]}},{"type":"Feature","properties":{"ef":-9,"year":2023,"date":"2023-06-21","len_km":0.6,"inj":0,"fat":0},"geometry":{"type":"LineString","coordinates":[[-100.72,33.62],[-100.718,33.6152]]}},{"type":"Feature","properties":{"ef":1,"year":2023,"date":"2023-06-22","len_km":16.6,"inj":0,"fat":0},"geometry":{"type":"LineString","coordinates":[[-100.23,35.7],[-100.06,35.65]]}},{"type":"Feature","properties":{"ef":-9,"year":2023,"date":"2023-06-02","len_km":7.1,"inj":0,"fat":0},"geometry":{"type":"LineString","coordinates":[[-102.82,30.95],[-102.748,30.925]]}},{"type":"Feature","properties":{"ef":-9,"year":2023,"date":"2023-06-02","len_km":0.4,"inj":0,"fat":0},"geometry":{"type":"LineString","coordinates":[[-102.996,32.666],[-102.992,32.666]]}},{"type":"Feature","properties":{"ef":1,"year":2023,"date":"2023-06-02","len_km":3.6,"inj":0,"fat":0},"geometry":{"type":"LineString","coordinates":[[-102.66,30.87],[-102.63,30.85]]}},{"type":"Feature","properties":{"ef":-9,"year":2023,"date":"2023-06-02","len_km":33.0,"inj":0,"fat":0},"geometry":{"type":"LineString","coordinates":[[-102.28,30.63],[-101.939,30.589]]}},{"type":"Feature","properties":{"ef":-9,"year":2023,"date":"2023-06-02","len_km":34.1,"inj":0,"fat":0},"geometry":{"type":"LineString","coordinates":[[-102.14,29.96],[-101.839,29.793]]}},{"type":"Feature","properties":{"ef":0,"year":2023,"date":"2023-06-03","len_km":0.4,"inj":0,"fat":0},"geometry":{"type":"LineString","coordinates":[[-101.8138,35.1871],[-101.8111,35.1845]]}},{"type":"Feature","properties":{"ef":-9,"year":2023,"date":"2023-07-07","len_km":0.3,"inj":0,"fat":0},"geometry":{"type":"LineString","coordinates":[[-101.9974,36.1787],[-101.9944,36.1788]]}},{"type":"Feature","properties":{"ef":-9,"year":2023,"date":"2023-08-15","len_km":0.1,"inj":0,"fat":0},"geometry":{"type":"LineString","coordinates":[[-97.439,25.9475],[-97.4382,25.9475]]}},{"type":"Feature","properties":{"ef":-9,"year":2023,"date":"2023-08-15","len_km":0.1,"inj":0,"fat":0},"geometry":{"type":"LineString","coordinates":[[-97.6887,26.4962],[-97.689,26.4956]]}},{"type":"Feature","properties":{"ef":0,"year":2023,"date":"2023-08-22","len_km":1.5,"inj":0,"fat":0},"geometry":{"type":"LineString","coordinates":[[-98.1,28.25],[-98.11,28.24]]}},{"type":"Feature","properties":{"ef":0,"year":2023,"date":"2023-08-22","len_km":0.3,"inj":0,"fat":0},"geometry":{"type":"LineString","coordinates":[[-97.9344,28.0055],[-97.9374,28.0055]]}},{"type":"Feature","properties":{"ef":-9,"year":2023,"date":"2023-09-16","len_km":0.1,"inj":0,"fat":0},"geometry":{"type":"LineString","coordinates":[[-97.9141,26.2937],[-97.9135,26.2937]]}},{"type":"Feature","properties":{"ef":0,"year":2023,"date":"2023-09-25","len_km":1.1,"inj":0,"fat":0},"geometry":{"type":"LineString","coordinates":[[-96.65,29.0],[-96.65,28.99]]}},{"type":"Feature","properties":{"ef":1,"year":2024,"date":"2024-11-03","len_km":13.5,"inj":0,"fat":0},"geometry":{"type":"LineString","coordinates":[[-98.187,34.05],[-98.105,34.147]]}},{"type":"Feature","properties":{"ef":1,"year":2024,"date":"2024-11-04","len_km":12.0,"inj":0,"fat":0},"geometry":{"type":"LineString","coordinates":[[-94.911,33.5104],[-94.8117,33.58]]}},{"type":"Feature","properties":{"ef":-9,"year":2024,"date":"2024-11-07","len_km":1.0,"inj":0,"fat":0},"geometry":{"type":"LineString","coordinates":[[-99.84,31.8],[-99.8343,31.8081]]}},{"type":"Feature","properties":{"ef":0,"year":2024,"date":"2024-12-24","len_km":0.8,"inj":0,"fat":0},"geometry":{"type":"LineString","coordinates":[[-96.2815,31.5321],[-96.2742,31.536]]}},{"type":"Feature","properties":{"ef":1,"year":2024,"date":"2024-12-26","len_km":0.8,"inj":0,"fat":0},"geometry":{"type":"LineString","coordinates":[[-96.23,29.214],[-96.227,29.221]]}},{"type":"Feature","properties":{"ef":1,"year":2024,"date":"2024-12-26","len_km":0.1,"inj":0,"fat":0},"geometry":{"type":"LineString","coordinates":[[-95.5901,29.6698],[-95.5899,29.6703]]}},{"type":"Feature","properties":{"ef":0,"year":2024,"date":"2024-12-26","len_km":11.1,"inj":0,"fat":0},"geometry":{"type":"LineString","coordinates":[[-94.919,30.252],[-94.811,30.29]]}},{"type":"Feature","properties":{"ef":0,"year":2024,"date":"2024-12-26","len_km":3.4,"inj":0,"fat":0},"geometry":{"type":"LineString","coordinates":[[-95.12,30.02],[-95.084,30.025]]}},{"type":"Feature","properties":{"ef":0,"year":2024,"date":"2024-12-26","len_km":1.8,"inj":0,"fat":0},"geometry":{"type":"LineString","coordinates":[[-95.022,30.067],[-95.013,30.082]]}},{"type":"Feature","properties":{"ef":1,"year":2024,"date":"2024-12-28","len_km":17.6,"inj":0,"fat":0},"geometry":{"type":"LineString","coordinates":[[-95.924,29.818],[-95.804,29.931]]}},{"type":"Feature","properties":{"ef":3,"year":2024,"date":"2024-12-28","len_km":16.6,"inj":10,"fat":0},"geometry":{"type":"LineString","coordinates":[[-95.33,30.15],[-95.205,30.254]]}},{"type":"Feature","properties":{"ef":2,"year":2024,"date":"2024-12-28","len_km":14.3,"inj":5,"fat":1},"geometry":{"type":"LineString","coordinates":[[-95.3362,29.3312],[-95.206,29.386]]}},{"type":"Feature","properties":{"ef":1,"year":2024,"date":"2024-12-28","len_km":11.9,"inj":0,"fat":0},"geometry":{"type":"LineString","coordinates":[[-95.0567,29.4485],[-94.953,29.505]]}},{"type":"Feature","properties":{"ef":0,"year":2024,"date":"2024-01-05","len_km":0.9,"inj":0,"fat":0},"geometry":{"type":"LineString","coordinates":[[-95.5023,29.0583],[-95.5002,29.0666]]}},{"type":"Feature","properties":{"ef":2,"year":2024,"date":"2024-02-02","len_km":3.7,"inj":0,"fat":0},"geometry":{"type":"LineString","coordinates":[[-99.9494,33.0199],[-99.9134,33.0343]]}},{"type":"Feature","properties":{"ef":0,"year":2024,"date":"2024-03-14","len_km":0.3,"inj":0,"fat":0},"geometry":{"type":"LineString","coordinates":[[-96.81,33.19],[-96.8,33.19]]}},{"type":"Feature","properties":{"ef":1,"year":2024,"date":"2024-03-15","len_km":0.0,"inj":0,"fat":0},"geometry":{"type":"LineString","coordinates":[[-99.2324,31.1734],[-99.2323,31.1737]]}},{"type":"Feature","properties":{"ef":-9,"year":2024,"date":"2024-03-24","len_km":1.2,"inj":0,"fat":0},"geometry":{"type":"LineString","coordinates":[[-100.9957,36.1773],[-100.9904,36.187]]}},{"type":"Feature","properties":{"ef":1,"year":2024,"date":"2024-03-24","len_km":2.6,"inj":0,"fat":0},"geometry":{"type":"LineString","coordinates":[[-100.8071,36.3312],[-100.7945,36.3518]]}},{"type":"Feature","properties":{"ef":0,"year":2024,"date":"2024-03-24","len_km":1.2,"inj":0,"fat":0},"geometry":{"type":"LineString","coordinates":[[-100.7945,36.3605],[-100.7982,36.3705]]}},{"type":"Feature","properties":{"ef":1,"year":2024,"date":"2024-03-24","len_km":0.3,"inj":0,"fat":0},"geometry":{"type":"LineString","coordinates":[[-100.2652,35.231],[-100.2623,35.232]]}},{"type":"Feature","properties":{"ef":-9,"year":2024,"date":"2024-03-24","len_km":0.8,"inj":0,"fat":0},"geometry":{"type":"Point","coordinates":[-99.211,33.854]}},{"type":"Feature","properties":{"ef":0,"year":2024,"date":"2024-03-05","len_km":0.4,"inj":0,"fat":0},"geometry":{"type":"Point","coordinates":[-96.86,32.25]}},{"type":"Feature","properties":{"ef":1,"year":2024,"date":"2024-04-10","len_km":2.7,"inj":0,"fat":0},"geometry":{"type":"LineString","coordinates":[[-95.7524,29.7716],[-95.7244,29.7728]]}},{"type":"Feature","properties":{"ef":2,"year":2024,"date":"2024-04-10","len_km":4.3,"inj":0,"fat":0},"geometry":{"type":"LineString","coordinates":[[-93.9423,29.8863],[-93.8979,29.8933]]}},{"type":"Feature","properties":{"ef":0,"year":2024,"date":"2024-04-26","len_km":0.2,"inj":0,"fat":0},"geometry":{"type":"LineString","coordinates":[[-97.2599,31.6277],[-97.258,31.6291]]}},{"type":"Feature","properties":{"ef":1,"year":2024,"date":"2024-04-26","len_km":1.4,"inj":0,"fat":0},"geometry":{"type":"LineString","coordinates":[[-97.2524,31.6316],[-97.241,31.6398]]}},{"type":"Feature","properties":{"ef":0,"year":2024,"date":"2024-04-26","len_km":0.3,"inj":0,"fat":0},"geometry":{"type":"LineString","coordinates":[[-97.0656,31.7637],[-97.0629,31.765]]}},{"type":"Feature","properties":{"ef":2,"year":2024,"date":"2024-04-26","len_km":9.1,"inj":0,"fat":0},"geometry":{"type":"LineString","coordinates":[[-97.0496,31.7754],[-96.9725,31.8251]]}},{"type":"Feature","properties":{"ef":1,"year":2024,"date":"2024-04-26","len_km":0.3,"inj":0,"fat":0},"geometry":{"type":"LineString","coordinates":[[-96.9664,31.8287],[-96.9633,31.83]]}},{"type":"Feature","properties":{"ef":1,"year":2024,"date":"2024-04-26","len_km":14.5,"inj":0,"fat":0},"geometry":{"type":"LineString","coordinates":[[-96.8032,31.9508],[-96.6861,32.0331]]}},{"type":"Feature","properties":{"ef":1,"year":2024,"date":"2024-04-26","len_km":18.2,"inj":0,"fat":0},"geometry":{"type":"LineString","coordinates":[[-96.674,32.0764],[-96.5467,32.1983]]}},{"type":"Feature","properties":{"ef":1,"year":2024,"date":"2024-04-26","len_km":3.9,"inj":0,"fat":0},"geometry":{"type":"LineString","coordinates":[[-97.0869,31.883],[-97.0637,31.9111]]}},{"type":"Feature","properties":{"ef":0,"year":2024,"date":"2024-04-26","len_km":3.4,"inj":0,"fat":0},"geometry":{"type":"LineString","coordinates":[[-96.5455,32.2272],[-96.5275,32.2539]]}},{"type":"Feature","properties":{"ef":0,"year":2024,"date":"2024-04-26","len_km":1.8,"inj":0,"fat":0},"geometry":{"type":"LineString","coordinates":[[-96.8302,32.0738],[-96.8137,32.0826]]}},{"type":"Feature","properties":{"ef":2,"year":2024,"date":"2024-04-27","len_km":19.8,"inj":0,"fat":0},"geometry":{"type":"LineString","coordinates":[[-99.817,33.402],[-99.689,33.527]]}},{"type":"Feature","properties":{"ef":1,"year":2024,"date":"2024-04-27","len_km":20.4,"inj":0,"fat":0},"geometry":{"type":"LineString","coordinates":[[-99.38,33.617],[-99.237,33.755]]}},{"type":"Feature","properties":{"ef":-9,"year":2024,"date":"2024-04-27","len_km":1.0,"inj":0,"fat":0},"geometry":{"type":"LineString","coordinates":[[-99.358,33.668],[-99.351,33.674]]}},{"type":"Feature","properties":{"ef":0,"year":2024,"date":"2024-04-27","len_km":2.4,"inj":0,"fat":0},"geometry":{"type":"LineString","coordinates":[[-98.735,34.038],[-98.714,34.049]]}},{"type":"Feature","properties":{"ef":1,"year":2024,"date":"2024-04-28","len_km":7.8,"inj":0,"fat":0},"geometry":{"type":"LineString","coordinates":[[-97.5841,30.3401],[-97.5161,30.3714]]}},{"type":"Feature","properties":{"ef":0,"year":2024,"date":"2024-04-28","len_km":0.3,"inj":0,"fat":0},"geometry":{"type":"LineString","coordinates":[[-96.9941,31.0102],[-96.9929,31.0128]]}},{"type":"Feature","properties":{"ef":0,"year":2024,"date":"2024-04-28","len_km":0.3,"inj":0,"fat":0},"geometry":{"type":"LineString","coordinates":[[-96.38,31.5181],[-96.377,31.5181]]}},{"type":"Feature","properties":{"ef":0,"year":2024,"date":"2024-04-28","len_km":2.0,"inj":0,"fat":0},"geometry":{"type":"LineString","coordinates":[[-96.1746,31.5742],[-96.1537,31.577]]}},{"type":"Feature","properties":{"ef":0,"year":2024,"date":"2024-04-28","len_km":1.5,"inj":0,"fat":0},"geometry":{"type":"LineString","coordinates":[[-96.1399,31.5929],[-96.1279,31.6011]]}},{"type":"Feature","properties":{"ef":1,"year":2024,"date":"2024-04-28","len_km":7.0,"inj":0,"fat":0},"geometry":{"type":"LineString","coordinates":[[-95.97,30.82],[-95.95,30.88]]}},{"type":"Feature","properties":{"ef":1,"year":2024,"date":"2024-04-28","len_km":0.5,"inj":1,"fat":1},"geometry":{"type":"LineString","coordinates":[[-95.316,30.9102],[-95.311,30.9121]]}},{"type":"Feature","properties":{"ef":1,"year":2024,"date":"2024-05-13","len_km":21.9,"inj":0,"fat":0},"geometry":{"type":"LineString","coordinates":[[-96.66,28.68],[-96.4829,28.5748]]}},{"type":"Feature","properties":{"ef":1,"year":2024,"date":"2024-05-16","len_km":1.1,"inj":0,"fat":0},"geometry":{"type":"LineString","coordinates":[[-95.9947,29.989],[-95.9839,29.9847]]}},{"type":"Feature","properties":{"ef":1,"year":2024,"date":"2024-05-16","len_km":0.9,"inj":0,"fat":0},"geometry":{"type":"LineString","coordinates":[[-95.7444,29.9274],[-95.74,29.92]]}},{"type":"Feature","properties":{"ef":1,"year":2024,"date":"2024-05-16","len_km":2.3,"inj":0,"fat":0},"geometry":{"type":"LineString","coordinates":[[-95.7019,29.9232],[-95.6887,29.9058]]}},{"type":"Feature","properties":{"ef":3,"year":2024,"date":"2024-05-22","len_km":7.7,"inj":0,"fat":0},"geometry":{"type":"LineString","coordinates":[[-101.1025,31.5844],[-101.0393,31.543]]}},{"type":"Feature","properties":{"ef":2,"year":2024,"date":"2024-05-22","len_km":4.5,"inj":30,"fat":0},"geometry":{"type":"LineString","coordinates":[[-97.4388,31.1334],[-97.4042,31.1061]]}},{"type":"Feature","properties":{"ef":1,"year":2024,"date":"2024-05-22","len_km":3.5,"inj":0,"fat":0},"geometry":{"type":"LineString","coordinates":[[-97.3026,31.0455],[-97.2754,31.0238]]}},{"type":"Feature","properties":{"ef":-9,"year":2024,"date":"2024-05-23","len_km":0.0,"inj":0,"fat":0},"geometry":{"type":"Point","coordinates":[-97.4071,31.0911]}},{"type":"Feature","properties":{"ef":1,"year":2024,"date":"2024-05-23","len_km":4.6,"inj":2,"fat":0},"geometry":{"type":"LineString","coordinates":[[-97.2285,31.272],[-97.2298,31.3119]]}},{"type":"Feature","properties":{"ef":0,"year":2024,"date":"2024-05-23","len_km":29.8,"inj":0,"fat":0},"geometry":{"type":"LineString","coordinates":[[-97.0928,31.2599],[-96.8059,31.3261]]}},{"type":"Feature","properties":{"ef":0,"year":2024,"date":"2024-05-23","len_km":25.7,"inj":0,"fat":0},"geometry":{"type":"LineString","coordinates":[[-96.8491,31.2266],[-96.6007,31.3063]]}},{"type":"Feature","properties":{"ef":1,"year":2024,"date":"2024-05-23","len_km":6.9,"inj":6,"fat":0},"geometry":{"type":"LineString","coordinates":[[-95.5007,32.1194],[-95.454,32.1571]]}},{"type":"Feature","properties":{"ef":0,"year":2024,"date":"2024-05-23","len_km":24.0,"inj":0,"fat":0},"geometry":{"type":"LineString","coordinates":[[-96.5633,31.2776],[-96.3377,31.2979]]}},{"type":"Feature","properties":{"ef":1,"year":2024,"date":"2024-05-24","len_km":2.9,"inj":0,"fat":0},"geometry":{"type":"LineString","coordinates":[[-94.4741,33.5266],[-94.4478,33.5118]]}},{"type":"Feature","properties":{"ef":1,"year":2024,"date":"2024-05-25","len_km":5.5,"inj":0,"fat":0},"geometry":{"type":"LineString","coordinates":[[-98.431,33.578],[-98.385,33.599]]}},{"type":"Feature","properties":{"ef":1,"year":2024,"date":"2024-05-25","len_km":5.5,"inj":0,"fat":0},"geometry":{"type":"LineString","coordinates":[[-98.341,33.632],[-98.287,33.654]]}},{"type":"Feature","properties":{"ef":2,"year":2024,"date":"2024-05-25","len_km":4.0,"inj":0,"fat":0},"geometry":{"type":"LineString","coordinates":[[-99.1051,32.1515],[-99.0667,32.1654]]}},{"type":"Feature","properties":{"ef":3,"year":2024,"date":"2024-05-25","len_km":76.1,"inj":80,"fat":7},"geometry":{"type":"LineString","coordinates":[[-97.745,33.526],[-96.9608,33.434]]}},{"type":"Feature","properties":{"ef":1,"year":2024,"date":"2024-05-25","len_km":2.3,"inj":0,"fat":0},"geometry":{"type":"LineString","coordinates":[[-97.1193,33.376],[-97.0973,33.3851]]}},{"type":"Feature","properties":{"ef":1,"year":2024,"date":"2024-05-25","len_km":13.4,"inj":0,"fat":0},"geometry":{"type":"LineString","coordinates":[[-96.8029,33.383],[-96.6742,33.3307]]}},{"type":"Feature","properties":{"ef":3,"year":2024,"date":"2024-05-25","len_km":1.1,"inj":0,"fat":0},"geometry":{"type":"LineString","coordinates":[[-96.7565,33.3542],[-96.7463,33.3484]]}},{"type":"Feature","properties":{"ef":1,"year":2024,"date":"2024-05-25","len_km":1.8,"inj":0,"fat":0},"geometry":{"type":"LineString","coordinates":[[-96.279,33.2764],[-96.2601,33.2755]]}},{"type":"Feature","properties":{"ef":2,"year":2024,"date":"2024-05-30","len_km":16.5,"inj":0,"fat":0},"geometry":{"type":"LineString","coordinates":[[-102.23,31.92],[-102.22,31.81]]}},{"type":"Feature","properties":{"ef":-9,"year":2024,"date":"2024-05-30","len_km":0.2,"inj":0,"fat":0},"geometry":{"type":"LineString","coordinates":[[-102.18,31.92],[-102.17,31.92]]}},{"type":"Feature","properties":{"ef":-9,"year":2024,"date":"2024-05-30","len_km":2.5,"inj":0,"fat":0},"geometry":{"type":"LineString","coordinates":[[-102.46,30.36],[-102.45,30.34]]}},{"type":"Feature","properties":{"ef":3,"year":2024,"date":"2024-05-30","len_km":8.6,"inj":0,"fat":0},"geometry":{"type":"LineString","coordinates":[[-102.07,31.66],[-102.15,31.64]]}},{"type":"Feature","properties":{"ef":1,"year":2024,"date":"2024-05-30","len_km":6.7,"inj":0,"fat":0},"geometry":{"type":"LineString","coordinates":[[-94.5421,31.5876],[-94.4779,31.5621]]}},{"type":"Feature","properties":{"ef":0,"year":2024,"date":"2024-05-01","len_km":0.6,"inj":0,"fat":0},"geometry":{"type":"LineString","coordinates":[[-100.9991,34.9165],[-100.9927,34.9152]]}},{"type":"Feature","properties":{"ef":1,"year":2024,"date":"2024-05-01","len_km":2.9,"inj":0,"fat":0},"geometry":{"type":"LineString","coordinates":[[-101.0125,34.9207],[-100.9815,34.9165]]}},{"type":"Feature","properties":{"ef":-9,"year":2024,"date":"2024-05-01","len_km":1.6,"inj":0,"fat":0},"geometry":{"type":"LineString","coordinates":[[-101.1136,36.0183],[-101.0982,36.0107]]}},{"type":"Feature","properties":{"ef":-9,"year":2024,"date":"2024-05-01","len_km":0.1,"inj":0,"fat":0},"geometry":{"type":"Point","coordinates":[-100.9354,34.4927]}},{"type":"Feature","properties":{"ef":0,"year":2024,"date":"2024-05-01","len_km":0.5,"inj":0,"fat":0},"geometry":{"type":"LineString","coordinates":[[-101.2097,36.1894],[-101.2089,36.1848]]}},{"type":"Feature","properties":{"ef":0,"year":2024,"date":"2024-05-01","len_km":0.4,"inj":0,"fat":0},"geometry":{"type":"LineString","coordinates":[[-101.1895,36.1851],[-101.1856,36.1846]]}},{"type":"Feature","properties":{"ef":1,"year":2024,"date":"2024-05-01","len_km":2.1,"inj":0,"fat":0},"geometry":{"type":"LineString","coordinates":[[-101.1874,36.1978],[-101.1757,36.214]]}},{"type":"Feature","properties":{"ef":-9,"year":2024,"date":"2024-05-01","len_km":0.0,"inj":0,"fat":0},"geometry":{"type":"Point","coordinates":[-101.53,33.7568]}},{"type":"Feature","properties":{"ef":-9,"year":2024,"date":"2024-05-01","len_km":2.1,"inj":0,"fat":0},"geometry":{"type":"LineString","coordinates":[[-100.8303,34.4146],[-100.819,34.4309]]}},{"type":"Feature","properties":{"ef":2,"year":2024,"date":"2024-05-02","len_km":7.2,"inj":0,"fat":0},"geometry":{"type":"LineString","coordinates":[[-99.923,31.7582],[-99.8689,31.7121]]}},{"type":"Feature","properties":{"ef":-9,"year":2024,"date":"2024-05-02","len_km":1.2,"inj":0,"fat":0},"geometry":{"type":"LineString","coordinates":[[-100.0502,32.7767],[-100.0463,32.7662]]}},{"type":"Feature","properties":{"ef":2,"year":2024,"date":"2024-05-02","len_km":9.8,"inj":0,"fat":0},"geometry":{"type":"LineString","coordinates":[[-99.6676,31.4831],[-99.5993,31.4188]]}},{"type":"Feature","properties":{"ef":3,"year":2024,"date":"2024-05-02","len_km":5.3,"inj":4,"fat":0},"geometry":{"type":"LineString","coordinates":[[-99.8609,32.6241],[-99.8339,32.5873]]}},{"type":"Feature","properties":{"ef":2,"year":2024,"date":"2024-05-03","len_km":7.3,"inj":0,"fat":0},"geometry":{"type":"LineString","coordinates":[[-100.7034,32.028],[-100.7041,31.9645]]}},{"type":"Feature","properties":{"ef":-9,"year":2024,"date":"2024-05-03","len_km":0.0,"inj":0,"fat":0},"geometry":{"type":"Point","coordinates":[-101.8322,34.1102]}},{"type":"Feature","properties":{"ef":3,"year":2024,"date":"2024-05-03","len_km":5.7,"inj":0,"fat":0},"geometry":{"type":"LineString","coordinates":[[-100.4901,31.8374],[-100.4376,31.839]]}},{"type":"Feature","properties":{"ef":2,"year":2024,"date":"2024-05-04","len_km":10.2,"inj":0,"fat":0},"geometry":{"type":"LineString","coordinates":[[-102.89,30.76],[-102.8,30.71]]}},{"type":"Feature","properties":{"ef":-9,"year":2024,"date":"2024-05-04","len_km":5.3,"inj":0,"fat":0},"geometry":{"type":"LineString","coordinates":[[-102.78,30.69],[-102.73,30.67]]}},{"type":"Feature","properties":{"ef":-9,"year":2024,"date":"2024-05-04","len_km":4.4,"inj":0,"fat":0},"geometry":{"type":"LineString","coordinates":[[-102.72,30.64],[-102.69,30.61]]}},{"type":"Feature","properties":{"ef":-9,"year":2024,"date":"2024-05-04","len_km":1.5,"inj":0,"fat":0},"geometry":{"type":"LineString","coordinates":[[-102.67,30.59],[-102.66,30.58]]}},{"type":"Feature","properties":{"ef":-9,"year":2024,"date":"2024-05-04","len_km":2.9,"inj":0,"fat":0},"geometry":{"type":"LineString","coordinates":[[-102.58,30.55],[-102.56,30.53]]}},{"type":"Feature","properties":{"ef":2,"year":2024,"date":"2024-05-04","len_km":32.3,"inj":0,"fat":0},"geometry":{"type":"LineString","coordinates":[[-101.4319,30.3416],[-101.1256,30.4121]]}},{"type":"Feature","properties":{"ef":0,"year":2024,"date":"2024-05-08","len_km":0.0,"inj":0,"fat":0},"geometry":{"type":"Point","coordinates":[-95.7045,33.8013]}},{"type":"Feature","properties":{"ef":0,"year":2024,"date":"2024-05-08","len_km":0.5,"inj":0,"fat":0},"geometry":{"type":"LineString","coordinates":[[-95.3225,33.8012],[-95.3171,33.8002]]}},{"type":"Feature","properties":{"ef":-9,"year":2024,"date":"2024-06-10","len_km":1.9,"inj":0,"fat":0},"geometry":{"type":"LineString","coordinates":[[-102.3658,32.9297],[-102.3479,32.9153]]}},{"type":"Feature","properties":{"ef":-9,"year":2024,"date":"2024-06-10","len_km":0.8,"inj":0,"fat":0},"geometry":{"type":"LineString","coordinates":[[-102.0975,32.7396],[-102.09,32.73]]}},{"type":"Feature","properties":{"ef":1,"year":2024,"date":"2024-06-19","len_km":3.1,"inj":0,"fat":0},"geometry":{"type":"LineString","coordinates":[[-96.2826,29.9698],[-96.3103,29.9564]]}},{"type":"Feature","properties":{"ef":0,"year":2024,"date":"2024-06-19","len_km":0.3,"inj":0,"fat":0},"geometry":{"type":"LineString","coordinates":[[-97.0381,28.0509],[-97.0412,28.0502]]}},{"type":"Feature","properties":{"ef":0,"year":2024,"date":"2024-06-19","len_km":0.5,"inj":0,"fat":0},"geometry":{"type":"LineString","coordinates":[[-97.0835,28.0404],[-97.0882,28.0401]]}},{"type":"Feature","properties":{"ef":-9,"year":2024,"date":"2024-06-01","len_km":2.4,"inj":0,"fat":0},"geometry":{"type":"LineString","coordinates":[[-103.48,30.79],[-103.47,30.77]]}},{"type":"Feature","properties":{"ef":0,"year":2024,"date":"2024-06-02","len_km":1.9,"inj":0,"fat":0},"geometry":{"type":"LineString","coordinates":[[-101.601,35.7017],[-101.5942,35.7175]]}},{"type":"Feature","properties":{"ef":3,"year":2024,"date":"2024-06-02","len_km":1.5,"inj":12,"fat":0},"geometry":{"type":"LineString","coordinates":[[-102.4236,30.1531],[-102.4096,30.1475]]}},{"type":"Feature","properties":{"ef":0,"year":2024,"date":"2024-06-02","len_km":1.4,"inj":0,"fat":0},"geometry":{"type":"LineString","coordinates":[[-101.589,35.7204],[-101.5791,35.73]]}},{"type":"Feature","properties":{"ef":1,"year":2024,"date":"2024-06-02","len_km":0.6,"inj":0,"fat":0},"geometry":{"type":"LineString","coordinates":[[-102.3995,30.1423],[-102.3948,30.1385]]}},{"type":"Feature","properties":{"ef":-9,"year":2024,"date":"2024-06-02","len_km":14.9,"inj":0,"fat":0},"geometry":{"type":"LineString","coordinates":[[-101.406,34.622],[-101.2578,34.5665]]}},{"type":"Feature","properties":{"ef":-9,"year":2024,"date":"2024-06-02","len_km":14.0,"inj":0,"fat":0},"geometry":{"type":"LineString","coordinates":[[-101.2842,34.5759],[-101.146,34.522]]}},{"type":"Feature","properties":{"ef":-9,"year":2024,"date":"2024-06-03","len_km":0.7,"inj":0,"fat":0},"geometry":{"type":"LineString","coordinates":[[-95.9806,32.3409],[-95.9768,32.3466]]}},{"type":"Feature","properties":{"ef":1,"year":2024,"date":"2024-07-08","len_km":1.8,"inj":0,"fat":0},"geometry":{"type":"LineString","coordinates":[[-95.0588,29.1273],[-95.0757,29.133]]}},{"type":"Feature","properties":{"ef":2,"year":2024,"date":"2024-07-08","len_km":13.9,"inj":1,"fat":0},"geometry":{"type":"LineString","coordinates":[[-94.0058,30.8611],[-94.0616,30.9764]]}},{"type":"Feature","properties":{"ef":1,"year":2024,"date":"2024-07-08","len_km":1.8,"inj":0,"fat":0},"geometry":{"type":"LineString","coordinates":[[-95.0968,31.6498],[-95.1156,31.6466]]}},{"type":"Feature","properties":{"ef":1,"year":2024,"date":"2024-07-08","len_km":4.6,"inj":0,"fat":0},"geometry":{"type":"LineString","coordinates":[[-93.7981,31.5147],[-93.8169,31.5526]]}},{"type":"Feature","properties":{"ef":1,"year":2024,"date":"2024-07-08","len_km":13.1,"inj":0,"fat":0},"geometry":{"type":"LineString","coordinates":[[-94.5787,31.7087],[-94.7038,31.7588]]}},{"type":"Feature","properties":{"ef":0,"year":2024,"date":"2024-07-08","len_km":6.0,"inj":0,"fat":0},"geometry":{"type":"LineString","coordinates":[[-94.7371,32.0483],[-94.7917,32.0761]]}},{"type":"Feature","properties":{"ef":1,"year":2024,"date":"2024-07-08","len_km":10.7,"inj":0,"fat":0},"geometry":{"type":"LineString","coordinates":[[-93.9686,31.821],[-94.0248,31.9049]]}},{"type":"Feature","properties":{"ef":1,"year":2024,"date":"2024-07-08","len_km":4.1,"inj":0,"fat":0},"geometry":{"type":"LineString","coordinates":[[-94.3975,31.9062],[-94.4308,31.9302]]}},{"type":"Feature","properties":{"ef":0,"year":2024,"date":"2024-07-08","len_km":5.0,"inj":0,"fat":0},"geometry":{"type":"LineString","coordinates":[[-94.694,32.3506],[-94.7233,32.3882]]}},{"type":"Feature","properties":{"ef":1,"year":2024,"date":"2024-07-08","len_km":15.8,"inj":0,"fat":0},"geometry":{"type":"LineString","coordinates":[[-94.4591,32.3541],[-94.5843,32.4485]]}},{"type":"Feature","properties":{"ef":-9,"year":2024,"date":"2024-07-08","len_km":0.8,"inj":0,"fat":0},"geometry":{"type":"Point","coordinates":[-97.75,26.26]}},{"type":"Feature","properties":{"ef":1,"year":2024,"date":"2024-07-08","len_km":15.6,"inj":0,"fat":0},"geometry":{"type":"LineString","coordinates":[[-94.1397,32.5473],[-94.2313,32.665]]}},{"type":"Feature","properties":{"ef":1,"year":2024,"date":"2024-07-08","len_km":18.3,"inj":0,"fat":0},"geometry":{"type":"LineString","coordinates":[[-94.0513,31.7517],[-94.1459,31.8949]]}},{"type":"Feature","properties":{"ef":1,"year":2024,"date":"2024-07-08","len_km":8.0,"inj":0,"fat":0},"geometry":{"type":"LineString","coordinates":[[-93.8377,31.58],[-93.8518,31.6512]]}},{"type":"Feature","properties":{"ef":1,"year":2024,"date":"2024-07-08","len_km":8.2,"inj":0,"fat":0},"geometry":{"type":"LineString","coordinates":[[-94.1415,31.9631],[-94.1868,32.0261]]}},{"type":"Feature","properties":{"ef":1,"year":2024,"date":"2024-07-08","len_km":6.7,"inj":0,"fat":0},"geometry":{"type":"LineString","coordinates":[[-94.5301,32.9881],[-94.602,32.9927]]}},{"type":"Feature","properties":{"ef":1,"year":2024,"date":"2024-07-08","len_km":0.3,"inj":0,"fat":0},"geometry":{"type":"LineString","coordinates":[[-94.0711,33.4357],[-94.0747,33.4363]]}},{"type":"Feature","properties":{"ef":-9,"year":2024,"date":"2024-08-26","len_km":0.3,"inj":0,"fat":0},"geometry":{"type":"Point","coordinates":[-98.052,26.174]}},{"type":"Feature","properties":{"ef":-9,"year":2024,"date":"2024-09-21","len_km":2.0,"inj":0,"fat":0},"geometry":{"type":"LineString","coordinates":[[-102.1306,34.6021],[-102.1094,34.6081]]}},{"type":"Feature","properties":{"ef":1,"year":2025,"date":"2025-10-24","len_km":32.3,"inj":0,"fat":0},"geometry":{"type":"LineString","coordinates":[[-98.5778,29.9329],[-98.2433,29.9329]]}},{"type":"Feature","properties":{"ef":0,"year":2025,"date":"2025-10-25","len_km":15.9,"inj":0,"fat":0},"geometry":{"type":"LineString","coordinates":[[-95.98,30.46],[-95.84,30.53]]}},{"type":"Feature","properties":{"ef":-9,"year":2025,"date":"2025-10-27","len_km":0.0,"inj":0,"fat":0},"geometry":{"type":"Point","coordinates":[-97.16,26.07]}},{"type":"Feature","properties":{"ef":1,"year":2025,"date":"2025-10-28","len_km":7.1,"inj":0,"fat":0},"geometry":{"type":"LineString","coordinates":[[-95.4081,32.5612],[-95.3326,32.556]]}},{"type":"Feature","properties":{"ef":1,"year":2025,"date":"2025-10-28","len_km":4.1,"inj":0,"fat":0},"geometry":{"type":"LineString","coordinates":[[-94.9148,32.3735],[-94.8716,32.3702]]}},{"type":"Feature","properties":{"ef":1,"year":2025,"date":"2025-11-20","len_km":1.1,"inj":0,"fat":0},"geometry":{"type":"LineString","coordinates":[[-95.2293,31.9978],[-95.2205,32.0047]]}},{"type":"Feature","properties":{"ef":1,"year":2025,"date":"2025-11-24","len_km":4.2,"inj":0,"fat":0},"geometry":{"type":"LineString","coordinates":[[-95.693,29.919],[-95.674,29.952]]}},{"type":"Feature","properties":{"ef":2,"year":2025,"date":"2025-11-24","len_km":6.2,"inj":0,"fat":0},"geometry":{"type":"LineString","coordinates":[[-95.559,30.003],[-95.535,30.053]]}},{"type":"Feature","properties":{"ef":0,"year":2025,"date":"2025-03-27","len_km":0.4,"inj":0,"fat":0},"geometry":{"type":"LineString","coordinates":[[-97.9507,26.2927],[-97.9453,26.2952]]}},{"type":"Feature","properties":{"ef":0,"year":2025,"date":"2025-03-28","len_km":0.2,"inj":0,"fat":0},"geometry":{"type":"LineString","coordinates":[[-97.2021,26.0714],[-97.2009,26.0696]]}},{"type":"Feature","properties":{"ef":1,"year":2025,"date":"2025-03-28","len_km":9.1,"inj":0,"fat":0},"geometry":{"type":"LineString","coordinates":[[-94.0339,31.7024],[-94.0223,31.7834]]}},{"type":"Feature","properties":{"ef":1,"year":2025,"date":"2025-03-04","len_km":5.1,"inj":0,"fat":0},"geometry":{"type":"LineString","coordinates":[[-97.7517,33.1057],[-97.6972,33.1062]]}},{"type":"Feature","properties":{"ef":1,"year":2025,"date":"2025-03-04","len_km":0.7,"inj":0,"fat":0},"geometry":{"type":"LineString","coordinates":[[-96.9572,32.8179],[-96.9501,32.8188]]}},{"type":"Feature","properties":{"ef":1,"year":2025,"date":"2025-03-04","len_km":29.7,"inj":3,"fat":0},"geometry":{"type":"LineString","coordinates":[[-95.2739,33.0033],[-94.9652,33.0681]]}},{"type":"Feature","properties":{"ef":1,"year":2025,"date":"2025-03-04","len_km":14.5,"inj":0,"fat":0},"geometry":{"type":"LineString","coordinates":[[-94.8072,33.103],[-94.6599,33.1437]]}},{"type":"Feature","properties":{"ef":1,"year":2025,"date":"2025-03-04","len_km":29.9,"inj":0,"fat":0},"geometry":{"type":"LineString","coordinates":[[-94.7749,33.4345],[-94.4649,33.5081]]}},{"type":"Feature","properties":{"ef":1,"year":2025,"date":"2025-03-04","len_km":30.4,"inj":0,"fat":0},"geometry":{"type":"LineString","coordinates":[[-94.7073,33.3404],[-94.4091,33.4526]]}},{"type":"Feature","properties":{"ef":1,"year":2025,"date":"2025-03-04","len_km":1.7,"inj":0,"fat":0},"geometry":{"type":"LineString","coordinates":[[-94.2378,32.5412],[-94.22,32.5406]]}},{"type":"Feature","properties":{"ef":1,"year":2025,"date":"2025-03-04","len_km":0.8,"inj":0,"fat":0},"geometry":{"type":"LineString","coordinates":[[-94.4954,30.8225],[-94.4876,30.8256]]}},{"type":"Feature","properties":{"ef":1,"year":2025,"date":"2025-03-04","len_km":9.0,"inj":0,"fat":0},"geometry":{"type":"LineString","coordinates":[[-93.824,31.206],[-93.74,31.2429]]}},{"type":"Feature","properties":{"ef":-9,"year":2025,"date":"2025-04-19","len_km":3.3,"inj":0,"fat":0},"geometry":{"type":"LineString","coordinates":[[-101.09,31.55],[-101.089,31.5795]]}},{"type":"Feature","properties":{"ef":-9,"year":2025,"date":"2025-04-19","len_km":0.2,"inj":0,"fat":0},"geometry":{"type":"LineString","coordinates":[[-100.72,31.68],[-100.7188,31.6819]]}},{"type":"Feature","properties":{"ef":0,"year":2025,"date":"2025-04-19","len_km":3.0,"inj":0,"fat":0},"geometry":{"type":"LineString","coordinates":[[-98.1234,33.18],[-98.1025,33.2]]}},{"type":"Feature","properties":{"ef":0,"year":2025,"date":"2025-04-19","len_km":1.0,"inj":0,"fat":0},"geometry":{"type":"LineString","coordinates":[[-98.0505,33.2588],[-98.0399,33.2614]]}},{"type":"Feature","properties":{"ef":1,"year":2025,"date":"2025-04-19","len_km":4.1,"inj":0,"fat":0},"geometry":{"type":"LineString","coordinates":[[-98.0524,33.3055],[-98.0133,33.3209]]}},{"type":"Feature","properties":{"ef":0,"year":2025,"date":"2025-04-19","len_km":3.3,"inj":0,"fat":0},"geometry":{"type":"LineString","coordinates":[[-97.9294,33.3544],[-97.9027,33.3742]]}},{"type":"Feature","properties":{"ef":0,"year":2025,"date":"2025-04-19","len_km":7.6,"inj":0,"fat":0},"geometry":{"type":"LineString","coordinates":[[-97.8714,33.4761],[-97.8094,33.5205]]}},{"type":"Feature","properties":{"ef":1,"year":2025,"date":"2025-04-19","len_km":10.9,"inj":0,"fat":0},"geometry":{"type":"LineString","coordinates":[[-98.0752,32.0588],[-98.0254,32.1448]]}},{"type":"Feature","properties":{"ef":0,"year":2025,"date":"2025-04-19","len_km":0.5,"inj":0,"fat":0},"geometry":{"type":"LineString","coordinates":[[-97.8053,33.6092],[-97.8004,33.6095]]}},{"type":"Feature","properties":{"ef":2,"year":2025,"date":"2025-04-19","len_km":21.9,"inj":0,"fat":0},"geometry":{"type":"LineString","coordinates":[[-97.9718,32.2977],[-97.917,32.4888]]}},{"type":"Feature","properties":{"ef":1,"year":2025,"date":"2025-04-19","len_km":0.3,"inj":0,"fat":0},"geometry":{"type":"LineString","coordinates":[[-100.5464,31.6035],[-100.545,31.6057]]}},{"type":"Feature","properties":{"ef":0,"year":2025,"date":"2025-04-19","len_km":6.6,"inj":0,"fat":0},"geometry":{"type":"LineString","coordinates":[[-97.8654,32.688],[-97.8586,32.7466]]}},{"type":"Feature","properties":{"ef":1,"year":2025,"date":"2025-04-19","len_km":5.7,"inj":0,"fat":0},"geometry":{"type":"LineString","coordinates":[[-97.8505,32.7944],[-97.8307,32.8426]]}},{"type":"Feature","properties":{"ef":1,"year":2025,"date":"2025-04-19","len_km":7.0,"inj":0,"fat":0},"geometry":{"type":"LineString","coordinates":[[-98.0047,32.6966],[-97.9815,32.7564]]}},{"type":"Feature","properties":{"ef":1,"year":2025,"date":"2025-04-19","len_km":7.0,"inj":0,"fat":0},"geometry":{"type":"LineString","coordinates":[[-97.9382,32.8536],[-97.9049,32.9098]]}},{"type":"Feature","properties":{"ef":-9,"year":2025,"date":"2025-04-24","len_km":5.4,"inj":0,"fat":0},"geometry":{"type":"LineString","coordinates":[[-101.3101,33.4629],[-101.2823,33.42]]}},{"type":"Feature","properties":{"ef":-9,"year":2025,"date":"2025-04-24","len_km":6.8,"inj":0,"fat":0},"geometry":{"type":"LineString","coordinates":[[-101.3649,34.305],[-101.326,34.3384]]}},{"type":"Feature","properties":{"ef":-9,"year":2025,"date":"2025-04-24","len_km":15.5,"inj":0,"fat":0},"geometry":{"type":"LineString","coordinates":[[-101.1188,34.1329],[-101.0007,34.0339]]}},{"type":"Feature","properties":{"ef":-9,"year":2025,"date":"2025-04-24","len_km":2.4,"inj":0,"fat":0},"geometry":{"type":"LineString","coordinates":[[-101.3955,33.5334],[-101.3727,33.5236]]}},{"type":"Feature","properties":{"ef":-9,"year":2025,"date":"2025-04-24","len_km":3.0,"inj":0,"fat":0},"geometry":{"type":"LineString","coordinates":[[-100.9184,33.927],[-100.9189,33.9002]]}},{"type":"Feature","properties":{"ef":-9,"year":2025,"date":"2025-04-24","len_km":1.9,"inj":0,"fat":0},"geometry":{"type":"LineString","coordinates":[[-101.2145,33.3403],[-101.2049,33.3256]]}},{"type":"Feature","properties":{"ef":1,"year":2025,"date":"2025-04-24","len_km":18.1,"inj":0,"fat":0},"geometry":{"type":"LineString","coordinates":[[-100.7943,35.7908],[-100.6288,35.6986]]}},{"type":"Feature","properties":{"ef":-9,"year":2025,"date":"2025-04-24","len_km":3.3,"inj":0,"fat":0},"geometry":{"type":"LineString","coordinates":[[-101.1546,33.2598],[-101.1307,33.2811]]}},{"type":"Feature","properties":{"ef":-9,"year":2025,"date":"2025-04-24","len_km":3.0,"inj":0,"fat":0},"geometry":{"type":"LineString","coordinates":[[-101.1905,33.3156],[-101.1898,33.3422]]}},{"type":"Feature","properties":{"ef":-9,"year":2025,"date":"2025-04-24","len_km":2.9,"inj":0,"fat":0},"geometry":{"type":"LineString","coordinates":[[-101.1444,33.2423],[-101.1158,33.2518]]}},{"type":"Feature","properties":{"ef":-9,"year":2025,"date":"2025-04-24","len_km":2.8,"inj":0,"fat":0},"geometry":{"type":"LineString","coordinates":[[-101.1621,33.2579],[-101.1325,33.2524]]}},{"type":"Feature","properties":{"ef":-9,"year":2025,"date":"2025-04-25","len_km":6.9,"inj":0,"fat":0},"geometry":{"type":"LineString","coordinates":[[-102.6467,33.9461],[-102.5778,33.9245]]}},{"type":"Feature","properties":{"ef":-9,"year":2025,"date":"2025-04-25","len_km":1.8,"inj":0,"fat":0},"geometry":{"type":"LineString","coordinates":[[-102.6701,34.8502],[-102.6797,34.8641]]}},{"type":"Feature","properties":{"ef":1,"year":2025,"date":"2025-04-25","len_km":0.9,"inj":0,"fat":0},"geometry":{"type":"LineString","coordinates":[[-102.5284,34.8229],[-102.5324,34.8308]]}},{"type":"Feature","properties":{"ef":1,"year":2025,"date":"2025-04-25","len_km":1.4,"inj":0,"fat":0},"geometry":{"type":"LineString","coordinates":[[-101.934,34.9985],[-101.9406,34.9984]]}},{"type":"Feature","properties":{"ef":0,"year":2025,"date":"2025-04-25","len_km":0.3,"inj":0,"fat":0},"geometry":{"type":"LineString","coordinates":[[-101.9277,35.0699],[-101.9271,35.0721]]}},{"type":"Feature","properties":{"ef":-9,"year":2025,"date":"2025-04-26","len_km":27.6,"inj":0,"fat":0},"geometry":{"type":"LineString","coordinates":[[-102.2658,34.1659],[-102.2004,34.4079]]}},{"type":"Feature","properties":{"ef":-9,"year":2025,"date":"2025-04-29","len_km":1.6,"inj":0,"fat":0},"geometry":{"type":"LineString","coordinates":[[-102.3237,30.9627],[-102.3334,30.9804]]}},{"type":"Feature","properties":{"ef":2,"year":2025,"date":"2025-04-29","len_km":18.9,"inj":0,"fat":0},"geometry":{"type":"LineString","coordinates":[[-99.57,33.629],[-99.374,33.623]]}},{"type":"Feature","properties":{"ef":3,"year":2025,"date":"2025-04-29","len_km":6.0,"inj":0,"fat":0},"geometry":{"type":"LineString","coordinates":[[-99.294,33.668],[-99.253,33.65]]}},{"type":"Feature","properties":{"ef":0,"year":2025,"date":"2025-04-30","len_km":0.1,"inj":0,"fat":0},"geometry":{"type":"LineString","coordinates":[[-96.8368,33.3265],[-96.836,33.327]]}},{"type":"Feature","properties":{"ef":0,"year":2025,"date":"2025-04-30","len_km":0.6,"inj":0,"fat":0},"geometry":{"type":"LineString","coordinates":[[-95.7196,33.8134],[-95.7132,33.8127]]}},{"type":"Feature","properties":{"ef":-9,"year":2025,"date":"2025-04-30","len_km":0.0,"inj":0,"fat":0},"geometry":{"type":"Point","coordinates":[-96.9104,32.0651]}},{"type":"Feature","properties":{"ef":-9,"year":2025,"date":"2025-04-30","len_km":2.1,"inj":0,"fat":0},"geometry":{"type":"LineString","coordinates":[[-102.1923,33.737],[-102.17,33.7332]]}},{"type":"Feature","properties":{"ef":0,"year":2025,"date":"2025-04-04","len_km":14.5,"inj":0,"fat":0},"geometry":{"type":"LineString","coordinates":[[-95.7041,32.5833],[-95.6045,32.6831]]}},{"type":"Feature","properties":{"ef":2,"year":2025,"date":"2025-04-04","len_km":34.0,"inj":0,"fat":0},"geometry":{"type":"LineString","coordinates":[[-95.1707,33.4931],[-94.9192,33.7155]]}},{"type":"Feature","properties":{"ef":1,"year":2025,"date":"2025-04-04","len_km":41.0,"inj":1,"fat":0},"geometry":{"type":"LineString","coordinates":[[-95.337,32.5519],[-94.9927,32.7697]]}},{"type":"Feature","properties":{"ef":1,"year":2025,"date":"2025-04-04","len_km":1.8,"inj":0,"fat":0},"geometry":{"type":"LineString","coordinates":[[-94.9759,32.7933],[-94.9572,32.7957]]}},{"type":"Feature","properties":{"ef":2,"year":2025,"date":"2025-04-04","len_km":6.9,"inj":0,"fat":0},"geometry":{"type":"LineString","coordinates":[[-94.7387,32.9221],[-94.6904,32.9687]]}},{"type":"Feature","properties":{"ef":-9,"year":2025,"date":"2025-05-18","len_km":4.8,"inj":0,"fat":0},"geometry":{"type":"LineString","coordinates":[[-99.5477,32.3233],[-99.4967,32.3229]]}},{"type":"Feature","properties":{"ef":2,"year":2025,"date":"2025-05-18","len_km":1.3,"inj":0,"fat":0},"geometry":{"type":"LineString","coordinates":[[-99.2269,32.7925],[-99.2154,32.7936]]}},{"type":"Feature","properties":{"ef":0,"year":2025,"date":"2025-05-18","len_km":5.3,"inj":0,"fat":0},"geometry":{"type":"LineString","coordinates":[[-98.8565,32.4797],[-98.8128,32.5064]]}},{"type":"Feature","properties":{"ef":1,"year":2025,"date":"2025-05-18","len_km":0.6,"inj":0,"fat":0},"geometry":{"type":"LineString","coordinates":[[-98.412,32.5677],[-98.4061,32.5691]]}},{"type":"Feature","properties":{"ef":1,"year":2025,"date":"2025-05-18","len_km":3.4,"inj":4,"fat":0},"geometry":{"type":"LineString","coordinates":[[-98.3718,32.5706],[-98.3602,32.542]]}},{"type":"Feature","properties":{"ef":0,"year":2025,"date":"2025-05-18","len_km":4.2,"inj":0,"fat":0},"geometry":{"type":"LineString","coordinates":[[-98.2443,32.582],[-98.1999,32.5848]]}},{"type":"Feature","properties":{"ef":-9,"year":2025,"date":"2025-05-18","len_km":0.4,"inj":0,"fat":0},"geometry":{"type":"LineString","coordinates":[[-98.1946,32.5982],[-98.1907,32.5982]]}},{"type":"Feature","properties":{"ef":0,"year":2025,"date":"2025-05-18","len_km":5.0,"inj":0,"fat":0},"geometry":{"type":"LineString","coordinates":[[-98.049,32.5923],[-98.0284,32.6143]]}},{"type":"Feature","properties":{"ef":-9,"year":2025,"date":"2025-05-19","len_km":0.2,"inj":0,"fat":0},"geometry":{"type":"LineString","coordinates":[[-97.477,33.6668],[-97.4749,33.6668]]}},{"type":"Feature","properties":{"ef":0,"year":2025,"date":"2025-05-19","len_km":2.2,"inj":0,"fat":0},"geometry":{"type":"LineString","coordinates":[[-96.0434,33.7365],[-96.0201,33.7396]]}},{"type":"Feature","properties":{"ef":0,"year":2025,"date":"2025-05-20","len_km":0.2,"inj":0,"fat":0},"geometry":{"type":"LineString","coordinates":[[-95.4719,33.7936],[-95.47,33.7937]]}},{"type":"Feature","properties":{"ef":-9,"year":2025,"date":"2025-05-25","len_km":1.1,"inj":0,"fat":0},"geometry":{"type":"LineString","coordinates":[[-100.6831,33.7902],[-100.672,33.7943]]}},{"type":"Feature","properties":{"ef":-9,"year":2025,"date":"2025-05-25","len_km":0.9,"inj":0,"fat":0},"geometry":{"type":"LineString","coordinates":[[-99.86,33.0],[-99.8536,32.994]]}},{"type":"Feature","properties":{"ef":-9,"year":2025,"date":"2025-05-25","len_km":1.5,"inj":0,"fat":0},"geometry":{"type":"LineString","coordinates":[[-99.8,32.96],[-99.7886,32.951]]}},{"type":"Feature","properties":{"ef":-9,"year":2025,"date":"2025-05-26","len_km":2.2,"inj":0,"fat":0},"geometry":{"type":"LineString","coordinates":[[-99.8,30.89],[-99.7853,30.875]]}},{"type":"Feature","properties":{"ef":-9,"year":2025,"date":"2025-05-26","len_km":0.0,"inj":0,"fat":0},"geometry":{"type":"Point","coordinates":[-101.16,35.36]}},{"type":"Feature","properties":{"ef":1,"year":2025,"date":"2025-05-29","len_km":11.0,"inj":0,"fat":0},"geometry":{"type":"LineString","coordinates":[[-102.0815,32.8362],[-102.0,32.77]]}},{"type":"Feature","properties":{"ef":1,"year":2025,"date":"2025-05-29","len_km":7.0,"inj":0,"fat":0},"geometry":{"type":"LineString","coordinates":[[-101.88,32.65],[-101.85,32.6]]}},{"type":"Feature","properties":{"ef":-9,"year":2025,"date":"2025-05-29","len_km":1.5,"inj":0,"fat":0},"geometry":{"type":"LineString","coordinates":[[-99.67,31.86],[-99.654,31.8617]]}},{"type":"Feature","properties":{"ef":1,"year":2025,"date":"2025-05-01","len_km":5.0,"inj":1,"fat":0},"geometry":{"type":"LineString","coordinates":[[-97.9984,31.0322],[-97.9758,31.0047]]}},{"type":"Feature","properties":{"ef":-9,"year":2025,"date":"2025-05-01","len_km":0.9,"inj":0,"fat":0},"geometry":{"type":"LineString","coordinates":[[-97.9535,30.9033],[-97.9545,30.8954]]}},{"type":"Feature","properties":{"ef":0,"year":2025,"date":"2025-05-06","len_km":14.9,"inj":0,"fat":0},"geometry":{"type":"LineString","coordinates":[[-96.9448,30.8329],[-96.8048,30.8889]]}},{"type":"Feature","properties":{"ef":0,"year":2025,"date":"2025-05-06","len_km":4.7,"inj":0,"fat":0},"geometry":{"type":"LineString","coordinates":[[-96.4816,30.9956],[-96.441,31.0159]]}},{"type":"Feature","properties":{"ef":1,"year":2025,"date":"2025-05-06","len_km":5.6,"inj":0,"fat":0},"geometry":{"type":"LineString","coordinates":[[-96.1555,31.3685],[-96.099,31.365]]}},{"type":"Feature","properties":{"ef":1,"year":2025,"date":"2025-05-06","len_km":9.6,"inj":0,"fat":0},"geometry":{"type":"LineString","coordinates":[[-96.0143,31.394],[-95.9158,31.4073]]}},{"type":"Feature","properties":{"ef":0,"year":2025,"date":"2025-05-06","len_km":7.8,"inj":1,"fat":0},"geometry":{"type":"LineString","coordinates":[[-95.5294,32.053],[-95.4489,32.0665]]}},{"type":"Feature","properties":{"ef":1,"year":2025,"date":"2025-05-06","len_km":7.9,"inj":0,"fat":0},"geometry":{"type":"LineString","coordinates":[[-95.3517,32.151],[-95.2683,32.1412]]}},{"type":"Feature","properties":{"ef":0,"year":2025,"date":"2025-06-11","len_km":0.1,"inj":0,"fat":0},"geometry":{"type":"LineString","coordinates":[[-97.261,31.705],[-97.2598,31.7043]]}},{"type":"Feature","properties":{"ef":0,"year":2025,"date":"2025-06-12","len_km":2.2,"inj":0,"fat":0},"geometry":{"type":"LineString","coordinates":[[-98.1253,29.9294],[-98.1027,29.9312]]}},{"type":"Feature","properties":{"ef":0,"year":2025,"date":"2025-06-12","len_km":0.9,"inj":0,"fat":0},"geometry":{"type":"LineString","coordinates":[[-98.092,29.9208],[-98.0823,29.9213]]}},{"type":"Feature","properties":{"ef":0,"year":2025,"date":"2025-06-12","len_km":3.5,"inj":0,"fat":0},"geometry":{"type":"LineString","coordinates":[[-95.9971,29.3055],[-96.023,29.327]]}},{"type":"Feature","properties":{"ef":1,"year":2025,"date":"2025-06-12","len_km":2.7,"inj":0,"fat":0},"geometry":{"type":"LineString","coordinates":[[-96.052,29.33],[-96.0794,29.331]]}},{"type":"Feature","properties":{"ef":0,"year":2025,"date":"2025-06-12","len_km":1.0,"inj":0,"fat":0},"geometry":{"type":"Point","coordinates":[-98.11,28.33]}},{"type":"Feature","properties":{"ef":-9,"year":2025,"date":"2025-06-03","len_km":0.2,"inj":0,"fat":0},"geometry":{"type":"Point","coordinates":[-98.6915,33.6412]}},{"type":"Feature","properties":{"ef":0,"year":2025,"date":"2025-06-04","len_km":1.3,"inj":0,"fat":0},"geometry":{"type":"LineString","coordinates":[[-102.6532,35.1451],[-102.6402,35.1507]]}},{"type":"Feature","properties":{"ef":-9,"year":2025,"date":"2025-06-05","len_km":4.1,"inj":0,"fat":0},"geometry":{"type":"LineString","coordinates":[[-103.0395,33.8048],[-102.9961,33.8108]]}},{"type":"Feature","properties":{"ef":2,"year":2025,"date":"2025-06-05","len_km":16.0,"inj":0,"fat":0},"geometry":{"type":"LineString","coordinates":[[-102.8805,33.7961],[-102.709,33.7783]]}},{"type":"Feature","properties":{"ef":-9,"year":2025,"date":"2025-06-05","len_km":7.3,"inj":0,"fat":0},"geometry":{"type":"LineString","coordinates":[[-102.6162,33.7505],[-102.5408,33.7321]]}},{"type":"Feature","properties":{"ef":-9,"year":2025,"date":"2025-06-05","len_km":1.4,"inj":0,"fat":0},"geometry":{"type":"LineString","coordinates":[[-102.5262,33.72],[-102.5116,33.7155]]}},{"type":"Feature","properties":{"ef":2,"year":2025,"date":"2025-06-05","len_km":14.2,"inj":0,"fat":0},"geometry":{"type":"LineString","coordinates":[[-102.3822,33.7066],[-102.229,33.6984]]}},{"type":"Feature","properties":{"ef":1,"year":2025,"date":"2025-06-05","len_km":5.8,"inj":2,"fat":0},"geometry":{"type":"LineString","coordinates":[[-102.1472,33.6324],[-102.0847,33.6288]]}},{"type":"Feature","properties":{"ef":2,"year":2025,"date":"2025-06-05","len_km":5.2,"inj":0,"fat":0},"geometry":{"type":"LineString","coordinates":[[-102.0994,33.6205],[-102.0647,33.5867]]}},{"type":"Feature","properties":{"ef":1,"year":2025,"date":"2025-06-05","len_km":4.2,"inj":0,"fat":0},"geometry":{"type":"LineString","coordinates":[[-102.0568,33.6018],[-102.0176,33.5838]]}},{"type":"Feature","properties":{"ef":-9,"year":2025,"date":"2025-06-06","len_km":0.0,"inj":0,"fat":0},"geometry":{"type":"Point","coordinates":[-102.5066,33.4634]}},{"type":"Feature","properties":{"ef":-9,"year":2025,"date":"2025-06-06","len_km":0.0,"inj":0,"fat":0},"geometry":{"type":"Point","coordinates":[-102.4199,33.4223]}},{"type":"Feature","properties":{"ef":-9,"year":2025,"date":"2025-06-06","len_km":0.0,"inj":0,"fat":0},"geometry":{"type":"Point","coordinates":[-102.3014,33.4302]}},{"type":"Feature","properties":{"ef":-9,"year":2025,"date":"2025-06-06","len_km":0.4,"inj":0,"fat":0},"geometry":{"type":"LineString","coordinates":[[-101.3564,36.3023],[-101.3521,36.3008]]}},{"type":"Feature","properties":{"ef":-9,"year":2025,"date":"2025-06-06","len_km":2.9,"inj":0,"fat":0},"geometry":{"type":"LineString","coordinates":[[-101.2361,36.206],[-101.2177,36.1844]]}},{"type":"Feature","properties":{"ef":2,"year":2025,"date":"2025-06-06","len_km":15.3,"inj":0,"fat":0},"geometry":{"type":"LineString","coordinates":[[-101.1485,36.1732],[-101.0916,36.0439]]}},{"type":"Feature","properties":{"ef":-9,"year":2025,"date":"2025-06-06","len_km":1.5,"inj":0,"fat":0},"geometry":{"type":"LineString","coordinates":[[-100.1188,35.4978],[-100.1038,35.4924]]}},{"type":"Feature","properties":{"ef":-9,"year":2025,"date":"2025-06-08","len_km":0.3,"inj":0,"fat":0},"geometry":{"type":"LineString","coordinates":[[-102.836,36.1516],[-102.8347,36.1491]]}},{"type":"Feature","properties":{"ef":0,"year":2025,"date":"2025-06-08","len_km":0.5,"inj":0,"fat":0},"geometry":{"type":"LineString","coordinates":[[-101.4027,35.6878],[-101.3982,35.6898]]}},{"type":"Feature","properties":{"ef":1,"year":2025,"date":"2025-06-08","len_km":2.5,"inj":0,"fat":0},"geometry":{"type":"LineString","coordinates":[[-102.8165,36.0813],[-102.799,36.0637]]}},{"type":"Feature","properties":{"ef":-9,"year":2025,"date":"2025-06-08","len_km":0.8,"inj":0,"fat":0},"geometry":{"type":"Point","coordinates":[-99.5001,33.4299]}},{"type":"Feature","properties":{"ef":1,"year":2025,"date":"2025-06-08","len_km":6.4,"inj":0,"fat":0},"geometry":{"type":"LineString","coordinates":[[-96.6795,33.5774],[-96.617,33.5524]]}},{"type":"Feature","properties":{"ef":1,"year":2025,"date":"2025-06-08","len_km":6.9,"inj":0,"fat":0},"geometry":{"type":"LineString","coordinates":[[-96.3095,33.6763],[-96.2536,33.6347]]}},{"type":"Feature","properties":{"ef":1,"year":2025,"date":"2025-06-08","len_km":11.3,"inj":0,"fat":0},"geometry":{"type":"LineString","coordinates":[[-96.2468,33.6462],[-96.1602,33.5791]]}},{"type":"Feature","properties":{"ef":-9,"year":2025,"date":"2025-08-19","len_km":0.0,"inj":0,"fat":0},"geometry":{"type":"Point","coordinates":[-100.88,29.5]}},{"type":"Feature","properties":{"ef":-9,"year":2025,"date":"2025-08-28","len_km":0.0,"inj":0,"fat":0},"geometry":{"type":"Point","coordinates":[-96.97,33.23]}},{"type":"Feature","properties":{"ef":-9,"year":2025,"date":"2025-09-08","len_km":0.1,"inj":0,"fat":0},"geometry":{"type":"LineString","coordinates":[[-100.8153,36.3706],[-100.8144,36.3696]]}}]}