zip,utility_id,source,utility_name,candidates
73301,1015,nrel_2024,Austin Energy,1
73344,1015,nrel_2024,Austin Energy,1
75001,44372,puct_ptc,Oncor Electric Delivery Company LLC,2
75001,7559,nrel_2024,"Grayson-Collin Elec Coop, Inc",2
75002,44372,puct_ptc,Oncor Electric Delivery Company LLC,3
75002,5078,nrel_2024,"Denton County Elec Coop, Inc",3
75002,7559,nrel_2024,"Grayson-Collin Elec Coop, Inc",3
75006,44372,puct_ptc,Oncor Electric Delivery Company LLC,3
75006,5078,nrel_2024,"Denton County Elec Coop, Inc",3
75006,7559,nrel_2024,"Grayson-Collin Elec Coop, Inc",3
75007,44372,puct_ptc,Oncor Electric Delivery Company LLC,2
75007,5078,nrel_2024,"Denton County Elec Coop, Inc",2
75009,44372,puct_ptc,Oncor Electric Delivery Company LLC,3
75009,5078,nrel_2024,"Denton County Elec Coop, Inc",3
75009,7559,nrel_2024,"Grayson-Collin Elec Coop, Inc",3
75010,44372,puct_ptc,Oncor Electric Delivery Company LLC,2
75010,5078,nrel_2024,"Denton County Elec Coop, Inc",2
75011,44372,puct_ptc,Oncor Electric Delivery Company LLC,1
75013,44372,puct_ptc,Oncor Electric Delivery Company LLC,3
75013,5078,nrel_2024,"Denton County Elec Coop, Inc",3
75013,7559,nrel_2024,"Grayson-Collin Elec Coop, Inc",3
75015,44372,puct_ptc,Oncor Electric Delivery Company LLC,1
75019,44372,puct_ptc,Oncor Electric Delivery Company LLC,2
75019,5078,nrel_2024,"Denton County Elec Coop, Inc",2
75020,44372,puct_ptc,Oncor Electric Delivery Company LLC,2
75020,7559,nrel_2024,"Grayson-Collin Elec Coop, Inc",2
75021,44372,puct_ptc,Oncor Electric Delivery Company LLC,2
75021,7559,nrel_2024,"Grayson-Collin Elec Coop, Inc",2
75022,44372,puct_ptc,Oncor Electric Delivery Company LLC,2
75022,5078,nrel_2024,"Denton County Elec Coop, Inc",2
75023,44372,puct_ptc,Oncor Electric Delivery Company LLC,3
75023,5078,nrel_2024,"Denton County Elec Coop, Inc",3
75023,7559,nrel_2024,"Grayson-Collin Elec Coop, Inc",3
75024,44372,puct_ptc,Oncor Electric Delivery Company LLC,3
75024,5078,nrel_2024,"Denton County Elec Coop, Inc",3
75024,7559,nrel_2024,"Grayson-Collin Elec Coop, Inc",3
75025,44372,puct_ptc,Oncor Electric Delivery Company LLC,3
75025,5078,nrel_2024,"Denton County Elec Coop, Inc",3
75025,7559,nrel_2024,"Grayson-Collin Elec Coop, Inc",3
75026,44372,puct_ptc,Oncor Electric Delivery Company LLC,2
75026,7559,nrel_2024,"Grayson-Collin Elec Coop, Inc",2
75027,5078,nrel_2024,"Denton County Elec Coop, Inc",1
75028,44372,puct_ptc,Oncor Electric Delivery Company LLC,3
75028,40051,puct_ptc,Texas-New Mexico Power Co,3
75028,5078,nrel_2024,"Denton County Elec Coop, Inc",3
75029,40051,puct_ptc,Texas-New Mexico Power Co,2
75029,5078,nrel_2024,"Denton County Elec Coop, Inc",2
75032,44372,puct_ptc,Oncor Electric Delivery Company LLC,1
75033,44372,puct_ptc,Oncor Electric Delivery Company LLC,2
75033,5078,nrel_2024,"Denton County Elec Coop, Inc",2
75034,44372,puct_ptc,Oncor Electric Delivery Company LLC,3
75034,5078,nrel_2024,"Denton County Elec Coop, Inc",3
75034,7559,nrel_2024,"Grayson-Collin Elec Coop, Inc",3
75035,44372,puct_ptc,Oncor Electric Delivery Company LLC,3
75035,5078,nrel_2024,"Denton County Elec Coop, Inc",3
75035,7559,nrel_2024,"Grayson-Collin Elec Coop, Inc",3
75038,44372,puct_ptc,Oncor Electric Delivery Company LLC,1
75039,44372,puct_ptc,Oncor Electric Delivery Company LLC,1
75040,44372,puct_ptc,Oncor Electric Delivery Company LLC,2
75040,6958,nrel_2024,City of Garland - (TX),2
75041,44372,puct_ptc,Oncor Electric Delivery Company LLC,2
75041,6958,nrel_2024,City of Garland - (TX),2
75042,44372,puct_ptc,Oncor Electric Delivery Company LLC,2
75042,6958,nrel_2024,City of Garland - (TX),2
75043,44372,puct_ptc,Oncor Electric Delivery Company LLC,2
75043,6958,nrel_2024,City of Garland - (TX),2
75044,44372,puct_ptc,Oncor Electric Delivery Company LLC,3
75044,6958,nrel_2024,City of Garland - (TX),3
75044,7559,nrel_2024,"Grayson-Collin Elec Coop, Inc",3
75045,6958,nrel_2024,City of Garland - (TX),1
75046,44372,puct_ptc,Oncor Electric Delivery Company LLC,2
75046,6958,nrel_2024,City of Garland - (TX),2
75047,6958,nrel_2024,City of Garland - (TX),1
75048,44372,puct_ptc,Oncor Electric Delivery Company LLC,3
75048,6958,nrel_2024,City of Garland - (TX),3
75048,7559,nrel_2024,"Grayson-Collin Elec Coop, Inc",3
75049,6958,nrel_2024,City of Garland - (TX),1
75050,44372,puct_ptc,Oncor Electric Delivery Company LLC,1
75051,44372,puct_ptc,Oncor Electric Delivery Company LLC,1
75052,44372,puct_ptc,Oncor Electric Delivery Company LLC,1
75054,44372,puct_ptc,Oncor Electric Delivery Company LLC,1
75056,44372,puct_ptc,Oncor Electric Delivery Company LLC,3
75056,40051,puct_ptc,Texas-New Mexico Power Co,3
75056,5078,nrel_2024,"Denton County Elec Coop, Inc",3
75057,44372,puct_ptc,Oncor Electric Delivery Company LLC,3
75057,40051,puct_ptc,Texas-New Mexico Power Co,3
75057,5078,nrel_2024,"Denton County Elec Coop, Inc",3
75058,44372,puct_ptc,Oncor Electric Delivery Company LLC,2
75058,7559,nrel_2024,"Grayson-Collin Elec Coop, Inc",2
75060,44372,puct_ptc,Oncor Electric Delivery Company LLC,1
75061,44372,puct_ptc,Oncor Electric Delivery Company LLC,1
75062,44372,puct_ptc,Oncor Electric Delivery Company LLC,1
75063,44372,puct_ptc,Oncor Electric Delivery Company LLC,1
75065,44372,puct_ptc,Oncor Electric Delivery Company LLC,2
75065,5078,nrel_2024,"Denton County Elec Coop, Inc",2
75067,44372,puct_ptc,Oncor Electric Delivery Company LLC,3
75067,40051,puct_ptc,Texas-New Mexico Power Co,3
75067,5078,nrel_2024,"Denton County Elec Coop, Inc",3
75068,44372,puct_ptc,Oncor Electric Delivery Company LLC,2
75068,5078,nrel_2024,"Denton County Elec Coop, Inc",2
75069,44372,puct_ptc,Oncor Electric Delivery Company LLC,3
75069,5078,nrel_2024,"Denton County Elec Coop, Inc",3
75069,7559,nrel_2024,"Grayson-Collin Elec Coop, Inc",3
75070,44372,puct_ptc,Oncor Electric Delivery Company LLC,3
75070,5078,nrel_2024,"Denton County Elec Coop, Inc",3
75070,7559,nrel_2024,"Grayson-Collin Elec Coop, Inc",3
75071,44372,puct_ptc,Oncor Electric Delivery Company LLC,3
75071,5078,nrel_2024,"Denton County Elec Coop, Inc",3
75071,7559,nrel_2024,"Grayson-Collin Elec Coop, Inc",3
75074,44372,puct_ptc,Oncor Electric Delivery Company LLC,3
75074,5078,nrel_2024,"Denton County Elec Coop, Inc",3
75074,7559,nrel_2024,"Grayson-Collin Elec Coop, Inc",3
75075,44372,puct_ptc,Oncor Electric Delivery Company LLC,2
75075,7559,nrel_2024,"Grayson-Collin Elec Coop, Inc",2
75076,44372,puct_ptc,Oncor Electric Delivery Company LLC,2
75076,7559,nrel_2024,"Grayson-Collin Elec Coop, Inc",2
75077,44372,puct_ptc,Oncor Electric Delivery Company LLC,3
75077,40051,puct_ptc,Texas-New Mexico Power Co,3
75077,5078,nrel_2024,"Denton County Elec Coop, Inc",3
75078,44372,puct_ptc,Oncor Electric Delivery Company LLC,3
75078,5078,nrel_2024,"Denton County Elec Coop, Inc",3
75078,7559,nrel_2024,"Grayson-Collin Elec Coop, Inc",3
75080,44372,puct_ptc,Oncor Electric Delivery Company LLC,2
75080,7559,nrel_2024,"Grayson-Collin Elec Coop, Inc",2
75081,44372,puct_ptc,Oncor Electric Delivery Company LLC,2
75081,6958,nrel_2024,City of Garland - (TX),2
75082,44372,puct_ptc,Oncor Electric Delivery Company LLC,3
75082,6958,nrel_2024,City of Garland - (TX),3
75082,7559,nrel_2024,"Grayson-Collin Elec Coop, Inc",3
75083,44372,puct_ptc,Oncor Electric Delivery Company LLC,1
75086,7559,nrel_2024,"Grayson-Collin Elec Coop, Inc",1
75087,44372,puct_ptc,Oncor Electric Delivery Company LLC,2
75087,7559,nrel_2024,"Grayson-Collin Elec Coop, Inc",2
75088,44372,puct_ptc,Oncor Electric Delivery Company LLC,2
75088,6958,nrel_2024,City of Garland - (TX),2
75089,44372,puct_ptc,Oncor Electric Delivery Company LLC,2
75089,6958,nrel_2024,City of Garland - (TX),2
75090,44372,puct_ptc,Oncor Electric Delivery Company LLC,2
75090,7559,nrel_2024,"Grayson-Collin Elec Coop, Inc",2
75091,44372,puct_ptc,Oncor Electric Delivery Company LLC,2
75091,7559,nrel_2024,"Grayson-Collin Elec Coop, Inc",2
75092,44372,puct_ptc,Oncor Electric Delivery Company LLC,2
75092,7559,nrel_2024,"Grayson-Collin Elec Coop, Inc",2
75093,44372,puct_ptc,Oncor Electric Delivery Company LLC,3
75093,5078,nrel_2024,"Denton County Elec Coop, Inc",3
75093,7559,nrel_2024,"Grayson-Collin Elec Coop, Inc",3
75094,44372,puct_ptc,Oncor Electric Delivery Company LLC,2
75094,7559,nrel_2024,"Grayson-Collin Elec Coop, Inc",2
75097,7559,nrel_2024,"Grayson-Collin Elec Coop, Inc",1
75098,44372,puct_ptc,Oncor Electric Delivery Company LLC,3
75098,6958,nrel_2024,City of Garland - (TX),3
75098,7559,nrel_2024,"Grayson-Collin Elec Coop, Inc",3
75099,44372,puct_ptc,Oncor Electric Delivery Company LLC,1
75101,44372,puct_ptc,Oncor Electric Delivery Company LLC,1
75102,44372,puct_ptc,Oncor Electric Delivery Company LLC,1
75103,44372,puct_ptc,Oncor Electric Delivery Company LLC,1
75104,44372,puct_ptc,Oncor Electric Delivery Company LLC,1
75109,44372,puct_ptc,Oncor Electric Delivery Company LLC,1
75110,44372,puct_ptc,Oncor Electric Delivery Company LLC,2
75110,13332,nrel_2024,"Navarro County Elec Coop, Inc",2
75114,44372,puct_ptc,Oncor Electric Delivery Company LLC,1
75115,44372,puct_ptc,Oncor Electric Delivery Company LLC,1
75116,44372,puct_ptc,Oncor Electric Delivery Company LLC,1
75117,44372,puct_ptc,Oncor Electric Delivery Company LLC,3
75117,40051,puct_ptc,Texas-New Mexico Power Co,3
75117,6182,nrel_2024,"Farmers Electric Coop, Inc - (TX)",3
75119,44372,puct_ptc,Oncor Electric Delivery Company LLC,1
75121,44372,puct_ptc,Oncor Electric Delivery Company LLC,2
75121,7559,nrel_2024,"Grayson-Collin Elec Coop, Inc",2
75124,44372,puct_ptc,Oncor Electric Delivery Company LLC,1
75125,44372,puct_ptc,Oncor Electric Delivery Company LLC,1
75126,44372,puct_ptc,Oncor Electric Delivery Company LLC,1
75127,44372,puct_ptc,Oncor Electric Delivery Company LLC,1
75132,44372,puct_ptc,Oncor Electric Delivery Company LLC,1
75134,44372,puct_ptc,Oncor Electric Delivery Company LLC,1
75135,44372,puct_ptc,Oncor Electric Delivery Company LLC,2
75135,7559,nrel_2024,"Grayson-Collin Elec Coop, Inc",2
75137,44372,puct_ptc,Oncor Electric Delivery Company LLC,1
75138,44372,puct_ptc,Oncor Electric Delivery Company LLC,1
75140,17698,nrel_2024,Southwestern Electric Power Co,3
75140,6182,nrel_2024,"Farmers Electric Coop, Inc - (TX)",3
75140,20927,nrel_2024,"Wood County Electric Coop, Inc",3
75141,44372,puct_ptc,Oncor Electric Delivery Company LLC,1
75142,44372,puct_ptc,Oncor Electric Delivery Company LLC,1
75143,44372,puct_ptc,Oncor Electric Delivery Company LLC,1
75144,44372,puct_ptc,Oncor Electric Delivery Company LLC,1
75146,44372,puct_ptc,Oncor Electric Delivery Company LLC,1
75147,44372,puct_ptc,Oncor Electric Delivery Company LLC,1
75148,44372,puct_ptc,Oncor Electric Delivery Company LLC,1
75149,44372,puct_ptc,Oncor Electric Delivery Company LLC,1
75150,44372,puct_ptc,Oncor Electric Delivery Company LLC,2
75150,6958,nrel_2024,City of Garland - (TX),2
75151,44372,puct_ptc,Oncor Electric Delivery Company LLC,1
75152,44372,puct_ptc,Oncor Electric Delivery Company LLC,1
75153,20404,puct_ptc,AEP Texas North Company,2
75153,44372,puct_ptc,Oncor Electric Delivery Company LLC,2
75154,44372,puct_ptc,Oncor Electric Delivery Company LLC,1
75155,44372,puct_ptc,Oncor Electric Delivery Company LLC,1
75156,44372,puct_ptc,Oncor Electric Delivery Company LLC,1
75157,44372,puct_ptc,Oncor Electric Delivery Company LLC,1
75159,44372,puct_ptc,Oncor Electric Delivery Company LLC,1
75160,44372,puct_ptc,Oncor Electric Delivery Company LLC,1
75161,44372,puct_ptc,Oncor Electric Delivery Company LLC,1
75163,44372,puct_ptc,Oncor Electric Delivery Company LLC,1
75164,44372,puct_ptc,Oncor Electric Delivery Company LLC,2
75164,7559,nrel_2024,"Grayson-Collin Elec Coop, Inc",2
75165,44372,puct_ptc,Oncor Electric Delivery Company LLC,1
75166,44372,puct_ptc,Oncor Electric Delivery Company LLC,2
75166,7559,nrel_2024,"Grayson-Collin Elec Coop, Inc",2
75167,44372,puct_ptc,Oncor Electric Delivery Company LLC,1
75169,44372,puct_ptc,Oncor Electric Delivery Company LLC,2
75169,6182,nrel_2024,"Farmers Electric Coop, Inc - (TX)",2
75172,44372,puct_ptc,Oncor Electric Delivery Company LLC,1
75173,44372,puct_ptc,Oncor Electric Delivery Company LLC,2
75173,7559,nrel_2024,"Grayson-Collin Elec Coop, Inc",2
75180,44372,puct_ptc,Oncor Electric Delivery Company LLC,1
75181,44372,puct_ptc,Oncor Electric Delivery Company LLC,1
75182,44372,puct_ptc,Oncor Electric Delivery Company LLC,2
75182,6958,nrel_2024,City of Garland - (TX),2
75185,44372,puct_ptc,Oncor Electric Delivery Company LLC,1
75189,44372,puct_ptc,Oncor Electric Delivery Company LLC,2
75189,7559,nrel_2024,"Grayson-Collin Elec Coop, Inc",2
75201,44372,puct_ptc,Oncor Electric Delivery Company LLC,1
75202,44372,puct_ptc,Oncor Electric Delivery Company LLC,1
75203,44372,puct_ptc,Oncor Electric Delivery Company LLC,1
75204,44372,puct_ptc,Oncor Electric Delivery Company LLC,1
75205,44372,puct_ptc,Oncor Electric Delivery Company LLC,1
75206,44372,puct_ptc,Oncor Electric Delivery Company LLC,1
75207,44372,puct_ptc,Oncor Electric Delivery Company LLC,1
75208,44372,puct_ptc,Oncor Electric Delivery Company LLC,1
75209,44372,puct_ptc,Oncor Electric Delivery Company LLC,1
75210,44372,puct_ptc,Oncor Electric Delivery Company LLC,1
75211,44372,puct_ptc,Oncor Electric Delivery Company LLC,1
75212,44372,puct_ptc,Oncor Electric Delivery Company LLC,1
75214,44372,puct_ptc,Oncor Electric Delivery Company LLC,1
75215,44372,puct_ptc,Oncor Electric Delivery Company LLC,1
75216,44372,puct_ptc,Oncor Electric Delivery Company LLC,1
75217,44372,puct_ptc,Oncor Electric Delivery Company LLC,1
75218,44372,puct_ptc,Oncor Electric Delivery Company LLC,2
75218,6958,nrel_2024,City of Garland - (TX),2
75219,44372,puct_ptc,Oncor Electric Delivery Company LLC,1
75220,44372,puct_ptc,Oncor Electric Delivery Company LLC,1
75223,44372,puct_ptc,Oncor Electric Delivery Company LLC,1
75224,44372,puct_ptc,Oncor Electric Delivery Company LLC,1
75225,44372,puct_ptc,Oncor Electric Delivery Company LLC,1
75226,44372,puct_ptc,Oncor Electric Delivery Company LLC,1
75227,44372,puct_ptc,Oncor Electric Delivery Company LLC,1
75228,44372,puct_ptc,Oncor Electric Delivery Company LLC,2
75228,6958,nrel_2024,City of Garland - (TX),2
75229,44372,puct_ptc,Oncor Electric Delivery Company LLC,1
75230,44372,puct_ptc,Oncor Electric Delivery Company LLC,1
75231,44372,puct_ptc,Oncor Electric Delivery Company LLC,1
75232,44372,puct_ptc,Oncor Electric Delivery Company LLC,1
75233,44372,puct_ptc,Oncor Electric Delivery Company LLC,1
75234,44372,puct_ptc,Oncor Electric Delivery Company LLC,1
75235,44372,puct_ptc,Oncor Electric Delivery Company LLC,1
75236,44372,puct_ptc,Oncor Electric Delivery Company LLC,1
75237,44372,puct_ptc,Oncor Electric Delivery Company LLC,1
75238,44372,puct_ptc,Oncor Electric Delivery Company LLC,2
75238,6958,nrel_2024,City of Garland - (TX),2
75240,44372,puct_ptc,Oncor Electric Delivery Company LLC,1
75241,44372,puct_ptc,Oncor Electric Delivery Company LLC,1
75242,44372,puct_ptc,Oncor Electric Delivery Company LLC,1
75243,44372,puct_ptc,Oncor Electric Delivery Company LLC,2
75243,6958,nrel_2024,City of Garland - (TX),2
75244,44372,puct_ptc,Oncor Electric Delivery Company LLC,1
75246,44372,puct_ptc,Oncor Electric Delivery Company LLC,1
75247,44372,puct_ptc,Oncor Electric Delivery Company LLC,1
75248,44372,puct_ptc,Oncor Electric Delivery Company LLC,2
75248,7559,nrel_2024,"Grayson-Collin Elec Coop, Inc",2
75249,44372,puct_ptc,Oncor Electric Delivery Company LLC,1
75251,44372,puct_ptc,Oncor Electric Delivery Company LLC,1
75252,44372,puct_ptc,Oncor Electric Delivery Company LLC,2
75252,7559,nrel_2024,"Grayson-Collin Elec Coop, Inc",2
75253,44372,puct_ptc,Oncor Electric Delivery Company LLC,1
75254,44372,puct_ptc,Oncor Electric Delivery Company LLC,1
75261,44372,puct_ptc,Oncor Electric Delivery Company LLC,1
75270,44372,puct_ptc,Oncor Electric Delivery Company LLC,1
75287,44372,puct_ptc,Oncor Electric Delivery Company LLC,3
75287,5078,nrel_2024,"Denton County Elec Coop, Inc",3
75287,7559,nrel_2024,"Grayson-Collin Elec Coop, Inc",3
75370,7559,nrel_2024,"Grayson-Collin Elec Coop, Inc",1
75379,7559,nrel_2024,"Grayson-Collin Elec Coop, Inc",1
75381,44372,puct_ptc,Oncor Electric Delivery Company LLC,1
75398,44372,puct_ptc,Oncor Electric Delivery Company LLC,1
75401,44372,puct_ptc,Oncor Electric Delivery Company LLC,2
75401,7634,nrel_2024,City of Greenville - (TX),2
75402,44372,puct_ptc,Oncor Electric Delivery Company LLC,2
75402,7634,nrel_2024,City of Greenville - (TX),2
75403,44372,puct_ptc,Oncor Electric Delivery Company LLC,2
75403,7634,nrel_2024,City of Greenville - (TX),2
75404,44372,puct_ptc,Oncor Electric Delivery Company LLC,2
75404,7634,nrel_2024,City of Greenville - (TX),2
75407,44372,puct_ptc,Oncor Electric Delivery Company LLC,3
75407,40051,puct_ptc,Texas-New Mexico Power Co,3
75407,7559,nrel_2024,"Grayson-Collin Elec Coop, Inc",3
75409,44372,puct_ptc,Oncor Electric Delivery Company LLC,3
75409,40051,puct_ptc,Texas-New Mexico Power Co,3
75409,7559,nrel_2024,"Grayson-Collin Elec Coop, Inc",3
75410,17698,nrel_2024,Southwestern Electric Power Co,3
75410,6182,nrel_2024,"Farmers Electric Coop, Inc - (TX)",3
75410,20927,nrel_2024,"Wood County Electric Coop, Inc",3
75411,44372,puct_ptc,Oncor Electric Delivery Company LLC,1
75412,40051,puct_ptc,Texas-New Mexico Power Co,2
75412,10649,nrel_2024,Lamar County Elec Coop Assn,2
75413,40051,puct_ptc,Texas-New Mexico Power Co,1
75414,44372,puct_ptc,Oncor Electric Delivery Company LLC,3
75414,40051,puct_ptc,Texas-New Mexico Power Co,3
75414,7559,nrel_2024,"Grayson-Collin Elec Coop, Inc",3
75415,44372,puct_ptc,Oncor Electric Delivery Company LLC,1
75416,40051,puct_ptc,Texas-New Mexico Power Co,2
75416,10649,nrel_2024,Lamar County Elec Coop Assn,2
75417,40051,puct_ptc,Texas-New Mexico Power Co,4
75417,17698,nrel_2024,Southwestern Electric Power Co,4
75417,6182,nrel_2024,"Farmers Electric Coop, Inc - (TX)",4
75417,10649,nrel_2024,Lamar County Elec Coop Assn,4
75418,44372,puct_ptc,Oncor Electric Delivery Company LLC,2
75418,6173,nrel_2024,Fannin County Electric Coop,2
75420,44372,puct_ptc,Oncor Electric Delivery Company LLC,1
75421,44372,puct_ptc,Oncor Electric Delivery Company LLC,1
75422,44372,puct_ptc,Oncor Electric Delivery Company LLC,1
75423,44372,puct_ptc,Oncor Electric Delivery Company LLC,3
75423,40051,puct_ptc,Texas-New Mexico Power Co,3
75423,7559,nrel_2024,"Grayson-Collin Elec Coop, Inc",3
75424,44372,puct_ptc,Oncor Electric Delivery Company LLC,3
75424,40051,puct_ptc,Texas-New Mexico Power Co,3
75424,7559,nrel_2024,"Grayson-Collin Elec Coop, Inc",3
75426,44372,puct_ptc,Oncor Electric Delivery Company LLC,2
75426,10649,nrel_2024,Lamar County Elec Coop Assn,2
75428,44372,puct_ptc,Oncor Electric Delivery Company LLC,1
75431,44372,puct_ptc,Oncor Electric Delivery Company LLC,2
75431,17698,nrel_2024,Southwestern Electric Power Co,2
75432,44372,puct_ptc,Oncor Electric Delivery Company LLC,4
75432,17698,nrel_2024,Southwestern Electric Power Co,4
75432,6182,nrel_2024,"Farmers Electric Coop, Inc - (TX)",4
75432,10649,nrel_2024,Lamar County Elec Coop Assn,4
75433,44372,puct_ptc,Oncor Electric Delivery Company LLC,1
75434,40051,puct_ptc,Texas-New Mexico Power Co,2
75434,10649,nrel_2024,Lamar County Elec Coop Assn,2
75435,40051,puct_ptc,Texas-New Mexico Power Co,3
75435,6182,nrel_2024,"Farmers Electric Coop, Inc - (TX)",3
75435,10649,nrel_2024,Lamar County Elec Coop Assn,3
75436,40051,puct_ptc,Texas-New Mexico Power Co,2
75436,10649,nrel_2024,Lamar County Elec Coop Assn,2
75437,44372,puct_ptc,Oncor Electric Delivery Company LLC,3
75437,17698,nrel_2024,Southwestern Electric Power Co,3
75437,6182,nrel_2024,"Farmers Electric Coop, Inc - (TX)",3
75438,44372,puct_ptc,Oncor Electric Delivery Company LLC,2
75438,6173,nrel_2024,Fannin County Electric Coop,2
75439,44372,puct_ptc,Oncor Electric Delivery Company LLC,2
75439,7559,nrel_2024,"Grayson-Collin Elec Coop, Inc",2
75440,40051,puct_ptc,Texas-New Mexico Power Co,3
75440,17698,nrel_2024,Southwestern Electric Power Co,3
75440,6182,nrel_2024,"Farmers Electric Coop, Inc - (TX)",3
75441,44372,puct_ptc,Oncor Electric Delivery Company LLC,1
75442,44372,puct_ptc,Oncor Electric Delivery Company LLC,3
75442,40051,puct_ptc,Texas-New Mexico Power Co,3
75442,7559,nrel_2024,"Grayson-Collin Elec Coop, Inc",3
75444,17698,nrel_2024,Southwestern Electric Power Co,1
75446,44372,puct_ptc,Oncor Electric Delivery Company LLC,2
75446,6173,nrel_2024,Fannin County Electric Coop,2
75447,44372,puct_ptc,Oncor Electric Delivery Company LLC,2
75447,6173,nrel_2024,Fannin County Electric Coop,2
75448,44372,puct_ptc,Oncor Electric Delivery Company LLC,1
75449,44372,puct_ptc,Oncor Electric Delivery Company LLC,1
75450,6182,nrel_2024,"Farmers Electric Coop, Inc - (TX)",1
75451,17698,nrel_2024,Southwestern Electric Power Co,4
75451,2049,nrel_2024,"Bowie-Cass Electric Coop, Inc",4
75451,19579,nrel_2024,Upshur Rural Elec Coop Corp,4
75451,20927,nrel_2024,"Wood County Electric Coop, Inc",4
75452,44372,puct_ptc,Oncor Electric Delivery Company LLC,3
75452,40051,puct_ptc,Texas-New Mexico Power Co,3
75452,7559,nrel_2024,"Grayson-Collin Elec Coop, Inc",3
75453,40051,puct_ptc,Texas-New Mexico Power Co,2
75453,6182,nrel_2024,"Farmers Electric Coop, Inc - (TX)",2
75454,44372,puct_ptc,Oncor Electric Delivery Company LLC,2
75454,7559,nrel_2024,"Grayson-Collin Elec Coop, Inc",2
75455,17698,nrel_2024,Southwestern Electric Power Co,4
75455,2049,nrel_2024,"Bowie-Cass Electric Coop, Inc",4
75455,6182,nrel_2024,"Farmers Electric Coop, Inc - (TX)",4
75455,19579,nrel_2024,Upshur Rural Elec Coop Corp,4
75456,17698,nrel_2024,Southwestern Electric Power Co,1
75457,17698,nrel_2024,Southwestern Electric Power Co,4
75457,2049,nrel_2024,"Bowie-Cass Electric Coop, Inc",4
75457,6182,nrel_2024,"Farmers Electric Coop, Inc - (TX)",4
75457,20927,nrel_2024,"Wood County Electric Coop, Inc",4
75458,44372,puct_ptc,Oncor Electric Delivery Company LLC,1
75459,44372,puct_ptc,Oncor Electric Delivery Company LLC,2
75459,7559,nrel_2024,"Grayson-Collin Elec Coop, Inc",2
75460,44372,puct_ptc,Oncor Electric Delivery Company LLC,3
75460,6182,nrel_2024,"Farmers Electric Coop, Inc - (TX)",3
75460,10649,nrel_2024,Lamar County Elec Coop Assn,3
75462,44372,puct_ptc,Oncor Electric Delivery Company LLC,2
75462,40051,puct_ptc,Texas-New Mexico Power Co,2
75468,40051,puct_ptc,Texas-New Mexico Power Co,2
75468,10649,nrel_2024,Lamar County Elec Coop Assn,2
75469,44372,puct_ptc,Oncor Electric Delivery Company LLC,1
75470,44372,puct_ptc,Oncor Electric Delivery Company LLC,2
75470,6173,nrel_2024,Fannin County Electric Coop,2
75471,17698,nrel_2024,Southwestern Electric Power Co,2
75471,20927,nrel_2024,"Wood County Electric Coop, Inc",2
75472,40051,puct_ptc,Texas-New Mexico Power Co,2
75472,6182,nrel_2024,"Farmers Electric Coop, Inc - (TX)",2
75473,44372,puct_ptc,Oncor Electric Delivery Company LLC,2
75473,10649,nrel_2024,Lamar County Elec Coop Assn,2
75474,44372,puct_ptc,Oncor Electric Delivery Company LLC,2
75474,6182,nrel_2024,"Farmers Electric Coop, Inc - (TX)",2
75475,40051,puct_ptc,Texas-New Mexico Power Co,1
75476,44372,puct_ptc,Oncor Electric Delivery Company LLC,1
75477,44372,puct_ptc,Oncor Electric Delivery Company LLC,3
75477,6182,nrel_2024,"Farmers Electric Coop, Inc - (TX)",3
75477,10649,nrel_2024,Lamar County Elec Coop Assn,3
75478,17698,nrel_2024,Southwestern Electric Power Co,2
75478,20927,nrel_2024,"Wood County Electric Coop, Inc",2
75479,44372,puct_ptc,Oncor Electric Delivery Company LLC,2
75479,7559,nrel_2024,"Grayson-Collin Elec Coop, Inc",2
75480,17698,nrel_2024,Southwestern Electric Power Co,4
75480,2049,nrel_2024,"Bowie-Cass Electric Coop, Inc",4
75480,19579,nrel_2024,Upshur Rural Elec Coop Corp,4
75480,20927,nrel_2024,"Wood County Electric Coop, Inc",4
75481,44372,puct_ptc,Oncor Electric Delivery Company LLC,3
75481,17698,nrel_2024,Southwestern Electric Power Co,3
75481,6182,nrel_2024,"Farmers Electric Coop, Inc - (TX)",3
75482,44372,puct_ptc,Oncor Electric Delivery Company LLC,3
75482,17698,nrel_2024,Southwestern Electric Power Co,3
75482,6182,nrel_2024,"Farmers Electric Coop, Inc - (TX)",3
75485,40051,puct_ptc,Texas-New Mexico Power Co,2
75485,7559,nrel_2024,"Grayson-Collin Elec Coop, Inc",2
75486,44372,puct_ptc,Oncor Electric Delivery Company LLC,2
75486,6173,nrel_2024,Fannin County Electric Coop,2
75487,40051,puct_ptc,Texas-New Mexico Power Co,4
75487,17698,nrel_2024,Southwestern Electric Power Co,4
75487,6182,nrel_2024,"Farmers Electric Coop, Inc - (TX)",4
75487,10649,nrel_2024,Lamar County Elec Coop Assn,4
75488,44372,puct_ptc,Oncor Electric Delivery Company LLC,2
75488,6173,nrel_2024,Fannin County Electric Coop,2
75489,40051,puct_ptc,Texas-New Mexico Power Co,2
75489,7559,nrel_2024,"Grayson-Collin Elec Coop, Inc",2
75490,40051,puct_ptc,Texas-New Mexico Power Co,2
75490,7559,nrel_2024,"Grayson-Collin Elec Coop, Inc",2
75491,40051,puct_ptc,Texas-New Mexico Power Co,2
75491,7559,nrel_2024,"Grayson-Collin Elec Coop, Inc",2
75492,44372,puct_ptc,Oncor Electric Delivery Company LLC,1
75493,17698,nrel_2024,Southwestern Electric Power Co,1
75494,17698,nrel_2024,Southwestern Electric Power Co,3
75494,19579,nrel_2024,Upshur Rural Elec Coop Corp,3
75494,20927,nrel_2024,"Wood County Electric Coop, Inc",3
75495,44372,puct_ptc,Oncor Electric Delivery Company LLC,2
75495,7559,nrel_2024,"Grayson-Collin Elec Coop, Inc",2
75496,44372,puct_ptc,Oncor Electric Delivery Company LLC,1
75497,44372,puct_ptc,Oncor Electric Delivery Company LLC,4
75497,17698,nrel_2024,Southwestern Electric Power Co,4
75497,6182,nrel_2024,"Farmers Electric Coop, Inc - (TX)",4
75497,20927,nrel_2024,"Wood County Electric Coop, Inc",4
75501,17698,nrel_2024,Southwestern Electric Power Co,3
75501,2049,nrel_2024,"Bowie-Cass Electric Coop, Inc",3
75501,17671,nrel_2024,Southwest Arkansas E C C,3
75503,17698,nrel_2024,Southwestern Electric Power Co,3
75503,2049,nrel_2024,"Bowie-Cass Electric Coop, Inc",3
75503,17671,nrel_2024,Southwest Arkansas E C C,3
75504,2049,nrel_2024,"Bowie-Cass Electric Coop, Inc",1
75505,17698,nrel_2024,Southwestern Electric Power Co,1
75507,2049,nrel_2024,"Bowie-Cass Electric Coop, Inc",1
75550,44372,puct_ptc,Oncor Electric Delivery Company LLC,3
75550,17698,nrel_2024,Southwestern Electric Power Co,3
75550,10649,nrel_2024,Lamar County Elec Coop Assn,3
75551,17698,nrel_2024,Southwestern Electric Power Co,3
75551,2049,nrel_2024,"Bowie-Cass Electric Coop, Inc",3
75551,17671,nrel_2024,Southwest Arkansas E C C,3
75554,44372,puct_ptc,Oncor Electric Delivery Company LLC,4
75554,17698,nrel_2024,Southwestern Electric Power Co,4
75554,2049,nrel_2024,"Bowie-Cass Electric Coop, Inc",4
75554,10649,nrel_2024,Lamar County Elec Coop Assn,4
75555,17698,nrel_2024,Southwestern Electric Power Co,5
75555,2049,nrel_2024,"Bowie-Cass Electric Coop, Inc",5
75555,14424,nrel_2024,"Panola-Harrison Elec Coop, Inc",5
75555,17671,nrel_2024,Southwest Arkansas E C C,5
75555,19579,nrel_2024,Upshur Rural Elec Coop Corp,5
75556,17698,nrel_2024,Southwestern Electric Power Co,3
75556,2049,nrel_2024,"Bowie-Cass Electric Coop, Inc",3
75556,17671,nrel_2024,Southwest Arkansas E C C,3
75558,17698,nrel_2024,Southwestern Electric Power Co,1
75559,17698,nrel_2024,Southwestern Electric Power Co,4
75559,2049,nrel_2024,"Bowie-Cass Electric Coop, Inc",4
75559,10649,nrel_2024,Lamar County Elec Coop Assn,4
75559,17671,nrel_2024,Southwest Arkansas E C C,4
75560,17698,nrel_2024,Southwestern Electric Power Co,2
75560,2049,nrel_2024,"Bowie-Cass Electric Coop, Inc",2
75561,17698,nrel_2024,Southwestern Electric Power Co,3
75561,2049,nrel_2024,"Bowie-Cass Electric Coop, Inc",3
75561,17671,nrel_2024,Southwest Arkansas E C C,3
75562,17698,nrel_2024,Southwestern Electric Power Co,2
75562,2049,nrel_2024,"Bowie-Cass Electric Coop, Inc",2
75563,17698,nrel_2024,Southwestern Electric Power Co,3
75563,2049,nrel_2024,"Bowie-Cass Electric Coop, Inc",3
75563,19579,nrel_2024,Upshur Rural Elec Coop Corp,3
75564,19579,nrel_2024,Upshur Rural Elec Coop Corp,1
75565,17698,nrel_2024,Southwestern Electric Power Co,1
75566,17698,nrel_2024,Southwestern Electric Power Co,2
75566,2049,nrel_2024,"Bowie-Cass Electric Coop, Inc",2
75567,17698,nrel_2024,Southwestern Electric Power Co,2
75567,2049,nrel_2024,"Bowie-Cass Electric Coop, Inc",2
75568,17698,nrel_2024,Southwestern Electric Power Co,2
75568,2049,nrel_2024,"Bowie-Cass Electric Coop, Inc",2
75569,17698,nrel_2024,Southwestern Electric Power Co,1
75570,17698,nrel_2024,Southwestern Electric Power Co,3
75570,2049,nrel_2024,"Bowie-Cass Electric Coop, Inc",3
75570,17671,nrel_2024,Southwest Arkansas E C C,3
75571,17698,nrel_2024,Southwestern Electric Power Co,2
75571,2049,nrel_2024,"Bowie-Cass Electric Coop, Inc",2
75572,17698,nrel_2024,Southwestern Electric Power Co,3
75572,2049,nrel_2024,"Bowie-Cass Electric Coop, Inc",3
75572,17671,nrel_2024,Southwest Arkansas E C C,3
75573,2049,nrel_2024,"Bowie-Cass Electric Coop, Inc",1
75574,17698,nrel_2024,Southwestern Electric Power Co,2
75574,2049,nrel_2024,"Bowie-Cass Electric Coop, Inc",2
75599,17698,nrel_2024,Southwestern Electric Power Co,1
75601,17698,nrel_2024,Southwestern Electric Power Co,1
75602,17698,nrel_2024,Southwestern Electric Power Co,2
75602,16461,nrel_2024,"Rusk County Electric Coop, Inc",2
75603,17698,nrel_2024,Southwestern Electric Power Co,2
75603,16461,nrel_2024,"Rusk County Electric Coop, Inc",2
75604,17698,nrel_2024,Southwestern Electric Power Co,1
75605,17698,nrel_2024,Southwestern Electric Power Co,2
75605,19579,nrel_2024,Upshur Rural Elec Coop Corp,2
75606,17698,nrel_2024,Southwestern Electric Power Co,1
75607,17698,nrel_2024,Southwestern Electric Power Co,1
75608,17698,nrel_2024,Southwestern Electric Power Co,1
75615,17698,nrel_2024,Southwestern Electric Power Co,1
75630,17698,nrel_2024,Southwestern Electric Power Co,3
75630,2049,nrel_2024,"Bowie-Cass Electric Coop, Inc",3
75630,19579,nrel_2024,Upshur Rural Elec Coop Corp,3
75631,17698,nrel_2024,Southwestern Electric Power Co,3
75631,14424,nrel_2024,"Panola-Harrison Elec Coop, Inc",3
75631,16461,nrel_2024,"Rusk County Electric Coop, Inc",3
75633,17698,nrel_2024,Southwestern Electric Power Co,4
75633,4975,nrel_2024,Deep East Texas Elec Coop Inc,4
75633,14424,nrel_2024,"Panola-Harrison Elec Coop, Inc",4
75633,16461,nrel_2024,"Rusk County Electric Coop, Inc",4
75636,17698,nrel_2024,Southwestern Electric Power Co,1
75637,16461,nrel_2024,"Rusk County Electric Coop, Inc",1
75638,17698,nrel_2024,Southwestern Electric Power Co,3
75638,2049,nrel_2024,"Bowie-Cass Electric Coop, Inc",3
75638,19579,nrel_2024,Upshur Rural Elec Coop Corp,3
75639,17698,nrel_2024,Southwestern Electric Power Co,2
75639,14424,nrel_2024,"Panola-Harrison Elec Coop, Inc",2
75640,17698,nrel_2024,Southwestern Electric Power Co,2
75640,19579,nrel_2024,Upshur Rural Elec Coop Corp,2
75641,17698,nrel_2024,Southwestern Electric Power Co,2
75641,16461,nrel_2024,"Rusk County Electric Coop, Inc",2
75642,14424,nrel_2024,"Panola-Harrison Elec Coop, Inc",1
75643,17698,nrel_2024,Southwestern Electric Power Co,3
75643,4975,nrel_2024,Deep East Texas Elec Coop Inc,3
75643,16461,nrel_2024,"Rusk County Electric Coop, Inc",3
75644,17698,nrel_2024,Southwestern Electric Power Co,3
75644,19579,nrel_2024,Upshur Rural Elec Coop Corp,3
75644,20927,nrel_2024,"Wood County Electric Coop, Inc",3
75645,17698,nrel_2024,Southwestern Electric Power Co,2
75645,19579,nrel_2024,Upshur Rural Elec Coop Corp,2
75647,17698,nrel_2024,Southwestern Electric Power Co,1
75650,17698,nrel_2024,Southwestern Electric Power Co,3
75650,16461,nrel_2024,"Rusk County Electric Coop, Inc",3
75650,19579,nrel_2024,Upshur Rural Elec Coop Corp,3
75651,17698,nrel_2024,Southwestern Electric Power Co,2
75651,19579,nrel_2024,Upshur Rural Elec Coop Corp,2
75652,44372,puct_ptc,Oncor Electric Delivery Company LLC,3
75652,17698,nrel_2024,Southwestern Electric Power Co,3
75652,16461,nrel_2024,"Rusk County Electric Coop, Inc",3
75653,17698,nrel_2024,Southwestern Electric Power Co,1
75654,44372,puct_ptc,Oncor Electric Delivery Company LLC,4
75654,17698,nrel_2024,Southwestern Electric Power Co,4
75654,3470,nrel_2024,Cherokee County Elec Coop Assn - (TX),4
75654,16461,nrel_2024,"Rusk County Electric Coop, Inc",4
75656,17698,nrel_2024,Southwestern Electric Power Co,2
75656,2049,nrel_2024,"Bowie-Cass Electric Coop, Inc",2
75657,17698,nrel_2024,Southwestern Electric Power Co,4
75657,2049,nrel_2024,"Bowie-Cass Electric Coop, Inc",4
75657,14424,nrel_2024,"Panola-Harrison Elec Coop, Inc",4
75657,19579,nrel_2024,Upshur Rural Elec Coop Corp,4
75658,17698,nrel_2024,Southwestern Electric Power Co,1
75659,17698,nrel_2024,Southwestern Electric Power Co,1
75660,17698,nrel_2024,Southwestern Electric Power Co,1
75661,17698,nrel_2024,Southwestern Electric Power Co,3
75661,14424,nrel_2024,"Panola-Harrison Elec Coop, Inc",3
75661,19579,nrel_2024,Upshur Rural Elec Coop Corp,3
75662,17698,nrel_2024,Southwestern Electric Power Co,2
75662,16461,nrel_2024,"Rusk County Electric Coop, Inc",2
75663,17698,nrel_2024,Southwestern Electric Power Co,1
75666,17698,nrel_2024,Southwestern Electric Power Co,1
75667,44372,puct_ptc,Oncor Electric Delivery Company LLC,3
75667,17698,nrel_2024,Southwestern Electric Power Co,3
75667,3470,nrel_2024,Cherokee County Elec Coop Assn - (TX),3
75668,17698,nrel_2024,Southwestern Electric Power Co,3
75668,2049,nrel_2024,"Bowie-Cass Electric Coop, Inc",3
75668,19579,nrel_2024,Upshur Rural Elec Coop Corp,3
75669,17698,nrel_2024,Southwestern Electric Power Co,2
75669,16461,nrel_2024,"Rusk County Electric Coop, Inc",2
75670,17698,nrel_2024,Southwestern Electric Power Co,3
75670,16461,nrel_2024,"Rusk County Electric Coop, Inc",3
75670,19579,nrel_2024,Upshur Rural Elec Coop Corp,3
75671,17698,nrel_2024,Southwestern Electric Power Co,1
75672,17698,nrel_2024,Southwestern Electric Power Co,4
75672,14424,nrel_2024,"Panola-Harrison Elec Coop, Inc",4
75672,16461,nrel_2024,"Rusk County Electric Coop, Inc",4
75672,19579,nrel_2024,Upshur Rural Elec Coop Corp,4
75680,17698,nrel_2024,Southwestern Electric Power Co,1
75681,17698,nrel_2024,Southwestern Electric Power Co,3
75681,3470,nrel_2024,Cherokee County Elec Coop Assn - (TX),3
75681,16461,nrel_2024,"Rusk County Electric Coop, Inc",3
75682,17698,nrel_2024,Southwestern Electric Power Co,1
75683,17698,nrel_2024,Southwestern Electric Power Co,3
75683,2049,nrel_2024,"Bowie-Cass Electric Coop, Inc",3
75683,19579,nrel_2024,Upshur Rural Elec Coop Corp,3
75684,44372,puct_ptc,Oncor Electric Delivery Company LLC,3
75684,17698,nrel_2024,Southwestern Electric Power Co,3
75684,16461,nrel_2024,"Rusk County Electric Coop, Inc",3
75685,17698,nrel_2024,Southwestern Electric Power Co,1
75686,17698,nrel_2024,Southwestern Electric Power Co,3
75686,2049,nrel_2024,"Bowie-Cass Electric Coop, Inc",3
75686,19579,nrel_2024,Upshur Rural Elec Coop Corp,3
75687,17698,nrel_2024,Southwestern Electric Power Co,1
75688,17698,nrel_2024,Southwestern Electric Power Co,1
75689,17698,nrel_2024,Southwestern Electric Power Co,1
75691,17698,nrel_2024,Southwestern Electric Power Co,3
75691,14424,nrel_2024,"Panola-Harrison Elec Coop, Inc",3
75691,16461,nrel_2024,"Rusk County Electric Coop, Inc",3
75692,17698,nrel_2024,Southwestern Electric Power Co,2
75692,14424,nrel_2024,"Panola-Harrison Elec Coop, Inc",2
75693,17698,nrel_2024,Southwestern Electric Power Co,1
75694,17698,nrel_2024,Southwestern Electric Power Co,1
75701,44372,puct_ptc,Oncor Electric Delivery Company LLC,1
75702,44372,puct_ptc,Oncor Electric Delivery Company LLC,1
75703,44372,puct_ptc,Oncor Electric Delivery Company LLC,1
75704,44372,puct_ptc,Oncor Electric Delivery Company LLC,1
75705,44372,puct_ptc,Oncor Electric Delivery Company LLC,2
75705,17698,nrel_2024,Southwestern Electric Power Co,2
75706,44372,puct_ptc,Oncor Electric Delivery Company LLC,2
75706,17698,nrel_2024,Southwestern Electric Power Co,2
75707,44372,puct_ptc,Oncor Electric Delivery Company LLC,1
75708,44372,puct_ptc,Oncor Electric Delivery Company LLC,2
75708,17698,nrel_2024,Southwestern Electric Power Co,2
75709,44372,puct_ptc,Oncor Electric Delivery Company LLC,1
75710,44372,puct_ptc,Oncor Electric Delivery Company LLC,1
75711,44372,puct_ptc,Oncor Electric Delivery Company LLC,1
75712,44372,puct_ptc,Oncor Electric Delivery Company LLC,1
75713,44372,puct_ptc,Oncor Electric Delivery Company LLC,1
75750,44372,puct_ptc,Oncor Electric Delivery Company LLC,2
75750,17698,nrel_2024,Southwestern Electric Power Co,2
75751,44372,puct_ptc,Oncor Electric Delivery Company LLC,2
75751,18976,nrel_2024,Trinity Valley Elec Coop Inc,2
75752,44372,puct_ptc,Oncor Electric Delivery Company LLC,2
75752,18976,nrel_2024,Trinity Valley Elec Coop Inc,2
75754,44372,puct_ptc,Oncor Electric Delivery Company LLC,1
75755,17698,nrel_2024,Southwestern Electric Power Co,3
75755,19579,nrel_2024,Upshur Rural Elec Coop Corp,3
75755,20927,nrel_2024,"Wood County Electric Coop, Inc",3
75756,44372,puct_ptc,Oncor Electric Delivery Company LLC,1
75757,44372,puct_ptc,Oncor Electric Delivery Company LLC,1
75758,44372,puct_ptc,Oncor Electric Delivery Company LLC,1
75760,44372,puct_ptc,Oncor Electric Delivery Company LLC,3
75760,17698,nrel_2024,Southwestern Electric Power Co,3
75760,3470,nrel_2024,Cherokee County Elec Coop Assn - (TX),3
75762,44372,puct_ptc,Oncor Electric Delivery Company LLC,1
75763,44372,puct_ptc,Oncor Electric Delivery Company LLC,1
75764,44372,puct_ptc,Oncor Electric Delivery Company LLC,1
75765,17698,nrel_2024,Southwestern Electric Power Co,3
75765,19579,nrel_2024,Upshur Rural Elec Coop Corp,3
75765,20927,nrel_2024,"Wood County Electric Coop, Inc",3
75766,44372,puct_ptc,Oncor Electric Delivery Company LLC,3
75766,17698,nrel_2024,Southwestern Electric Power Co,3
75766,3470,nrel_2024,Cherokee County Elec Coop Assn - (TX),3
75770,44372,puct_ptc,Oncor Electric Delivery Company LLC,1
75771,44372,puct_ptc,Oncor Electric Delivery Company LLC,2
75771,17698,nrel_2024,Southwestern Electric Power Co,2
75773,44372,puct_ptc,Oncor Electric Delivery Company LLC,3
75773,17698,nrel_2024,Southwestern Electric Power Co,3
75773,20927,nrel_2024,"Wood County Electric Coop, Inc",3
75778,44372,puct_ptc,Oncor Electric Delivery Company LLC,1
75779,44372,puct_ptc,Oncor Electric Delivery Company LLC,1
75780,44372,puct_ptc,Oncor Electric Delivery Company LLC,1
75782,44372,puct_ptc,Oncor Electric Delivery Company LLC,1
75783,44372,puct_ptc,Oncor Electric Delivery Company LLC,3
75783,17698,nrel_2024,Southwestern Electric Power Co,3
75783,20927,nrel_2024,"Wood County Electric Coop, Inc",3
75784,17698,nrel_2024,Southwestern Electric Power Co,2
75784,3470,nrel_2024,Cherokee County Elec Coop Assn - (TX),2
75785,44372,puct_ptc,Oncor Electric Delivery Company LLC,1
75789,44372,puct_ptc,Oncor Electric Delivery Company LLC,3
75789,17698,nrel_2024,Southwestern Electric Power Co,3
75789,3470,nrel_2024,Cherokee County Elec Coop Assn - (TX),3
75790,44372,puct_ptc,Oncor Electric Delivery Company LLC,1
75791,44372,puct_ptc,Oncor Electric Delivery Company LLC,1
75792,17698,nrel_2024,Southwestern Electric Power Co,1
75797,17698,nrel_2024,Southwestern Electric Power Co,1
75801,44372,puct_ptc,Oncor Electric Delivery Company LLC,3
75801,55937,nrel_2024,Entergy Texas Inc.,3
75801,8898,nrel_2024,Houston County Elec Coop Inc,3
75802,44372,puct_ptc,Oncor Electric Delivery Company LLC,1
75803,44372,puct_ptc,Oncor Electric Delivery Company LLC,4
75803,55937,nrel_2024,Entergy Texas Inc.,4
75803,8898,nrel_2024,Houston County Elec Coop Inc,4
75803,18976,nrel_2024,Trinity Valley Elec Coop Inc,4
75831,44372,puct_ptc,Oncor Electric Delivery Company LLC,4
75831,55937,nrel_2024,Entergy Texas Inc.,4
75831,8898,nrel_2024,Houston County Elec Coop Inc,4
75831,16146,nrel_2024,"Navasota Valley Elec Coop, Inc",4
75833,44372,puct_ptc,Oncor Electric Delivery Company LLC,5
75833,55937,nrel_2024,Entergy Texas Inc.,5
75833,8898,nrel_2024,Houston County Elec Coop Inc,5
75833,12452,nrel_2024,Mid-South Electric Coop Assn,5
75833,16146,nrel_2024,"Navasota Valley Elec Coop, Inc",5
75834,55937,nrel_2024,Entergy Texas Inc.,1
75835,44372,puct_ptc,Oncor Electric Delivery Company LLC,4
75835,55937,nrel_2024,Entergy Texas Inc.,4
75835,8898,nrel_2024,Houston County Elec Coop Inc,4
75835,12452,nrel_2024,Mid-South Electric Coop Assn,4
75838,55937,nrel_2024,Entergy Texas Inc.,2
75838,16146,nrel_2024,"Navasota Valley Elec Coop, Inc",2
75839,44372,puct_ptc,Oncor Electric Delivery Company LLC,3
75839,55937,nrel_2024,Entergy Texas Inc.,3
75839,8898,nrel_2024,Houston County Elec Coop Inc,3
75840,44372,puct_ptc,Oncor Electric Delivery Company LLC,2
75840,18976,nrel_2024,Trinity Valley Elec Coop Inc,2
75844,44372,puct_ptc,Oncor Electric Delivery Company LLC,3
75844,55937,nrel_2024,Entergy Texas Inc.,3
75844,8898,nrel_2024,Houston County Elec Coop Inc,3
75845,55937,nrel_2024,Entergy Texas Inc.,3
75845,8898,nrel_2024,Houston County Elec Coop Inc,3
75845,16613,nrel_2024,Sam Houston Electric Coop Inc,3
75846,44372,puct_ptc,Oncor Electric Delivery Company LLC,5
75846,55937,nrel_2024,Entergy Texas Inc.,5
75846,8898,nrel_2024,Houston County Elec Coop Inc,5
75846,16146,nrel_2024,"Navasota Valley Elec Coop, Inc",5
75846,55982,nrel_2024,Heart of Texas Electric Coop,5
75847,55937,nrel_2024,Entergy Texas Inc.,3
75847,3470,nrel_2024,Cherokee County Elec Coop Assn - (TX),3
75847,8898,nrel_2024,Houston County Elec Coop Inc,3
75849,44372,puct_ptc,Oncor Electric Delivery Company LLC,1
75850,44372,puct_ptc,Oncor Electric Delivery Company LLC,3
75850,55937,nrel_2024,Entergy Texas Inc.,3
75850,12452,nrel_2024,Mid-South Electric Coop Assn,3
75851,44372,puct_ptc,Oncor Electric Delivery Company LLC,4
75851,55937,nrel_2024,Entergy Texas Inc.,4
75851,8898,nrel_2024,Houston County Elec Coop Inc,4
75851,12452,nrel_2024,Mid-South Electric Coop Assn,4
75852,55937,nrel_2024,Entergy Texas Inc.,2
75852,12452,nrel_2024,Mid-South Electric Coop Assn,2
75853,44372,puct_ptc,Oncor Electric Delivery Company LLC,2
75853,18976,nrel_2024,Trinity Valley Elec Coop Inc,2
75855,44372,puct_ptc,Oncor Electric Delivery Company LLC,4
75855,55937,nrel_2024,Entergy Texas Inc.,4
75855,8898,nrel_2024,Houston County Elec Coop Inc,4
75855,18976,nrel_2024,Trinity Valley Elec Coop Inc,4
75856,55937,nrel_2024,Entergy Texas Inc.,2
75856,8898,nrel_2024,Houston County Elec Coop Inc,2
75858,55937,nrel_2024,Entergy Texas Inc.,2
75858,8898,nrel_2024,Houston County Elec Coop Inc,2
75859,44372,puct_ptc,Oncor Electric Delivery Company LLC,2
75859,18976,nrel_2024,Trinity Valley Elec Coop Inc,2
75860,44372,puct_ptc,Oncor Electric Delivery Company LLC,3
75860,55937,nrel_2024,Entergy Texas Inc.,3
75860,16146,nrel_2024,"Navasota Valley Elec Coop, Inc",3
75861,44372,puct_ptc,Oncor Electric Delivery Company LLC,2
75861,18976,nrel_2024,Trinity Valley Elec Coop Inc,2
75862,55937,nrel_2024,Entergy Texas Inc.,4
75862,8898,nrel_2024,Houston County Elec Coop Inc,4
75862,12452,nrel_2024,Mid-South Electric Coop Assn,4
75862,16613,nrel_2024,Sam Houston Electric Coop Inc,4
75865,55937,nrel_2024,Entergy Texas Inc.,1
75880,18976,nrel_2024,Trinity Valley Elec Coop Inc,1
75882,18976,nrel_2024,Trinity Valley Elec Coop Inc,1
75884,18976,nrel_2024,Trinity Valley Elec Coop Inc,1
75886,18976,nrel_2024,Trinity Valley Elec Coop Inc,1
75901,44372,puct_ptc,Oncor Electric Delivery Company LLC,3
75901,55937,nrel_2024,Entergy Texas Inc.,3
75901,16613,nrel_2024,Sam Houston Electric Coop Inc,3
75902,44372,puct_ptc,Oncor Electric Delivery Company LLC,1
75904,44372,puct_ptc,Oncor Electric Delivery Company LLC,3
75904,55937,nrel_2024,Entergy Texas Inc.,3
75904,8898,nrel_2024,Houston County Elec Coop Inc,3
75925,44372,puct_ptc,Oncor Electric Delivery Company LLC,3
75925,3470,nrel_2024,Cherokee County Elec Coop Assn - (TX),3
75925,8898,nrel_2024,Houston County Elec Coop Inc,3
75926,55937,nrel_2024,Entergy Texas Inc.,2
75926,8898,nrel_2024,Houston County Elec Coop Inc,2
75928,55937,nrel_2024,Entergy Texas Inc.,2
75928,9668,nrel_2024,"Jasper-Newton Elec Coop, Inc",2
75929,55937,nrel_2024,Entergy Texas Inc.,3
75929,4975,nrel_2024,Deep East Texas Elec Coop Inc,3
75929,9668,nrel_2024,"Jasper-Newton Elec Coop, Inc",3
75930,55937,nrel_2024,Entergy Texas Inc.,3
75930,4975,nrel_2024,Deep East Texas Elec Coop Inc,3
75930,9668,nrel_2024,"Jasper-Newton Elec Coop, Inc",3
75931,55937,nrel_2024,Entergy Texas Inc.,3
75931,4975,nrel_2024,Deep East Texas Elec Coop Inc,3
75931,9668,nrel_2024,"Jasper-Newton Elec Coop, Inc",3
75932,55937,nrel_2024,Entergy Texas Inc.,3
75932,4975,nrel_2024,Deep East Texas Elec Coop Inc,3
75932,9668,nrel_2024,"Jasper-Newton Elec Coop, Inc",3
75933,55937,nrel_2024,Entergy Texas Inc.,2
75933,9668,nrel_2024,"Jasper-Newton Elec Coop, Inc",2
75934,55937,nrel_2024,Entergy Texas Inc.,2
75934,16613,nrel_2024,Sam Houston Electric Coop Inc,2
75935,17698,nrel_2024,Southwestern Electric Power Co,2
75935,4975,nrel_2024,Deep East Texas Elec Coop Inc,2
75936,55937,nrel_2024,Entergy Texas Inc.,2
75936,16613,nrel_2024,Sam Houston Electric Coop Inc,2
75937,44372,puct_ptc,Oncor Electric Delivery Company LLC,2
75937,4975,nrel_2024,Deep East Texas Elec Coop Inc,2
75938,55937,nrel_2024,Entergy Texas Inc.,3
75938,9668,nrel_2024,"Jasper-Newton Elec Coop, Inc",3
75938,16613,nrel_2024,Sam Houston Electric Coop Inc,3
75939,55937,nrel_2024,Entergy Texas Inc.,3
75939,8898,nrel_2024,Houston County Elec Coop Inc,3
75939,16613,nrel_2024,Sam Houston Electric Coop Inc,3
75941,44372,puct_ptc,Oncor Electric Delivery Company LLC,4
75941,55937,nrel_2024,Entergy Texas Inc.,4
75941,8898,nrel_2024,Houston County Elec Coop Inc,4
75941,16613,nrel_2024,Sam Houston Electric Coop Inc,4
75942,55937,nrel_2024,Entergy Texas Inc.,1
75943,44372,puct_ptc,Oncor Electric Delivery Company LLC,1
75944,4975,nrel_2024,Deep East Texas Elec Coop Inc,1
75946,17698,nrel_2024,Southwestern Electric Power Co,3
75946,4975,nrel_2024,Deep East Texas Elec Coop Inc,3
75946,16461,nrel_2024,"Rusk County Electric Coop, Inc",3
75948,17698,nrel_2024,Southwestern Electric Power Co,4
75948,55937,nrel_2024,Entergy Texas Inc.,4
75948,4975,nrel_2024,Deep East Texas Elec Coop Inc,4
75948,9668,nrel_2024,"Jasper-Newton Elec Coop, Inc",4
75949,44372,puct_ptc,Oncor Electric Delivery Company LLC,4
75949,55937,nrel_2024,Entergy Texas Inc.,4
75949,9668,nrel_2024,"Jasper-Newton Elec Coop, Inc",4
75949,16613,nrel_2024,Sam Houston Electric Coop Inc,4
75951,55937,nrel_2024,Entergy Texas Inc.,3
75951,4975,nrel_2024,Deep East Texas Elec Coop Inc,3
75951,9668,nrel_2024,"Jasper-Newton Elec Coop, Inc",3
75954,17698,nrel_2024,Southwestern Electric Power Co,3
75954,4975,nrel_2024,Deep East Texas Elec Coop Inc,3
75954,14424,nrel_2024,"Panola-Harrison Elec Coop, Inc",3
75956,55937,nrel_2024,Entergy Texas Inc.,2
75956,9668,nrel_2024,"Jasper-Newton Elec Coop, Inc",2
75959,17698,nrel_2024,Southwestern Electric Power Co,2
75959,4975,nrel_2024,Deep East Texas Elec Coop Inc,2
75960,55937,nrel_2024,Entergy Texas Inc.,2
75960,16613,nrel_2024,Sam Houston Electric Coop Inc,2
75961,44372,puct_ptc,Oncor Electric Delivery Company LLC,3
75961,17698,nrel_2024,Southwestern Electric Power Co,3
75961,4975,nrel_2024,Deep East Texas Elec Coop Inc,3
75962,44372,puct_ptc,Oncor Electric Delivery Company LLC,1
75963,44372,puct_ptc,Oncor Electric Delivery Company LLC,1
75964,44372,puct_ptc,Oncor Electric Delivery Company LLC,1
75965,44372,puct_ptc,Oncor Electric Delivery Company LLC,3
75965,17698,nrel_2024,Southwestern Electric Power Co,3
75965,16461,nrel_2024,"Rusk County Electric Coop, Inc",3
75966,55937,nrel_2024,Entergy Texas Inc.,3
75966,4975,nrel_2024,Deep East Texas Elec Coop Inc,3
75966,9668,nrel_2024,"Jasper-Newton Elec Coop, Inc",3
75968,4975,nrel_2024,Deep East Texas Elec Coop Inc,2
75968,9668,nrel_2024,"Jasper-Newton Elec Coop, Inc",2
75969,44372,puct_ptc,Oncor Electric Delivery Company LLC,3
75969,55937,nrel_2024,Entergy Texas Inc.,3
75969,8898,nrel_2024,Houston County Elec Coop Inc,3
75972,17698,nrel_2024,Southwestern Electric Power Co,2
75972,4975,nrel_2024,Deep East Texas Elec Coop Inc,2
75973,17698,nrel_2024,Southwestern Electric Power Co,2
75973,4975,nrel_2024,Deep East Texas Elec Coop Inc,2
75974,17698,nrel_2024,Southwestern Electric Power Co,3
75974,4975,nrel_2024,Deep East Texas Elec Coop Inc,3
75974,14424,nrel_2024,"Panola-Harrison Elec Coop, Inc",3
75975,17698,nrel_2024,Southwestern Electric Power Co,3
75975,4975,nrel_2024,Deep East Texas Elec Coop Inc,3
75975,16461,nrel_2024,"Rusk County Electric Coop, Inc",3
75976,44372,puct_ptc,Oncor Electric Delivery Company LLC,1
75977,55937,nrel_2024,Entergy Texas Inc.,2
75977,9668,nrel_2024,"Jasper-Newton Elec Coop, Inc",2
75979,55937,nrel_2024,Entergy Texas Inc.,3
75979,9668,nrel_2024,"Jasper-Newton Elec Coop, Inc",3
75979,16613,nrel_2024,Sam Houston Electric Coop Inc,3
75980,44372,puct_ptc,Oncor Electric Delivery Company LLC,5
75980,55937,nrel_2024,Entergy Texas Inc.,5
75980,4975,nrel_2024,Deep East Texas Elec Coop Inc,5
75980,9668,nrel_2024,"Jasper-Newton Elec Coop, Inc",5
75980,16613,nrel_2024,Sam Houston Electric Coop Inc,5
75990,55937,nrel_2024,Entergy Texas Inc.,1
76001,44372,puct_ptc,Oncor Electric Delivery Company LLC,1
76002,44372,puct_ptc,Oncor Electric Delivery Company LLC,1
76004,44372,puct_ptc,Oncor Electric Delivery Company LLC,1
76005,44372,puct_ptc,Oncor Electric Delivery Company LLC,1
76006,44372,puct_ptc,Oncor Electric Delivery Company LLC,1
76008,44372,puct_ptc,Oncor Electric Delivery Company LLC,1
76009,44372,puct_ptc,Oncor Electric Delivery Company LLC,1
76010,44372,puct_ptc,Oncor Electric Delivery Company LLC,1
76011,44372,puct_ptc,Oncor Electric Delivery Company LLC,1
76012,44372,puct_ptc,Oncor Electric Delivery Company LLC,1
76013,44372,puct_ptc,Oncor Electric Delivery Company LLC,1
76014,44372,puct_ptc,Oncor Electric Delivery Company LLC,1
76015,44372,puct_ptc,Oncor Electric Delivery Company LLC,1
76016,44372,puct_ptc,Oncor Electric Delivery Company LLC,1
76017,44372,puct_ptc,Oncor Electric Delivery Company LLC,1
76018,44372,puct_ptc,Oncor Electric Delivery Company LLC,1
76020,20404,puct_ptc,AEP Texas North Company,3
76020,44372,puct_ptc,Oncor Electric Delivery Company LLC,3
76020,20948,nrel_2024,Wise Electric Coop Inc,3
76021,44372,puct_ptc,Oncor Electric Delivery Company LLC,1
76022,44372,puct_ptc,Oncor Electric Delivery Company LLC,1
76023,44372,puct_ptc,Oncor Electric Delivery Company LLC,2
76023,20948,nrel_2024,Wise Electric Coop Inc,2
76028,44372,puct_ptc,Oncor Electric Delivery Company LLC,1
76031,44372,puct_ptc,Oncor Electric Delivery Company LLC,4
76031,8620,nrel_2024,"HILCO Electric Cooperative, Inc.",4
76031,19490,nrel_2024,United Electric Coop Service Inc - (TX),4
76031,55982,nrel_2024,Heart of Texas Electric Coop,4
76033,44372,puct_ptc,Oncor Electric Delivery Company LLC,3
76033,19490,nrel_2024,United Electric Coop Service Inc - (TX),3
76033,55982,nrel_2024,Heart of Texas Electric Coop,3
76034,44372,puct_ptc,Oncor Electric Delivery Company LLC,1
76035,44372,puct_ptc,Oncor Electric Delivery Company LLC,2
76035,19159,nrel_2024,"Tri-County Electric Coop, Inc (TX)",2
76036,44372,puct_ptc,Oncor Electric Delivery Company LLC,1
76039,44372,puct_ptc,Oncor Electric Delivery Company LLC,1
76040,44372,puct_ptc,Oncor Electric Delivery Company LLC,1
76041,44372,puct_ptc,Oncor Electric Delivery Company LLC,1
76043,40051,puct_ptc,Texas-New Mexico Power Co,3
76043,19490,nrel_2024,United Electric Coop Service Inc - (TX),3
76043,55982,nrel_2024,Heart of Texas Electric Coop,3
76044,44372,puct_ptc,Oncor Electric Delivery Company LLC,2
76044,19490,nrel_2024,United Electric Coop Service Inc - (TX),2
76048,44372,puct_ptc,Oncor Electric Delivery Company LLC,4
76048,40051,puct_ptc,Texas-New Mexico Power Co,4
76048,19159,nrel_2024,"Tri-County Electric Coop, Inc (TX)",4
76048,19490,nrel_2024,United Electric Coop Service Inc - (TX),4
76049,44372,puct_ptc,Oncor Electric Delivery Company LLC,3
76049,19159,nrel_2024,"Tri-County Electric Coop, Inc (TX)",3
76049,19490,nrel_2024,United Electric Coop Service Inc - (TX),3
76050,44372,puct_ptc,Oncor Electric Delivery Company LLC,3
76050,40051,puct_ptc,Texas-New Mexico Power Co,3
76050,8620,nrel_2024,"HILCO Electric Cooperative, Inc.",3
76051,44372,puct_ptc,Oncor Electric Delivery Company LLC,2
76051,5078,nrel_2024,"Denton County Elec Coop, Inc",2
76052,44372,puct_ptc,Oncor Electric Delivery Company LLC,4
76052,5078,nrel_2024,"Denton County Elec Coop, Inc",4
76052,19159,nrel_2024,"Tri-County Electric Coop, Inc (TX)",4
76052,20948,nrel_2024,Wise Electric Coop Inc,4
76053,44372,puct_ptc,Oncor Electric Delivery Company LLC,1
76054,44372,puct_ptc,Oncor Electric Delivery Company LLC,1
76055,44372,puct_ptc,Oncor Electric Delivery Company LLC,3
76055,40051,puct_ptc,Texas-New Mexico Power Co,3
76055,8620,nrel_2024,"HILCO Electric Cooperative, Inc.",3
76058,44372,puct_ptc,Oncor Electric Delivery Company LLC,2
76058,19490,nrel_2024,United Electric Coop Service Inc - (TX),2
76059,44372,puct_ptc,Oncor Electric Delivery Company LLC,1
76060,44372,puct_ptc,Oncor Electric Delivery Company LLC,1
76063,44372,puct_ptc,Oncor Electric Delivery Company LLC,1
76064,44372,puct_ptc,Oncor Electric Delivery Company LLC,1
76065,44372,puct_ptc,Oncor Electric Delivery Company LLC,1
76066,44372,puct_ptc,Oncor Electric Delivery Company LLC,2
76066,19159,nrel_2024,"Tri-County Electric Coop, Inc (TX)",2
76067,44372,puct_ptc,Oncor Electric Delivery Company LLC,1
76068,44372,puct_ptc,Oncor Electric Delivery Company LLC,1
76070,19490,nrel_2024,United Electric Coop Service Inc - (TX),2
76070,55982,nrel_2024,Heart of Texas Electric Coop,2
76071,44372,puct_ptc,Oncor Electric Delivery Company LLC,2
76071,20948,nrel_2024,Wise Electric Coop Inc,2
76073,44372,puct_ptc,Oncor Electric Delivery Company LLC,2
76073,20948,nrel_2024,Wise Electric Coop Inc,2
76077,40051,puct_ptc,Texas-New Mexico Power Co,2
76077,19490,nrel_2024,United Electric Coop Service Inc - (TX),2
76078,44372,puct_ptc,Oncor Electric Delivery Company LLC,4
76078,5078,nrel_2024,"Denton County Elec Coop, Inc",4
76078,19159,nrel_2024,"Tri-County Electric Coop, Inc (TX)",4
76078,20948,nrel_2024,Wise Electric Coop Inc,4
76082,44372,puct_ptc,Oncor Electric Delivery Company LLC,2
76082,20948,nrel_2024,Wise Electric Coop Inc,2
76084,44372,puct_ptc,Oncor Electric Delivery Company LLC,1
76085,44372,puct_ptc,Oncor Electric Delivery Company LLC,2
76085,20230,nrel_2024,Weatherford Mun Utility System,2
76086,44372,puct_ptc,Oncor Electric Delivery Company LLC,2
76086,20230,nrel_2024,Weatherford Mun Utility System,2
76087,44372,puct_ptc,Oncor Electric Delivery Company LLC,2
76087,19159,nrel_2024,"Tri-County Electric Coop, Inc (TX)",2
76088,44372,puct_ptc,Oncor Electric Delivery Company LLC,3
76088,19159,nrel_2024,"Tri-County Electric Coop, Inc (TX)",3
76088,20230,nrel_2024,Weatherford Mun Utility System,3
76092,44372,puct_ptc,Oncor Electric Delivery Company LLC,1
76093,40051,puct_ptc,Texas-New Mexico Power Co,3
76093,8620,nrel_2024,"HILCO Electric Cooperative, Inc.",3
76093,55982,nrel_2024,Heart of Texas Electric Coop,3
76098,44372,puct_ptc,Oncor Electric Delivery Company LLC,1
76102,44372,puct_ptc,Oncor Electric Delivery Company LLC,1
76103,44372,puct_ptc,Oncor Electric Delivery Company LLC,1
76104,44372,puct_ptc,Oncor Electric Delivery Company LLC,1
76105,44372,puct_ptc,Oncor Electric Delivery Company LLC,1
76106,44372,puct_ptc,Oncor Electric Delivery Company LLC,1
76107,44372,puct_ptc,Oncor Electric Delivery Company LLC,1
76108,44372,puct_ptc,Oncor Electric Delivery Company LLC,1
76109,44372,puct_ptc,Oncor Electric Delivery Company LLC,1
76110,44372,puct_ptc,Oncor Electric Delivery Company LLC,1
76111,44372,puct_ptc,Oncor Electric Delivery Company LLC,1
76112,44372,puct_ptc,Oncor Electric Delivery Company LLC,1
76114,44372,puct_ptc,Oncor Electric Delivery Company LLC,1
76115,44372,puct_ptc,Oncor Electric Delivery Company LLC,1
76116,44372,puct_ptc,Oncor Electric Delivery Company LLC,1
76117,44372,puct_ptc,Oncor Electric Delivery Company LLC,1
76118,44372,puct_ptc,Oncor Electric Delivery Company LLC,1
76119,44372,puct_ptc,Oncor Electric Delivery Company LLC,1
76120,44372,puct_ptc,Oncor Electric Delivery Company LLC,1
76123,44372,puct_ptc,Oncor Electric Delivery Company LLC,1
76126,44372,puct_ptc,Oncor Electric Delivery Company LLC,1
76127,44372,puct_ptc,Oncor Electric Delivery Company LLC,1
76129,44372,puct_ptc,Oncor Electric Delivery Company LLC,1
76131,44372,puct_ptc,Oncor Electric Delivery Company LLC,1
76132,44372,puct_ptc,Oncor Electric Delivery Company LLC,1
76133,44372,puct_ptc,Oncor Electric Delivery Company LLC,1
76134,44372,puct_ptc,Oncor Electric Delivery Company LLC,1
76135,44372,puct_ptc,Oncor Electric Delivery Company LLC,1
76137,44372,puct_ptc,Oncor Electric Delivery Company LLC,1
76140,44372,puct_ptc,Oncor Electric Delivery Company LLC,1
76148,44372,puct_ptc,Oncor Electric Delivery Company LLC,1
76155,44372,puct_ptc,Oncor Electric Delivery Company LLC,1
76161,44372,puct_ptc,Oncor Electric Delivery Company LLC,1
76164,44372,puct_ptc,Oncor Electric Delivery Company LLC,1
76177,44372,puct_ptc,Oncor Electric Delivery Company LLC,3
76177,5078,nrel_2024,"Denton County Elec Coop, Inc",3
76177,19159,nrel_2024,"Tri-County Electric Coop, Inc (TX)",3
76179,44372,puct_ptc,Oncor Electric Delivery Company LLC,1
76180,44372,puct_ptc,Oncor Electric Delivery Company LLC,1
76182,44372,puct_ptc,Oncor Electric Delivery Company LLC,1
76201,44372,puct_ptc,Oncor Electric Delivery Company LLC,3
76201,5063,nrel_2024,City of Denton - (TX),3
76201,5078,nrel_2024,"Denton County Elec Coop, Inc",3
76202,5063,nrel_2024,City of Denton - (TX),2
76202,5078,nrel_2024,"Denton County Elec Coop, Inc",2
76203,5063,nrel_2024,City of Denton - (TX),2
76203,5078,nrel_2024,"Denton County Elec Coop, Inc",2
76204,5063,nrel_2024,City of Denton - (TX),2
76204,5078,nrel_2024,"Denton County Elec Coop, Inc",2
76205,44372,puct_ptc,Oncor Electric Delivery Company LLC,4
76205,40051,puct_ptc,Texas-New Mexico Power Co,4
76205,5063,nrel_2024,City of Denton - (TX),4
76205,5078,nrel_2024,"Denton County Elec Coop, Inc",4
76206,5078,nrel_2024,"Denton County Elec Coop, Inc",1
76207,44372,puct_ptc,Oncor Electric Delivery Company LLC,3
76207,5063,nrel_2024,City of Denton - (TX),3
76207,5078,nrel_2024,"Denton County Elec Coop, Inc",3
76208,44372,puct_ptc,Oncor Electric Delivery Company LLC,3
76208,5063,nrel_2024,City of Denton - (TX),3
76208,5078,nrel_2024,"Denton County Elec Coop, Inc",3
76209,44372,puct_ptc,Oncor Electric Delivery Company LLC,4
76209,40051,puct_ptc,Texas-New Mexico Power Co,4
76209,5063,nrel_2024,City of Denton - (TX),4
76209,5078,nrel_2024,"Denton County Elec Coop, Inc",4
76210,44372,puct_ptc,Oncor Electric Delivery Company LLC,2
76210,5078,nrel_2024,"Denton County Elec Coop, Inc",2
76225,44372,puct_ptc,Oncor Electric Delivery Company LLC,2
76225,20948,nrel_2024,Wise Electric Coop Inc,2
76226,44372,puct_ptc,Oncor Electric Delivery Company LLC,3
76226,5078,nrel_2024,"Denton County Elec Coop, Inc",3
76226,19159,nrel_2024,"Tri-County Electric Coop, Inc (TX)",3
76227,44372,puct_ptc,Oncor Electric Delivery Company LLC,3
76227,40051,puct_ptc,Texas-New Mexico Power Co,3
76227,5078,nrel_2024,"Denton County Elec Coop, Inc",3
76228,44372,puct_ptc,Oncor Electric Delivery Company LLC,3
76228,4262,nrel_2024,Cooke County Elec Coop Assn,3
76228,20948,nrel_2024,Wise Electric Coop Inc,3
76230,44372,puct_ptc,Oncor Electric Delivery Company LLC,3
76230,4262,nrel_2024,Cooke County Elec Coop Assn,3
76230,20948,nrel_2024,Wise Electric Coop Inc,3
76233,44372,puct_ptc,Oncor Electric Delivery Company LLC,3
76233,5078,nrel_2024,"Denton County Elec Coop, Inc",3
76233,7559,nrel_2024,"Grayson-Collin Elec Coop, Inc",3
76234,44372,puct_ptc,Oncor Electric Delivery Company LLC,5
76234,4262,nrel_2024,Cooke County Elec Coop Assn,5
76234,5078,nrel_2024,"Denton County Elec Coop, Inc",5
76234,19159,nrel_2024,"Tri-County Electric Coop, Inc (TX)",5
76234,20948,nrel_2024,Wise Electric Coop Inc,5
76238,4262,nrel_2024,Cooke County Elec Coop Assn,3
76238,5078,nrel_2024,"Denton County Elec Coop, Inc",3
76238,20948,nrel_2024,Wise Electric Coop Inc,3
76239,4262,nrel_2024,Cooke County Elec Coop Assn,2
76239,20948,nrel_2024,Wise Electric Coop Inc,2
76240,44372,puct_ptc,Oncor Electric Delivery Company LLC,4
76240,4262,nrel_2024,Cooke County Elec Coop Assn,4
76240,5078,nrel_2024,"Denton County Elec Coop, Inc",4
76240,7559,nrel_2024,"Grayson-Collin Elec Coop, Inc",4
76244,44372,puct_ptc,Oncor Electric Delivery Company LLC,2
76244,5078,nrel_2024,"Denton County Elec Coop, Inc",2
76245,7559,nrel_2024,"Grayson-Collin Elec Coop, Inc",1
76246,4262,nrel_2024,Cooke County Elec Coop Assn,2
76246,20948,nrel_2024,Wise Electric Coop Inc,2
76247,44372,puct_ptc,Oncor Electric Delivery Company LLC,4
76247,5078,nrel_2024,"Denton County Elec Coop, Inc",4
76247,19159,nrel_2024,"Tri-County Electric Coop, Inc (TX)",4
76247,20948,nrel_2024,Wise Electric Coop Inc,4
76248,44372,puct_ptc,Oncor Electric Delivery Company LLC,1
76249,44372,puct_ptc,Oncor Electric Delivery Company LLC,5
76249,4262,nrel_2024,Cooke County Elec Coop Assn,5
76249,5078,nrel_2024,"Denton County Elec Coop, Inc",5
76249,19159,nrel_2024,"Tri-County Electric Coop, Inc (TX)",5
76249,20948,nrel_2024,Wise Electric Coop Inc,5
76250,44372,puct_ptc,Oncor Electric Delivery Company LLC,1
76251,40051,puct_ptc,Texas-New Mexico Power Co,3
76251,4262,nrel_2024,Cooke County Elec Coop Assn,3
76251,20948,nrel_2024,Wise Electric Coop Inc,3
76252,44372,puct_ptc,Oncor Electric Delivery Company LLC,2
76252,4262,nrel_2024,Cooke County Elec Coop Assn,2
76253,44372,puct_ptc,Oncor Electric Delivery Company LLC,1
76255,40051,puct_ptc,Texas-New Mexico Power Co,3
76255,4262,nrel_2024,Cooke County Elec Coop Assn,3
76255,20948,nrel_2024,Wise Electric Coop Inc,3
76258,40051,puct_ptc,Texas-New Mexico Power Co,3
76258,5078,nrel_2024,"Denton County Elec Coop, Inc",3
76258,7559,nrel_2024,"Grayson-Collin Elec Coop, Inc",3
76259,44372,puct_ptc,Oncor Electric Delivery Company LLC,4
76259,5078,nrel_2024,"Denton County Elec Coop, Inc",4
76259,19159,nrel_2024,"Tri-County Electric Coop, Inc (TX)",4
76259,20948,nrel_2024,Wise Electric Coop Inc,4
76261,40051,puct_ptc,Texas-New Mexico Power Co,3
76261,4262,nrel_2024,Cooke County Elec Coop Assn,3
76261,20948,nrel_2024,Wise Electric Coop Inc,3
76262,44372,puct_ptc,Oncor Electric Delivery Company LLC,3
76262,5078,nrel_2024,"Denton County Elec Coop, Inc",3
76262,19159,nrel_2024,"Tri-County Electric Coop, Inc (TX)",3
76263,4262,nrel_2024,Cooke County Elec Coop Assn,2
76263,20948,nrel_2024,Wise Electric Coop Inc,2
76264,44372,puct_ptc,Oncor Electric Delivery Company LLC,2
76264,7559,nrel_2024,"Grayson-Collin Elec Coop, Inc",2
76265,40051,puct_ptc,Texas-New Mexico Power Co,3
76265,4262,nrel_2024,Cooke County Elec Coop Assn,3
76265,20948,nrel_2024,Wise Electric Coop Inc,3
76266,4262,nrel_2024,Cooke County Elec Coop Assn,3
76266,5078,nrel_2024,"Denton County Elec Coop, Inc",3
76266,20948,nrel_2024,Wise Electric Coop Inc,3
76267,44372,puct_ptc,Oncor Electric Delivery Company LLC,2
76267,4262,nrel_2024,Cooke County Elec Coop Assn,2
76268,44372,puct_ptc,Oncor Electric Delivery Company LLC,2
76268,7559,nrel_2024,"Grayson-Collin Elec Coop, Inc",2
76270,44372,puct_ptc,Oncor Electric Delivery Company LLC,2
76270,20948,nrel_2024,Wise Electric Coop Inc,2
76271,40051,puct_ptc,Texas-New Mexico Power Co,3
76271,5078,nrel_2024,"Denton County Elec Coop, Inc",3
76271,7559,nrel_2024,"Grayson-Collin Elec Coop, Inc",3
76272,44372,puct_ptc,Oncor Electric Delivery Company LLC,2
76272,5078,nrel_2024,"Denton County Elec Coop, Inc",2
76273,44372,puct_ptc,Oncor Electric Delivery Company LLC,2
76273,7559,nrel_2024,"Grayson-Collin Elec Coop, Inc",2
76301,44372,puct_ptc,Oncor Electric Delivery Company LLC,2
76301,40051,puct_ptc,Texas-New Mexico Power Co,2
76302,44372,puct_ptc,Oncor Electric Delivery Company LLC,1
76305,44372,puct_ptc,Oncor Electric Delivery Company LLC,2
76305,40051,puct_ptc,Texas-New Mexico Power Co,2
76306,44372,puct_ptc,Oncor Electric Delivery Company LLC,1
76307,44372,puct_ptc,Oncor Electric Delivery Company LLC,1
76308,44372,puct_ptc,Oncor Electric Delivery Company LLC,1
76309,44372,puct_ptc,Oncor Electric Delivery Company LLC,1
76310,44372,puct_ptc,Oncor Electric Delivery Company LLC,2
76310,40051,puct_ptc,Texas-New Mexico Power Co,2
76311,44372,puct_ptc,Oncor Electric Delivery Company LLC,1
76351,44372,puct_ptc,Oncor Electric Delivery Company LLC,1
76354,44372,puct_ptc,Oncor Electric Delivery Company LLC,1
76357,40051,puct_ptc,Texas-New Mexico Power Co,1
76360,20404,puct_ptc,AEP Texas North Company,2
76360,44372,puct_ptc,Oncor Electric Delivery Company LLC,2
76363,20404,puct_ptc,AEP Texas North Company,1
76364,20404,puct_ptc,AEP Texas North Company,1
76365,44372,puct_ptc,Oncor Electric Delivery Company LLC,2
76365,40051,puct_ptc,Texas-New Mexico Power Co,2
76366,44372,puct_ptc,Oncor Electric Delivery Company LLC,1
76367,44372,puct_ptc,Oncor Electric Delivery Company LLC,1
76370,40051,puct_ptc,Texas-New Mexico Power Co,1
76371,20404,puct_ptc,AEP Texas North Company,1
76372,40051,puct_ptc,Texas-New Mexico Power Co,1
76373,20404,puct_ptc,AEP Texas North Company,1
76374,44372,puct_ptc,Oncor Electric Delivery Company LLC,2
76374,40051,puct_ptc,Texas-New Mexico Power Co,2
76377,40051,puct_ptc,Texas-New Mexico Power Co,1
76380,44372,puct_ptc,Oncor Electric Delivery Company LLC,1
76384,20404,puct_ptc,AEP Texas North Company,1
76388,20404,puct_ptc,AEP Texas North Company,2
76388,1591,nrel_2024,"Big Country Electric Coop, Inc",2
76401,44372,puct_ptc,Oncor Electric Delivery Company LLC,3
76401,40051,puct_ptc,Texas-New Mexico Power Co,3
76401,19159,nrel_2024,"Tri-County Electric Coop, Inc (TX)",3
76402,44372,puct_ptc,Oncor Electric Delivery Company LLC,1
76424,44372,puct_ptc,Oncor Electric Delivery Company LLC,2
76424,4295,nrel_2024,Comanche County Elec Coop Assn,2
76426,44372,puct_ptc,Oncor Electric Delivery Company LLC,2
76426,20948,nrel_2024,Wise Electric Coop Inc,2
76427,40051,puct_ptc,Texas-New Mexico Power Co,1
76429,44372,puct_ptc,Oncor Electric Delivery Company LLC,1
76430,20404,puct_ptc,AEP Texas North Company,4
76430,44372,puct_ptc,Oncor Electric Delivery Company LLC,4
76430,1591,nrel_2024,"Big Country Electric Coop, Inc",4
76430,4295,nrel_2024,Comanche County Elec Coop Assn,4
76431,44372,puct_ptc,Oncor Electric Delivery Company LLC,2
76431,20948,nrel_2024,Wise Electric Coop Inc,2
76432,44372,puct_ptc,Oncor Electric Delivery Company LLC,3
76432,4295,nrel_2024,Comanche County Elec Coop Assn,3
76432,7979,nrel_2024,Hamilton County Elec Coop Assn,3
76433,40051,puct_ptc,Texas-New Mexico Power Co,2
76433,19490,nrel_2024,United Electric Coop Service Inc - (TX),2
76435,44372,puct_ptc,Oncor Electric Delivery Company LLC,2
76435,4295,nrel_2024,Comanche County Elec Coop Assn,2
76436,40051,puct_ptc,Texas-New Mexico Power Co,2
76436,55982,nrel_2024,Heart of Texas Electric Coop,2
76437,20404,puct_ptc,AEP Texas North Company,3
76437,44372,puct_ptc,Oncor Electric Delivery Company LLC,3
76437,4295,nrel_2024,Comanche County Elec Coop Assn,3
76442,44372,puct_ptc,Oncor Electric Delivery Company LLC,4
76442,40051,puct_ptc,Texas-New Mexico Power Co,4
76442,4295,nrel_2024,Comanche County Elec Coop Assn,4
76442,7979,nrel_2024,Hamilton County Elec Coop Assn,4
76443,20404,puct_ptc,AEP Texas North Company,2
76443,4295,nrel_2024,Comanche County Elec Coop Assn,2
76444,44372,puct_ptc,Oncor Electric Delivery Company LLC,2
76444,4295,nrel_2024,Comanche County Elec Coop Assn,2
76445,44372,puct_ptc,Oncor Electric Delivery Company LLC,1
76446,44372,puct_ptc,Oncor Electric Delivery Company LLC,2
76446,55982,nrel_2024,Heart of Texas Electric Coop,2
76448,44372,puct_ptc,Oncor Electric Delivery Company LLC,2
76448,4295,nrel_2024,Comanche County Elec Coop Assn,2
76449,44372,puct_ptc,Oncor Electric Delivery Company LLC,2
76449,19159,nrel_2024,"Tri-County Electric Coop, Inc (TX)",2
76450,44372,puct_ptc,Oncor Electric Delivery Company LLC,2
76450,40051,puct_ptc,Texas-New Mexico Power Co,2
76452,7979,nrel_2024,Hamilton County Elec Coop Assn,1
76453,40051,puct_ptc,Texas-New Mexico Power Co,1
76454,44372,puct_ptc,Oncor Electric Delivery Company LLC,2
76454,4295,nrel_2024,Comanche County Elec Coop Assn,2
76455,40051,puct_ptc,Texas-New Mexico Power Co,3
76455,7979,nrel_2024,Hamilton County Elec Coop Assn,3
76455,55982,nrel_2024,Heart of Texas Electric Coop,3
76457,40051,puct_ptc,Texas-New Mexico Power Co,4
76457,7979,nrel_2024,Hamilton County Elec Coop Assn,4
76457,19490,nrel_2024,United Electric Coop Service Inc - (TX),4
76457,55982,nrel_2024,Heart of Texas Electric Coop,4
76458,44372,puct_ptc,Oncor Electric Delivery Company LLC,3
76458,19159,nrel_2024,"Tri-County Electric Coop, Inc (TX)",3
76458,20948,nrel_2024,Wise Electric Coop Inc,3
76459,40051,puct_ptc,Texas-New Mexico Power Co,1
76460,44372,puct_ptc,Oncor Electric Delivery Company LLC,2
76460,40051,puct_ptc,Texas-New Mexico Power Co,2
76462,44372,puct_ptc,Oncor Electric Delivery Company LLC,2
76462,19159,nrel_2024,"Tri-County Electric Coop, Inc (TX)",2
76463,40051,puct_ptc,Texas-New Mexico Power Co,1
76464,20404,puct_ptc,AEP Texas North Company,2
76464,4295,nrel_2024,Comanche County Elec Coop Assn,2
76467,19490,nrel_2024,United Electric Coop Service Inc - (TX),1
76469,20404,puct_ptc,AEP Texas North Company,1
76470,44372,puct_ptc,Oncor Electric Delivery Company LLC,2
76470,4295,nrel_2024,Comanche County Elec Coop Assn,2
76471,20404,puct_ptc,AEP Texas North Company,2
76471,4295,nrel_2024,Comanche County Elec Coop Assn,2
76472,44372,puct_ptc,Oncor Electric Delivery Company LLC,3
76472,40051,puct_ptc,Texas-New Mexico Power Co,3
76472,19159,nrel_2024,"Tri-County Electric Coop, Inc (TX)",3
76474,4295,nrel_2024,Comanche County Elec Coop Assn,1
76475,40051,puct_ptc,Texas-New Mexico Power Co,1
76476,40051,puct_ptc,Texas-New Mexico Power Co,2
76476,19490,nrel_2024,United Electric Coop Service Inc - (TX),2
76481,40051,puct_ptc,Texas-New Mexico Power Co,1
76483,20404,puct_ptc,AEP Texas North Company,2
76483,1591,nrel_2024,"Big Country Electric Coop, Inc",2
76484,44372,puct_ptc,Oncor Electric Delivery Company LLC,2
76484,40051,puct_ptc,Texas-New Mexico Power Co,2
76485,19159,nrel_2024,"Tri-County Electric Coop, Inc (TX)",1
76486,44372,puct_ptc,Oncor Electric Delivery Company LLC,1
76487,44372,puct_ptc,Oncor Electric Delivery Company LLC,3
76487,19159,nrel_2024,"Tri-County Electric Coop, Inc (TX)",3
76487,20948,nrel_2024,Wise Electric Coop Inc,3
76490,44372,puct_ptc,Oncor Electric Delivery Company LLC,1
76491,20404,puct_ptc,AEP Texas North Company,1
76501,44372,puct_ptc,Oncor Electric Delivery Company LLC,3
76501,1273,nrel_2024,"Bartlett Electric Coop, Inc",3
76501,55982,nrel_2024,Heart of Texas Electric Coop,3
76502,44372,puct_ptc,Oncor Electric Delivery Company LLC,3
76502,1273,nrel_2024,"Bartlett Electric Coop, Inc",3
76502,55982,nrel_2024,Heart of Texas Electric Coop,3
76503,44372,puct_ptc,Oncor Electric Delivery Company LLC,3
76503,1273,nrel_2024,"Bartlett Electric Coop, Inc",3
76503,55982,nrel_2024,Heart of Texas Electric Coop,3
76504,44372,puct_ptc,Oncor Electric Delivery Company LLC,3
76504,1273,nrel_2024,"Bartlett Electric Coop, Inc",3
76504,55982,nrel_2024,Heart of Texas Electric Coop,3
76505,44372,puct_ptc,Oncor Electric Delivery Company LLC,3
76505,1273,nrel_2024,"Bartlett Electric Coop, Inc",3
76505,55982,nrel_2024,Heart of Texas Electric Coop,3
76508,44372,puct_ptc,Oncor Electric Delivery Company LLC,3
76508,1273,nrel_2024,"Bartlett Electric Coop, Inc",3
76508,55982,nrel_2024,Heart of Texas Electric Coop,3
76511,44372,puct_ptc,Oncor Electric Delivery Company LLC,4
76511,55937,nrel_2024,Entergy Texas Inc.,4
76511,1273,nrel_2024,"Bartlett Electric Coop, Inc",4
76511,55982,nrel_2024,Heart of Texas Electric Coop,4
76513,44372,puct_ptc,Oncor Electric Delivery Company LLC,3
76513,1273,nrel_2024,"Bartlett Electric Coop, Inc",3
76513,55982,nrel_2024,Heart of Texas Electric Coop,3
76518,44372,puct_ptc,Oncor Electric Delivery Company LLC,4
76518,55937,nrel_2024,Entergy Texas Inc.,4
76518,1273,nrel_2024,"Bartlett Electric Coop, Inc",4
76518,55982,nrel_2024,Heart of Texas Electric Coop,4
76519,44372,puct_ptc,Oncor Electric Delivery Company LLC,4
76519,55937,nrel_2024,Entergy Texas Inc.,4
76519,1273,nrel_2024,"Bartlett Electric Coop, Inc",4
76519,55982,nrel_2024,Heart of Texas Electric Coop,4
76520,44372,puct_ptc,Oncor Electric Delivery Company LLC,4
76520,55937,nrel_2024,Entergy Texas Inc.,4
76520,1273,nrel_2024,"Bartlett Electric Coop, Inc",4
76520,55982,nrel_2024,Heart of Texas Electric Coop,4
76522,44372,puct_ptc,Oncor Electric Delivery Company LLC,4
76522,1273,nrel_2024,"Bartlett Electric Coop, Inc",4
76522,7979,nrel_2024,Hamilton County Elec Coop Assn,4
76522,55982,nrel_2024,Heart of Texas Electric Coop,4
76523,1273,nrel_2024,"Bartlett Electric Coop, Inc",2
76523,55982,nrel_2024,Heart of Texas Electric Coop,2
76524,44372,puct_ptc,Oncor Electric Delivery Company LLC,3
76524,1273,nrel_2024,"Bartlett Electric Coop, Inc",3
76524,55982,nrel_2024,Heart of Texas Electric Coop,3
76525,7979,nrel_2024,Hamilton County Elec Coop Assn,2
76525,55982,nrel_2024,Heart of Texas Electric Coop,2
76526,55982,nrel_2024,Heart of Texas Electric Coop,1
76527,44372,puct_ptc,Oncor Electric Delivery Company LLC,4
76527,1273,nrel_2024,"Bartlett Electric Coop, Inc",4
76527,14626,nrel_2024,"Pedernales Electric Coop, Inc",4
76527,55982,nrel_2024,Heart of Texas Electric Coop,4
76528,44372,puct_ptc,Oncor Electric Delivery Company LLC,5
76528,40051,puct_ptc,Texas-New Mexico Power Co,5
76528,1273,nrel_2024,"Bartlett Electric Coop, Inc",5
76528,7979,nrel_2024,Hamilton County Elec Coop Assn,5
76528,55982,nrel_2024,Heart of Texas Electric Coop,5
76530,44372,puct_ptc,Oncor Electric Delivery Company LLC,4
76530,55937,nrel_2024,Entergy Texas Inc.,4
76530,1273,nrel_2024,"Bartlett Electric Coop, Inc",4
76530,55982,nrel_2024,Heart of Texas Electric Coop,4
76531,40051,puct_ptc,Texas-New Mexico Power Co,3
76531,7979,nrel_2024,Hamilton County Elec Coop Assn,3
76531,55982,nrel_2024,Heart of Texas Electric Coop,3
76533,1273,nrel_2024,"Bartlett Electric Coop, Inc",2
76533,55982,nrel_2024,Heart of Texas Electric Coop,2
76534,44372,puct_ptc,Oncor Electric Delivery Company LLC,4
76534,55937,nrel_2024,Entergy Texas Inc.,4
76534,1273,nrel_2024,"Bartlett Electric Coop, Inc",4
76534,55982,nrel_2024,Heart of Texas Electric Coop,4
76537,44372,puct_ptc,Oncor Electric Delivery Company LLC,3
76537,1273,nrel_2024,"Bartlett Electric Coop, Inc",3
76537,55982,nrel_2024,Heart of Texas Electric Coop,3
76538,40051,puct_ptc,Texas-New Mexico Power Co,2
76538,55982,nrel_2024,Heart of Texas Electric Coop,2
76539,44372,puct_ptc,Oncor Electric Delivery Company LLC,5
76539,1273,nrel_2024,"Bartlett Electric Coop, Inc",5
76539,7979,nrel_2024,Hamilton County Elec Coop Assn,5
76539,14626,nrel_2024,"Pedernales Electric Coop, Inc",5
76539,55982,nrel_2024,Heart of Texas Electric Coop,5
76540,44372,puct_ptc,Oncor Electric Delivery Company LLC,3
76540,1273,nrel_2024,"Bartlett Electric Coop, Inc",3
76540,55982,nrel_2024,Heart of Texas Electric Coop,3
76541,44372,puct_ptc,Oncor Electric Delivery Company LLC,3
76541,1273,nrel_2024,"Bartlett Electric Coop, Inc",3
76541,55982,nrel_2024,Heart of Texas Electric Coop,3
76542,44372,puct_ptc,Oncor Electric Delivery Company LLC,3
76542,1273,nrel_2024,"Bartlett Electric Coop, Inc",3
76542,55982,nrel_2024,Heart of Texas Electric Coop,3
76543,44372,puct_ptc,Oncor Electric Delivery Company LLC,3
76543,1273,nrel_2024,"Bartlett Electric Coop, Inc",3
76543,55982,nrel_2024,Heart of Texas Electric Coop,3
76544,44372,puct_ptc,Oncor Electric Delivery Company LLC,3
76544,1273,nrel_2024,"Bartlett Electric Coop, Inc",3
76544,55982,nrel_2024,Heart of Texas Electric Coop,3
76547,1273,nrel_2024,"Bartlett Electric Coop, Inc",2
76547,55982,nrel_2024,Heart of Texas Electric Coop,2
76548,44372,puct_ptc,Oncor Electric Delivery Company LLC,3
76548,1273,nrel_2024,"Bartlett Electric Coop, Inc",3
76548,55982,nrel_2024,Heart of Texas Electric Coop,3
76549,44372,puct_ptc,Oncor Electric Delivery Company LLC,4
76549,1273,nrel_2024,"Bartlett Electric Coop, Inc",4
76549,14626,nrel_2024,"Pedernales Electric Coop, Inc",4
76549,55982,nrel_2024,Heart of Texas Electric Coop,4
76550,7979,nrel_2024,Hamilton County Elec Coop Assn,3
76550,14626,nrel_2024,"Pedernales Electric Coop, Inc",3
76550,55982,nrel_2024,Heart of Texas Electric Coop,3
76554,44372,puct_ptc,Oncor Electric Delivery Company LLC,3
76554,1273,nrel_2024,"Bartlett Electric Coop, Inc",3
76554,55982,nrel_2024,Heart of Texas Electric Coop,3
76556,44372,puct_ptc,Oncor Electric Delivery Company LLC,5
76556,55937,nrel_2024,Entergy Texas Inc.,5
76556,1273,nrel_2024,"Bartlett Electric Coop, Inc",5
76556,1892,nrel_2024,"Bluebonnet Electric Coop, Inc",5
76556,55982,nrel_2024,Heart of Texas Electric Coop,5
76557,44372,puct_ptc,Oncor Electric Delivery Company LLC,3
76557,1273,nrel_2024,"Bartlett Electric Coop, Inc",3
76557,55982,nrel_2024,Heart of Texas Electric Coop,3
76558,55982,nrel_2024,Heart of Texas Electric Coop,1
76559,44372,puct_ptc,Oncor Electric Delivery Company LLC,3
76559,1273,nrel_2024,"Bartlett Electric Coop, Inc",3
76559,55982,nrel_2024,Heart of Texas Electric Coop,3
76561,44372,puct_ptc,Oncor Electric Delivery Company LLC,2
76561,55982,nrel_2024,Heart of Texas Electric Coop,2
76564,44372,puct_ptc,Oncor Electric Delivery Company LLC,3
76564,1273,nrel_2024,"Bartlett Electric Coop, Inc",3
76564,55982,nrel_2024,Heart of Texas Electric Coop,3
76565,7979,nrel_2024,Hamilton County Elec Coop Assn,2
76565,55982,nrel_2024,Heart of Texas Electric Coop,2
76566,7979,nrel_2024,Hamilton County Elec Coop Assn,2
76566,55982,nrel_2024,Heart of Texas Electric Coop,2
76567,44372,puct_ptc,Oncor Electric Delivery Company LLC,5
76567,55937,nrel_2024,Entergy Texas Inc.,5
76567,1273,nrel_2024,"Bartlett Electric Coop, Inc",5
76567,1892,nrel_2024,"Bluebonnet Electric Coop, Inc",5
76567,55982,nrel_2024,Heart of Texas Electric Coop,5
76569,44372,puct_ptc,Oncor Electric Delivery Company LLC,4
76569,55937,nrel_2024,Entergy Texas Inc.,4
76569,1273,nrel_2024,"Bartlett Electric Coop, Inc",4
76569,55982,nrel_2024,Heart of Texas Electric Coop,4
76570,44372,puct_ptc,Oncor Electric Delivery Company LLC,4
76570,55937,nrel_2024,Entergy Texas Inc.,4
76570,1273,nrel_2024,"Bartlett Electric Coop, Inc",4
76570,55982,nrel_2024,Heart of Texas Electric Coop,4
76571,44372,puct_ptc,Oncor Electric Delivery Company LLC,3
76571,1273,nrel_2024,"Bartlett Electric Coop, Inc",3
76571,55982,nrel_2024,Heart of Texas Electric Coop,3
76573,1273,nrel_2024,"Bartlett Electric Coop, Inc",1
76574,44372,puct_ptc,Oncor Electric Delivery Company LLC,3
76574,1273,nrel_2024,"Bartlett Electric Coop, Inc",3
76574,55982,nrel_2024,Heart of Texas Electric Coop,3
76577,44372,puct_ptc,Oncor Electric Delivery Company LLC,5
76577,55937,nrel_2024,Entergy Texas Inc.,5
76577,1273,nrel_2024,"Bartlett Electric Coop, Inc",5
76577,1892,nrel_2024,"Bluebonnet Electric Coop, Inc",5
76577,55982,nrel_2024,Heart of Texas Electric Coop,5
76578,44372,puct_ptc,Oncor Electric Delivery Company LLC,4
76578,1273,nrel_2024,"Bartlett Electric Coop, Inc",4
76578,1892,nrel_2024,"Bluebonnet Electric Coop, Inc",4
76578,55982,nrel_2024,Heart of Texas Electric Coop,4
76579,44372,puct_ptc,Oncor Electric Delivery Company LLC,3
76579,1273,nrel_2024,"Bartlett Electric Coop, Inc",3
76579,55982,nrel_2024,Heart of Texas Electric Coop,3
76596,55982,nrel_2024,Heart of Texas Electric Coop,1
76597,55982,nrel_2024,Heart of Texas Electric Coop,1
76598,55982,nrel_2024,Heart of Texas Electric Coop,1
76599,55982,nrel_2024,Heart of Texas Electric Coop,1
76621,44372,puct_ptc,Oncor Electric Delivery Company LLC,2
76621,55982,nrel_2024,Heart of Texas Electric Coop,2
76622,55982,nrel_2024,Heart of Texas Electric Coop,1
76623,44372,puct_ptc,Oncor Electric Delivery Company LLC,1
76624,44372,puct_ptc,Oncor Electric Delivery Company LLC,2
76624,55982,nrel_2024,Heart of Texas Electric Coop,2
76626,44372,puct_ptc,Oncor Electric Delivery Company LLC,2
76626,13332,nrel_2024,"Navarro County Elec Coop, Inc",2
76627,40051,puct_ptc,Texas-New Mexico Power Co,3
76627,8620,nrel_2024,"HILCO Electric Cooperative, Inc.",3
76627,55982,nrel_2024,Heart of Texas Electric Coop,3
76628,44372,puct_ptc,Oncor Electric Delivery Company LLC,1
76629,40051,puct_ptc,Texas-New Mexico Power Co,4
76629,55937,nrel_2024,Entergy Texas Inc.,4
76629,1273,nrel_2024,"Bartlett Electric Coop, Inc",4
76629,55982,nrel_2024,Heart of Texas Electric Coop,4
76630,44372,puct_ptc,Oncor Electric Delivery Company LLC,2
76630,55982,nrel_2024,Heart of Texas Electric Coop,2
76631,44372,puct_ptc,Oncor Electric Delivery Company LLC,1
76632,44372,puct_ptc,Oncor Electric Delivery Company LLC,2
76632,55982,nrel_2024,Heart of Texas Electric Coop,2
76633,44372,puct_ptc,Oncor Electric Delivery Company LLC,2
76633,55982,nrel_2024,Heart of Texas Electric Coop,2
76634,40051,puct_ptc,Texas-New Mexico Power Co,2
76634,55982,nrel_2024,Heart of Texas Electric Coop,2
76635,44372,puct_ptc,Oncor Electric Delivery Company LLC,1
76636,40051,puct_ptc,Texas-New Mexico Power Co,2
76636,8620,nrel_2024,"HILCO Electric Cooperative, Inc.",2
76637,55982,nrel_2024,Heart of Texas Electric Coop,1
76638,40051,puct_ptc,Texas-New Mexico Power Co,2
76638,55982,nrel_2024,Heart of Texas Electric Coop,2
76639,44372,puct_ptc,Oncor Electric Delivery Company LLC,2
76639,13332,nrel_2024,"Navarro County Elec Coop, Inc",2
76640,44372,puct_ptc,Oncor Electric Delivery Company LLC,2
76640,55982,nrel_2024,Heart of Texas Electric Coop,2
76641,44372,puct_ptc,Oncor Electric Delivery Company LLC,1
76642,44372,puct_ptc,Oncor Electric Delivery Company LLC,3
76642,16146,nrel_2024,"Navasota Valley Elec Coop, Inc",3
76642,55982,nrel_2024,Heart of Texas Electric Coop,3
76643,44372,puct_ptc,Oncor Electric Delivery Company LLC,2
76643,55982,nrel_2024,Heart of Texas Electric Coop,2
76644,55982,nrel_2024,Heart of Texas Electric Coop,1
76645,44372,puct_ptc,Oncor Electric Delivery Company LLC,2
76645,8620,nrel_2024,"HILCO Electric Cooperative, Inc.",2
76648,44372,puct_ptc,Oncor Electric Delivery Company LLC,1
76649,40051,puct_ptc,Texas-New Mexico Power Co,3
76649,19490,nrel_2024,United Electric Coop Service Inc - (TX),3
76649,55982,nrel_2024,Heart of Texas Electric Coop,3
76650,44372,puct_ptc,Oncor Electric Delivery Company LLC,1
76651,44372,puct_ptc,Oncor Electric Delivery Company LLC,1
76652,40051,puct_ptc,Texas-New Mexico Power Co,4
76652,8620,nrel_2024,"HILCO Electric Cooperative, Inc.",4
76652,19490,nrel_2024,United Electric Coop Service Inc - (TX),4
76652,55982,nrel_2024,Heart of Texas Electric Coop,4
76653,55937,nrel_2024,Entergy Texas Inc.,3
76653,16146,nrel_2024,"Navasota Valley Elec Coop, Inc",3
76653,55982,nrel_2024,Heart of Texas Electric Coop,3
76654,44372,puct_ptc,Oncor Electric Delivery Company LLC,2
76654,55982,nrel_2024,Heart of Texas Electric Coop,2
76655,44372,puct_ptc,Oncor Electric Delivery Company LLC,2
76655,55982,nrel_2024,Heart of Texas Electric Coop,2
76656,44372,puct_ptc,Oncor Electric Delivery Company LLC,3
76656,1273,nrel_2024,"Bartlett Electric Coop, Inc",3
76656,55982,nrel_2024,Heart of Texas Electric Coop,3
76657,44372,puct_ptc,Oncor Electric Delivery Company LLC,2
76657,55982,nrel_2024,Heart of Texas Electric Coop,2
76660,44372,puct_ptc,Oncor Electric Delivery Company LLC,1
76661,44372,puct_ptc,Oncor Electric Delivery Company LLC,2
76661,55982,nrel_2024,Heart of Texas Electric Coop,2
76664,44372,puct_ptc,Oncor Electric Delivery Company LLC,2
76664,55982,nrel_2024,Heart of Texas Electric Coop,2
76665,40051,puct_ptc,Texas-New Mexico Power Co,3
76665,19490,nrel_2024,United Electric Coop Service Inc - (TX),3
76665,55982,nrel_2024,Heart of Texas Electric Coop,3
76666,44372,puct_ptc,Oncor Electric Delivery Company LLC,1
76667,44372,puct_ptc,Oncor Electric Delivery Company LLC,1
76670,44372,puct_ptc,Oncor Electric Delivery Company LLC,1
76671,40051,puct_ptc,Texas-New Mexico Power Co,4
76671,8620,nrel_2024,"HILCO Electric Cooperative, Inc.",4
76671,19490,nrel_2024,United Electric Coop Service Inc - (TX),4
76671,55982,nrel_2024,Heart of Texas Electric Coop,4
76673,44372,puct_ptc,Oncor Electric Delivery Company LLC,2
76673,55982,nrel_2024,Heart of Texas Electric Coop,2
76676,44372,puct_ptc,Oncor Electric Delivery Company LLC,1
76678,44372,puct_ptc,Oncor Electric Delivery Company LLC,1
76679,44372,puct_ptc,Oncor Electric Delivery Company LLC,2
76679,13332,nrel_2024,"Navarro County Elec Coop, Inc",2
76680,44372,puct_ptc,Oncor Electric Delivery Company LLC,4
76680,55937,nrel_2024,Entergy Texas Inc.,4
76680,1273,nrel_2024,"Bartlett Electric Coop, Inc",4
76680,55982,nrel_2024,Heart of Texas Electric Coop,4
76681,44372,puct_ptc,Oncor Electric Delivery Company LLC,2
76681,13332,nrel_2024,"Navarro County Elec Coop, Inc",2
76682,44372,puct_ptc,Oncor Electric Delivery Company LLC,2
76682,55982,nrel_2024,Heart of Texas Electric Coop,2
76684,55982,nrel_2024,Heart of Texas Electric Coop,1
76685,44372,puct_ptc,Oncor Electric Delivery Company LLC,2
76685,55982,nrel_2024,Heart of Texas Electric Coop,2
76686,44372,puct_ptc,Oncor Electric Delivery Company LLC,1
76687,44372,puct_ptc,Oncor Electric Delivery Company LLC,4
76687,55937,nrel_2024,Entergy Texas Inc.,4
76687,16146,nrel_2024,"Navasota Valley Elec Coop, Inc",4
76687,55982,nrel_2024,Heart of Texas Electric Coop,4
76689,40051,puct_ptc,Texas-New Mexico Power Co,2
76689,55982,nrel_2024,Heart of Texas Electric Coop,2
76690,40051,puct_ptc,Texas-New Mexico Power Co,3
76690,19490,nrel_2024,United Electric Coop Service Inc - (TX),3
76690,55982,nrel_2024,Heart of Texas Electric Coop,3
76691,44372,puct_ptc,Oncor Electric Delivery Company LLC,2
76691,55982,nrel_2024,Heart of Texas Electric Coop,2
76692,44372,puct_ptc,Oncor Electric Delivery Company LLC,4
76692,40051,puct_ptc,Texas-New Mexico Power Co,4
76692,8620,nrel_2024,"HILCO Electric Cooperative, Inc.",4
76692,55982,nrel_2024,Heart of Texas Electric Coop,4
76693,44372,puct_ptc,Oncor Electric Delivery Company LLC,1
76701,44372,puct_ptc,Oncor Electric Delivery Company LLC,2
76701,55982,nrel_2024,Heart of Texas Electric Coop,2
76702,44372,puct_ptc,Oncor Electric Delivery Company LLC,2
76702,55982,nrel_2024,Heart of Texas Electric Coop,2
76703,44372,puct_ptc,Oncor Electric Delivery Company LLC,2
76703,55982,nrel_2024,Heart of Texas Electric Coop,2
76704,44372,puct_ptc,Oncor Electric Delivery Company LLC,2
76704,55982,nrel_2024,Heart of Texas Electric Coop,2
76705,44372,puct_ptc,Oncor Electric Delivery Company LLC,2
76705,55982,nrel_2024,Heart of Texas Electric Coop,2
76706,44372,puct_ptc,Oncor Electric Delivery Company LLC,2
76706,55982,nrel_2024,Heart of Texas Electric Coop,2
76707,44372,puct_ptc,Oncor Electric Delivery Company LLC,2
76707,55982,nrel_2024,Heart of Texas Electric Coop,2
76708,44372,puct_ptc,Oncor Electric Delivery Company LLC,2
76708,55982,nrel_2024,Heart of Texas Electric Coop,2
76710,44372,puct_ptc,Oncor Electric Delivery Company LLC,2
76710,55982,nrel_2024,Heart of Texas Electric Coop,2
76711,44372,puct_ptc,Oncor Electric Delivery Company LLC,2
76711,55982,nrel_2024,Heart of Texas Electric Coop,2
76712,44372,puct_ptc,Oncor Electric Delivery Company LLC,2
76712,55982,nrel_2024,Heart of Texas Electric Coop,2
76714,44372,puct_ptc,Oncor Electric Delivery Company LLC,2
76714,55982,nrel_2024,Heart of Texas Electric Coop,2
76715,55982,nrel_2024,Heart of Texas Electric Coop,1
76716,55982,nrel_2024,Heart of Texas Electric Coop,1
76797,55982,nrel_2024,Heart of Texas Electric Coop,1
76798,55982,nrel_2024,Heart of Texas Electric Coop,1
76799,55982,nrel_2024,Heart of Texas Electric Coop,1
76801,20404,puct_ptc,AEP Texas North Company,4
76801,44372,puct_ptc,Oncor Electric Delivery Company LLC,4
76801,4295,nrel_2024,Comanche County Elec Coop Assn,4
76801,7979,nrel_2024,Hamilton County Elec Coop Assn,4
76802,44372,puct_ptc,Oncor Electric Delivery Company LLC,2
76802,4295,nrel_2024,Comanche County Elec Coop Assn,2
76803,44372,puct_ptc,Oncor Electric Delivery Company LLC,1
76804,44372,puct_ptc,Oncor Electric Delivery Company LLC,1
76820,3282,nrel_2024,"Central Texas Elec Coop, Inc",1
76821,20404,puct_ptc,AEP Texas North Company,1
76823,44372,puct_ptc,Oncor Electric Delivery Company LLC,2
76823,4295,nrel_2024,Comanche County Elec Coop Assn,2
76824,7979,nrel_2024,Hamilton County Elec Coop Assn,1
76825,20404,puct_ptc,AEP Texas North Company,3
76825,44372,puct_ptc,Oncor Electric Delivery Company LLC,3
76825,3282,nrel_2024,"Central Texas Elec Coop, Inc",3
76827,44372,puct_ptc,Oncor Electric Delivery Company LLC,1
76828,20404,puct_ptc,AEP Texas North Company,2
76828,4295,nrel_2024,Comanche County Elec Coop Assn,2
76831,3282,nrel_2024,"Central Texas Elec Coop, Inc",1
76832,3282,nrel_2024,"Central Texas Elec Coop, Inc",3
76832,7979,nrel_2024,Hamilton County Elec Coop Assn,3
76832,14626,nrel_2024,"Pedernales Electric Coop, Inc",3
76834,44372,puct_ptc,Oncor Electric Delivery Company LLC,2
76834,4295,nrel_2024,Comanche County Elec Coop Assn,2
76836,44372,puct_ptc,Oncor Electric Delivery Company LLC,1
76837,20404,puct_ptc,AEP Texas North Company,4
76837,44372,puct_ptc,Oncor Electric Delivery Company LLC,4
76837,4146,nrel_2024,Concho Valley Elec Coop Inc,4
76837,17693,nrel_2024,"Southwest Texas Elec Coop, Inc",4
76841,14626,nrel_2024,"Pedernales Electric Coop, Inc",2
76841,17693,nrel_2024,"Southwest Texas Elec Coop, Inc",2
76842,3282,nrel_2024,"Central Texas Elec Coop, Inc",1
76844,44372,puct_ptc,Oncor Electric Delivery Company LLC,2
76844,7979,nrel_2024,Hamilton County Elec Coop Assn,2
76848,44372,puct_ptc,Oncor Electric Delivery Company LLC,2
76848,3282,nrel_2024,"Central Texas Elec Coop, Inc",2
76849,20404,puct_ptc,AEP Texas North Company,3
76849,3282,nrel_2024,"Central Texas Elec Coop, Inc",3
76849,14626,nrel_2024,"Pedernales Electric Coop, Inc",3
76852,44372,puct_ptc,Oncor Electric Delivery Company LLC,1
76853,44372,puct_ptc,Oncor Electric Delivery Company LLC,3
76853,7979,nrel_2024,Hamilton County Elec Coop Assn,3
76853,55982,nrel_2024,Heart of Texas Electric Coop,3
76854,3282,nrel_2024,"Central Texas Elec Coop, Inc",2
76854,14626,nrel_2024,"Pedernales Electric Coop, Inc",2
76856,44372,puct_ptc,Oncor Electric Delivery Company LLC,2
76856,3282,nrel_2024,"Central Texas Elec Coop, Inc",2
76857,20404,puct_ptc,AEP Texas North Company,2
76857,4295,nrel_2024,Comanche County Elec Coop Assn,2
76858,20404,puct_ptc,AEP Texas North Company,2
76858,44372,puct_ptc,Oncor Electric Delivery Company LLC,2
76859,20404,puct_ptc,AEP Texas North Company,5
76859,44372,puct_ptc,Oncor Electric Delivery Company LLC,5
76859,3282,nrel_2024,"Central Texas Elec Coop, Inc",5
76859,14626,nrel_2024,"Pedernales Electric Coop, Inc",5
76859,17693,nrel_2024,"Southwest Texas Elec Coop, Inc",5
76861,20404,puct_ptc,AEP Texas North Company,2
76861,4146,nrel_2024,Concho Valley Elec Coop Inc,2
76862,44372,puct_ptc,Oncor Electric Delivery Company LLC,2
76862,4146,nrel_2024,Concho Valley Elec Coop Inc,2
76864,44372,puct_ptc,Oncor Electric Delivery Company LLC,2
76864,7979,nrel_2024,Hamilton County Elec Coop Assn,2
76865,20404,puct_ptc,AEP Texas North Company,1
76866,20404,puct_ptc,AEP Texas North Company,2
76866,4146,nrel_2024,Concho Valley Elec Coop Inc,2
76869,3282,nrel_2024,"Central Texas Elec Coop, Inc",1
76870,7979,nrel_2024,Hamilton County Elec Coop Assn,2
76870,55982,nrel_2024,Heart of Texas Electric Coop,2
76871,44372,puct_ptc,Oncor Electric Delivery Company LLC,3
76871,3282,nrel_2024,"Central Texas Elec Coop, Inc",3
76871,7979,nrel_2024,Hamilton County Elec Coop Assn,3
76872,20404,puct_ptc,AEP Texas North Company,2
76872,44372,puct_ptc,Oncor Electric Delivery Company LLC,2
76874,14626,nrel_2024,"Pedernales Electric Coop, Inc",1
76875,20404,puct_ptc,AEP Texas North Company,1
76877,44372,puct_ptc,Oncor Electric Delivery Company LLC,3
76877,3282,nrel_2024,"Central Texas Elec Coop, Inc",3
76877,7979,nrel_2024,Hamilton County Elec Coop Assn,3
76878,20404,puct_ptc,AEP Texas North Company,2
76878,44372,puct_ptc,Oncor Electric Delivery Company LLC,2
76880,7979,nrel_2024,Hamilton County Elec Coop Assn,1
76882,20404,puct_ptc,AEP Texas North Company,1
76883,14626,nrel_2024,"Pedernales Electric Coop, Inc",1
76884,20404,puct_ptc,AEP Texas North Company,1
76885,3282,nrel_2024,"Central Texas Elec Coop, Inc",1
76886,20404,puct_ptc,AEP Texas North Company,2
76886,44372,puct_ptc,Oncor Electric Delivery Company LLC,2
76887,44372,puct_ptc,Oncor Electric Delivery Company LLC,1
76890,44372,puct_ptc,Oncor Electric Delivery Company LLC,3
76890,4295,nrel_2024,Comanche County Elec Coop Assn,3
76890,7979,nrel_2024,Hamilton County Elec Coop Assn,3
76901,20404,puct_ptc,AEP Texas North Company,2
76901,4146,nrel_2024,Concho Valley Elec Coop Inc,2
76902,20404,puct_ptc,AEP Texas North Company,1
76903,20404,puct_ptc,AEP Texas North Company,1
76904,20404,puct_ptc,AEP Texas North Company,3
76904,4146,nrel_2024,Concho Valley Elec Coop Inc,3
76904,17693,nrel_2024,"Southwest Texas Elec Coop, Inc",3
76905,20404,puct_ptc,AEP Texas North Company,2
76905,4146,nrel_2024,Concho Valley Elec Coop Inc,2
76906,20404,puct_ptc,AEP Texas North Company,1
76908,20404,puct_ptc,AEP Texas North Company,1
76909,20404,puct_ptc,AEP Texas North Company,1
76930,20404,puct_ptc,AEP Texas North Company,4
76930,4146,nrel_2024,Concho Valley Elec Coop Inc,4
76930,16057,nrel_2024,"Rio Grande Electric Coop, Inc",4
76930,17693,nrel_2024,"Southwest Texas Elec Coop, Inc",4
76932,20404,puct_ptc,AEP Texas North Company,5
76932,44372,puct_ptc,Oncor Electric Delivery Company LLC,5
76932,4146,nrel_2024,Concho Valley Elec Coop Inc,5
76932,16057,nrel_2024,"Rio Grande Electric Coop, Inc",5
76932,17693,nrel_2024,"Southwest Texas Elec Coop, Inc",5
76933,20404,puct_ptc,AEP Texas North Company,2
76933,4146,nrel_2024,Concho Valley Elec Coop Inc,2
76934,20404,puct_ptc,AEP Texas North Company,2
76934,4146,nrel_2024,Concho Valley Elec Coop Inc,2
76935,20404,puct_ptc,AEP Texas North Company,4
76935,4146,nrel_2024,Concho Valley Elec Coop Inc,4
76935,14626,nrel_2024,"Pedernales Electric Coop, Inc",4
76935,17693,nrel_2024,"Southwest Texas Elec Coop, Inc",4
76936,20404,puct_ptc,AEP Texas North Company,4
76936,4146,nrel_2024,Concho Valley Elec Coop Inc,4
76936,14626,nrel_2024,"Pedernales Electric Coop, Inc",4
76936,17693,nrel_2024,"Southwest Texas Elec Coop, Inc",4
76937,20404,puct_ptc,AEP Texas North Company,2
76937,4146,nrel_2024,Concho Valley Elec Coop Inc,2
76939,20404,puct_ptc,AEP Texas North Company,1
76940,20404,puct_ptc,AEP Texas North Company,2
76940,4146,nrel_2024,Concho Valley Elec Coop Inc,2
76941,20404,puct_ptc,AEP Texas North Company,4
76941,44372,puct_ptc,Oncor Electric Delivery Company LLC,4
76941,4146,nrel_2024,Concho Valley Elec Coop Inc,4
76941,17693,nrel_2024,"Southwest Texas Elec Coop, Inc",4
76943,20404,puct_ptc,AEP Texas North Company,3
76943,16057,nrel_2024,"Rio Grande Electric Coop, Inc",3
76943,17693,nrel_2024,"Southwest Texas Elec Coop, Inc",3
76945,20404,puct_ptc,AEP Texas North Company,2
76945,4146,nrel_2024,Concho Valley Elec Coop Inc,2
76950,20404,puct_ptc,AEP Texas North Company,4
76950,14626,nrel_2024,"Pedernales Electric Coop, Inc",4
76950,16057,nrel_2024,"Rio Grande Electric Coop, Inc",4
76950,17693,nrel_2024,"Southwest Texas Elec Coop, Inc",4
76951,20404,puct_ptc,AEP Texas North Company,3
76951,44372,puct_ptc,Oncor Electric Delivery Company LLC,3
76951,4146,nrel_2024,Concho Valley Elec Coop Inc,3
76955,4146,nrel_2024,Concho Valley Elec Coop Inc,1
76957,20404,puct_ptc,AEP Texas North Company,2
76957,4146,nrel_2024,Concho Valley Elec Coop Inc,2
76958,20404,puct_ptc,AEP Texas North Company,2
76958,44372,puct_ptc,Oncor Electric Delivery Company LLC,2
77002,8901,puct_ptc,CenterPoint Energy,1
77003,8901,puct_ptc,CenterPoint Energy,1
77004,8901,puct_ptc,CenterPoint Energy,1
77005,8901,puct_ptc,CenterPoint Energy,1
77006,8901,puct_ptc,CenterPoint Energy,1
77007,8901,puct_ptc,CenterPoint Energy,1
77008,8901,puct_ptc,CenterPoint Energy,1
77009,8901,puct_ptc,CenterPoint Energy,1
77010,8901,puct_ptc,CenterPoint Energy,1
77011,8901,puct_ptc,CenterPoint Energy,1
77012,8901,puct_ptc,CenterPoint Energy,1
77013,8901,puct_ptc,CenterPoint Energy,1
77014,8901,puct_ptc,CenterPoint Energy,1
77015,8901,puct_ptc,CenterPoint Energy,1
77016,8901,puct_ptc,CenterPoint Energy,1
77017,8901,puct_ptc,CenterPoint Energy,1
77018,8901,puct_ptc,CenterPoint Energy,1
77019,8901,puct_ptc,CenterPoint Energy,1
77020,8901,puct_ptc,CenterPoint Energy,1
77021,8901,puct_ptc,CenterPoint Energy,1
77022,8901,puct_ptc,CenterPoint Energy,1
77023,8901,puct_ptc,CenterPoint Energy,1
77024,8901,puct_ptc,CenterPoint Energy,1
77025,8901,puct_ptc,CenterPoint Energy,1
77026,8901,puct_ptc,CenterPoint Energy,1
77027,8901,puct_ptc,CenterPoint Energy,1
77028,8901,puct_ptc,CenterPoint Energy,1
77029,8901,puct_ptc,CenterPoint Energy,1
77030,8901,puct_ptc,CenterPoint Energy,1
77031,8901,puct_ptc,CenterPoint Energy,1
77032,8901,puct_ptc,CenterPoint Energy,1
77033,8901,puct_ptc,CenterPoint Energy,1
77034,8901,puct_ptc,CenterPoint Energy,1
77035,8901,puct_ptc,CenterPoint Energy,1
77036,8901,puct_ptc,CenterPoint Energy,1
77037,8901,puct_ptc,CenterPoint Energy,1
77038,8901,puct_ptc,CenterPoint Energy,1
77039,8901,puct_ptc,CenterPoint Energy,1
77040,8901,puct_ptc,CenterPoint Energy,1
77041,8901,puct_ptc,CenterPoint Energy,1
77042,8901,puct_ptc,CenterPoint Energy,1
77043,8901,puct_ptc,CenterPoint Energy,1
77044,8901,puct_ptc,CenterPoint Energy,1
77045,8901,puct_ptc,CenterPoint Energy,1
77046,8901,puct_ptc,CenterPoint Energy,1
77047,8901,puct_ptc,CenterPoint Energy,1
77048,8901,puct_ptc,CenterPoint Energy,1
77049,8901,puct_ptc,CenterPoint Energy,1
77050,8901,puct_ptc,CenterPoint Energy,1
77051,8901,puct_ptc,CenterPoint Energy,1
77053,8901,puct_ptc,CenterPoint Energy,1
77054,8901,puct_ptc,CenterPoint Energy,1
77055,8901,puct_ptc,CenterPoint Energy,1
77056,8901,puct_ptc,CenterPoint Energy,1
77057,8901,puct_ptc,CenterPoint Energy,1
77058,8901,puct_ptc,CenterPoint Energy,1
77059,8901,puct_ptc,CenterPoint Energy,1
77060,8901,puct_ptc,CenterPoint Energy,1
77061,8901,puct_ptc,CenterPoint Energy,1
77062,8901,puct_ptc,CenterPoint Energy,1
77063,8901,puct_ptc,CenterPoint Energy,1
77064,8901,puct_ptc,CenterPoint Energy,1
77065,8901,puct_ptc,CenterPoint Energy,1
77066,8901,puct_ptc,CenterPoint Energy,1
77067,8901,puct_ptc,CenterPoint Energy,1
77068,8901,puct_ptc,CenterPoint Energy,1
77069,8901,puct_ptc,CenterPoint Energy,1
77070,8901,puct_ptc,CenterPoint Energy,1
77071,8901,puct_ptc,CenterPoint Energy,1
77072,8901,puct_ptc,CenterPoint Energy,1
77073,8901,puct_ptc,CenterPoint Energy,1
77074,8901,puct_ptc,CenterPoint Energy,1
77075,8901,puct_ptc,CenterPoint Energy,1
77076,8901,puct_ptc,CenterPoint Energy,1
77077,8901,puct_ptc,CenterPoint Energy,1
77078,8901,puct_ptc,CenterPoint Energy,1
77079,8901,puct_ptc,CenterPoint Energy,1
77080,8901,puct_ptc,CenterPoint Energy,1
77081,8901,puct_ptc,CenterPoint Energy,1
77082,8901,puct_ptc,CenterPoint Energy,1
77083,8901,puct_ptc,CenterPoint Energy,1
77084,8901,puct_ptc,CenterPoint Energy,1
77085,8901,puct_ptc,CenterPoint Energy,1
77086,8901,puct_ptc,CenterPoint Energy,1
77087,8901,puct_ptc,CenterPoint Energy,1
77088,8901,puct_ptc,CenterPoint Energy,1
77089,8901,puct_ptc,CenterPoint Energy,1
77090,8901,puct_ptc,CenterPoint Energy,1
77091,8901,puct_ptc,CenterPoint Energy,1
77092,8901,puct_ptc,CenterPoint Energy,1
77093,8901,puct_ptc,CenterPoint Energy,1
77094,8901,puct_ptc,CenterPoint Energy,1
77095,8901,puct_ptc,CenterPoint Energy,1
77096,8901,puct_ptc,CenterPoint Energy,1
77098,8901,puct_ptc,CenterPoint Energy,1
77099,8901,puct_ptc,CenterPoint Energy,1
77201,8901,puct_ptc,CenterPoint Energy,1
77301,55937,nrel_2024,Entergy Texas Inc.,2
77301,12452,nrel_2024,Mid-South Electric Coop Assn,2
77302,8901,puct_ptc,CenterPoint Energy,3
77302,55937,nrel_2024,Entergy Texas Inc.,3
77302,12452,nrel_2024,Mid-South Electric Coop Assn,3
77303,55937,nrel_2024,Entergy Texas Inc.,2
77303,12452,nrel_2024,Mid-South Electric Coop Assn,2
77304,55937,nrel_2024,Entergy Texas Inc.,2
77304,12452,nrel_2024,Mid-South Electric Coop Assn,2
77305,55937,nrel_2024,Entergy Texas Inc.,2
77305,12452,nrel_2024,Mid-South Electric Coop Assn,2
77306,55937,nrel_2024,Entergy Texas Inc.,2
77306,12452,nrel_2024,Mid-South Electric Coop Assn,2
77316,8901,puct_ptc,CenterPoint Energy,3
77316,55937,nrel_2024,Entergy Texas Inc.,3
77316,12452,nrel_2024,Mid-South Electric Coop Assn,3
77318,55937,nrel_2024,Entergy Texas Inc.,2
77318,12452,nrel_2024,Mid-South Electric Coop Assn,2
77320,55937,nrel_2024,Entergy Texas Inc.,3
77320,12452,nrel_2024,Mid-South Electric Coop Assn,3
77320,16613,nrel_2024,Sam Houston Electric Coop Inc,3
77325,55937,nrel_2024,Entergy Texas Inc.,2
77325,12452,nrel_2024,Mid-South Electric Coop Assn,2
77326,16613,nrel_2024,Sam Houston Electric Coop Inc,1
77327,55937,nrel_2024,Entergy Texas Inc.,3
77327,12452,nrel_2024,Mid-South Electric Coop Assn,3
77327,16613,nrel_2024,Sam Houston Electric Coop Inc,3
77328,55937,nrel_2024,Entergy Texas Inc.,3
77328,12452,nrel_2024,Mid-South Electric Coop Assn,3
77328,16613,nrel_2024,Sam Houston Electric Coop Inc,3
77331,55937,nrel_2024,Entergy Texas Inc.,2
77331,16613,nrel_2024,Sam Houston Electric Coop Inc,2
77332,55937,nrel_2024,Entergy Texas Inc.,1
77333,55937,nrel_2024,Entergy Texas Inc.,2
77333,12452,nrel_2024,Mid-South Electric Coop Assn,2
77334,55937,nrel_2024,Entergy Texas Inc.,2
77334,12452,nrel_2024,Mid-South Electric Coop Assn,2
77335,55937,nrel_2024,Entergy Texas Inc.,2
77335,16613,nrel_2024,Sam Houston Electric Coop Inc,2
77336,8901,puct_ptc,CenterPoint Energy,3
77336,55937,nrel_2024,Entergy Texas Inc.,3
77336,12452,nrel_2024,Mid-South Electric Coop Assn,3
77338,8901,puct_ptc,CenterPoint Energy,3
77338,55937,nrel_2024,Entergy Texas Inc.,3
77338,12452,nrel_2024,Mid-South Electric Coop Assn,3
77339,8901,puct_ptc,CenterPoint Energy,3
77339,55937,nrel_2024,Entergy Texas Inc.,3
77339,12452,nrel_2024,Mid-South Electric Coop Assn,3
77340,55937,nrel_2024,Entergy Texas Inc.,3
77340,12452,nrel_2024,Mid-South Electric Coop Assn,3
77340,16613,nrel_2024,Sam Houston Electric Coop Inc,3
77341,55937,nrel_2024,Entergy Texas Inc.,2
77341,12452,nrel_2024,Mid-South Electric Coop Assn,2
77342,55937,nrel_2024,Entergy Texas Inc.,2
77342,12452,nrel_2024,Mid-South Electric Coop Assn,2
77343,55937,nrel_2024,Entergy Texas Inc.,2
77343,12452,nrel_2024,Mid-South Electric Coop Assn,2
77344,55937,nrel_2024,Entergy Texas Inc.,2
77344,12452,nrel_2024,Mid-South Electric Coop Assn,2
77345,8901,puct_ptc,CenterPoint Energy,1
77346,8901,puct_ptc,CenterPoint Energy,1
77348,55937,nrel_2024,Entergy Texas Inc.,2
77348,12452,nrel_2024,Mid-South Electric Coop Assn,2
77349,55937,nrel_2024,Entergy Texas Inc.,2
77349,12452,nrel_2024,Mid-South Electric Coop Assn,2
77350,16613,nrel_2024,Sam Houston Electric Coop Inc,1
77351,55937,nrel_2024,Entergy Texas Inc.,2
77351,16613,nrel_2024,Sam Houston Electric Coop Inc,2
77353,55937,nrel_2024,Entergy Texas Inc.,2
77353,12452,nrel_2024,Mid-South Electric Coop Assn,2
77354,8901,puct_ptc,CenterPoint Energy,3
77354,55937,nrel_2024,Entergy Texas Inc.,3
77354,12452,nrel_2024,Mid-South Electric Coop Assn,3
77355,8901,puct_ptc,CenterPoint Energy,3
77355,55937,nrel_2024,Entergy Texas Inc.,3
77355,12452,nrel_2024,Mid-South Electric Coop Assn,3
77356,55937,nrel_2024,Entergy Texas Inc.,2
77356,12452,nrel_2024,Mid-South Electric Coop Assn,2
77357,8901,puct_ptc,CenterPoint Energy,3
77357,55937,nrel_2024,Entergy Texas Inc.,3
77357,12452,nrel_2024,Mid-South Electric Coop Assn,3
77358,55937,nrel_2024,Entergy Texas Inc.,3
77358,12452,nrel_2024,Mid-South Electric Coop Assn,3
77358,16613,nrel_2024,Sam Houston Electric Coop Inc,3
77359,55937,nrel_2024,Entergy Texas Inc.,3
77359,12452,nrel_2024,Mid-South Electric Coop Assn,3
77359,16613,nrel_2024,Sam Houston Electric Coop Inc,3
77360,55937,nrel_2024,Entergy Texas Inc.,2
77360,16613,nrel_2024,Sam Houston Electric Coop Inc,2
77362,8901,puct_ptc,CenterPoint Energy,3
77362,55937,nrel_2024,Entergy Texas Inc.,3
77362,12452,nrel_2024,Mid-South Electric Coop Assn,3
77363,8901,puct_ptc,CenterPoint Energy,3
77363,55937,nrel_2024,Entergy Texas Inc.,3
77363,12452,nrel_2024,Mid-South Electric Coop Assn,3
77364,55937,nrel_2024,Entergy Texas Inc.,2
77364,16613,nrel_2024,Sam Houston Electric Coop Inc,2
77365,8901,puct_ptc,CenterPoint Energy,3
77365,55937,nrel_2024,Entergy Texas Inc.,3
77365,12452,nrel_2024,Mid-South Electric Coop Assn,3
77367,55937,nrel_2024,Entergy Texas Inc.,2
77367,12452,nrel_2024,Mid-South Electric Coop Assn,2
77368,55937,nrel_2024,Entergy Texas Inc.,2
77368,16613,nrel_2024,Sam Houston Electric Coop Inc,2
77369,55937,nrel_2024,Entergy Texas Inc.,2
77369,16613,nrel_2024,Sam Houston Electric Coop Inc,2
77371,55937,nrel_2024,Entergy Texas Inc.,2
77371,16613,nrel_2024,Sam Houston Electric Coop Inc,2
77372,55937,nrel_2024,Entergy Texas Inc.,2
77372,12452,nrel_2024,Mid-South Electric Coop Assn,2
77373,8901,puct_ptc,CenterPoint Energy,3
77373,55937,nrel_2024,Entergy Texas Inc.,3
77373,12452,nrel_2024,Mid-South Electric Coop Assn,3
77374,55937,nrel_2024,Entergy Texas Inc.,2
77374,16613,nrel_2024,Sam Houston Electric Coop Inc,2
77375,8901,puct_ptc,CenterPoint Energy,3
77375,55937,nrel_2024,Entergy Texas Inc.,3
77375,12452,nrel_2024,Mid-South Electric Coop Assn,3
77376,55937,nrel_2024,Entergy Texas Inc.,2
77376,16613,nrel_2024,Sam Houston Electric Coop Inc,2
77377,8901,puct_ptc,CenterPoint Energy,3
77377,55937,nrel_2024,Entergy Texas Inc.,3
77377,12452,nrel_2024,Mid-South Electric Coop Assn,3
77378,55937,nrel_2024,Entergy Texas Inc.,2
77378,12452,nrel_2024,Mid-South Electric Coop Assn,2
77379,8901,puct_ptc,CenterPoint Energy,1
77380,8901,puct_ptc,CenterPoint Energy,3
77380,55937,nrel_2024,Entergy Texas Inc.,3
77380,12452,nrel_2024,Mid-South Electric Coop Assn,3
77381,8901,puct_ptc,CenterPoint Energy,3
77381,55937,nrel_2024,Entergy Texas Inc.,3
77381,12452,nrel_2024,Mid-South Electric Coop Assn,3
77382,8901,puct_ptc,CenterPoint Energy,3
77382,55937,nrel_2024,Entergy Texas Inc.,3
77382,12452,nrel_2024,Mid-South Electric Coop Assn,3
77384,8901,puct_ptc,CenterPoint Energy,3
77384,55937,nrel_2024,Entergy Texas Inc.,3
77384,12452,nrel_2024,Mid-South Electric Coop Assn,3
77385,8901,puct_ptc,CenterPoint Energy,3
77385,55937,nrel_2024,Entergy Texas Inc.,3
77385,12452,nrel_2024,Mid-South Electric Coop Assn,3
77386,8901,puct_ptc,CenterPoint Energy,3
77386,55937,nrel_2024,Entergy Texas Inc.,3
77386,12452,nrel_2024,Mid-South Electric Coop Assn,3
77387,55937,nrel_2024,Entergy Texas Inc.,2
77387,12452,nrel_2024,Mid-South Electric Coop Assn,2
77388,8901,puct_ptc,CenterPoint Energy,1
77389,8901,puct_ptc,CenterPoint Energy,3
77389,55937,nrel_2024,Entergy Texas Inc.,3
77389,12452,nrel_2024,Mid-South Electric Coop Assn,3
77393,55937,nrel_2024,Entergy Texas Inc.,2
77393,12452,nrel_2024,Mid-South Electric Coop Assn,2
77396,8901,puct_ptc,CenterPoint Energy,1
77399,55937,nrel_2024,Entergy Texas Inc.,1
77401,8901,puct_ptc,CenterPoint Energy,1
77406,8901,puct_ptc,CenterPoint Energy,1
77407,8901,puct_ptc,CenterPoint Energy,1
77412,16638,nrel_2024,"San Bernard Electric Coop, Inc",1
77414,3278,puct_ptc,AEP Texas Central Company,4
77414,8901,puct_ptc,CenterPoint Energy,4
77414,9590,nrel_2024,"Jackson Electric Coop, Inc - (TX)",4
77414,20472,nrel_2024,"Wharton County Elec Coop, Inc",4
77415,9590,nrel_2024,"Jackson Electric Coop, Inc - (TX)",1
77417,8901,puct_ptc,CenterPoint Energy,1
77418,8901,puct_ptc,CenterPoint Energy,4
77418,55937,nrel_2024,Entergy Texas Inc.,4
77418,1892,nrel_2024,"Bluebonnet Electric Coop, Inc",4
77418,6183,nrel_2024,"Fayette Electric Coop, Inc",4
77419,3278,puct_ptc,AEP Texas Central Company,1
77420,8901,puct_ptc,CenterPoint Energy,2
77420,9590,nrel_2024,"Jackson Electric Coop, Inc - (TX)",2
77422,8901,puct_ptc,CenterPoint Energy,3
77422,40051,puct_ptc,Texas-New Mexico Power Co,3
77422,9590,nrel_2024,"Jackson Electric Coop, Inc - (TX)",3
77423,8901,puct_ptc,CenterPoint Energy,2
77423,55937,nrel_2024,Entergy Texas Inc.,2
77426,55937,nrel_2024,Entergy Texas Inc.,2
77426,1892,nrel_2024,"Bluebonnet Electric Coop, Inc",2
77428,9590,nrel_2024,"Jackson Electric Coop, Inc - (TX)",1
77429,8901,puct_ptc,CenterPoint Energy,1
77430,8901,puct_ptc,CenterPoint Energy,1
77432,20472,nrel_2024,"Wharton County Elec Coop, Inc",1
77433,8901,puct_ptc,CenterPoint Energy,1
77434,3278,puct_ptc,AEP Texas Central Company,3
77434,8901,puct_ptc,CenterPoint Energy,3
77434,20472,nrel_2024,"Wharton County Elec Coop, Inc",3
77435,8901,puct_ptc,CenterPoint Energy,1
77436,8901,puct_ptc,CenterPoint Energy,1
77437,3278,puct_ptc,AEP Texas Central Company,3
77437,8901,puct_ptc,CenterPoint Energy,3
77437,20472,nrel_2024,"Wharton County Elec Coop, Inc",3
77440,3278,puct_ptc,AEP Texas Central Company,1
77441,8901,puct_ptc,CenterPoint Energy,2
77441,55937,nrel_2024,Entergy Texas Inc.,2
77442,3278,puct_ptc,AEP Texas Central Company,5
77442,7752,nrel_2024,Guadalupe Valley Elec Coop Inc,5
77442,9590,nrel_2024,"Jackson Electric Coop, Inc - (TX)",5
77442,16638,nrel_2024,"San Bernard Electric Coop, Inc",5
77442,20472,nrel_2024,"Wharton County Elec Coop, Inc",5
77443,8901,puct_ptc,CenterPoint Energy,1
77444,8901,puct_ptc,CenterPoint Energy,1
77445,8901,puct_ptc,CenterPoint Energy,4
77445,55937,nrel_2024,Entergy Texas Inc.,4
77445,1892,nrel_2024,"Bluebonnet Electric Coop, Inc",4
77445,12452,nrel_2024,Mid-South Electric Coop Assn,4
77446,8901,puct_ptc,CenterPoint Energy,1
77447,8901,puct_ptc,CenterPoint Energy,3
77447,55937,nrel_2024,Entergy Texas Inc.,3
77447,12452,nrel_2024,Mid-South Electric Coop Assn,3
77448,8901,puct_ptc,CenterPoint Energy,1
77449,8901,puct_ptc,CenterPoint Energy,1
77450,8901,puct_ptc,CenterPoint Energy,1
77451,8901,puct_ptc,CenterPoint Energy,1
77453,8901,puct_ptc,CenterPoint Energy,1
77454,8901,puct_ptc,CenterPoint Energy,1
77455,3278,puct_ptc,AEP Texas Central Company,4
77455,9590,nrel_2024,"Jackson Electric Coop, Inc - (TX)",4
77455,16638,nrel_2024,"San Bernard Electric Coop, Inc",4
77455,20472,nrel_2024,"Wharton County Elec Coop, Inc",4
77456,3278,puct_ptc,AEP Texas Central Company,3
77456,8901,puct_ptc,CenterPoint Energy,3
77456,20472,nrel_2024,"Wharton County Elec Coop, Inc",3
77457,3278,puct_ptc,AEP Texas Central Company,2
77457,9590,nrel_2024,"Jackson Electric Coop, Inc - (TX)",2
77458,3278,puct_ptc,AEP Texas Central Company,2
77458,20472,nrel_2024,"Wharton County Elec Coop, Inc",2
77459,8901,puct_ptc,CenterPoint Energy,1
77460,3278,puct_ptc,AEP Texas Central Company,1
77461,8901,puct_ptc,CenterPoint Energy,1
77463,40051,puct_ptc,Texas-New Mexico Power Co,1
77464,8901,puct_ptc,CenterPoint Energy,1
77465,3278,puct_ptc,AEP Texas Central Company,4
77465,9590,nrel_2024,"Jackson Electric Coop, Inc - (TX)",4
77465,19806,nrel_2024,"Victoria Electric Coop, Inc",4
77465,20472,nrel_2024,"Wharton County Elec Coop, Inc",4
77466,8901,puct_ptc,CenterPoint Energy,1
77467,8901,puct_ptc,CenterPoint Energy,1
77468,8901,puct_ptc,CenterPoint Energy,2
77468,9590,nrel_2024,"Jackson Electric Coop, Inc - (TX)",2
77469,8901,puct_ptc,CenterPoint Energy,1
77470,16638,nrel_2024,"San Bernard Electric Coop, Inc",1
77471,8901,puct_ptc,CenterPoint Energy,1
77473,8901,puct_ptc,CenterPoint Energy,1
77474,8901,puct_ptc,CenterPoint Energy,3
77474,55937,nrel_2024,Entergy Texas Inc.,3
77474,16638,nrel_2024,"San Bernard Electric Coop, Inc",3
77475,16638,nrel_2024,"San Bernard Electric Coop, Inc",1
77476,8901,puct_ptc,CenterPoint Energy,1
77477,8901,puct_ptc,CenterPoint Energy,1
77478,8901,puct_ptc,CenterPoint Energy,1
77479,8901,puct_ptc,CenterPoint Energy,1
77480,8901,puct_ptc,CenterPoint Energy,3
77480,40051,puct_ptc,Texas-New Mexico Power Co,3
77480,9590,nrel_2024,"Jackson Electric Coop, Inc - (TX)",3
77481,8901,puct_ptc,CenterPoint Energy,1
77482,8901,puct_ptc,CenterPoint Energy,2
77482,9590,nrel_2024,"Jackson Electric Coop, Inc - (TX)",2
77483,3278,puct_ptc,AEP Texas Central Company,2
77483,9590,nrel_2024,"Jackson Electric Coop, Inc - (TX)",2
77484,8901,puct_ptc,CenterPoint Energy,3
77484,55937,nrel_2024,Entergy Texas Inc.,3
77484,12452,nrel_2024,Mid-South Electric Coop Assn,3
77485,8901,puct_ptc,CenterPoint Energy,1
77486,8901,puct_ptc,CenterPoint Energy,2
77486,40051,puct_ptc,Texas-New Mexico Power Co,2
77488,8901,puct_ptc,CenterPoint Energy,3
77488,9590,nrel_2024,"Jackson Electric Coop, Inc - (TX)",3
77488,20472,nrel_2024,"Wharton County Elec Coop, Inc",3
77489,8901,puct_ptc,CenterPoint Energy,1
77493,8901,puct_ptc,CenterPoint Energy,2
77493,55937,nrel_2024,Entergy Texas Inc.,2
77494,8901,puct_ptc,CenterPoint Energy,2
77494,55937,nrel_2024,Entergy Texas Inc.,2
77498,8901,puct_ptc,CenterPoint Energy,1
77502,8901,puct_ptc,CenterPoint Energy,1
77503,8901,puct_ptc,CenterPoint Energy,1
77504,8901,puct_ptc,CenterPoint Energy,1
77505,8901,puct_ptc,CenterPoint Energy,1
77506,8901,puct_ptc,CenterPoint Energy,1
77507,8901,puct_ptc,CenterPoint Energy,1
77510,8901,puct_ptc,CenterPoint Energy,1
77511,8901,puct_ptc,CenterPoint Energy,2
77511,40051,puct_ptc,Texas-New Mexico Power Co,2
77512,40051,puct_ptc,Texas-New Mexico Power Co,1
77514,55937,nrel_2024,Entergy Texas Inc.,1
77515,8901,puct_ptc,CenterPoint Energy,3
77515,40051,puct_ptc,Texas-New Mexico Power Co,3
77515,9590,nrel_2024,"Jackson Electric Coop, Inc - (TX)",3
77517,8901,puct_ptc,CenterPoint Energy,1
77518,8901,puct_ptc,CenterPoint Energy,1
77519,55937,nrel_2024,Entergy Texas Inc.,1
77520,8901,puct_ptc,CenterPoint Energy,2
77520,55937,nrel_2024,Entergy Texas Inc.,2
77521,8901,puct_ptc,CenterPoint Energy,2
77521,55937,nrel_2024,Entergy Texas Inc.,2
77523,8901,puct_ptc,CenterPoint Energy,2
77523,55937,nrel_2024,Entergy Texas Inc.,2
77530,8901,puct_ptc,CenterPoint Energy,1
77531,8901,puct_ptc,CenterPoint Energy,1
77532,8901,puct_ptc,CenterPoint Energy,2
77532,55937,nrel_2024,Entergy Texas Inc.,2
77533,55937,nrel_2024,Entergy Texas Inc.,1
77534,8901,puct_ptc,CenterPoint Energy,1
77535,8901,puct_ptc,CenterPoint Energy,2
77535,55937,nrel_2024,Entergy Texas Inc.,2
77536,8901,puct_ptc,CenterPoint Energy,1
77538,55937,nrel_2024,Entergy Texas Inc.,1
77539,8901,puct_ptc,CenterPoint Energy,2
77539,40051,puct_ptc,Texas-New Mexico Power Co,2
77541,8901,puct_ptc,CenterPoint Energy,1
77545,8901,puct_ptc,CenterPoint Energy,1
77546,8901,puct_ptc,CenterPoint Energy,2
77546,40051,puct_ptc,Texas-New Mexico Power Co,2
77547,8901,puct_ptc,CenterPoint Energy,1
77550,8901,puct_ptc,CenterPoint Energy,2
77550,40051,puct_ptc,Texas-New Mexico Power Co,2
77551,8901,puct_ptc,CenterPoint Energy,1
77554,8901,puct_ptc,CenterPoint Energy,1
77560,55937,nrel_2024,Entergy Texas Inc.,1
77561,55937,nrel_2024,Entergy Texas Inc.,1
77562,8901,puct_ptc,CenterPoint Energy,1
77563,8901,puct_ptc,CenterPoint Energy,1
77564,55937,nrel_2024,Entergy Texas Inc.,1
77565,8901,puct_ptc,CenterPoint Energy,2
77565,40051,puct_ptc,Texas-New Mexico Power Co,2
77566,8901,puct_ptc,CenterPoint Energy,1
77568,8901,puct_ptc,CenterPoint Energy,2
77568,40051,puct_ptc,Texas-New Mexico Power Co,2
77571,8901,puct_ptc,CenterPoint Energy,1
77573,8901,puct_ptc,CenterPoint Energy,2
77573,40051,puct_ptc,Texas-New Mexico Power Co,2
77575,8901,puct_ptc,CenterPoint Energy,2
77575,55937,nrel_2024,Entergy Texas Inc.,2
77577,8901,puct_ptc,CenterPoint Energy,1
77578,8901,puct_ptc,CenterPoint Energy,1
77580,8901,puct_ptc,CenterPoint Energy,2
77580,55937,nrel_2024,Entergy Texas Inc.,2
77581,8901,puct_ptc,CenterPoint Energy,2
77581,40051,puct_ptc,Texas-New Mexico Power Co,2
77582,55937,nrel_2024,Entergy Texas Inc.,1
77583,8901,puct_ptc,CenterPoint Energy,1
77584,8901,puct_ptc,CenterPoint Energy,2
77584,40051,puct_ptc,Texas-New Mexico Power Co,2
77585,55937,nrel_2024,Entergy Texas Inc.,1
77586,8901,puct_ptc,CenterPoint Energy,1
77587,8901,puct_ptc,CenterPoint Energy,1
77588,40051,puct_ptc,Texas-New Mexico Power Co,1
77590,8901,puct_ptc,CenterPoint Energy,2
77590,40051,puct_ptc,Texas-New Mexico Power Co,2
77591,8901,puct_ptc,CenterPoint Energy,2
77591,40051,puct_ptc,Texas-New Mexico Power Co,2
77592,40051,puct_ptc,Texas-New Mexico Power Co,1
77597,8901,puct_ptc,CenterPoint Energy,2
77597,55937,nrel_2024,Entergy Texas Inc.,2
77598,8901,puct_ptc,CenterPoint Energy,1
77611,55937,nrel_2024,Entergy Texas Inc.,1
77612,55937,nrel_2024,Entergy Texas Inc.,1
77613,55937,nrel_2024,Entergy Texas Inc.,1
77614,55937,nrel_2024,Entergy Texas Inc.,1
77615,55937,nrel_2024,Entergy Texas Inc.,1
77616,55937,nrel_2024,Entergy Texas Inc.,1
77617,55937,nrel_2024,Entergy Texas Inc.,1
77619,55937,nrel_2024,Entergy Texas Inc.,1
77622,55937,nrel_2024,Entergy Texas Inc.,1
77623,55937,nrel_2024,Entergy Texas Inc.,1
77624,55937,nrel_2024,Entergy Texas Inc.,1
77625,55937,nrel_2024,Entergy Texas Inc.,1
77626,55937,nrel_2024,Entergy Texas Inc.,1
77627,55937,nrel_2024,Entergy Texas Inc.,1
77629,55937,nrel_2024,Entergy Texas Inc.,1
77630,55937,nrel_2024,Entergy Texas Inc.,1
77631,55937,nrel_2024,Entergy Texas Inc.,1
77632,55937,nrel_2024,Entergy Texas Inc.,1
77639,55937,nrel_2024,Entergy Texas Inc.,1
77640,55937,nrel_2024,Entergy Texas Inc.,1
77641,55937,nrel_2024,Entergy Texas Inc.,1
77642,55937,nrel_2024,Entergy Texas Inc.,1
77643,55937,nrel_2024,Entergy Texas Inc.,1
77650,55937,nrel_2024,Entergy Texas Inc.,1
77651,55937,nrel_2024,Entergy Texas Inc.,1
77655,55937,nrel_2024,Entergy Texas Inc.,1
77656,55937,nrel_2024,Entergy Texas Inc.,1
77657,55937,nrel_2024,Entergy Texas Inc.,1
77659,55937,nrel_2024,Entergy Texas Inc.,1
77660,55937,nrel_2024,Entergy Texas Inc.,2
77660,9668,nrel_2024,"Jasper-Newton Elec Coop, Inc",2
77661,55937,nrel_2024,Entergy Texas Inc.,1
77662,55937,nrel_2024,Entergy Texas Inc.,1
77663,55937,nrel_2024,Entergy Texas Inc.,1
77664,55937,nrel_2024,Entergy Texas Inc.,1
77665,55937,nrel_2024,Entergy Texas Inc.,1
77670,55937,nrel_2024,Entergy Texas Inc.,1
77701,55937,nrel_2024,Entergy Texas Inc.,1
77702,55937,nrel_2024,Entergy Texas Inc.,1
77703,55937,nrel_2024,Entergy Texas Inc.,1
77704,55937,nrel_2024,Entergy Texas Inc.,1
77705,55937,nrel_2024,Entergy Texas Inc.,1
77706,55937,nrel_2024,Entergy Texas Inc.,1
77707,55937,nrel_2024,Entergy Texas Inc.,1
77708,55937,nrel_2024,Entergy Texas Inc.,1
77709,55937,nrel_2024,Entergy Texas Inc.,1
77710,55937,nrel_2024,Entergy Texas Inc.,1
77713,55937,nrel_2024,Entergy Texas Inc.,1
77720,55937,nrel_2024,Entergy Texas Inc.,1
77725,55937,nrel_2024,Entergy Texas Inc.,1
77726,55937,nrel_2024,Entergy Texas Inc.,1
77801,55937,nrel_2024,Entergy Texas Inc.,3
77801,2442,nrel_2024,City of Bryan - (TX),3
77801,3940,nrel_2024,City of College Station - (TX),3
77802,55937,nrel_2024,Entergy Texas Inc.,4
77802,2442,nrel_2024,City of Bryan - (TX),4
77802,3940,nrel_2024,City of College Station - (TX),4
77802,12452,nrel_2024,Mid-South Electric Coop Assn,4
77803,55937,nrel_2024,Entergy Texas Inc.,3
77803,2442,nrel_2024,City of Bryan - (TX),3
77803,12452,nrel_2024,Mid-South Electric Coop Assn,3
77805,2442,nrel_2024,City of Bryan - (TX),1
77806,2442,nrel_2024,City of Bryan - (TX),1
77807,55937,nrel_2024,Entergy Texas Inc.,7
77807,1273,nrel_2024,"Bartlett Electric Coop, Inc",7
77807,1892,nrel_2024,"Bluebonnet Electric Coop, Inc",7
77807,2442,nrel_2024,City of Bryan - (TX),7
77807,3940,nrel_2024,City of College Station - (TX),7
77807,12452,nrel_2024,Mid-South Electric Coop Assn,7
77807,55982,nrel_2024,Heart of Texas Electric Coop,7
77808,55937,nrel_2024,Entergy Texas Inc.,4
77808,2442,nrel_2024,City of Bryan - (TX),4
77808,12452,nrel_2024,Mid-South Electric Coop Assn,4
77808,55982,nrel_2024,Heart of Texas Electric Coop,4
77830,55937,nrel_2024,Entergy Texas Inc.,2
77830,12452,nrel_2024,Mid-South Electric Coop Assn,2
77831,55937,nrel_2024,Entergy Texas Inc.,2
77831,12452,nrel_2024,Mid-South Electric Coop Assn,2
77833,55937,nrel_2024,Entergy Texas Inc.,6
77833,1273,nrel_2024,"Bartlett Electric Coop, Inc",6
77833,1892,nrel_2024,"Bluebonnet Electric Coop, Inc",6
77833,2194,nrel_2024,City of Brenham - (TX),6
77833,6183,nrel_2024,"Fayette Electric Coop, Inc",6
77833,12452,nrel_2024,Mid-South Electric Coop Assn,6
77834,2194,nrel_2024,City of Brenham - (TX),1
77835,55937,nrel_2024,Entergy Texas Inc.,4
77835,1273,nrel_2024,"Bartlett Electric Coop, Inc",4
77835,1892,nrel_2024,"Bluebonnet Electric Coop, Inc",4
77835,6183,nrel_2024,"Fayette Electric Coop, Inc",4
77836,55937,nrel_2024,Entergy Texas Inc.,5
77836,1273,nrel_2024,"Bartlett Electric Coop, Inc",5
77836,1892,nrel_2024,"Bluebonnet Electric Coop, Inc",5
77836,12452,nrel_2024,Mid-South Electric Coop Assn,5
77836,55982,nrel_2024,Heart of Texas Electric Coop,5
77837,55937,nrel_2024,Entergy Texas Inc.,4
77837,1273,nrel_2024,"Bartlett Electric Coop, Inc",4
77837,16146,nrel_2024,"Navasota Valley Elec Coop, Inc",4
77837,55982,nrel_2024,Heart of Texas Electric Coop,4
77838,55937,nrel_2024,Entergy Texas Inc.,2
77838,1273,nrel_2024,"Bartlett Electric Coop, Inc",2
77840,55937,nrel_2024,Entergy Texas Inc.,4
77840,2442,nrel_2024,City of Bryan - (TX),4
77840,3940,nrel_2024,City of College Station - (TX),4
77840,12452,nrel_2024,Mid-South Electric Coop Assn,4
77841,3940,nrel_2024,City of College Station - (TX),1
77842,3940,nrel_2024,City of College Station - (TX),1
77843,55937,nrel_2024,Entergy Texas Inc.,2
77843,3940,nrel_2024,City of College Station - (TX),2
77844,3940,nrel_2024,City of College Station - (TX),1
77845,55937,nrel_2024,Entergy Texas Inc.,6
77845,1273,nrel_2024,"Bartlett Electric Coop, Inc",6
77845,1892,nrel_2024,"Bluebonnet Electric Coop, Inc",6
77845,2442,nrel_2024,City of Bryan - (TX),6
77845,3940,nrel_2024,City of College Station - (TX),6
77845,12452,nrel_2024,Mid-South Electric Coop Assn,6
77850,55937,nrel_2024,Entergy Texas Inc.,2
77850,16146,nrel_2024,"Navasota Valley Elec Coop, Inc",2
77852,55937,nrel_2024,Entergy Texas Inc.,2
77852,1273,nrel_2024,"Bartlett Electric Coop, Inc",2
77853,55937,nrel_2024,Entergy Texas Inc.,3
77853,1273,nrel_2024,"Bartlett Electric Coop, Inc",3
77853,1892,nrel_2024,"Bluebonnet Electric Coop, Inc",3
77855,44372,puct_ptc,Oncor Electric Delivery Company LLC,2
77855,16146,nrel_2024,"Navasota Valley Elec Coop, Inc",2
77856,55937,nrel_2024,Entergy Texas Inc.,3
77856,16146,nrel_2024,"Navasota Valley Elec Coop, Inc",3
77856,55982,nrel_2024,Heart of Texas Electric Coop,3
77857,55937,nrel_2024,Entergy Texas Inc.,3
77857,1273,nrel_2024,"Bartlett Electric Coop, Inc",3
77857,55982,nrel_2024,Heart of Texas Electric Coop,3
77859,55937,nrel_2024,Entergy Texas Inc.,5
77859,1273,nrel_2024,"Bartlett Electric Coop, Inc",5
77859,12452,nrel_2024,Mid-South Electric Coop Assn,5
77859,16146,nrel_2024,"Navasota Valley Elec Coop, Inc",5
77859,55982,nrel_2024,Heart of Texas Electric Coop,5
77861,55937,nrel_2024,Entergy Texas Inc.,2
77861,12452,nrel_2024,Mid-South Electric Coop Assn,2
77862,12452,nrel_2024,Mid-South Electric Coop Assn,1
77863,55937,nrel_2024,Entergy Texas Inc.,2
77863,1273,nrel_2024,"Bartlett Electric Coop, Inc",2
77864,55937,nrel_2024,Entergy Texas Inc.,2
77864,12452,nrel_2024,Mid-South Electric Coop Assn,2
77865,44372,puct_ptc,Oncor Electric Delivery Company LLC,4
77865,55937,nrel_2024,Entergy Texas Inc.,4
77865,16146,nrel_2024,"Navasota Valley Elec Coop, Inc",4
77865,55982,nrel_2024,Heart of Texas Electric Coop,4
77866,55937,nrel_2024,Entergy Texas Inc.,2
77866,12452,nrel_2024,Mid-South Electric Coop Assn,2
77867,55937,nrel_2024,Entergy Texas Inc.,2
77867,55982,nrel_2024,Heart of Texas Electric Coop,2
77868,55937,nrel_2024,Entergy Texas Inc.,4
77868,1273,nrel_2024,"Bartlett Electric Coop, Inc",4
77868,1892,nrel_2024,"Bluebonnet Electric Coop, Inc",4
77868,12452,nrel_2024,Mid-South Electric Coop Assn,4
77870,16146,nrel_2024,"Navasota Valley Elec Coop, Inc",1
77871,55937,nrel_2024,Entergy Texas Inc.,4
77871,12452,nrel_2024,Mid-South Electric Coop Assn,4
77871,16146,nrel_2024,"Navasota Valley Elec Coop, Inc",4
77871,55982,nrel_2024,Heart of Texas Electric Coop,4
77872,55937,nrel_2024,Entergy Texas Inc.,2
77872,12452,nrel_2024,Mid-South Electric Coop Assn,2
77873,55937,nrel_2024,Entergy Texas Inc.,2
77873,12452,nrel_2024,Mid-South Electric Coop Assn,2
77875,55937,nrel_2024,Entergy Texas Inc.,2
77875,12452,nrel_2024,Mid-South Electric Coop Assn,2
77876,55937,nrel_2024,Entergy Texas Inc.,2
77876,12452,nrel_2024,Mid-South Electric Coop Assn,2
77878,1273,nrel_2024,"Bartlett Electric Coop, Inc",2
77878,1892,nrel_2024,"Bluebonnet Electric Coop, Inc",2
77879,55937,nrel_2024,Entergy Texas Inc.,4
77879,1273,nrel_2024,"Bartlett Electric Coop, Inc",4
77879,1892,nrel_2024,"Bluebonnet Electric Coop, Inc",4
77879,12452,nrel_2024,Mid-South Electric Coop Assn,4
77880,55937,nrel_2024,Entergy Texas Inc.,3
77880,1892,nrel_2024,"Bluebonnet Electric Coop, Inc",3
77880,12452,nrel_2024,Mid-South Electric Coop Assn,3
77881,12452,nrel_2024,Mid-South Electric Coop Assn,1
77882,55937,nrel_2024,Entergy Texas Inc.,1
77901,3278,puct_ptc,AEP Texas Central Company,2
77901,19806,nrel_2024,"Victoria Electric Coop, Inc",2
77903,3278,puct_ptc,AEP Texas Central Company,1
77904,3278,puct_ptc,AEP Texas Central Company,2
77904,19806,nrel_2024,"Victoria Electric Coop, Inc",2
77905,3278,puct_ptc,AEP Texas Central Company,2
77905,19806,nrel_2024,"Victoria Electric Coop, Inc",2
77950,3278,puct_ptc,AEP Texas Central Company,1
77951,3278,puct_ptc,AEP Texas Central Company,2
77951,19806,nrel_2024,"Victoria Electric Coop, Inc",2
77954,7752,nrel_2024,Guadalupe Valley Elec Coop Inc,2
77954,19806,nrel_2024,"Victoria Electric Coop, Inc",2
77957,3278,puct_ptc,AEP Texas Central Company,6
77957,7752,nrel_2024,Guadalupe Valley Elec Coop Inc,6
77957,9590,nrel_2024,"Jackson Electric Coop, Inc - (TX)",6
77957,16638,nrel_2024,"San Bernard Electric Coop, Inc",6
77957,19806,nrel_2024,"Victoria Electric Coop, Inc",6
77957,20472,nrel_2024,"Wharton County Elec Coop, Inc",6
77960,19806,nrel_2024,"Victoria Electric Coop, Inc",1
77962,3278,puct_ptc,AEP Texas Central Company,2
77962,9590,nrel_2024,"Jackson Electric Coop, Inc - (TX)",2
77963,3278,puct_ptc,AEP Texas Central Company,4
77963,10009,nrel_2024,Karnes Electric Coop Inc,4
77963,16627,nrel_2024,San Patricio Electric Coop Inc,4
77963,19806,nrel_2024,"Victoria Electric Coop, Inc",4
77964,6183,nrel_2024,"Fayette Electric Coop, Inc",6
77964,7752,nrel_2024,Guadalupe Valley Elec Coop Inc,6
77964,9590,nrel_2024,"Jackson Electric Coop, Inc - (TX)",6
77964,16638,nrel_2024,"San Bernard Electric Coop, Inc",6
77964,19806,nrel_2024,"Victoria Electric Coop, Inc",6
77964,20472,nrel_2024,"Wharton County Elec Coop, Inc",6
77967,19806,nrel_2024,"Victoria Electric Coop, Inc",1
77968,3278,puct_ptc,AEP Texas Central Company,3
77968,9590,nrel_2024,"Jackson Electric Coop, Inc - (TX)",3
77968,19806,nrel_2024,"Victoria Electric Coop, Inc",3
77969,9590,nrel_2024,"Jackson Electric Coop, Inc - (TX)",2
77969,19806,nrel_2024,"Victoria Electric Coop, Inc",2
77970,9590,nrel_2024,"Jackson Electric Coop, Inc - (TX)",1
77971,3278,puct_ptc,AEP Texas Central Company,2
77971,9590,nrel_2024,"Jackson Electric Coop, Inc - (TX)",2
77973,19806,nrel_2024,"Victoria Electric Coop, Inc",1
77974,19806,nrel_2024,"Victoria Electric Coop, Inc",1
77975,6183,nrel_2024,"Fayette Electric Coop, Inc",2
77975,7752,nrel_2024,Guadalupe Valley Elec Coop Inc,2
77976,19806,nrel_2024,"Victoria Electric Coop, Inc",1
77977,3278,puct_ptc,AEP Texas Central Company,2
77977,19806,nrel_2024,"Victoria Electric Coop, Inc",2
77978,3278,puct_ptc,AEP Texas Central Company,2
77978,19806,nrel_2024,"Victoria Electric Coop, Inc",2
77979,3278,puct_ptc,AEP Texas Central Company,2
77979,19806,nrel_2024,"Victoria Electric Coop, Inc",2
77982,19806,nrel_2024,"Victoria Electric Coop, Inc",1
77983,3278,puct_ptc,AEP Texas Central Company,2
77983,19806,nrel_2024,"Victoria Electric Coop, Inc",2
77984,7752,nrel_2024,Guadalupe Valley Elec Coop Inc,2
77984,19806,nrel_2024,"Victoria Electric Coop, Inc",2
77986,16638,nrel_2024,"San Bernard Electric Coop, Inc",1
77987,7752,nrel_2024,Guadalupe Valley Elec Coop Inc,1
77990,3278,puct_ptc,AEP Texas Central Company,3
77990,16627,nrel_2024,San Patricio Electric Coop Inc,3
77990,19806,nrel_2024,"Victoria Electric Coop, Inc",3
77991,9590,nrel_2024,"Jackson Electric Coop, Inc - (TX)",1
77993,3278,puct_ptc,AEP Texas Central Company,1
77994,3278,puct_ptc,AEP Texas Central Company,3
77994,7752,nrel_2024,Guadalupe Valley Elec Coop Inc,3
77994,19806,nrel_2024,"Victoria Electric Coop, Inc",3
77995,7752,nrel_2024,Guadalupe Valley Elec Coop Inc,3
77995,9590,nrel_2024,"Jackson Electric Coop, Inc - (TX)",3
77995,19806,nrel_2024,"Victoria Electric Coop, Inc",3
78001,3278,puct_ptc,AEP Texas Central Company,2
78001,12268,nrel_2024,"Medina Electric Coop, Inc",2
78002,16604,nrel_2024,City of San Antonio - (TX),1
78003,1175,nrel_2024,"Bandera Electric Coop, Inc",1
78004,1175,nrel_2024,"Bandera Electric Coop, Inc",2
78004,14626,nrel_2024,"Pedernales Electric Coop, Inc",2
78005,3278,puct_ptc,AEP Texas Central Company,2
78005,10009,nrel_2024,Karnes Electric Coop Inc,2
78006,1175,nrel_2024,"Bandera Electric Coop, Inc",4
78006,3282,nrel_2024,"Central Texas Elec Coop, Inc",4
78006,14626,nrel_2024,"Pedernales Electric Coop, Inc",4
78006,16604,nrel_2024,City of San Antonio - (TX),4
78007,10009,nrel_2024,Karnes Electric Coop Inc,2
78007,16627,nrel_2024,San Patricio Electric Coop Inc,2
78008,10009,nrel_2024,Karnes Electric Coop Inc,1
78009,12268,nrel_2024,"Medina Electric Coop, Inc",2
78009,16604,nrel_2024,City of San Antonio - (TX),2
78010,1175,nrel_2024,"Bandera Electric Coop, Inc",2
78010,3282,nrel_2024,"Central Texas Elec Coop, Inc",2
78011,3278,puct_ptc,AEP Texas Central Company,2
78011,10009,nrel_2024,Karnes Electric Coop Inc,2
78012,3278,puct_ptc,AEP Texas Central Company,2
78012,10009,nrel_2024,Karnes Electric Coop Inc,2
78013,1175,nrel_2024,"Bandera Electric Coop, Inc",2
78013,3282,nrel_2024,"Central Texas Elec Coop, Inc",2
78014,3278,puct_ptc,AEP Texas Central Company,3
78014,10009,nrel_2024,Karnes Electric Coop Inc,3
78014,12268,nrel_2024,"Medina Electric Coop, Inc",3
78015,1175,nrel_2024,"Bandera Electric Coop, Inc",2
78015,16604,nrel_2024,City of San Antonio - (TX),2
78016,3278,puct_ptc,AEP Texas Central Company,4
78016,10009,nrel_2024,Karnes Electric Coop Inc,4
78016,12268,nrel_2024,"Medina Electric Coop, Inc",4
78016,16604,nrel_2024,City of San Antonio - (TX),4
78017,3278,puct_ptc,AEP Texas Central Company,2
78017,12268,nrel_2024,"Medina Electric Coop, Inc",2
78019,3278,puct_ptc,AEP Texas Central Company,2
78019,12268,nrel_2024,"Medina Electric Coop, Inc",2
78021,10009,nrel_2024,Karnes Electric Coop Inc,2
78021,12268,nrel_2024,"Medina Electric Coop, Inc",2
78022,3278,puct_ptc,AEP Texas Central Company,3
78022,13830,puct_ptc,Nueces Electric Cooperative,3
78022,16627,nrel_2024,San Patricio Electric Coop Inc,3
78023,1175,nrel_2024,"Bandera Electric Coop, Inc",2
78023,16604,nrel_2024,City of San Antonio - (TX),2
78024,1175,nrel_2024,"Bandera Electric Coop, Inc",2
78024,3282,nrel_2024,"Central Texas Elec Coop, Inc",2
78025,1175,nrel_2024,"Bandera Electric Coop, Inc",2
78025,3282,nrel_2024,"Central Texas Elec Coop, Inc",2
78026,3278,puct_ptc,AEP Texas Central Company,2
78026,10009,nrel_2024,Karnes Electric Coop Inc,2
78027,1175,nrel_2024,"Bandera Electric Coop, Inc",2
78027,14626,nrel_2024,"Pedernales Electric Coop, Inc",2
78028,1175,nrel_2024,"Bandera Electric Coop, Inc",3
78028,3282,nrel_2024,"Central Texas Elec Coop, Inc",3
78028,28604,nrel_2024,Kerrville Public Utility Board,3
78029,1175,nrel_2024,"Bandera Electric Coop, Inc",1
78039,12268,nrel_2024,"Medina Electric Coop, Inc",2
78039,16604,nrel_2024,City of San Antonio - (TX),2
78040,3278,puct_ptc,AEP Texas Central Company,1
78041,3278,puct_ptc,AEP Texas Central Company,2
78041,12268,nrel_2024,"Medina Electric Coop, Inc",2
78042,3278,puct_ptc,AEP Texas Central Company,1
78043,3278,puct_ptc,AEP Texas Central Company,1
78044,12268,nrel_2024,"Medina Electric Coop, Inc",1
78045,3278,puct_ptc,AEP Texas Central Company,3
78045,12268,nrel_2024,"Medina Electric Coop, Inc",3
78045,16057,nrel_2024,"Rio Grande Electric Coop, Inc",3
78046,3278,puct_ptc,AEP Texas Central Company,2
78046,12268,nrel_2024,"Medina Electric Coop, Inc",2
78050,3278,puct_ptc,AEP Texas Central Company,2
78050,10009,nrel_2024,Karnes Electric Coop Inc,2
78052,3278,puct_ptc,AEP Texas Central Company,4
78052,10009,nrel_2024,Karnes Electric Coop Inc,4
78052,12268,nrel_2024,"Medina Electric Coop, Inc",4
78052,16604,nrel_2024,City of San Antonio - (TX),4
78054,16604,nrel_2024,City of San Antonio - (TX),1
78055,1175,nrel_2024,"Bandera Electric Coop, Inc",1
78056,1175,nrel_2024,"Bandera Electric Coop, Inc",3
78056,12268,nrel_2024,"Medina Electric Coop, Inc",3
78056,16604,nrel_2024,City of San Antonio - (TX),3
78057,3278,puct_ptc,AEP Texas Central Company,3
78057,10009,nrel_2024,Karnes Electric Coop Inc,3
78057,12268,nrel_2024,"Medina Electric Coop, Inc",3
78058,1175,nrel_2024,"Bandera Electric Coop, Inc",3
78058,3282,nrel_2024,"Central Texas Elec Coop, Inc",3
78058,14626,nrel_2024,"Pedernales Electric Coop, Inc",3
78059,3278,puct_ptc,AEP Texas Central Company,3
78059,10009,nrel_2024,Karnes Electric Coop Inc,3
78059,16604,nrel_2024,City of San Antonio - (TX),3
78060,3278,puct_ptc,AEP Texas Central Company,2
78060,16627,nrel_2024,San Patricio Electric Coop Inc,2
78061,3278,puct_ptc,AEP Texas Central Company,3
78061,10009,nrel_2024,Karnes Electric Coop Inc,3
78061,12268,nrel_2024,"Medina Electric Coop, Inc",3
78062,10009,nrel_2024,Karnes Electric Coop Inc,1
78063,1175,nrel_2024,"Bandera Electric Coop, Inc",2
78063,16604,nrel_2024,City of San Antonio - (TX),2
78064,3278,puct_ptc,AEP Texas Central Company,3
78064,10009,nrel_2024,Karnes Electric Coop Inc,3
78064,16604,nrel_2024,City of San Antonio - (TX),3
78065,3278,puct_ptc,AEP Texas Central Company,3
78065,10009,nrel_2024,Karnes Electric Coop Inc,3
78065,16604,nrel_2024,City of San Antonio - (TX),3
78066,1175,nrel_2024,"Bandera Electric Coop, Inc",3
78066,12268,nrel_2024,"Medina Electric Coop, Inc",3
78066,16604,nrel_2024,City of San Antonio - (TX),3
78067,3278,puct_ptc,AEP Texas Central Company,1
78069,10009,nrel_2024,Karnes Electric Coop Inc,2
78069,16604,nrel_2024,City of San Antonio - (TX),2
78070,14626,nrel_2024,"Pedernales Electric Coop, Inc",2
78070,16604,nrel_2024,City of San Antonio - (TX),2
78071,3278,puct_ptc,AEP Texas Central Company,3
78071,10009,nrel_2024,Karnes Electric Coop Inc,3
78071,16627,nrel_2024,San Patricio Electric Coop Inc,3
78072,13830,puct_ptc,Nueces Electric Cooperative,4
78072,10009,nrel_2024,Karnes Electric Coop Inc,4
78072,12268,nrel_2024,"Medina Electric Coop, Inc",4
78072,16627,nrel_2024,San Patricio Electric Coop Inc,4
78073,10009,nrel_2024,Karnes Electric Coop Inc,2
78073,16604,nrel_2024,City of San Antonio - (TX),2
78074,1175,nrel_2024,"Bandera Electric Coop, Inc",1
78075,10009,nrel_2024,Karnes Electric Coop Inc,1
78076,3278,puct_ptc,AEP Texas Central Company,2
78076,12268,nrel_2024,"Medina Electric Coop, Inc",2
78101,7752,nrel_2024,Guadalupe Valley Elec Coop Inc,2
78101,16604,nrel_2024,City of San Antonio - (TX),2
78102,3278,puct_ptc,AEP Texas Central Company,2
78102,16627,nrel_2024,San Patricio Electric Coop Inc,2
78104,3278,puct_ptc,AEP Texas Central Company,1
78107,3278,puct_ptc,AEP Texas Central Company,2
78107,16627,nrel_2024,San Patricio Electric Coop Inc,2
78108,7752,nrel_2024,Guadalupe Valley Elec Coop Inc,3
78108,14626,nrel_2024,"Pedernales Electric Coop, Inc",3
78108,16604,nrel_2024,City of San Antonio - (TX),3
78109,16604,nrel_2024,City of San Antonio - (TX),1
78111,10009,nrel_2024,Karnes Electric Coop Inc,2
78111,19806,nrel_2024,"Victoria Electric Coop, Inc",2
78112,7752,nrel_2024,Guadalupe Valley Elec Coop Inc,3
78112,10009,nrel_2024,Karnes Electric Coop Inc,3
78112,16604,nrel_2024,City of San Antonio - (TX),3
78113,7752,nrel_2024,Guadalupe Valley Elec Coop Inc,2
78113,10009,nrel_2024,Karnes Electric Coop Inc,2
78114,6427,nrel_2024,City of Floresville,4
78114,7752,nrel_2024,Guadalupe Valley Elec Coop Inc,4
78114,10009,nrel_2024,Karnes Electric Coop Inc,4
78114,16604,nrel_2024,City of San Antonio - (TX),4
78115,7752,nrel_2024,Guadalupe Valley Elec Coop Inc,1
78116,3278,puct_ptc,AEP Texas Central Company,4
78116,7752,nrel_2024,Guadalupe Valley Elec Coop Inc,4
78116,10009,nrel_2024,Karnes Electric Coop Inc,4
78116,19806,nrel_2024,"Victoria Electric Coop, Inc",4
78117,10009,nrel_2024,Karnes Electric Coop Inc,1
78118,3278,puct_ptc,AEP Texas Central Company,3
78118,10009,nrel_2024,Karnes Electric Coop Inc,3
78118,19806,nrel_2024,"Victoria Electric Coop, Inc",3
78119,3278,puct_ptc,AEP Texas Central Company,3
78119,10009,nrel_2024,Karnes Electric Coop Inc,3
78119,16627,nrel_2024,San Patricio Electric Coop Inc,3
78121,7752,nrel_2024,Guadalupe Valley Elec Coop Inc,2
78121,16604,nrel_2024,City of San Antonio - (TX),2
78122,3278,puct_ptc,AEP Texas Central Company,2
78122,7752,nrel_2024,Guadalupe Valley Elec Coop Inc,2
78123,7752,nrel_2024,Guadalupe Valley Elec Coop Inc,1
78124,7752,nrel_2024,Guadalupe Valley Elec Coop Inc,3
78124,14626,nrel_2024,"Pedernales Electric Coop, Inc",3
78124,16604,nrel_2024,City of San Antonio - (TX),3
78125,16627,nrel_2024,San Patricio Electric Coop Inc,1
78130,1892,nrel_2024,"Bluebonnet Electric Coop, Inc",4
78130,7752,nrel_2024,Guadalupe Valley Elec Coop Inc,4
78130,13418,nrel_2024,City of New Braunfels - (TX),4
78130,14626,nrel_2024,"Pedernales Electric Coop, Inc",4
78131,13418,nrel_2024,City of New Braunfels - (TX),1
78132,7752,nrel_2024,Guadalupe Valley Elec Coop Inc,3
78132,14626,nrel_2024,"Pedernales Electric Coop, Inc",3
78132,16604,nrel_2024,City of San Antonio - (TX),3
78133,14626,nrel_2024,"Pedernales Electric Coop, Inc",1
78135,14626,nrel_2024,"Pedernales Electric Coop, Inc",1
78140,3278,puct_ptc,AEP Texas Central Company,3
78140,7752,nrel_2024,Guadalupe Valley Elec Coop Inc,3
78140,10009,nrel_2024,Karnes Electric Coop Inc,3
78141,3278,puct_ptc,AEP Texas Central Company,3
78141,10009,nrel_2024,Karnes Electric Coop Inc,3
78141,19806,nrel_2024,"Victoria Electric Coop, Inc",3
78142,3278,puct_ptc,AEP Texas Central Company,1
78143,7752,nrel_2024,Guadalupe Valley Elec Coop Inc,1
78144,10009,nrel_2024,Karnes Electric Coop Inc,1
78145,3278,puct_ptc,AEP Texas Central Company,1
78146,3278,puct_ptc,AEP Texas Central Company,1
78147,10009,nrel_2024,Karnes Electric Coop Inc,1
78148,7752,nrel_2024,Guadalupe Valley Elec Coop Inc,2
78148,16604,nrel_2024,City of San Antonio - (TX),2
78150,16604,nrel_2024,City of San Antonio - (TX),1
78151,3278,puct_ptc,AEP Texas Central Company,3
78151,10009,nrel_2024,Karnes Electric Coop Inc,3
78151,19806,nrel_2024,"Victoria Electric Coop, Inc",3
78152,7752,nrel_2024,Guadalupe Valley Elec Coop Inc,2
78152,16604,nrel_2024,City of San Antonio - (TX),2
78154,7752,nrel_2024,Guadalupe Valley Elec Coop Inc,2
78154,16604,nrel_2024,City of San Antonio - (TX),2
78155,1892,nrel_2024,"Bluebonnet Electric Coop, Inc",5
78155,7752,nrel_2024,Guadalupe Valley Elec Coop Inc,5
78155,14626,nrel_2024,"Pedernales Electric Coop, Inc",5
78155,16604,nrel_2024,City of San Antonio - (TX),5
78155,16900,nrel_2024,City of Seguin - (TX),5
78156,16900,nrel_2024,City of Seguin - (TX),1
78159,3278,puct_ptc,AEP Texas Central Company,4
78159,7752,nrel_2024,Guadalupe Valley Elec Coop Inc,4
78159,10009,nrel_2024,Karnes Electric Coop Inc,4
78159,19806,nrel_2024,"Victoria Electric Coop, Inc",4
78160,7752,nrel_2024,Guadalupe Valley Elec Coop Inc,2
78160,10009,nrel_2024,Karnes Electric Coop Inc,2
78161,7752,nrel_2024,Guadalupe Valley Elec Coop Inc,1
78162,3278,puct_ptc,AEP Texas Central Company,1
78163,1175,nrel_2024,"Bandera Electric Coop, Inc",3
78163,14626,nrel_2024,"Pedernales Electric Coop, Inc",3
78163,16604,nrel_2024,City of San Antonio - (TX),3
78164,3278,puct_ptc,AEP Texas Central Company,3
78164,10009,nrel_2024,Karnes Electric Coop Inc,3
78164,19806,nrel_2024,"Victoria Electric Coop, Inc",3
78201,16604,nrel_2024,City of San Antonio - (TX),1
78202,16604,nrel_2024,City of San Antonio - (TX),1
78203,16604,nrel_2024,City of San Antonio - (TX),1
78204,16604,nrel_2024,City of San Antonio - (TX),1
78205,16604,nrel_2024,City of San Antonio - (TX),1
78206,16604,nrel_2024,City of San Antonio - (TX),1
78207,16604,nrel_2024,City of San Antonio - (TX),1
78208,16604,nrel_2024,City of San Antonio - (TX),1
78209,16604,nrel_2024,City of San Antonio - (TX),1
78210,16604,nrel_2024,City of San Antonio - (TX),1
78211,16604,nrel_2024,City of San Antonio - (TX),1
78212,16604,nrel_2024,City of San Antonio - (TX),1
78213,16604,nrel_2024,City of San Antonio - (TX),1
78214,16604,nrel_2024,City of San Antonio - (TX),1
78215,16604,nrel_2024,City of San Antonio - (TX),1
78216,16604,nrel_2024,City of San Antonio - (TX),1
78217,16604,nrel_2024,City of San Antonio - (TX),1
78218,16604,nrel_2024,City of San Antonio - (TX),1
78219,16604,nrel_2024,City of San Antonio - (TX),1
78220,16604,nrel_2024,City of San Antonio - (TX),1
78221,16604,nrel_2024,City of San Antonio - (TX),1
78222,16604,nrel_2024,City of San Antonio - (TX),1
78223,7752,nrel_2024,Guadalupe Valley Elec Coop Inc,2
78223,16604,nrel_2024,City of San Antonio - (TX),2
78224,16604,nrel_2024,City of San Antonio - (TX),1
78225,16604,nrel_2024,City of San Antonio - (TX),1
78226,16604,nrel_2024,City of San Antonio - (TX),1
78227,16604,nrel_2024,City of San Antonio - (TX),1
78228,16604,nrel_2024,City of San Antonio - (TX),1
78229,16604,nrel_2024,City of San Antonio - (TX),1
78230,16604,nrel_2024,City of San Antonio - (TX),1
78231,16604,nrel_2024,City of San Antonio - (TX),1
78232,16604,nrel_2024,City of San Antonio - (TX),1
78233,16604,nrel_2024,City of San Antonio - (TX),1
78234,16604,nrel_2024,City of San Antonio - (TX),1
78235,16604,nrel_2024,City of San Antonio - (TX),1
78236,16604,nrel_2024,City of San Antonio - (TX),1
78237,16604,nrel_2024,City of San Antonio - (TX),1
78238,16604,nrel_2024,City of San Antonio - (TX),1
78239,16604,nrel_2024,City of San Antonio - (TX),1
78240,16604,nrel_2024,City of San Antonio - (TX),1
78241,16604,nrel_2024,City of San Antonio - (TX),1
78242,16604,nrel_2024,City of San Antonio - (TX),1
78243,16604,nrel_2024,City of San Antonio - (TX),1
78244,16604,nrel_2024,City of San Antonio - (TX),1
78245,16604,nrel_2024,City of San Antonio - (TX),1
78246,16604,nrel_2024,City of San Antonio - (TX),1
78247,16604,nrel_2024,City of San Antonio - (TX),1
78248,16604,nrel_2024,City of San Antonio - (TX),1
78249,16604,nrel_2024,City of San Antonio - (TX),1
78250,16604,nrel_2024,City of San Antonio - (TX),1
78251,16604,nrel_2024,City of San Antonio - (TX),1
78252,16604,nrel_2024,City of San Antonio - (TX),1
78253,1175,nrel_2024,"Bandera Electric Coop, Inc",2
78253,16604,nrel_2024,City of San Antonio - (TX),2
78254,16604,nrel_2024,City of San Antonio - (TX),1
78255,16604,nrel_2024,City of San Antonio - (TX),1
78256,16604,nrel_2024,City of San Antonio - (TX),1
78257,16604,nrel_2024,City of San Antonio - (TX),1
78258,16604,nrel_2024,City of San Antonio - (TX),1
78259,16604,nrel_2024,City of San Antonio - (TX),1
78260,16604,nrel_2024,City of San Antonio - (TX),1
78261,16604,nrel_2024,City of San Antonio - (TX),1
78263,16604,nrel_2024,City of San Antonio - (TX),1
78264,10009,nrel_2024,Karnes Electric Coop Inc,2
78264,16604,nrel_2024,City of San Antonio - (TX),2
78265,16604,nrel_2024,City of San Antonio - (TX),1
78266,16604,nrel_2024,City of San Antonio - (TX),1
78268,16604,nrel_2024,City of San Antonio - (TX),1
78269,16604,nrel_2024,City of San Antonio - (TX),1
78270,16604,nrel_2024,City of San Antonio - (TX),1
78278,16604,nrel_2024,City of San Antonio - (TX),1
78279,16604,nrel_2024,City of San Antonio - (TX),1
78280,16604,nrel_2024,City of San Antonio - (TX),1
78283,16604,nrel_2024,City of San Antonio - (TX),1
78284,16604,nrel_2024,City of San Antonio - (TX),1
78285,16604,nrel_2024,City of San Antonio - (TX),1
78288,16604,nrel_2024,City of San Antonio - (TX),1
78289,16604,nrel_2024,City of San Antonio - (TX),1
78291,16604,nrel_2024,City of San Antonio - (TX),1
78292,16604,nrel_2024,City of San Antonio - (TX),1
78293,16604,nrel_2024,City of San Antonio - (TX),1
78294,16604,nrel_2024,City of San Antonio - (TX),1
78295,16604,nrel_2024,City of San Antonio - (TX),1
78296,16604,nrel_2024,City of San Antonio - (TX),1
78297,16604,nrel_2024,City of San Antonio - (TX),1
78298,16604,nrel_2024,City of San Antonio - (TX),1
78299,16604,nrel_2024,City of San Antonio - (TX),1
78330,3278,puct_ptc,AEP Texas Central Company,2
78330,13830,puct_ptc,Nueces Electric Cooperative,2
78332,3278,puct_ptc,AEP Texas Central Company,2
78332,13830,puct_ptc,Nueces Electric Cooperative,2
78335,3278,puct_ptc,AEP Texas Central Company,1
78336,3278,puct_ptc,AEP Texas Central Company,1
78339,3278,puct_ptc,AEP Texas Central Company,2
78339,13830,puct_ptc,Nueces Electric Cooperative,2
78340,3278,puct_ptc,AEP Texas Central Company,1
78341,3278,puct_ptc,AEP Texas Central Company,2
78341,13830,puct_ptc,Nueces Electric Cooperative,2
78342,3278,puct_ptc,AEP Texas Central Company,2
78342,13830,puct_ptc,Nueces Electric Cooperative,2
78343,3278,puct_ptc,AEP Texas Central Company,2
78343,13830,puct_ptc,Nueces Electric Cooperative,2
78344,3278,puct_ptc,AEP Texas Central Company,2
78344,12268,nrel_2024,"Medina Electric Coop, Inc",2
78347,3278,puct_ptc,AEP Texas Central Company,1
78349,3278,puct_ptc,AEP Texas Central Company,2
78349,13830,nrel_2024,Nueces Electric Cooperative,2
78350,3278,puct_ptc,AEP Texas Central Company,1
78351,3278,puct_ptc,AEP Texas Central Company,2
78351,13830,puct_ptc,Nueces Electric Cooperative,2
78352,3278,puct_ptc,AEP Texas Central Company,1
78353,3278,puct_ptc,AEP Texas Central Company,3
78353,11501,nrel_2024,Magic Valley Electric Coop Inc,3
78353,12268,nrel_2024,"Medina Electric Coop, Inc",3
78355,3278,puct_ptc,AEP Texas Central Company,3
78355,12268,nrel_2024,"Medina Electric Coop, Inc",3
78355,13830,nrel_2024,Nueces Electric Cooperative,3
78357,3278,puct_ptc,AEP Texas Central Company,3
78357,13830,puct_ptc,Nueces Electric Cooperative,3
78357,12268,nrel_2024,"Medina Electric Coop, Inc",3
78358,3278,puct_ptc,AEP Texas Central Company,1
78359,3278,puct_ptc,AEP Texas Central Company,1
78361,3278,puct_ptc,AEP Texas Central Company,2
78361,12268,nrel_2024,"Medina Electric Coop, Inc",2
78362,3278,puct_ptc,AEP Texas Central Company,1
78363,3278,puct_ptc,AEP Texas Central Company,2
78363,13830,puct_ptc,Nueces Electric Cooperative,2
78364,3278,puct_ptc,AEP Texas Central Company,1
78368,3278,puct_ptc,AEP Texas Central Company,3
78368,13830,puct_ptc,Nueces Electric Cooperative,3
78368,16627,nrel_2024,San Patricio Electric Coop Inc,3
78369,3278,puct_ptc,AEP Texas Central Company,2
78369,12268,nrel_2024,"Medina Electric Coop, Inc",2
78370,3278,puct_ptc,AEP Texas Central Company,2
78370,16627,nrel_2024,San Patricio Electric Coop Inc,2
78371,3278,puct_ptc,AEP Texas Central Company,2
78371,12268,nrel_2024,"Medina Electric Coop, Inc",2
78372,3278,puct_ptc,AEP Texas Central Company,3
78372,13830,puct_ptc,Nueces Electric Cooperative,3
78372,16627,nrel_2024,San Patricio Electric Coop Inc,3
78373,3278,puct_ptc,AEP Texas Central Company,1
78374,3278,puct_ptc,AEP Texas Central Company,1
78375,3278,puct_ptc,AEP Texas Central Company,2
78375,13830,nrel_2024,Nueces Electric Cooperative,2
78376,3278,puct_ptc,AEP Texas Central Company,1
78377,3278,puct_ptc,AEP Texas Central Company,3
78377,16627,nrel_2024,San Patricio Electric Coop Inc,3
78377,19806,nrel_2024,"Victoria Electric Coop, Inc",3
78379,3278,puct_ptc,AEP Texas Central Company,2
78379,13830,puct_ptc,Nueces Electric Cooperative,2
78380,3278,puct_ptc,AEP Texas Central Company,2
78380,13830,puct_ptc,Nueces Electric Cooperative,2
78382,3278,puct_ptc,AEP Texas Central Company,2
78382,19806,nrel_2024,"Victoria Electric Coop, Inc",2
78383,3278,puct_ptc,AEP Texas Central Company,3
78383,13830,puct_ptc,Nueces Electric Cooperative,3
78383,16627,nrel_2024,San Patricio Electric Coop Inc,3
78384,3278,puct_ptc,AEP Texas Central Company,2
78384,13830,puct_ptc,Nueces Electric Cooperative,2
78385,11501,nrel_2024,Magic Valley Electric Coop Inc,2
78385,13830,nrel_2024,Nueces Electric Cooperative,2
78387,3278,puct_ptc,AEP Texas Central Company,2
78387,16627,nrel_2024,San Patricio Electric Coop Inc,2
78389,3278,puct_ptc,AEP Texas Central Company,2
78389,16627,nrel_2024,San Patricio Electric Coop Inc,2
78390,3278,puct_ptc,AEP Texas Central Company,2
78390,16627,nrel_2024,San Patricio Electric Coop Inc,2
78391,3278,puct_ptc,AEP Texas Central Company,1
78393,3278,puct_ptc,AEP Texas Central Company,2
78393,16627,nrel_2024,San Patricio Electric Coop Inc,2
78401,3278,puct_ptc,AEP Texas Central Company,1
78402,3278,puct_ptc,AEP Texas Central Company,1
78404,3278,puct_ptc,AEP Texas Central Company,1
78405,3278,puct_ptc,AEP Texas Central Company,1
78406,3278,puct_ptc,AEP Texas Central Company,2
78406,13830,puct_ptc,Nueces Electric Cooperative,2
78407,3278,puct_ptc,AEP Texas Central Company,2
78407,16627,nrel_2024,San Patricio Electric Coop Inc,2
78408,3278,puct_ptc,AEP Texas Central Company,1
78409,3278,puct_ptc,AEP Texas Central Company,2
78409,16627,nrel_2024,San Patricio Electric Coop Inc,2
78410,3278,puct_ptc,AEP Texas Central Company,3
78410,13830,puct_ptc,Nueces Electric Cooperative,3
78410,16627,nrel_2024,San Patricio Electric Coop Inc,3
78411,3278,puct_ptc,AEP Texas Central Company,1
78412,3278,puct_ptc,AEP Texas Central Company,1
78413,3278,puct_ptc,AEP Texas Central Company,2
78413,13830,puct_ptc,Nueces Electric Cooperative,2
78414,3278,puct_ptc,AEP Texas Central Company,1
78415,3278,puct_ptc,AEP Texas Central Company,2
78415,13830,puct_ptc,Nueces Electric Cooperative,2
78416,3278,puct_ptc,AEP Texas Central Company,1
78417,3278,puct_ptc,AEP Texas Central Company,1
78418,3278,puct_ptc,AEP Texas Central Company,1
78419,3278,puct_ptc,AEP Texas Central Company,1
78426,3278,puct_ptc,AEP Texas Central Company,1
78469,3278,puct_ptc,AEP Texas Central Company,1
78471,3278,puct_ptc,AEP Texas Central Company,1
78473,3278,puct_ptc,AEP Texas Central Company,1
78474,3278,puct_ptc,AEP Texas Central Company,1
78478,3278,puct_ptc,AEP Texas Central Company,1
78501,3278,puct_ptc,AEP Texas Central Company,1
78503,3278,puct_ptc,AEP Texas Central Company,2
78503,44372,puct_ptc,Oncor Electric Delivery Company LLC,2
78504,3278,puct_ptc,AEP Texas Central Company,2
78504,11501,nrel_2024,Magic Valley Electric Coop Inc,2
78505,3278,puct_ptc,AEP Texas Central Company,1
78516,3278,puct_ptc,AEP Texas Central Company,2
78516,11501,nrel_2024,Magic Valley Electric Coop Inc,2
78520,3278,puct_ptc,AEP Texas Central Company,2
78520,2409,nrel_2024,Brownsville Public Utilities Board,2
78521,3278,puct_ptc,AEP Texas Central Company,3
78521,2409,nrel_2024,Brownsville Public Utilities Board,3
78521,11501,nrel_2024,Magic Valley Electric Coop Inc,3
78522,3278,puct_ptc,AEP Texas Central Company,2
78522,2409,nrel_2024,Brownsville Public Utilities Board,2
78523,2409,nrel_2024,Brownsville Public Utilities Board,1
78526,3278,puct_ptc,AEP Texas Central Company,3
78526,2409,nrel_2024,Brownsville Public Utilities Board,3
78526,11501,nrel_2024,Magic Valley Electric Coop Inc,3
78535,3278,puct_ptc,AEP Texas Central Company,1
78536,11501,nrel_2024,Magic Valley Electric Coop Inc,2
78536,12268,nrel_2024,"Medina Electric Coop, Inc",2
78537,3278,puct_ptc,AEP Texas Central Company,2
78537,11501,nrel_2024,Magic Valley Electric Coop Inc,2
78538,3278,puct_ptc,AEP Texas Central Company,2
78538,11501,nrel_2024,Magic Valley Electric Coop Inc,2
78539,3278,puct_ptc,AEP Texas Central Company,2
78539,11501,nrel_2024,Magic Valley Electric Coop Inc,2
78540,3278,puct_ptc,AEP Texas Central Company,1
78541,3278,puct_ptc,AEP Texas Central Company,2
78541,11501,nrel_2024,Magic Valley Electric Coop Inc,2
78542,3278,puct_ptc,AEP Texas Central Company,2
78542,11501,nrel_2024,Magic Valley Electric Coop Inc,2
78543,3278,puct_ptc,AEP Texas Central Company,1
78545,12268,nrel_2024,"Medina Electric Coop, Inc",1
78547,3278,puct_ptc,AEP Texas Central Company,1
78548,3278,puct_ptc,AEP Texas Central Company,1
78549,3278,puct_ptc,AEP Texas Central Company,1
78550,3278,puct_ptc,AEP Texas Central Company,2
78550,11501,nrel_2024,Magic Valley Electric Coop Inc,2
78551,3278,puct_ptc,AEP Texas Central Company,1
78552,3278,puct_ptc,AEP Texas Central Company,2
78552,11501,nrel_2024,Magic Valley Electric Coop Inc,2
78553,3278,puct_ptc,AEP Texas Central Company,1
78557,3278,puct_ptc,AEP Texas Central Company,2
78557,11501,nrel_2024,Magic Valley Electric Coop Inc,2
78558,3278,puct_ptc,AEP Texas Central Company,1
78559,3278,puct_ptc,AEP Texas Central Company,1
78560,3278,puct_ptc,AEP Texas Central Company,1
78562,3278,puct_ptc,AEP Texas Central Company,1
78563,11501,nrel_2024,Magic Valley Electric Coop Inc,1
78564,12268,nrel_2024,"Medina Electric Coop, Inc",1
78565,3278,puct_ptc,AEP Texas Central Company,1
78566,3278,puct_ptc,AEP Texas Central Company,3
78566,2409,nrel_2024,Brownsville Public Utilities Board,3
78566,11501,nrel_2024,Magic Valley Electric Coop Inc,3
78567,3278,puct_ptc,AEP Texas Central Company,2
78567,11501,nrel_2024,Magic Valley Electric Coop Inc,2
78568,3278,puct_ptc,AEP Texas Central Company,1
78569,3278,puct_ptc,AEP Texas Central Company,2
78569,11501,nrel_2024,Magic Valley Electric Coop Inc,2
78570,3278,puct_ptc,AEP Texas Central Company,2
78570,11501,nrel_2024,Magic Valley Electric Coop Inc,2
78572,3278,puct_ptc,AEP Texas Central Company,2
78572,44372,puct_ptc,Oncor Electric Delivery Company LLC,2
78573,3278,puct_ptc,AEP Texas Central Company,2
78573,11501,nrel_2024,Magic Valley Electric Coop Inc,2
78574,3278,puct_ptc,AEP Texas Central Company,2
78574,11501,nrel_2024,Magic Valley Electric Coop Inc,2
78575,3278,puct_ptc,AEP Texas Central Company,2
78575,2409,nrel_2024,Brownsville Public Utilities Board,2
78576,3278,puct_ptc,AEP Texas Central Company,1
78577,3278,puct_ptc,AEP Texas Central Company,2
78577,11501,nrel_2024,Magic Valley Electric Coop Inc,2
78578,3278,puct_ptc,AEP Texas Central Company,2
78578,11501,nrel_2024,Magic Valley Electric Coop Inc,2
78579,3278,puct_ptc,AEP Texas Central Company,1
78580,3278,puct_ptc,AEP Texas Central Company,2
78580,11501,nrel_2024,Magic Valley Electric Coop Inc,2
78582,3278,puct_ptc,AEP Texas Central Company,3
78582,11501,nrel_2024,Magic Valley Electric Coop Inc,3
78582,12268,nrel_2024,"Medina Electric Coop, Inc",3
78583,3278,puct_ptc,AEP Texas Central Company,2
78583,11501,nrel_2024,Magic Valley Electric Coop Inc,2
78584,3278,puct_ptc,AEP Texas Central Company,2
78584,12268,nrel_2024,"Medina Electric Coop, Inc",2
78585,12268,nrel_2024,"Medina Electric Coop, Inc",1
78586,3278,puct_ptc,AEP Texas Central Company,3
78586,2409,nrel_2024,Brownsville Public Utilities Board,3
78586,11501,nrel_2024,Magic Valley Electric Coop Inc,3
78588,11501,nrel_2024,Magic Valley Electric Coop Inc,2
78588,12268,nrel_2024,"Medina Electric Coop, Inc",2
78589,3278,puct_ptc,AEP Texas Central Company,2
78589,11501,nrel_2024,Magic Valley Electric Coop Inc,2
78591,11501,nrel_2024,Magic Valley Electric Coop Inc,1
78592,3278,puct_ptc,AEP Texas Central Company,1
78593,3278,puct_ptc,AEP Texas Central Company,2
78593,11501,nrel_2024,Magic Valley Electric Coop Inc,2
78594,3278,puct_ptc,AEP Texas Central Company,2
78594,11501,nrel_2024,Magic Valley Electric Coop Inc,2
78595,3278,puct_ptc,AEP Texas Central Company,1
78596,3278,puct_ptc,AEP Texas Central Company,2
78596,11501,nrel_2024,Magic Valley Electric Coop Inc,2
78597,3278,puct_ptc,AEP Texas Central Company,2
78597,11501,nrel_2024,Magic Valley Electric Coop Inc,2
78598,3278,puct_ptc,AEP Texas Central Company,2
78598,11501,nrel_2024,Magic Valley Electric Coop Inc,2
78599,3278,puct_ptc,AEP Texas Central Company,2
78599,11501,nrel_2024,Magic Valley Electric Coop Inc,2
78602,1892,nrel_2024,"Bluebonnet Electric Coop, Inc",1
78604,3278,puct_ptc,AEP Texas Central Company,1
78605,1273,nrel_2024,"Bartlett Electric Coop, Inc",2
78605,14626,nrel_2024,"Pedernales Electric Coop, Inc",2
78606,1175,nrel_2024,"Bandera Electric Coop, Inc",3
78606,3282,nrel_2024,"Central Texas Elec Coop, Inc",3
78606,14626,nrel_2024,"Pedernales Electric Coop, Inc",3
78607,3282,nrel_2024,"Central Texas Elec Coop, Inc",2
78607,14626,nrel_2024,"Pedernales Electric Coop, Inc",2
78608,1273,nrel_2024,"Bartlett Electric Coop, Inc",3
78608,14626,nrel_2024,"Pedernales Electric Coop, Inc",3
78608,55982,nrel_2024,Heart of Texas Electric Coop,3
78609,3282,nrel_2024,"Central Texas Elec Coop, Inc",2
78609,14626,nrel_2024,"Pedernales Electric Coop, Inc",2
78610,1015,nrel_2024,Austin Energy,3
78610,1892,nrel_2024,"Bluebonnet Electric Coop, Inc",3
78610,14626,nrel_2024,"Pedernales Electric Coop, Inc",3
78611,3282,nrel_2024,"Central Texas Elec Coop, Inc",3
78611,7979,nrel_2024,Hamilton County Elec Coop Assn,3
78611,14626,nrel_2024,"Pedernales Electric Coop, Inc",3
78612,1892,nrel_2024,"Bluebonnet Electric Coop, Inc",1
78613,1015,nrel_2024,Austin Energy,3
78613,1273,nrel_2024,"Bartlett Electric Coop, Inc",3
78613,14626,nrel_2024,"Pedernales Electric Coop, Inc",3
78614,7752,nrel_2024,Guadalupe Valley Elec Coop Inc,1
78615,44372,puct_ptc,Oncor Electric Delivery Company LLC,2
78615,1273,nrel_2024,"Bartlett Electric Coop, Inc",2
78616,1892,nrel_2024,"Bluebonnet Electric Coop, Inc",1
78617,1015,nrel_2024,Austin Energy,2
78617,1892,nrel_2024,"Bluebonnet Electric Coop, Inc",2
78618,3282,nrel_2024,"Central Texas Elec Coop, Inc",1
78619,14626,nrel_2024,"Pedernales Electric Coop, Inc",1
78620,14626,nrel_2024,"Pedernales Electric Coop, Inc",1
78621,44372,puct_ptc,Oncor Electric Delivery Company LLC,3
78621,1273,nrel_2024,"Bartlett Electric Coop, Inc",3
78621,1892,nrel_2024,"Bluebonnet Electric Coop, Inc",3
78622,1892,nrel_2024,"Bluebonnet Electric Coop, Inc",1
78623,14626,nrel_2024,"Pedernales Electric Coop, Inc",1
78624,3282,nrel_2024,"Central Texas Elec Coop, Inc",2
78624,14626,nrel_2024,"Pedernales Electric Coop, Inc",2
78626,44372,puct_ptc,Oncor Electric Delivery Company LLC,4
78626,1273,nrel_2024,"Bartlett Electric Coop, Inc",4
78626,7129,nrel_2024,City of Georgetown - (TX),4
78626,14626,nrel_2024,"Pedernales Electric Coop, Inc",4
78627,1273,nrel_2024,"Bartlett Electric Coop, Inc",1
78628,44372,puct_ptc,Oncor Electric Delivery Company LLC,3
78628,1273,nrel_2024,"Bartlett Electric Coop, Inc",3
78628,14626,nrel_2024,"Pedernales Electric Coop, Inc",3
78629,3278,puct_ptc,AEP Texas Central Company,3
78629,7752,nrel_2024,Guadalupe Valley Elec Coop Inc,3
78629,19806,nrel_2024,"Victoria Electric Coop, Inc",3
78630,1273,nrel_2024,"Bartlett Electric Coop, Inc",2
78630,14626,nrel_2024,"Pedernales Electric Coop, Inc",2
78631,3282,nrel_2024,"Central Texas Elec Coop, Inc",2
78631,14626,nrel_2024,"Pedernales Electric Coop, Inc",2
78632,1892,nrel_2024,"Bluebonnet Electric Coop, Inc",2
78632,7752,nrel_2024,Guadalupe Valley Elec Coop Inc,2
78633,44372,puct_ptc,Oncor Electric Delivery Company LLC,3
78633,1273,nrel_2024,"Bartlett Electric Coop, Inc",3
78633,14626,nrel_2024,"Pedernales Electric Coop, Inc",3
78634,44372,puct_ptc,Oncor Electric Delivery Company LLC,2
78634,1273,nrel_2024,"Bartlett Electric Coop, Inc",2
78635,14626,nrel_2024,"Pedernales Electric Coop, Inc",1
78636,3282,nrel_2024,"Central Texas Elec Coop, Inc",2
78636,14626,nrel_2024,"Pedernales Electric Coop, Inc",2
78638,3278,puct_ptc,AEP Texas Central Company,3
78638,1892,nrel_2024,"Bluebonnet Electric Coop, Inc",3
78638,7752,nrel_2024,Guadalupe Valley Elec Coop Inc,3
78639,3282,nrel_2024,"Central Texas Elec Coop, Inc",2
78639,14626,nrel_2024,"Pedernales Electric Coop, Inc",2
78640,1892,nrel_2024,"Bluebonnet Electric Coop, Inc",2
78640,14626,nrel_2024,"Pedernales Electric Coop, Inc",2
78641,1273,nrel_2024,"Bartlett Electric Coop, Inc",2
78641,14626,nrel_2024,"Pedernales Electric Coop, Inc",2
78642,1273,nrel_2024,"Bartlett Electric Coop, Inc",2
78642,14626,nrel_2024,"Pedernales Electric Coop, Inc",2
78643,3282,nrel_2024,"Central Texas Elec Coop, Inc",2
78643,14626,nrel_2024,"Pedernales Electric Coop, Inc",2
78644,3278,puct_ptc,AEP Texas Central Company,3
78644,1892,nrel_2024,"Bluebonnet Electric Coop, Inc",3
78644,14626,nrel_2024,"Pedernales Electric Coop, Inc",3
78645,1015,nrel_2024,Austin Energy,2
78645,14626,nrel_2024,"Pedernales Electric Coop, Inc",2
78646,1273,nrel_2024,"Bartlett Electric Coop, Inc",2
78646,14626,nrel_2024,"Pedernales Electric Coop, Inc",2
78648,3278,puct_ptc,AEP Texas Central Company,3
78648,1892,nrel_2024,"Bluebonnet Electric Coop, Inc",3
78648,7752,nrel_2024,Guadalupe Valley Elec Coop Inc,3
78650,44372,puct_ptc,Oncor Electric Delivery Company LLC,3
78650,1273,nrel_2024,"Bartlett Electric Coop, Inc",3
78650,1892,nrel_2024,"Bluebonnet Electric Coop, Inc",3
78651,1273,nrel_2024,"Bartlett Electric Coop, Inc",1
78652,1015,nrel_2024,Austin Energy,2
78652,14626,nrel_2024,"Pedernales Electric Coop, Inc",2
78653,44372,puct_ptc,Oncor Electric Delivery Company LLC,4
78653,1015,nrel_2024,Austin Energy,4
78653,1273,nrel_2024,"Bartlett Electric Coop, Inc",4
78653,1892,nrel_2024,"Bluebonnet Electric Coop, Inc",4
78654,1273,nrel_2024,"Bartlett Electric Coop, Inc",3
78654,3282,nrel_2024,"Central Texas Elec Coop, Inc",3
78654,14626,nrel_2024,"Pedernales Electric Coop, Inc",3
78655,1892,nrel_2024,"Bluebonnet Electric Coop, Inc",2
78655,14626,nrel_2024,"Pedernales Electric Coop, Inc",2
78656,1892,nrel_2024,"Bluebonnet Electric Coop, Inc",2
78656,14626,nrel_2024,"Pedernales Electric Coop, Inc",2
78657,3282,nrel_2024,"Central Texas Elec Coop, Inc",2
78657,14626,nrel_2024,"Pedernales Electric Coop, Inc",2
78658,7752,nrel_2024,Guadalupe Valley Elec Coop Inc,1
78659,1892,nrel_2024,"Bluebonnet Electric Coop, Inc",1
78660,44372,puct_ptc,Oncor Electric Delivery Company LLC,3
78660,1015,nrel_2024,Austin Energy,3
78660,1273,nrel_2024,"Bartlett Electric Coop, Inc",3
78662,1892,nrel_2024,"Bluebonnet Electric Coop, Inc",1
78663,3282,nrel_2024,"Central Texas Elec Coop, Inc",2
78663,14626,nrel_2024,"Pedernales Electric Coop, Inc",2
78664,44372,puct_ptc,Oncor Electric Delivery Company LLC,2
78664,1273,nrel_2024,"Bartlett Electric Coop, Inc",2
78665,44372,puct_ptc,Oncor Electric Delivery Company LLC,2
78665,1273,nrel_2024,"Bartlett Electric Coop, Inc",2
78666,1892,nrel_2024,"Bluebonnet Electric Coop, Inc",3
78666,14626,nrel_2024,"Pedernales Electric Coop, Inc",3
78666,28978,nrel_2024,City of San Marcos - (TX),3
78667,28978,nrel_2024,City of San Marcos - (TX),1
78669,1015,nrel_2024,Austin Energy,2
78669,14626,nrel_2024,"Pedernales Electric Coop, Inc",2
78670,1892,nrel_2024,"Bluebonnet Electric Coop, Inc",1
78671,3282,nrel_2024,"Central Texas Elec Coop, Inc",2
78671,14626,nrel_2024,"Pedernales Electric Coop, Inc",2
78672,3282,nrel_2024,"Central Texas Elec Coop, Inc",2
78672,14626,nrel_2024,"Pedernales Electric Coop, Inc",2
78673,1273,nrel_2024,"Bartlett Electric Coop, Inc",1
78674,44372,puct_ptc,Oncor Electric Delivery Company LLC,2
78674,1273,nrel_2024,"Bartlett Electric Coop, Inc",2
78675,3282,nrel_2024,"Central Texas Elec Coop, Inc",2
78675,14626,nrel_2024,"Pedernales Electric Coop, Inc",2
78676,14626,nrel_2024,"Pedernales Electric Coop, Inc",1
78677,7752,nrel_2024,Guadalupe Valley Elec Coop Inc,1
78680,44372,puct_ptc,Oncor Electric Delivery Company LLC,2
78680,1273,nrel_2024,"Bartlett Electric Coop, Inc",2
78681,44372,puct_ptc,Oncor Electric Delivery Company LLC,4
78681,1015,nrel_2024,Austin Energy,4
78681,1273,nrel_2024,"Bartlett Electric Coop, Inc",4
78681,14626,nrel_2024,"Pedernales Electric Coop, Inc",4
78682,1273,nrel_2024,"Bartlett Electric Coop, Inc",1
78683,1273,nrel_2024,"Bartlett Electric Coop, Inc",1
78691,44372,puct_ptc,Oncor Electric Delivery Company LLC,1
78701,1015,nrel_2024,Austin Energy,1
78702,1015,nrel_2024,Austin Energy,1
78703,1015,nrel_2024,Austin Energy,1
78704,1015,nrel_2024,Austin Energy,1
78705,1015,nrel_2024,Austin Energy,1
78708,1015,nrel_2024,Austin Energy,1
78709,1015,nrel_2024,Austin Energy,1
78710,1015,nrel_2024,Austin Energy,1
78711,1015,nrel_2024,Austin Energy,1
78712,1015,nrel_2024,Austin Energy,1
78713,1015,nrel_2024,Austin Energy,1
78714,1015,nrel_2024,Austin Energy,1
78715,1015,nrel_2024,Austin Energy,1
78716,1015,nrel_2024,Austin Energy,1
78717,44372,puct_ptc,Oncor Electric Delivery Company LLC,3
78717,1015,nrel_2024,Austin Energy,3
78717,1273,nrel_2024,"Bartlett Electric Coop, Inc",3
78718,20404,puct_ptc,AEP Texas North Company,2
78718,1015,nrel_2024,Austin Energy,2
78719,1015,nrel_2024,Austin Energy,2
78719,1892,nrel_2024,"Bluebonnet Electric Coop, Inc",2
78720,1015,nrel_2024,Austin Energy,1
78721,1015,nrel_2024,Austin Energy,1
78722,1015,nrel_2024,Austin Energy,1
78723,1015,nrel_2024,Austin Energy,1
78724,1015,nrel_2024,Austin Energy,1
78725,1015,nrel_2024,Austin Energy,1
78726,1015,nrel_2024,Austin Energy,3
78726,1273,nrel_2024,"Bartlett Electric Coop, Inc",3
78726,14626,nrel_2024,"Pedernales Electric Coop, Inc",3
78727,44372,puct_ptc,Oncor Electric Delivery Company LLC,3
78727,1015,nrel_2024,Austin Energy,3
78727,1273,nrel_2024,"Bartlett Electric Coop, Inc",3
78728,44372,puct_ptc,Oncor Electric Delivery Company LLC,3
78728,1015,nrel_2024,Austin Energy,3
78728,1273,nrel_2024,"Bartlett Electric Coop, Inc",3
78729,1015,nrel_2024,Austin Energy,2
78729,1273,nrel_2024,"Bartlett Electric Coop, Inc",2
78730,1015,nrel_2024,Austin Energy,2
78730,14626,nrel_2024,"Pedernales Electric Coop, Inc",2
78731,1015,nrel_2024,Austin Energy,1
78732,1015,nrel_2024,Austin Energy,2
78732,14626,nrel_2024,"Pedernales Electric Coop, Inc",2
78733,1015,nrel_2024,Austin Energy,1
78734,20404,puct_ptc,AEP Texas North Company,3
78734,1015,nrel_2024,Austin Energy,3
78734,14626,nrel_2024,"Pedernales Electric Coop, Inc",3
78735,1015,nrel_2024,Austin Energy,2
78735,14626,nrel_2024,"Pedernales Electric Coop, Inc",2
78736,1015,nrel_2024,Austin Energy,2
78736,14626,nrel_2024,"Pedernales Electric Coop, Inc",2
78737,14626,nrel_2024,"Pedernales Electric Coop, Inc",1
78738,1015,nrel_2024,Austin Energy,2
78738,14626,nrel_2024,"Pedernales Electric Coop, Inc",2
78739,1015,nrel_2024,Austin Energy,2
78739,14626,nrel_2024,"Pedernales Electric Coop, Inc",2
78741,1015,nrel_2024,Austin Energy,1
78742,1015,nrel_2024,Austin Energy,1
78744,1015,nrel_2024,Austin Energy,2
78744,1892,nrel_2024,"Bluebonnet Electric Coop, Inc",2
78745,1015,nrel_2024,Austin Energy,1
78746,1015,nrel_2024,Austin Energy,1
78747,1015,nrel_2024,Austin Energy,3
78747,1892,nrel_2024,"Bluebonnet Electric Coop, Inc",3
78747,14626,nrel_2024,"Pedernales Electric Coop, Inc",3
78748,1015,nrel_2024,Austin Energy,2
78748,14626,nrel_2024,"Pedernales Electric Coop, Inc",2
78749,1015,nrel_2024,Austin Energy,2
78749,14626,nrel_2024,"Pedernales Electric Coop, Inc",2
78750,44372,puct_ptc,Oncor Electric Delivery Company LLC,4
78750,1015,nrel_2024,Austin Energy,4
78750,1273,nrel_2024,"Bartlett Electric Coop, Inc",4
78750,14626,nrel_2024,"Pedernales Electric Coop, Inc",4
78751,1015,nrel_2024,Austin Energy,1
78752,1015,nrel_2024,Austin Energy,1
78753,1015,nrel_2024,Austin Energy,1
78754,1015,nrel_2024,Austin Energy,1
78755,1015,nrel_2024,Austin Energy,1
78756,1015,nrel_2024,Austin Energy,1
78757,1015,nrel_2024,Austin Energy,1
78758,1015,nrel_2024,Austin Energy,1
78759,44372,puct_ptc,Oncor Electric Delivery Company LLC,3
78759,1015,nrel_2024,Austin Energy,3
78759,1273,nrel_2024,"Bartlett Electric Coop, Inc",3
78760,1015,nrel_2024,Austin Energy,1
78761,44372,puct_ptc,Oncor Electric Delivery Company LLC,2
78761,1015,nrel_2024,Austin Energy,2
78762,1015,nrel_2024,Austin Energy,1
78763,1015,nrel_2024,Austin Energy,1
78764,1015,nrel_2024,Austin Energy,1
78765,1015,nrel_2024,Austin Energy,1
78766,1015,nrel_2024,Austin Energy,1
78767,1015,nrel_2024,Austin Energy,1
78768,1015,nrel_2024,Austin Energy,1
78769,1015,nrel_2024,Austin Energy,1
78772,1015,nrel_2024,Austin Energy,1
78773,1015,nrel_2024,Austin Energy,1
78774,1015,nrel_2024,Austin Energy,1
78778,1015,nrel_2024,Austin Energy,1
78779,1015,nrel_2024,Austin Energy,1
78783,1015,nrel_2024,Austin Energy,1
78799,1015,nrel_2024,Austin Energy,1
78801,3278,puct_ptc,AEP Texas Central Company,4
78801,1175,nrel_2024,"Bandera Electric Coop, Inc",4
78801,12268,nrel_2024,"Medina Electric Coop, Inc",4
78801,16057,nrel_2024,"Rio Grande Electric Coop, Inc",4
78802,1175,nrel_2024,"Bandera Electric Coop, Inc",2
78802,12268,nrel_2024,"Medina Electric Coop, Inc",2
78827,3278,puct_ptc,AEP Texas Central Company,3
78827,12268,nrel_2024,"Medina Electric Coop, Inc",3
78827,16057,nrel_2024,"Rio Grande Electric Coop, Inc",3
78828,3278,puct_ptc,AEP Texas Central Company,4
78828,1175,nrel_2024,"Bandera Electric Coop, Inc",4
78828,12268,nrel_2024,"Medina Electric Coop, Inc",4
78828,14626,nrel_2024,"Pedernales Electric Coop, Inc",4
78829,12268,nrel_2024,"Medina Electric Coop, Inc",1
78830,3278,puct_ptc,AEP Texas Central Company,2
78830,12268,nrel_2024,"Medina Electric Coop, Inc",2
78832,3278,puct_ptc,AEP Texas Central Company,5
78832,20404,puct_ptc,AEP Texas North Company,5
78832,12268,nrel_2024,"Medina Electric Coop, Inc",5
78832,14626,nrel_2024,"Pedernales Electric Coop, Inc",5
78832,16057,nrel_2024,"Rio Grande Electric Coop, Inc",5
78833,3278,puct_ptc,AEP Texas Central Company,4
78833,1175,nrel_2024,"Bandera Electric Coop, Inc",4
78833,12268,nrel_2024,"Medina Electric Coop, Inc",4
78833,14626,nrel_2024,"Pedernales Electric Coop, Inc",4
78834,3278,puct_ptc,AEP Texas Central Company,3
78834,12268,nrel_2024,"Medina Electric Coop, Inc",3
78834,16057,nrel_2024,"Rio Grande Electric Coop, Inc",3
78836,3278,puct_ptc,AEP Texas Central Company,3
78836,12268,nrel_2024,"Medina Electric Coop, Inc",3
78836,16057,nrel_2024,"Rio Grande Electric Coop, Inc",3
78837,3278,puct_ptc,AEP Texas Central Company,4
78837,14626,nrel_2024,"Pedernales Electric Coop, Inc",4
78837,16057,nrel_2024,"Rio Grande Electric Coop, Inc",4
78837,17693,nrel_2024,"Southwest Texas Elec Coop, Inc",4
78838,1175,nrel_2024,"Bandera Electric Coop, Inc",2
78838,12268,nrel_2024,"Medina Electric Coop, Inc",2
78839,3278,puct_ptc,AEP Texas Central Company,3
78839,12268,nrel_2024,"Medina Electric Coop, Inc",3
78839,16057,nrel_2024,"Rio Grande Electric Coop, Inc",3
78840,3278,puct_ptc,AEP Texas Central Company,3
78840,14626,nrel_2024,"Pedernales Electric Coop, Inc",3
78840,16057,nrel_2024,"Rio Grande Electric Coop, Inc",3
78841,3278,puct_ptc,AEP Texas Central Company,2
78841,16057,nrel_2024,"Rio Grande Electric Coop, Inc",2
78842,16057,nrel_2024,"Rio Grande Electric Coop, Inc",1
78843,3278,puct_ptc,AEP Texas Central Company,1
78847,16057,nrel_2024,"Rio Grande Electric Coop, Inc",1
78850,12268,nrel_2024,"Medina Electric Coop, Inc",1
78851,3278,puct_ptc,AEP Texas Central Company,3
78851,16057,nrel_2024,"Rio Grande Electric Coop, Inc",3
78851,17693,nrel_2024,"Southwest Texas Elec Coop, Inc",3
78852,3278,puct_ptc,AEP Texas Central Company,2
78852,16057,nrel_2024,"Rio Grande Electric Coop, Inc",2
78853,3278,puct_ptc,AEP Texas Central Company,1
78860,3278,puct_ptc,AEP Texas Central Company,2
78860,16057,nrel_2024,"Rio Grande Electric Coop, Inc",2
78861,1175,nrel_2024,"Bandera Electric Coop, Inc",2
78861,12268,nrel_2024,"Medina Electric Coop, Inc",2
78870,3278,puct_ptc,AEP Texas Central Company,2
78870,12268,nrel_2024,"Medina Electric Coop, Inc",2
78871,16057,nrel_2024,"Rio Grande Electric Coop, Inc",2
78871,17693,nrel_2024,"Southwest Texas Elec Coop, Inc",2
78872,3278,puct_ptc,AEP Texas Central Company,3
78872,12268,nrel_2024,"Medina Electric Coop, Inc",3
78872,16057,nrel_2024,"Rio Grande Electric Coop, Inc",3
78873,3278,puct_ptc,AEP Texas Central Company,2
78873,1175,nrel_2024,"Bandera Electric Coop, Inc",2
78877,3278,puct_ptc,AEP Texas Central Company,3
78877,12268,nrel_2024,"Medina Electric Coop, Inc",3
78877,16057,nrel_2024,"Rio Grande Electric Coop, Inc",3
78879,1175,nrel_2024,"Bandera Electric Coop, Inc",1
78880,3278,puct_ptc,AEP Texas Central Company,6
78880,1175,nrel_2024,"Bandera Electric Coop, Inc",6
78880,3282,nrel_2024,"Central Texas Elec Coop, Inc",6
78880,12268,nrel_2024,"Medina Electric Coop, Inc",6
78880,14626,nrel_2024,"Pedernales Electric Coop, Inc",6
78880,16057,nrel_2024,"Rio Grande Electric Coop, Inc",6
78881,3278,puct_ptc,AEP Texas Central Company,3
78881,1175,nrel_2024,"Bandera Electric Coop, Inc",3
78881,12268,nrel_2024,"Medina Electric Coop, Inc",3
78883,1175,nrel_2024,"Bandera Electric Coop, Inc",1
78884,1175,nrel_2024,"Bandera Electric Coop, Inc",2
78884,12268,nrel_2024,"Medina Electric Coop, Inc",2
78885,1175,nrel_2024,"Bandera Electric Coop, Inc",1
78886,12268,nrel_2024,"Medina Electric Coop, Inc",1
78931,55937,nrel_2024,Entergy Texas Inc.,2
78931,1892,nrel_2024,"Bluebonnet Electric Coop, Inc",2
78932,55937,nrel_2024,Entergy Texas Inc.,3
78932,1892,nrel_2024,"Bluebonnet Electric Coop, Inc",3
78932,6183,nrel_2024,"Fayette Electric Coop, Inc",3
78933,3278,puct_ptc,AEP Texas Central Company,4
78933,1892,nrel_2024,"Bluebonnet Electric Coop, Inc",4
78933,6183,nrel_2024,"Fayette Electric Coop, Inc",4
78933,16638,nrel_2024,"San Bernard Electric Coop, Inc",4
78934,3278,puct_ptc,AEP Texas Central Company,4
78934,6183,nrel_2024,"Fayette Electric Coop, Inc",4
78934,16638,nrel_2024,"San Bernard Electric Coop, Inc",4
78934,20472,nrel_2024,"Wharton County Elec Coop, Inc",4
78935,3278,puct_ptc,AEP Texas Central Company,2
78935,16638,nrel_2024,"San Bernard Electric Coop, Inc",2
78938,6183,nrel_2024,"Fayette Electric Coop, Inc",1
78940,1892,nrel_2024,"Bluebonnet Electric Coop, Inc",2
78940,6183,nrel_2024,"Fayette Electric Coop, Inc",2
78941,1892,nrel_2024,"Bluebonnet Electric Coop, Inc",3
78941,6183,nrel_2024,"Fayette Electric Coop, Inc",3
78941,7752,nrel_2024,Guadalupe Valley Elec Coop Inc,3
78942,55937,nrel_2024,Entergy Texas Inc.,3
78942,1892,nrel_2024,"Bluebonnet Electric Coop, Inc",3
78942,6183,nrel_2024,"Fayette Electric Coop, Inc",3
78943,3278,puct_ptc,AEP Texas Central Company,2
78943,6183,nrel_2024,"Fayette Electric Coop, Inc",2
78944,1892,nrel_2024,"Bluebonnet Electric Coop, Inc",2
78944,6183,nrel_2024,"Fayette Electric Coop, Inc",2
78945,1892,nrel_2024,"Bluebonnet Electric Coop, Inc",2
78945,6183,nrel_2024,"Fayette Electric Coop, Inc",2
78946,55937,nrel_2024,Entergy Texas Inc.,4
78946,1273,nrel_2024,"Bartlett Electric Coop, Inc",4
78946,1892,nrel_2024,"Bluebonnet Electric Coop, Inc",4
78946,6183,nrel_2024,"Fayette Electric Coop, Inc",4
78947,55937,nrel_2024,Entergy Texas Inc.,4
78947,1273,nrel_2024,"Bartlett Electric Coop, Inc",4
78947,1892,nrel_2024,"Bluebonnet Electric Coop, Inc",4
78947,55982,nrel_2024,Heart of Texas Electric Coop,4
78948,1892,nrel_2024,"Bluebonnet Electric Coop, Inc",1
78949,1892,nrel_2024,"Bluebonnet Electric Coop, Inc",2
78949,6183,nrel_2024,"Fayette Electric Coop, Inc",2
78950,1892,nrel_2024,"Bluebonnet Electric Coop, Inc",3
78950,6183,nrel_2024,"Fayette Electric Coop, Inc",3
78950,16638,nrel_2024,"San Bernard Electric Coop, Inc",3
78951,6183,nrel_2024,"Fayette Electric Coop, Inc",1
78952,6183,nrel_2024,"Fayette Electric Coop, Inc",1
78953,1892,nrel_2024,"Bluebonnet Electric Coop, Inc",3
78953,6183,nrel_2024,"Fayette Electric Coop, Inc",3
78953,7752,nrel_2024,Guadalupe Valley Elec Coop Inc,3
78954,55937,nrel_2024,Entergy Texas Inc.,3
78954,1892,nrel_2024,"Bluebonnet Electric Coop, Inc",3
78954,6183,nrel_2024,"Fayette Electric Coop, Inc",3
78956,3278,puct_ptc,AEP Texas Central Company,2
78956,6183,nrel_2024,"Fayette Electric Coop, Inc",2
78957,1892,nrel_2024,"Bluebonnet Electric Coop, Inc",2
78957,6183,nrel_2024,"Fayette Electric Coop, Inc",2
78959,1892,nrel_2024,"Bluebonnet Electric Coop, Inc",3
78959,6183,nrel_2024,"Fayette Electric Coop, Inc",3
78959,7752,nrel_2024,Guadalupe Valley Elec Coop Inc,3
78960,6183,nrel_2024,"Fayette Electric Coop, Inc",1
78961,6183,nrel_2024,"Fayette Electric Coop, Inc",1
78962,6183,nrel_2024,"Fayette Electric Coop, Inc",2
78962,16638,nrel_2024,"San Bernard Electric Coop, Inc",2
78963,6183,nrel_2024,"Fayette Electric Coop, Inc",1
79001,17718,nrel_2024,Southwestern Public Service Co,4
79001,4939,nrel_2024,"Deaf Smith Electric Coop, Inc",4
79001,16063,nrel_2024,"Rita Blanca Electric Coop, Inc",4
79001,17715,nrel_2024,Southwestern Electric Coop Inc - (NM),4
79002,17718,nrel_2024,Southwestern Public Service Co,1
79003,17718,nrel_2024,Southwestern Public Service Co,1
79005,17718,nrel_2024,Southwestern Public Service Co,3
79005,13757,nrel_2024,North Plains Electric Coop Inc,3
79005,19160,nrel_2024,"Tri-County Electric Coop, Inc (OK)",3
79007,17718,nrel_2024,Southwestern Public Service Co,2
79007,13757,nrel_2024,North Plains Electric Coop Inc,2
79008,17718,nrel_2024,Southwestern Public Service Co,1
79009,17718,nrel_2024,Southwestern Public Service Co,3
79009,1169,nrel_2024,Bailey County Elec Coop Assn,3
79009,4939,nrel_2024,"Deaf Smith Electric Coop, Inc",3
79010,17718,nrel_2024,Southwestern Public Service Co,2
79010,16063,nrel_2024,"Rita Blanca Electric Coop, Inc",2
79011,17698,nrel_2024,Southwestern Electric Power Co,3
79011,17718,nrel_2024,Southwestern Public Service Co,3
79011,13757,nrel_2024,North Plains Electric Coop Inc,3
79012,17718,nrel_2024,Southwestern Public Service Co,1
79013,17718,nrel_2024,Southwestern Public Service Co,2
79013,16063,nrel_2024,"Rita Blanca Electric Coop, Inc",2
79014,17698,nrel_2024,Southwestern Electric Power Co,3
79014,17718,nrel_2024,Southwestern Public Service Co,3
79014,13757,nrel_2024,North Plains Electric Coop Inc,3
79015,17718,nrel_2024,Southwestern Public Service Co,3
79015,4939,nrel_2024,"Deaf Smith Electric Coop, Inc",3
79015,7561,nrel_2024,"Greenbelt Electric Coop, Inc",3
79016,17718,nrel_2024,Southwestern Public Service Co,1
79018,17718,nrel_2024,Southwestern Public Service Co,2
79018,16063,nrel_2024,"Rita Blanca Electric Coop, Inc",2
79019,17718,nrel_2024,Southwestern Public Service Co,3
79019,7561,nrel_2024,"Greenbelt Electric Coop, Inc",3
79019,11014,nrel_2024,"Lighthouse Electric Coop, Inc",3
79021,17561,nrel_2024,South Plains Electric Coop Inc,1
79022,17718,nrel_2024,Southwestern Public Service Co,4
79022,16063,nrel_2024,"Rita Blanca Electric Coop, Inc",4
79022,17715,nrel_2024,Southwestern Electric Coop Inc - (NM),4
79022,19160,nrel_2024,"Tri-County Electric Coop, Inc (OK)",4
79024,17718,nrel_2024,Southwestern Public Service Co,2
79024,19160,nrel_2024,"Tri-County Electric Coop, Inc (OK)",2
79025,17718,nrel_2024,Southwestern Public Service Co,1
79027,17718,nrel_2024,Southwestern Public Service Co,3
79027,1169,nrel_2024,Bailey County Elec Coop Assn,3
79027,4939,nrel_2024,"Deaf Smith Electric Coop, Inc",3
79029,17718,nrel_2024,Southwestern Public Service Co,2
79029,16063,nrel_2024,"Rita Blanca Electric Coop, Inc",2
79031,17718,nrel_2024,Southwestern Public Service Co,2
79031,1169,nrel_2024,Bailey County Elec Coop Assn,2
79033,17718,nrel_2024,Southwestern Public Service Co,1
79034,17718,nrel_2024,Southwestern Public Service Co,3
79034,13757,nrel_2024,North Plains Electric Coop Inc,3
79034,19160,nrel_2024,"Tri-County Electric Coop, Inc (OK)",3
79035,17718,nrel_2024,Southwestern Public Service Co,3
79035,1169,nrel_2024,Bailey County Elec Coop Assn,3
79035,4939,nrel_2024,"Deaf Smith Electric Coop, Inc",3
79036,17718,nrel_2024,Southwestern Public Service Co,2
79036,16063,nrel_2024,"Rita Blanca Electric Coop, Inc",2
79039,17698,nrel_2024,Southwestern Electric Power Co,3
79039,17718,nrel_2024,Southwestern Public Service Co,3
79039,7561,nrel_2024,"Greenbelt Electric Coop, Inc",3
79040,17718,nrel_2024,Southwestern Public Service Co,4
79040,13757,nrel_2024,North Plains Electric Coop Inc,4
79040,16063,nrel_2024,"Rita Blanca Electric Coop, Inc",4
79040,19160,nrel_2024,"Tri-County Electric Coop, Inc (OK)",4
79041,17718,nrel_2024,Southwestern Public Service Co,4
79041,10625,nrel_2024,"Lamb County Electric Coop, Inc",4
79041,11014,nrel_2024,"Lighthouse Electric Coop, Inc",4
79041,17561,nrel_2024,South Plains Electric Coop Inc,4
79042,17718,nrel_2024,Southwestern Public Service Co,2
79042,7561,nrel_2024,"Greenbelt Electric Coop, Inc",2
79043,17718,nrel_2024,Southwestern Public Service Co,1
79044,17718,nrel_2024,Southwestern Public Service Co,2
79044,16063,nrel_2024,"Rita Blanca Electric Coop, Inc",2
79045,17718,nrel_2024,Southwestern Public Service Co,2
79045,4939,nrel_2024,"Deaf Smith Electric Coop, Inc",2
79046,17718,nrel_2024,Southwestern Public Service Co,2
79046,13757,nrel_2024,North Plains Electric Coop Inc,2
79051,17718,nrel_2024,Southwestern Public Service Co,1
79052,17718,nrel_2024,Southwestern Public Service Co,2
79052,11014,nrel_2024,"Lighthouse Electric Coop, Inc",2
79053,1169,nrel_2024,Bailey County Elec Coop Assn,1
79054,17718,nrel_2024,Southwestern Public Service Co,1
79056,17718,nrel_2024,Southwestern Public Service Co,2
79056,13757,nrel_2024,North Plains Electric Coop Inc,2
79057,17698,nrel_2024,Southwestern Electric Power Co,3
79057,17718,nrel_2024,Southwestern Public Service Co,3
79057,7561,nrel_2024,"Greenbelt Electric Coop, Inc",3
79058,17718,nrel_2024,Southwestern Public Service Co,2
79058,16063,nrel_2024,"Rita Blanca Electric Coop, Inc",2
79059,17698,nrel_2024,Southwestern Electric Power Co,4
79059,17718,nrel_2024,Southwestern Public Service Co,4
79059,7561,nrel_2024,"Greenbelt Electric Coop, Inc",4
79059,13757,nrel_2024,North Plains Electric Coop Inc,4
79061,17698,nrel_2024,Southwestern Electric Power Co,4
79061,17718,nrel_2024,Southwestern Public Service Co,4
79061,7561,nrel_2024,"Greenbelt Electric Coop, Inc",4
79061,13757,nrel_2024,North Plains Electric Coop Inc,4
79062,17718,nrel_2024,Southwestern Public Service Co,3
79062,13757,nrel_2024,North Plains Electric Coop Inc,3
79062,16063,nrel_2024,"Rita Blanca Electric Coop, Inc",3
79063,17718,nrel_2024,Southwestern Public Service Co,2
79063,4939,nrel_2024,"Deaf Smith Electric Coop, Inc",2
79064,17718,nrel_2024,Southwestern Public Service Co,3
79064,10625,nrel_2024,"Lamb County Electric Coop, Inc",3
79064,17561,nrel_2024,South Plains Electric Coop Inc,3
79065,17698,nrel_2024,Southwestern Electric Power Co,4
79065,17718,nrel_2024,Southwestern Public Service Co,4
79065,7561,nrel_2024,"Greenbelt Electric Coop, Inc",4
79065,13757,nrel_2024,North Plains Electric Coop Inc,4
79066,17718,nrel_2024,Southwestern Public Service Co,1
79068,17718,nrel_2024,Southwestern Public Service Co,1
79070,17718,nrel_2024,Southwestern Public Service Co,3
79070,13757,nrel_2024,North Plains Electric Coop Inc,3
79070,19160,nrel_2024,"Tri-County Electric Coop, Inc (OK)",3
79072,17718,nrel_2024,Southwestern Public Service Co,3
79072,11014,nrel_2024,"Lighthouse Electric Coop, Inc",3
79072,17561,nrel_2024,South Plains Electric Coop Inc,3
79073,17718,nrel_2024,Southwestern Public Service Co,1
79077,7561,nrel_2024,"Greenbelt Electric Coop, Inc",1
79078,17718,nrel_2024,Southwestern Public Service Co,1
79079,20404,puct_ptc,AEP Texas North Company,4
79079,17698,nrel_2024,Southwestern Electric Power Co,4
79079,17718,nrel_2024,Southwestern Public Service Co,4
79079,7561,nrel_2024,"Greenbelt Electric Coop, Inc",4
79080,17718,nrel_2024,Southwestern Public Service Co,2
79080,13757,nrel_2024,North Plains Electric Coop Inc,2
79081,17718,nrel_2024,Southwestern Public Service Co,4
79081,13757,nrel_2024,North Plains Electric Coop Inc,4
79081,16063,nrel_2024,"Rita Blanca Electric Coop, Inc",4
79081,19160,nrel_2024,"Tri-County Electric Coop, Inc (OK)",4
79082,17718,nrel_2024,Southwestern Public Service Co,3
79082,1169,nrel_2024,Bailey County Elec Coop Assn,3
79082,10625,nrel_2024,"Lamb County Electric Coop, Inc",3
79083,17718,nrel_2024,Southwestern Public Service Co,2
79083,16063,nrel_2024,"Rita Blanca Electric Coop, Inc",2
79084,17718,nrel_2024,Southwestern Public Service Co,3
79084,16063,nrel_2024,"Rita Blanca Electric Coop, Inc",3
79084,19160,nrel_2024,"Tri-County Electric Coop, Inc (OK)",3
79085,17718,nrel_2024,Southwestern Public Service Co,2
79085,4939,nrel_2024,"Deaf Smith Electric Coop, Inc",2
79086,17718,nrel_2024,Southwestern Public Service Co,2
79086,16063,nrel_2024,"Rita Blanca Electric Coop, Inc",2
79087,16063,nrel_2024,"Rita Blanca Electric Coop, Inc",2
79087,17715,nrel_2024,Southwestern Electric Coop Inc - (NM),2
79088,17718,nrel_2024,Southwestern Public Service Co,2
79088,11014,nrel_2024,"Lighthouse Electric Coop, Inc",2
79091,17718,nrel_2024,Southwestern Public Service Co,1
79092,17718,nrel_2024,Southwestern Public Service Co,3
79092,4939,nrel_2024,"Deaf Smith Electric Coop, Inc",3
79092,16063,nrel_2024,"Rita Blanca Electric Coop, Inc",3
79093,17718,nrel_2024,Southwestern Public Service Co,3
79093,13757,nrel_2024,North Plains Electric Coop Inc,3
79093,19160,nrel_2024,"Tri-County Electric Coop, Inc (OK)",3
79094,7561,nrel_2024,"Greenbelt Electric Coop, Inc",2
79094,11014,nrel_2024,"Lighthouse Electric Coop, Inc",2
79095,17698,nrel_2024,Southwestern Electric Power Co,3
79095,7561,nrel_2024,"Greenbelt Electric Coop, Inc",3
79095,11014,nrel_2024,"Lighthouse Electric Coop, Inc",3
79096,17698,nrel_2024,Southwestern Electric Power Co,4
79096,17718,nrel_2024,Southwestern Public Service Co,4
79096,7561,nrel_2024,"Greenbelt Electric Coop, Inc",4
79096,13757,nrel_2024,North Plains Electric Coop Inc,4
79097,44372,puct_ptc,Oncor Electric Delivery Company LLC,3
79097,17718,nrel_2024,Southwestern Public Service Co,3
79097,13757,nrel_2024,North Plains Electric Coop Inc,3
79098,17718,nrel_2024,Southwestern Public Service Co,1
79101,17718,nrel_2024,Southwestern Public Service Co,1
79102,17718,nrel_2024,Southwestern Public Service Co,1
79103,17718,nrel_2024,Southwestern Public Service Co,1
79104,17718,nrel_2024,Southwestern Public Service Co,1
79105,17718,nrel_2024,Southwestern Public Service Co,1
79106,17718,nrel_2024,Southwestern Public Service Co,1
79107,17718,nrel_2024,Southwestern Public Service Co,1
79108,17718,nrel_2024,Southwestern Public Service Co,2
79108,16063,nrel_2024,"Rita Blanca Electric Coop, Inc",2
79109,17718,nrel_2024,Southwestern Public Service Co,1
79110,17718,nrel_2024,Southwestern Public Service Co,1
79111,17718,nrel_2024,Southwestern Public Service Co,1
79114,17718,nrel_2024,Southwestern Public Service Co,1
79116,17718,nrel_2024,Southwestern Public Service Co,1
79117,17718,nrel_2024,Southwestern Public Service Co,1
79118,17718,nrel_2024,Southwestern Public Service Co,1
79119,17718,nrel_2024,Southwestern Public Service Co,1
79120,17718,nrel_2024,Southwestern Public Service Co,1
79121,17718,nrel_2024,Southwestern Public Service Co,1
79124,17718,nrel_2024,Southwestern Public Service Co,1
79159,17718,nrel_2024,Southwestern Public Service Co,1
79166,17718,nrel_2024,Southwestern Public Service Co,1
79168,17718,nrel_2024,Southwestern Public Service Co,1
79172,17718,nrel_2024,Southwestern Public Service Co,1
79174,17718,nrel_2024,Southwestern Public Service Co,1
79178,17718,nrel_2024,Southwestern Public Service Co,1
79185,17718,nrel_2024,Southwestern Public Service Co,1
79189,17718,nrel_2024,Southwestern Public Service Co,1
79201,20404,puct_ptc,AEP Texas North Company,5
79201,17698,nrel_2024,Southwestern Electric Power Co,5
79201,7561,nrel_2024,"Greenbelt Electric Coop, Inc",5
79201,11014,nrel_2024,"Lighthouse Electric Coop, Inc",5
79201,17561,nrel_2024,South Plains Electric Coop Inc,5
79220,20404,puct_ptc,AEP Texas North Company,2
79220,17561,nrel_2024,South Plains Electric Coop Inc,2
79221,17718,nrel_2024,Southwestern Public Service Co,1
79223,17561,nrel_2024,South Plains Electric Coop Inc,1
79225,20404,puct_ptc,AEP Texas North Company,2
79225,17561,nrel_2024,South Plains Electric Coop Inc,2
79226,20404,puct_ptc,AEP Texas North Company,5
79226,17698,nrel_2024,Southwestern Electric Power Co,5
79226,17718,nrel_2024,Southwestern Public Service Co,5
79226,7561,nrel_2024,"Greenbelt Electric Coop, Inc",5
79226,11014,nrel_2024,"Lighthouse Electric Coop, Inc",5
79227,20404,puct_ptc,AEP Texas North Company,2
79227,17561,nrel_2024,South Plains Electric Coop Inc,2
79229,20404,puct_ptc,AEP Texas North Company,2
79229,17561,nrel_2024,South Plains Electric Coop Inc,2
79230,17698,nrel_2024,Southwestern Electric Power Co,2
79230,7561,nrel_2024,"Greenbelt Electric Coop, Inc",2
79231,11014,nrel_2024,"Lighthouse Electric Coop, Inc",1
79233,20404,puct_ptc,AEP Texas North Company,3
79233,17698,nrel_2024,Southwestern Electric Power Co,3
79233,11014,nrel_2024,"Lighthouse Electric Coop, Inc",3
79234,20404,puct_ptc,AEP Texas North Company,2
79234,11014,nrel_2024,"Lighthouse Electric Coop, Inc",2
79235,17718,nrel_2024,Southwestern Public Service Co,3
79235,11014,nrel_2024,"Lighthouse Electric Coop, Inc",3
79235,17561,nrel_2024,South Plains Electric Coop Inc,3
79236,17561,nrel_2024,South Plains Electric Coop Inc,1
79237,20404,puct_ptc,AEP Texas North Company,5
79237,17698,nrel_2024,Southwestern Electric Power Co,5
79237,17718,nrel_2024,Southwestern Public Service Co,5
79237,7561,nrel_2024,"Greenbelt Electric Coop, Inc",5
79237,11014,nrel_2024,"Lighthouse Electric Coop, Inc",5
79239,20404,puct_ptc,AEP Texas North Company,4
79239,17698,nrel_2024,Southwestern Electric Power Co,4
79239,7561,nrel_2024,"Greenbelt Electric Coop, Inc",4
79239,11014,nrel_2024,"Lighthouse Electric Coop, Inc",4
79240,20404,puct_ptc,AEP Texas North Company,4
79240,17698,nrel_2024,Southwestern Electric Power Co,4
79240,7561,nrel_2024,"Greenbelt Electric Coop, Inc",4
79240,11014,nrel_2024,"Lighthouse Electric Coop, Inc",4
79241,17718,nrel_2024,Southwestern Public Service Co,2
79241,11014,nrel_2024,"Lighthouse Electric Coop, Inc",2
79243,20404,puct_ptc,AEP Texas North Company,3
79243,11014,nrel_2024,"Lighthouse Electric Coop, Inc",3
79243,17561,nrel_2024,South Plains Electric Coop Inc,3
79244,20404,puct_ptc,AEP Texas North Company,3
79244,11014,nrel_2024,"Lighthouse Electric Coop, Inc",3
79244,17561,nrel_2024,South Plains Electric Coop Inc,3
79245,20404,puct_ptc,AEP Texas North Company,4
79245,17698,nrel_2024,Southwestern Electric Power Co,4
79245,7561,nrel_2024,"Greenbelt Electric Coop, Inc",4
79245,11014,nrel_2024,"Lighthouse Electric Coop, Inc",4
79247,20404,puct_ptc,AEP Texas North Company,1
79248,20404,puct_ptc,AEP Texas North Company,2
79248,17561,nrel_2024,South Plains Electric Coop Inc,2
79250,17718,nrel_2024,Southwestern Public Service Co,3
79250,11014,nrel_2024,"Lighthouse Electric Coop, Inc",3
79250,17561,nrel_2024,South Plains Electric Coop Inc,3
79251,17698,nrel_2024,Southwestern Electric Power Co,2
79251,7561,nrel_2024,"Greenbelt Electric Coop, Inc",2
79252,20404,puct_ptc,AEP Texas North Company,3
79252,7561,nrel_2024,"Greenbelt Electric Coop, Inc",3
79252,17561,nrel_2024,South Plains Electric Coop Inc,3
79255,20404,puct_ptc,AEP Texas North Company,2
79255,11014,nrel_2024,"Lighthouse Electric Coop, Inc",2
79256,20404,puct_ptc,AEP Texas North Company,3
79256,11014,nrel_2024,"Lighthouse Electric Coop, Inc",3
79256,17561,nrel_2024,South Plains Electric Coop Inc,3
79257,17718,nrel_2024,Southwestern Public Service Co,3
79257,7561,nrel_2024,"Greenbelt Electric Coop, Inc",3
79257,11014,nrel_2024,"Lighthouse Electric Coop, Inc",3
79258,17718,nrel_2024,Southwestern Public Service Co,1
79259,20404,puct_ptc,AEP Texas North Company,4
79259,17698,nrel_2024,Southwestern Electric Power Co,4
79259,11014,nrel_2024,"Lighthouse Electric Coop, Inc",4
79259,17561,nrel_2024,South Plains Electric Coop Inc,4
79261,20404,puct_ptc,AEP Texas North Company,3
79261,17698,nrel_2024,Southwestern Electric Power Co,3
79261,11014,nrel_2024,"Lighthouse Electric Coop, Inc",3
79311,17718,nrel_2024,Southwestern Public Service Co,3
79311,11014,nrel_2024,"Lighthouse Electric Coop, Inc",3
79311,17561,nrel_2024,South Plains Electric Coop Inc,3
79312,17718,nrel_2024,Southwestern Public Service Co,2
79312,10625,nrel_2024,"Lamb County Electric Coop, Inc",2
79313,17718,nrel_2024,Southwestern Public Service Co,3
79313,10625,nrel_2024,"Lamb County Electric Coop, Inc",3
79313,17561,nrel_2024,South Plains Electric Coop Inc,3
79314,17718,nrel_2024,Southwestern Public Service Co,3
79314,1169,nrel_2024,Bailey County Elec Coop Assn,3
79314,10817,nrel_2024,"Lea County Electric Coop, Inc - (NM)",3
79316,17718,nrel_2024,Southwestern Public Service Co,2
79316,11364,nrel_2024,"Lyntegar Electric Coop, Inc",2
79322,17718,nrel_2024,Southwestern Public Service Co,3
79322,11014,nrel_2024,"Lighthouse Electric Coop, Inc",3
79322,17561,nrel_2024,South Plains Electric Coop Inc,3
79323,17718,nrel_2024,Southwestern Public Service Co,3
79323,10817,nrel_2024,"Lea County Electric Coop, Inc - (NM)",3
79323,11364,nrel_2024,"Lyntegar Electric Coop, Inc",3
79324,1169,nrel_2024,Bailey County Elec Coop Assn,2
79324,10625,nrel_2024,"Lamb County Electric Coop, Inc",2
79325,17718,nrel_2024,Southwestern Public Service Co,3
79325,1169,nrel_2024,Bailey County Elec Coop Assn,3
79325,4939,nrel_2024,"Deaf Smith Electric Coop, Inc",3
79326,17718,nrel_2024,Southwestern Public Service Co,1
79329,17718,nrel_2024,Southwestern Public Service Co,2
79329,17561,nrel_2024,South Plains Electric Coop Inc,2
79330,1591,nrel_2024,"Big Country Electric Coop, Inc",2
79330,17561,nrel_2024,South Plains Electric Coop Inc,2
79331,44372,puct_ptc,Oncor Electric Delivery Company LLC,3
79331,17718,nrel_2024,Southwestern Public Service Co,3
79331,11364,nrel_2024,"Lyntegar Electric Coop, Inc",3
79336,17718,nrel_2024,Southwestern Public Service Co,4
79336,10625,nrel_2024,"Lamb County Electric Coop, Inc",4
79336,11364,nrel_2024,"Lyntegar Electric Coop, Inc",4
79336,17561,nrel_2024,South Plains Electric Coop Inc,4
79338,17718,nrel_2024,Southwestern Public Service Co,1
79339,17718,nrel_2024,Southwestern Public Service Co,3
79339,10625,nrel_2024,"Lamb County Electric Coop, Inc",3
79339,17561,nrel_2024,South Plains Electric Coop Inc,3
79342,17718,nrel_2024,Southwestern Public Service Co,2
79342,11364,nrel_2024,"Lyntegar Electric Coop, Inc",2
79343,17718,nrel_2024,Southwestern Public Service Co,4
79343,11014,nrel_2024,"Lighthouse Electric Coop, Inc",4
79343,11364,nrel_2024,"Lyntegar Electric Coop, Inc",4
79343,17561,nrel_2024,South Plains Electric Coop Inc,4
79344,1169,nrel_2024,Bailey County Elec Coop Assn,1
79345,17718,nrel_2024,Southwestern Public Service Co,3
79345,11364,nrel_2024,"Lyntegar Electric Coop, Inc",3
79345,17561,nrel_2024,South Plains Electric Coop Inc,3
79346,17718,nrel_2024,Southwestern Public Service Co,4
79346,1169,nrel_2024,Bailey County Elec Coop Assn,4
79346,10625,nrel_2024,"Lamb County Electric Coop, Inc",4
79346,11364,nrel_2024,"Lyntegar Electric Coop, Inc",4
79347,17718,nrel_2024,Southwestern Public Service Co,3
79347,1169,nrel_2024,Bailey County Elec Coop Assn,3
79347,10625,nrel_2024,"Lamb County Electric Coop, Inc",3
79350,17718,nrel_2024,Southwestern Public Service Co,1
79351,44372,puct_ptc,Oncor Electric Delivery Company LLC,3
79351,1591,nrel_2024,"Big Country Electric Coop, Inc",3
79351,11364,nrel_2024,"Lyntegar Electric Coop, Inc",3
79353,10625,nrel_2024,"Lamb County Electric Coop, Inc",1
79355,17718,nrel_2024,Southwestern Public Service Co,3
79355,10817,nrel_2024,"Lea County Electric Coop, Inc - (NM)",3
79355,11364,nrel_2024,"Lyntegar Electric Coop, Inc",3
79356,17718,nrel_2024,Southwestern Public Service Co,4
79356,1591,nrel_2024,"Big Country Electric Coop, Inc",4
79356,11364,nrel_2024,"Lyntegar Electric Coop, Inc",4
79356,17561,nrel_2024,South Plains Electric Coop Inc,4
79357,17718,nrel_2024,Southwestern Public Service Co,3
79357,11014,nrel_2024,"Lighthouse Electric Coop, Inc",3
79357,17561,nrel_2024,South Plains Electric Coop Inc,3
79358,17718,nrel_2024,Southwestern Public Service Co,3
79358,11364,nrel_2024,"Lyntegar Electric Coop, Inc",3
79358,17561,nrel_2024,South Plains Electric Coop Inc,3
79359,17718,nrel_2024,Southwestern Public Service Co,2
79359,11364,nrel_2024,"Lyntegar Electric Coop, Inc",2
79360,17718,nrel_2024,Southwestern Public Service Co,3
79360,10817,nrel_2024,"Lea County Electric Coop, Inc - (NM)",3
79360,11364,nrel_2024,"Lyntegar Electric Coop, Inc",3
79363,17718,nrel_2024,Southwestern Public Service Co,2
79363,17561,nrel_2024,South Plains Electric Coop Inc,2
79364,11292,puct_ptc,City of Lubbock - (TX),4
79364,17718,nrel_2024,Southwestern Public Service Co,4
79364,11364,nrel_2024,"Lyntegar Electric Coop, Inc",4
79364,17561,nrel_2024,South Plains Electric Coop Inc,4
79366,17718,nrel_2024,Southwestern Public Service Co,2
79366,17561,nrel_2024,South Plains Electric Coop Inc,2
79367,17561,nrel_2024,South Plains Electric Coop Inc,1
79369,10625,nrel_2024,"Lamb County Electric Coop, Inc",1
79370,20404,puct_ptc,AEP Texas North Company,3
79370,11014,nrel_2024,"Lighthouse Electric Coop, Inc",3
79370,17561,nrel_2024,South Plains Electric Coop Inc,3
79371,17718,nrel_2024,Southwestern Public Service Co,3
79371,1169,nrel_2024,Bailey County Elec Coop Assn,3
79371,10625,nrel_2024,"Lamb County Electric Coop, Inc",3
79372,11364,nrel_2024,"Lyntegar Electric Coop, Inc",1
79373,17718,nrel_2024,Southwestern Public Service Co,4
79373,1591,nrel_2024,"Big Country Electric Coop, Inc",4
79373,11364,nrel_2024,"Lyntegar Electric Coop, Inc",4
79373,17561,nrel_2024,South Plains Electric Coop Inc,4
79376,17718,nrel_2024,Southwestern Public Service Co,2
79376,11364,nrel_2024,"Lyntegar Electric Coop, Inc",2
79377,44372,puct_ptc,Oncor Electric Delivery Company LLC,2
79377,17718,nrel_2024,Southwestern Public Service Co,2
79378,11364,nrel_2024,"Lyntegar Electric Coop, Inc",1
79379,17718,nrel_2024,Southwestern Public Service Co,2
79379,10625,nrel_2024,"Lamb County Electric Coop, Inc",2
79380,17718,nrel_2024,Southwestern Public Service Co,1
79381,17718,nrel_2024,Southwestern Public Service Co,3
79381,11364,nrel_2024,"Lyntegar Electric Coop, Inc",3
79381,17561,nrel_2024,South Plains Electric Coop Inc,3
79382,17718,nrel_2024,Southwestern Public Service Co,3
79382,11364,nrel_2024,"Lyntegar Electric Coop, Inc",3
79382,17561,nrel_2024,South Plains Electric Coop Inc,3
79383,11364,nrel_2024,"Lyntegar Electric Coop, Inc",1
79401,11292,puct_ptc,City of Lubbock - (TX),2
79401,17718,nrel_2024,Southwestern Public Service Co,2
79402,11292,nrel_2024,City of Lubbock - (TX),1
79403,11292,puct_ptc,City of Lubbock - (TX),3
79403,17718,nrel_2024,Southwestern Public Service Co,3
79403,17561,nrel_2024,South Plains Electric Coop Inc,3
79404,11292,puct_ptc,City of Lubbock - (TX),3
79404,17718,nrel_2024,Southwestern Public Service Co,3
79404,17561,nrel_2024,South Plains Electric Coop Inc,3
79406,11292,puct_ptc,City of Lubbock - (TX),1
79407,11292,puct_ptc,City of Lubbock - (TX),4
79407,17718,nrel_2024,Southwestern Public Service Co,4
79407,10625,nrel_2024,"Lamb County Electric Coop, Inc",4
79407,17561,nrel_2024,South Plains Electric Coop Inc,4
79408,11292,nrel_2024,City of Lubbock - (TX),1
79409,11292,nrel_2024,City of Lubbock - (TX),1
79410,11292,puct_ptc,City of Lubbock - (TX),1
79411,11292,puct_ptc,City of Lubbock - (TX),2
79411,17718,nrel_2024,Southwestern Public Service Co,2
79412,11292,puct_ptc,City of Lubbock - (TX),2
79412,17718,nrel_2024,Southwestern Public Service Co,2
79413,11292,puct_ptc,City of Lubbock - (TX),2
79413,17718,nrel_2024,Southwestern Public Service Co,2
79414,11292,puct_ptc,City of Lubbock - (TX),2
79414,17718,nrel_2024,Southwestern Public Service Co,2
79415,11292,puct_ptc,City of Lubbock - (TX),3
79415,17718,nrel_2024,Southwestern Public Service Co,3
79415,17561,nrel_2024,South Plains Electric Coop Inc,3
79416,11292,puct_ptc,City of Lubbock - (TX),3
79416,17718,nrel_2024,Southwestern Public Service Co,3
79416,17561,nrel_2024,South Plains Electric Coop Inc,3
79423,11292,puct_ptc,City of Lubbock - (TX),4
79423,17718,nrel_2024,Southwestern Public Service Co,4
79423,11364,nrel_2024,"Lyntegar Electric Coop, Inc",4
79423,17561,nrel_2024,South Plains Electric Coop Inc,4
79424,11292,puct_ptc,City of Lubbock - (TX),4
79424,17718,nrel_2024,Southwestern Public Service Co,4
79424,11364,nrel_2024,"Lyntegar Electric Coop, Inc",4
79424,17561,nrel_2024,South Plains Electric Coop Inc,4
79430,11292,nrel_2024,City of Lubbock - (TX),1
79452,11292,nrel_2024,City of Lubbock - (TX),1
79453,17718,nrel_2024,Southwestern Public Service Co,1
79457,11292,nrel_2024,City of Lubbock - (TX),1
79464,11292,nrel_2024,City of Lubbock - (TX),1
79490,17718,nrel_2024,Southwestern Public Service Co,1
79491,11292,nrel_2024,City of Lubbock - (TX),1
79493,11292,nrel_2024,City of Lubbock - (TX),1
79499,17718,nrel_2024,Southwestern Public Service Co,1
79501,20404,puct_ptc,AEP Texas North Company,2
79501,1591,nrel_2024,"Big Country Electric Coop, Inc",2
79502,20404,puct_ptc,AEP Texas North Company,3
79502,1591,nrel_2024,"Big Country Electric Coop, Inc",3
79502,17561,nrel_2024,South Plains Electric Coop Inc,3
79503,20404,puct_ptc,AEP Texas North Company,2
79503,1591,nrel_2024,"Big Country Electric Coop, Inc",2
79504,20404,puct_ptc,AEP Texas North Company,2
79504,4295,nrel_2024,Comanche County Elec Coop Assn,2
79505,20404,puct_ptc,AEP Texas North Company,1
79506,20404,puct_ptc,AEP Texas North Company,3
79506,4146,nrel_2024,Concho Valley Elec Coop Inc,3
79506,27369,nrel_2024,Taylor Electric Coop Inc - (TX),3
79508,20404,puct_ptc,AEP Texas North Company,1
79510,20404,puct_ptc,AEP Texas North Company,2
79510,4295,nrel_2024,Comanche County Elec Coop Assn,2
79511,44372,puct_ptc,Oncor Electric Delivery Company LLC,1
79512,44372,puct_ptc,Oncor Electric Delivery Company LLC,2
79512,4146,nrel_2024,Concho Valley Elec Coop Inc,2
79516,44372,puct_ptc,Oncor Electric Delivery Company LLC,1
79517,1591,nrel_2024,"Big Country Electric Coop, Inc",2
79517,11364,nrel_2024,"Lyntegar Electric Coop, Inc",2
79518,20404,puct_ptc,AEP Texas North Company,2
79518,17561,nrel_2024,South Plains Electric Coop Inc,2
79520,20404,puct_ptc,AEP Texas North Company,3
79520,44372,puct_ptc,Oncor Electric Delivery Company LLC,3
79520,1591,nrel_2024,"Big Country Electric Coop, Inc",3
79521,20404,puct_ptc,AEP Texas North Company,2
79521,1591,nrel_2024,"Big Country Electric Coop, Inc",2
79525,20404,puct_ptc,AEP Texas North Company,2
79525,1591,nrel_2024,"Big Country Electric Coop, Inc",2
79526,44372,puct_ptc,Oncor Electric Delivery Company LLC,2
79526,1591,nrel_2024,"Big Country Electric Coop, Inc",2
79527,44372,puct_ptc,Oncor Electric Delivery Company LLC,1
79528,20404,puct_ptc,AEP Texas North Company,3
79528,1591,nrel_2024,"Big Country Electric Coop, Inc",3
79528,17561,nrel_2024,South Plains Electric Coop Inc,3
79529,20404,puct_ptc,AEP Texas North Company,1
79530,20404,puct_ptc,AEP Texas North Company,1
79532,44372,puct_ptc,Oncor Electric Delivery Company LLC,4
79532,1591,nrel_2024,"Big Country Electric Coop, Inc",4
79532,4146,nrel_2024,Concho Valley Elec Coop Inc,4
79532,27369,nrel_2024,Taylor Electric Coop Inc - (TX),4
79533,20404,puct_ptc,AEP Texas North Company,2
79533,1591,nrel_2024,"Big Country Electric Coop, Inc",2
79534,20404,puct_ptc,AEP Texas North Company,2
79534,1591,nrel_2024,"Big Country Electric Coop, Inc",2
79535,44372,puct_ptc,Oncor Electric Delivery Company LLC,2
79535,27369,nrel_2024,Taylor Electric Coop Inc - (TX),2
79536,20404,puct_ptc,AEP Texas North Company,3
79536,1591,nrel_2024,"Big Country Electric Coop, Inc",3
79536,27369,nrel_2024,Taylor Electric Coop Inc - (TX),3
79537,20404,puct_ptc,AEP Texas North Company,2
79537,27369,nrel_2024,Taylor Electric Coop Inc - (TX),2
79538,4295,nrel_2024,Comanche County Elec Coop Assn,1
79539,20404,puct_ptc,AEP Texas North Company,1
79540,20404,puct_ptc,AEP Texas North Company,3
79540,1591,nrel_2024,"Big Country Electric Coop, Inc",3
79540,17561,nrel_2024,South Plains Electric Coop Inc,3
79541,20404,puct_ptc,AEP Texas North Company,3
79541,4295,nrel_2024,Comanche County Elec Coop Assn,3
79541,27369,nrel_2024,Taylor Electric Coop Inc - (TX),3
79543,20404,puct_ptc,AEP Texas North Company,3
79543,44372,puct_ptc,Oncor Electric Delivery Company LLC,3
79543,1591,nrel_2024,"Big Country Electric Coop, Inc",3
79544,20404,puct_ptc,AEP Texas North Company,2
79544,1591,nrel_2024,"Big Country Electric Coop, Inc",2
79545,20404,puct_ptc,AEP Texas North Company,5
79545,44372,puct_ptc,Oncor Electric Delivery Company LLC,5
79545,1591,nrel_2024,"Big Country Electric Coop, Inc",5
79545,4146,nrel_2024,Concho Valley Elec Coop Inc,5
79545,27369,nrel_2024,Taylor Electric Coop Inc - (TX),5
79546,20404,puct_ptc,AEP Texas North Company,3
79546,1591,nrel_2024,"Big Country Electric Coop, Inc",3
79546,17561,nrel_2024,South Plains Electric Coop Inc,3
79547,20404,puct_ptc,AEP Texas North Company,2
79547,1591,nrel_2024,"Big Country Electric Coop, Inc",2
79548,20404,puct_ptc,AEP Texas North Company,2
79548,1591,nrel_2024,"Big Country Electric Coop, Inc",2
79549,44372,puct_ptc,Oncor Electric Delivery Company LLC,3
79549,1591,nrel_2024,"Big Country Electric Coop, Inc",3
79549,17561,nrel_2024,South Plains Electric Coop Inc,3
79553,20404,puct_ptc,AEP Texas North Company,2
79553,1591,nrel_2024,"Big Country Electric Coop, Inc",2
79556,44372,puct_ptc,Oncor Electric Delivery Company LLC,3
79556,1591,nrel_2024,"Big Country Electric Coop, Inc",3
79556,27369,nrel_2024,Taylor Electric Coop Inc - (TX),3
79560,20404,puct_ptc,AEP Texas North Company,2
79560,1591,nrel_2024,"Big Country Electric Coop, Inc",2
79561,20404,puct_ptc,AEP Texas North Company,3
79561,1591,nrel_2024,"Big Country Electric Coop, Inc",3
79561,27369,nrel_2024,Taylor Electric Coop Inc - (TX),3
79562,20404,puct_ptc,AEP Texas North Company,2
79562,27369,nrel_2024,Taylor Electric Coop Inc - (TX),2
79563,20404,puct_ptc,AEP Texas North Company,1
79565,44372,puct_ptc,Oncor Electric Delivery Company LLC,1
79566,20404,puct_ptc,AEP Texas North Company,2
79566,27369,nrel_2024,Taylor Electric Coop Inc - (TX),2
79567,20404,puct_ptc,AEP Texas North Company,2
79567,27369,nrel_2024,Taylor Electric Coop Inc - (TX),2
79601,20404,puct_ptc,AEP Texas North Company,3
79601,1591,nrel_2024,"Big Country Electric Coop, Inc",3
79601,4295,nrel_2024,Comanche County Elec Coop Assn,3
79602,20404,puct_ptc,AEP Texas North Company,2
79602,4295,nrel_2024,Comanche County Elec Coop Assn,2
79603,20404,puct_ptc,AEP Texas North Company,1
79604,20404,puct_ptc,AEP Texas North Company,1
79605,20404,puct_ptc,AEP Texas North Company,1
79606,20404,puct_ptc,AEP Texas North Company,2
79606,27369,nrel_2024,Taylor Electric Coop Inc - (TX),2
79607,20404,puct_ptc,AEP Texas North Company,1
79608,20404,puct_ptc,AEP Texas North Company,1
79698,20404,puct_ptc,AEP Texas North Company,1
79699,20404,puct_ptc,AEP Texas North Company,1
79701,44372,puct_ptc,Oncor Electric Delivery Company LLC,1
79702,44372,puct_ptc,Oncor Electric Delivery Company LLC,1
79703,44372,puct_ptc,Oncor Electric Delivery Company LLC,1
79704,44372,puct_ptc,Oncor Electric Delivery Company LLC,1
79705,44372,puct_ptc,Oncor Electric Delivery Company LLC,1
79706,44372,puct_ptc,Oncor Electric Delivery Company LLC,1
79707,44372,puct_ptc,Oncor Electric Delivery Company LLC,1
79708,44372,puct_ptc,Oncor Electric Delivery Company LLC,1
79710,44372,puct_ptc,Oncor Electric Delivery Company LLC,1
79711,44372,puct_ptc,Oncor Electric Delivery Company LLC,1
79712,44372,puct_ptc,Oncor Electric Delivery Company LLC,1
79713,44372,puct_ptc,Oncor Electric Delivery Company LLC,2
79713,11364,nrel_2024,"Lyntegar Electric Coop, Inc",2
79714,44372,puct_ptc,Oncor Electric Delivery Company LLC,3
79714,17718,nrel_2024,Southwestern Public Service Co,3
79714,11364,nrel_2024,"Lyntegar Electric Coop, Inc",3
79718,20404,puct_ptc,AEP Texas North Company,2
79718,16057,nrel_2024,"Rio Grande Electric Coop, Inc",2
79719,44372,puct_ptc,Oncor Electric Delivery Company LLC,2
79719,40051,puct_ptc,Texas-New Mexico Power Co,2
79720,44372,puct_ptc,Oncor Electric Delivery Company LLC,4
79720,1591,nrel_2024,"Big Country Electric Coop, Inc",4
79720,4146,nrel_2024,Concho Valley Elec Coop Inc,4
79720,11364,nrel_2024,"Lyntegar Electric Coop, Inc",4
79721,44372,puct_ptc,Oncor Electric Delivery Company LLC,1
79730,44372,puct_ptc,Oncor Electric Delivery Company LLC,2
79730,40051,puct_ptc,Texas-New Mexico Power Co,2
79731,20404,puct_ptc,AEP Texas North Company,2
79731,44372,puct_ptc,Oncor Electric Delivery Company LLC,2
79733,44372,puct_ptc,Oncor Electric Delivery Company LLC,1
79734,20404,puct_ptc,AEP Texas North Company,2
79734,16057,nrel_2024,"Rio Grande Electric Coop, Inc",2
79735,40051,puct_ptc,Texas-New Mexico Power Co,3
79735,16057,nrel_2024,"Rio Grande Electric Coop, Inc",3
79735,17693,nrel_2024,"Southwest Texas Elec Coop, Inc",3
79738,44372,puct_ptc,Oncor Electric Delivery Company LLC,3
79738,1591,nrel_2024,"Big Country Electric Coop, Inc",3
79738,11364,nrel_2024,"Lyntegar Electric Coop, Inc",3
79739,44372,puct_ptc,Oncor Electric Delivery Company LLC,2
79739,4146,nrel_2024,Concho Valley Elec Coop Inc,2
79740,40051,puct_ptc,Texas-New Mexico Power Co,1
79741,44372,puct_ptc,Oncor Electric Delivery Company LLC,1
79742,44372,puct_ptc,Oncor Electric Delivery Company LLC,1
79743,20404,puct_ptc,AEP Texas North Company,2
79743,44372,puct_ptc,Oncor Electric Delivery Company LLC,2
79744,20404,puct_ptc,AEP Texas North Company,2
79744,17693,nrel_2024,"Southwest Texas Elec Coop, Inc",2
79745,44372,puct_ptc,Oncor Electric Delivery Company LLC,3
79745,40051,puct_ptc,Texas-New Mexico Power Co,3
79745,17718,nrel_2024,Southwestern Public Service Co,3
79748,44372,puct_ptc,Oncor Electric Delivery Company LLC,1
79749,44372,puct_ptc,Oncor Electric Delivery Company LLC,1
79752,20404,puct_ptc,AEP Texas North Company,1
79754,44372,puct_ptc,Oncor Electric Delivery Company LLC,2
79754,17718,nrel_2024,Southwestern Public Service Co,2
79755,44372,puct_ptc,Oncor Electric Delivery Company LLC,1
79756,44372,puct_ptc,Oncor Electric Delivery Company LLC,1
79758,44372,puct_ptc,Oncor Electric Delivery Company LLC,1
79759,44372,puct_ptc,Oncor Electric Delivery Company LLC,1
79760,44372,puct_ptc,Oncor Electric Delivery Company LLC,1
79761,44372,puct_ptc,Oncor Electric Delivery Company LLC,1
79762,44372,puct_ptc,Oncor Electric Delivery Company LLC,1
79763,44372,puct_ptc,Oncor Electric Delivery Company LLC,1
79764,44372,puct_ptc,Oncor Electric Delivery Company LLC,1
79765,44372,puct_ptc,Oncor Electric Delivery Company LLC,1
79766,44372,puct_ptc,Oncor Electric Delivery Company LLC,1
79770,44372,puct_ptc,Oncor Electric Delivery Company LLC,2
79770,17718,nrel_2024,Southwestern Public Service Co,2
79772,20404,puct_ptc,AEP Texas North Company,4
79772,44372,puct_ptc,Oncor Electric Delivery Company LLC,4
79772,40051,puct_ptc,Texas-New Mexico Power Co,4
79772,16057,nrel_2024,"Rio Grande Electric Coop, Inc",4
79776,44372,puct_ptc,Oncor Electric Delivery Company LLC,1
79777,44372,puct_ptc,Oncor Electric Delivery Company LLC,2
79777,40051,puct_ptc,Texas-New Mexico Power Co,2
79778,20404,puct_ptc,AEP Texas North Company,3
79778,44372,puct_ptc,Oncor Electric Delivery Company LLC,3
79778,17693,nrel_2024,"Southwest Texas Elec Coop, Inc",3
79780,20404,puct_ptc,AEP Texas North Company,1
79781,20404,puct_ptc,AEP Texas North Company,3
79781,16057,nrel_2024,"Rio Grande Electric Coop, Inc",3
79781,17693,nrel_2024,"Southwest Texas Elec Coop, Inc",3
79782,44372,puct_ptc,Oncor Electric Delivery Company LLC,1
79783,44372,puct_ptc,Oncor Electric Delivery Company LLC,1
79785,40051,puct_ptc,Texas-New Mexico Power Co,1
79788,44372,puct_ptc,Oncor Electric Delivery Company LLC,2
79788,40051,puct_ptc,Texas-New Mexico Power Co,2
79789,44372,puct_ptc,Oncor Electric Delivery Company LLC,2
79789,40051,puct_ptc,Texas-New Mexico Power Co,2
79821,5701,nrel_2024,El Paso Electric Co,1
79830,20404,puct_ptc,AEP Texas North Company,2
79830,16057,nrel_2024,"Rio Grande Electric Coop, Inc",2
79831,20404,puct_ptc,AEP Texas North Company,2
79831,16057,nrel_2024,"Rio Grande Electric Coop, Inc",2
79832,20404,puct_ptc,AEP Texas North Company,1
79834,16057,nrel_2024,"Rio Grande Electric Coop, Inc",1
79835,5701,nrel_2024,El Paso Electric Co,1
79836,5701,nrel_2024,El Paso Electric Co,1
79837,16057,nrel_2024,"Rio Grande Electric Coop, Inc",1
79838,5701,nrel_2024,El Paso Electric Co,1
79839,5701,nrel_2024,El Paso Electric Co,2
79839,16057,nrel_2024,"Rio Grande Electric Coop, Inc",2
79842,20404,puct_ptc,AEP Texas North Company,2
79842,16057,nrel_2024,"Rio Grande Electric Coop, Inc",2
79843,20404,puct_ptc,AEP Texas North Company,2
79843,16057,nrel_2024,"Rio Grande Electric Coop, Inc",2
79845,20404,puct_ptc,AEP Texas North Company,2
79845,16057,nrel_2024,"Rio Grande Electric Coop, Inc",2
79846,20404,puct_ptc,AEP Texas North Company,2
79846,16057,nrel_2024,"Rio Grande Electric Coop, Inc",2
79847,17718,nrel_2024,Southwestern Public Service Co,2
79847,16057,nrel_2024,"Rio Grande Electric Coop, Inc",2
79848,40051,puct_ptc,Texas-New Mexico Power Co,3
79848,16057,nrel_2024,"Rio Grande Electric Coop, Inc",3
79848,17693,nrel_2024,"Southwest Texas Elec Coop, Inc",3
79849,5701,nrel_2024,El Paso Electric Co,1
79851,5701,nrel_2024,El Paso Electric Co,2
79851,16057,nrel_2024,"Rio Grande Electric Coop, Inc",2
79852,16057,nrel_2024,"Rio Grande Electric Coop, Inc",1
79853,5701,nrel_2024,El Paso Electric Co,1
79854,20404,puct_ptc,AEP Texas North Company,2
79854,16057,nrel_2024,"Rio Grande Electric Coop, Inc",2
79855,5701,nrel_2024,El Paso Electric Co,2
79855,16057,nrel_2024,"Rio Grande Electric Coop, Inc",2
79901,5701,nrel_2024,El Paso Electric Co,1
79902,5701,nrel_2024,El Paso Electric Co,1
79903,5701,nrel_2024,El Paso Electric Co,1
79904,5701,nrel_2024,El Paso Electric Co,1
79905,5701,nrel_2024,El Paso Electric Co,1
79906,5701,nrel_2024,El Paso Electric Co,1
79907,5701,nrel_2024,El Paso Electric Co,1
79908,5701,nrel_2024,El Paso Electric Co,1
79910,5701,nrel_2024,El Paso Electric Co,1
79911,5701,nrel_2024,El Paso Electric Co,1
79912,5701,nrel_2024,El Paso Electric Co,1
79913,5701,nrel_2024,El Paso Electric Co,1
79914,5701,nrel_2024,El Paso Electric Co,1
79915,5701,nrel_2024,El Paso Electric Co,1
79916,5701,nrel_2024,El Paso Electric Co,1
79917,5701,nrel_2024,El Paso Electric Co,1
79918,5701,nrel_2024,El Paso Electric Co,1
79920,5701,nrel_2024,El Paso Electric Co,1
79922,5701,nrel_2024,El Paso Electric Co,1
79923,5701,nrel_2024,El Paso Electric Co,1
79924,5701,nrel_2024,El Paso Electric Co,1
79925,5701,nrel_2024,El Paso Electric Co,1
79926,5701,nrel_2024,El Paso Electric Co,1
79927,5701,nrel_2024,El Paso Electric Co,1
79928,5701,nrel_2024,El Paso Electric Co,1
79929,5701,nrel_2024,El Paso Electric Co,1
79930,5701,nrel_2024,El Paso Electric Co,1
79931,5701,nrel_2024,El Paso Electric Co,1
79932,5701,nrel_2024,El Paso Electric Co,1
79934,5701,nrel_2024,El Paso Electric Co,1
79935,5701,nrel_2024,El Paso Electric Co,1
79936,5701,nrel_2024,El Paso Electric Co,1
79937,5701,nrel_2024,El Paso Electric Co,1
79938,5701,nrel_2024,El Paso Electric Co,2
79938,16057,nrel_2024,"Rio Grande Electric Coop, Inc",2
79940,5701,nrel_2024,El Paso Electric Co,1
79941,5701,nrel_2024,El Paso Electric Co,1
79942,17693,nrel_2024,"Southwest Texas Elec Coop, Inc",1
79943,5701,nrel_2024,El Paso Electric Co,1
79944,5701,nrel_2024,El Paso Electric Co,1
79945,5701,nrel_2024,El Paso Electric Co,1
79946,5701,nrel_2024,El Paso Electric Co,1
79947,5701,nrel_2024,El Paso Electric Co,1
79948,5701,nrel_2024,El Paso Electric Co,1
79949,5701,nrel_2024,El Paso Electric Co,1
79950,5701,nrel_2024,El Paso Electric Co,1
79951,5701,nrel_2024,El Paso Electric Co,1
79952,5701,nrel_2024,El Paso Electric Co,1
79953,5701,nrel_2024,El Paso Electric Co,1
79954,5701,nrel_2024,El Paso Electric Co,1
79955,5701,nrel_2024,El Paso Electric Co,1
79958,5701,nrel_2024,El Paso Electric Co,1
79960,5701,nrel_2024,El Paso Electric Co,1
79961,5701,nrel_2024,El Paso Electric Co,1
79968,5701,nrel_2024,El Paso Electric Co,1
79976,5701,nrel_2024,El Paso Electric Co,1
79978,5701,nrel_2024,El Paso Electric Co,1
79980,5701,nrel_2024,El Paso Electric Co,1
79990,5701,nrel_2024,El Paso Electric Co,1
79995,5701,nrel_2024,El Paso Electric Co,1
79996,5701,nrel_2024,El Paso Electric Co,1
79997,5701,nrel_2024,El Paso Electric Co,1
79998,5701,nrel_2024,El Paso Electric Co,1
79999,5701,nrel_2024,El Paso Electric Co,1
88510,5701,nrel_2024,El Paso Electric Co,1
88511,5701,nrel_2024,El Paso Electric Co,1
88512,5701,nrel_2024,El Paso Electric Co,1
88513,5701,nrel_2024,El Paso Electric Co,1
88514,5701,nrel_2024,El Paso Electric Co,1
88515,5701,nrel_2024,El Paso Electric Co,1
88516,5701,nrel_2024,El Paso Electric Co,1
88517,5701,nrel_2024,El Paso Electric Co,1
88518,5701,nrel_2024,El Paso Electric Co,1
88519,5701,nrel_2024,El Paso Electric Co,1
88520,5701,nrel_2024,El Paso Electric Co,1
88521,5701,nrel_2024,El Paso Electric Co,1
88523,5701,nrel_2024,El Paso Electric Co,1
88524,5701,nrel_2024,El Paso Electric Co,1
88525,5701,nrel_2024,El Paso Electric Co,1
88526,5701,nrel_2024,El Paso Electric Co,1
88527,5701,nrel_2024,El Paso Electric Co,1
88528,5701,nrel_2024,El Paso Electric Co,1
88529,5701,nrel_2024,El Paso Electric Co,1
88530,5701,nrel_2024,El Paso Electric Co,1
88531,5701,nrel_2024,El Paso Electric Co,1
88532,5701,nrel_2024,El Paso Electric Co,1
88533,5701,nrel_2024,El Paso Electric Co,1
88534,5701,nrel_2024,El Paso Electric Co,1
88535,5701,nrel_2024,El Paso Electric Co,1
88536,5701,nrel_2024,El Paso Electric Co,1
88538,5701,nrel_2024,El Paso Electric Co,1
88539,5701,nrel_2024,El Paso Electric Co,1
88540,5701,nrel_2024,El Paso Electric Co,1
88541,5701,nrel_2024,El Paso Electric Co,1
88542,5701,nrel_2024,El Paso Electric Co,1
88543,5701,nrel_2024,El Paso Electric Co,1
88544,5701,nrel_2024,El Paso Electric Co,1
88545,5701,nrel_2024,El Paso Electric Co,1
88546,5701,nrel_2024,El Paso Electric Co,1
88547,5701,nrel_2024,El Paso Electric Co,1
88548,5701,nrel_2024,El Paso Electric Co,1
88549,5701,nrel_2024,El Paso Electric Co,1
88550,5701,nrel_2024,El Paso Electric Co,1
88553,5701,nrel_2024,El Paso Electric Co,1
88554,5701,nrel_2024,El Paso Electric Co,1
88555,5701,nrel_2024,El Paso Electric Co,1
88556,5701,nrel_2024,El Paso Electric Co,1
88557,5701,nrel_2024,El Paso Electric Co,1
88558,5701,nrel_2024,El Paso Electric Co,1
88559,5701,nrel_2024,El Paso Electric Co,1
88560,5701,nrel_2024,El Paso Electric Co,1
88561,5701,nrel_2024,El Paso Electric Co,1
88562,5701,nrel_2024,El Paso Electric Co,1
88563,5701,nrel_2024,El Paso Electric Co,1
88565,5701,nrel_2024,El Paso Electric Co,1
88566,5701,nrel_2024,El Paso Electric Co,1
88567,5701,nrel_2024,El Paso Electric Co,1
88568,5701,nrel_2024,El Paso Electric Co,1
88569,5701,nrel_2024,El Paso Electric Co,1
88570,5701,nrel_2024,El Paso Electric Co,1
88571,5701,nrel_2024,El Paso Electric Co,1
88572,5701,nrel_2024,El Paso Electric Co,1
88573,5701,nrel_2024,El Paso Electric Co,1
88574,5701,nrel_2024,El Paso Electric Co,1
88575,5701,nrel_2024,El Paso Electric Co,1
88576,5701,nrel_2024,El Paso Electric Co,1
88577,5701,nrel_2024,El Paso Electric Co,1
88578,5701,nrel_2024,El Paso Electric Co,1
88579,5701,nrel_2024,El Paso Electric Co,1
88580,5701,nrel_2024,El Paso Electric Co,1
88581,5701,nrel_2024,El Paso Electric Co,1
88582,5701,nrel_2024,El Paso Electric Co,1
88583,5701,nrel_2024,El Paso Electric Co,1
88584,5701,nrel_2024,El Paso Electric Co,1
88585,5701,nrel_2024,El Paso Electric Co,1
88586,5701,nrel_2024,El Paso Electric Co,1
88587,5701,nrel_2024,El Paso Electric Co,1
88588,5701,nrel_2024,El Paso Electric Co,1
88589,5701,nrel_2024,El Paso Electric Co,1
88590,5701,nrel_2024,El Paso Electric Co,1
88595,5701,nrel_2024,El Paso Electric Co,1
