{"type":"FeatureCollection","features":[{"type":"Feature","properties":{"kind":"hail","size":1},"geometry":{"type":"MultiPoint","coordinates":[[-105.35,31.25],[-100.9,34.93],[-105.2,31.97],[-99.73,32.45],[-102.8,34.82],[-102.42,32.0],[-101.52,36.23],[-101.45,36.03],[-96.87,29.9],[-96.6,30.97],[-99.25,30.73],[-98.35,33.73],[-95.53,33.73],[-94.13,32.43],[-101.9,31.22],[-99.87,33.53],[-99.5,34.2],[-99.37,34.18],[-99.28,34.15],[-98.83,33.97],[-99.15,31.02],[-100.77,29.77],[-102.0,33.18],[-100.27,36.23],[-101.82,33.4],[-101.38,33.78],[-101.55,33.35],[-101.23,33.98],[-101.12,33.97],[-101.47,32.35],[-101.48,32.08],[-100.47,32.88],[-96.45,32.63],[-96.9,32.65],[-97.35,32.75],[-96.32,33.43],[-97.08,31.58],[-97.15,31.55],[-98.07,29.65],[-99.78,30.92],[-93.67,31.0],[-94.73,31.35],[-94.78,33.55],[-94.48,31.28],[-97.92,31.38],[-98.82,32.75],[-94.32,33.2],[-96.67,31.68],[-94.67,31.6],[-97.08,29.25],[-96.17,31.0],[-96.95,30.68],[-96.87,30.25],[-96.08,30.1],[-95.67,29.67],[-95.53,30.32],[-98.13,29.7],[-98.5,29.42],[-98.48,28.95],[-98.5,29.27],[-97.4,32.15],[-97.33,32.2],[-97.7,31.1],[-96.78,32.77],[-96.78,32.77],[-96.77,32.82],[-96.72,32.95],[-95.47,31.48],[-98.08,29.67],[-97.05,28.02],[-94.9,32.2],[-94.32,32.53],[-93.63,31.0],[-94.47,30.77],[-101.85,33.58],[-101.85,33.58],[-102.97,32.72],[-102.82,32.38],[-102.75,32.42],[-101.22,29.48],[-102.65,32.67],[-100.75,29.8],[-102.42,32.0],[-101.78,33.18],[-102.15,32.3],[-101.72,32.52],[-101.43,32.77],[-102.43,33.53],[-101.12,33.18],[-101.95,31.35],[-101.85,33.58],[-102.02,33.5],[-100.88,32.57],[-102.48,31.4],[-99.8,33.58],[-99.92,33.28],[-101.5,31.87],[-99.78,32.95],[-99.78,32.95],[-98.08,32.57],[-98.25,32.93],[-99.3,33.28],[-98.37,32.55],[-97.18,32.27],[-97.75,32.23],[-100.13,32.88],[-99.18,33.18],[-99.23,32.73],[-97.18,32.27],[-96.1,32.15],[-96.98,31.88],[-97.8,32.22],[-96.67,31.75],[-95.3,31.8],[-96.15,31.37],[-98.67,30.75],[-97.7,30.97],[-98.4,30.28],[-95.53,33.28],[-97.75,33.8],[-97.65,32.88],[-97.32,33.65],[-98.1,31.68],[-97.47,32.85],[-97.35,32.75],[-97.15,33.63],[-97.73,31.13],[-96.92,32.82],[-96.5,32.18],[-95.82,32.85],[-95.5,32.05],[-95.45,32.07],[-95.08,31.97],[-94.33,32.58],[-95.28,33.18],[-94.37,32.53],[-97.73,31.13],[-94.4,33.12],[-102.12,32.05],[-101.38,33.13],[-99.85,32.42],[-99.5,32.57],[-99.63,32.52],[-101.47,33.15],[-98.9,32.75],[-98.45,33.55],[-98.18,32.8],[-97.68,32.97],[-97.3,33.08],[-97.18,33.12],[-97.03,33.12],[-97.37,32.88],[-97.35,32.97],[-97.25,32.93],[-97.1,33.07],[-96.25,33.38],[-96.75,33.02],[-96.62,33.2],[-96.37,33.17],[-98.12,31.7],[-95.27,33.67],[-95.38,33.67],[-95.13,33.62],[-96.12,33.13],[-95.05,33.62],[-101.32,35.35],[-101.48,35.67],[-100.5,35.22],[-99.28,34.03],[-99.27,33.6],[-99.13,34.13],[-98.6,32.17],[-98.42,31.67],[-100.22,30.17],[-100.42,29.17],[-99.22,27.55],[-99.0,27.43],[-98.17,33.22],[-98.97,32.1],[-98.17,33.22],[-101.9,31.47],[-101.95,33.32],[-101.82,33.42],[-98.87,32.53],[-100.98,33.73],[-99.13,31.72],[-100.87,33.73],[-100.88,33.75],[-100.63,31.35],[-100.52,33.82],[-100.45,33.82],[-98.98,31.52],[-100.62,30.75],[-97.92,30.28],[-100.5,28.93],[-100.2,34.57],[-100.3,33.87],[-99.72,33.98],[-98.92,33.47],[-98.77,33.37],[-98.38,33.17],[-98.15,32.95],[-98.15,32.93],[-98.02,32.95],[-98.1,32.82],[-97.3,33.08],[-97.7,32.77],[-97.7,32.77],[-97.45,32.77],[-97.25,32.83],[-96.78,32.77],[-102.33,30.98],[-99.85,31.22],[-99.85,32.38],[-95.68,33.37],[-95.68,33.37],[-94.98,33.17],[-94.6,33.0],[-94.98,33.17],[-94.67,32.67],[-94.57,32.67],[-94.37,32.57],[-94.35,32.2],[-94.35,31.5],[-101.45,36.27],[-100.5,35.72],[-99.78,30.77],[-99.9,30.82],[-100.95,31.15],[-100.52,33.83],[-101.1,33.03],[-101.23,33.3],[-101.23,33.4],[-101.23,33.3],[-99.78,33.0],[-100.92,33.35],[-100.58,33.25],[-100.23,33.15],[-100.97,35.53],[-98.05,33.12],[-98.02,33.2],[-100.82,34.02],[-100.4,34.88],[-99.88,34.35],[-99.72,33.98],[-99.37,34.05],[-102.9,33.13],[-99.05,33.42],[-99.28,34.15],[-98.92,33.45],[-98.85,33.37],[-98.77,33.37],[-101.85,32.92],[-98.92,33.45],[-98.6,33.1],[-98.6,33.03],[-98.75,33.18],[-99.83,31.77],[-99.17,32.13],[-99.45,31.82],[-98.5,32.9],[-99.0,32.82],[-99.63,29.3],[-99.73,29.52],[-101.17,29.97],[-99.47,27.55],[-95.8,29.8],[-95.8,29.77],[-96.08,29.53],[-95.37,29.73],[-94.15,31.7],[-94.15,31.7],[-95.02,30.35],[-98.43,29.37],[-98.45,29.23],[-94.38,29.92],[-93.73,30.1],[-98.22,30.9],[-97.73,31.13],[-97.12,31.12],[-96.9,31.28],[-97.13,31.3],[-96.03,31.47],[-95.93,31.52],[-98.98,29.1],[-98.98,29.08],[-97.88,28.95],[-95.68,33.07],[-95.85,32.2],[-95.45,32.05],[-98.08,30.2],[-95.15,31.88],[-94.88,31.72],[-95.57,31.42],[-94.75,31.6],[-94.8,31.17],[-97.38,31.9],[-98.38,31.25],[-97.48,31.65],[-97.2,31.52],[-97.2,31.47],[-94.98,33.17],[-98.7,30.55],[-96.83,30.1],[-100.5,28.72],[-97.98,32.83],[-99.13,32.03],[-98.82,31.9],[-99.13,31.72],[-98.18,31.48],[-101.57,31.62],[-101.5,31.87],[-102.37,31.88],[-101.8,32.13],[-100.2,31.47],[-98.88,29.35],[-101.78,35.22],[-98.97,32.1],[-101.38,35.67],[-100.85,35.6],[-102.13,32.8],[-101.93,33.72],[-102.68,35.27],[-101.3,32.3],[-101.38,33.13],[-102.1,35.75],[-102.0,35.05],[-102.5,34.73],[-101.9,35.17],[-101.87,35.18],[-101.82,35.15],[-101.85,35.15],[-101.82,35.13],[-102.43,34.78],[-101.72,35.22],[-102.42,34.58],[-101.92,34.98],[-101.55,35.22],[-101.57,35.33],[-101.38,35.38],[-100.83,33.62],[-101.2,35.03],[-99.45,34.02],[-97.9,33.35],[-96.57,33.63],[-97.23,33.65],[-98.45,33.52],[-98.32,34.1],[-98.45,33.57],[-98.42,33.53],[-98.17,33.37],[-98.5,33.9],[-98.57,33.93],[-98.35,33.87],[-97.3,33.07],[-99.77,31.42],[-95.23,33.35],[-99.77,30.63],[-98.52,26.72],[-98.57,26.88],[-97.42,30.57],[-98.57,26.88],[-96.52,30.6],[-98.13,26.93],[-95.42,30.08],[-98.13,26.93],[-98.68,27.3],[-96.53,32.63],[-95.22,32.58],[-97.25,32.93],[-95.37,29.73],[-97.08,32.83],[-96.92,32.82],[-96.92,32.67],[-96.9,32.65],[-96.88,32.53],[-96.63,32.33],[-95.63,31.75],[-95.63,31.75],[-97.35,32.75],[-97.35,32.9],[-97.35,32.75],[-94.82,32.63],[-96.33,31.77],[-97.35,32.75],[-94.73,32.48],[-96.17,31.72],[-95.07,31.68],[-95.17,32.5],[-94.93,32.57],[-95.12,32.15],[-97.58,31.7],[-96.63,32.33],[-96.08,30.38],[-96.48,29.9],[-96.87,29.97],[-98.27,29.57],[-99.1,33.67],[-98.67,33.0],[-98.8,33.78],[-98.6,34.13],[-97.03,31.22],[-96.78,31.22],[-101.83,30.67],[-102.32,34.7],[-102.32,34.7],[-102.17,33.82],[-102.67,33.32],[-102.58,33.27],[-102.52,36.43],[-103.0,36.38],[-100.8,36.3],[-100.72,36.23],[-100.68,36.17],[-100.75,34.7],[-103.48,31.42],[-101.28,35.43],[-101.18,35.43],[-101.18,35.43],[-101.2,35.07],[-101.23,35.03],[-101.08,35.02],[-101.68,33.93],[-98.77,33.37],[-94.72,31.57],[-98.22,30.75],[-99.33,31.13],[-97.08,29.25],[-100.15,33.08],[-100.12,33.05],[-95.38,29.93],[-96.08,29.53],[-99.83,32.62],[-98.85,33.4],[-96.35,33.43],[-97.8,32.75],[-99.67,32.32],[-98.07,33.03],[-97.87,33.07],[-100.68,31.27],[-97.25,33.25],[-96.98,33.27],[-100.13,32.88],[-98.6,33.1],[-99.17,32.13],[-98.98,31.85],[-98.2,33.75],[-98.73,31.95],[-98.22,33.6],[-98.07,33.08],[-96.18,33.58],[-100.9,29.37],[-96.85,32.4],[-96.85,32.33],[-96.67,32.43],[-96.12,33.13],[-98.5,29.42],[-100.88,35.9],[-99.75,29.53],[-98.08,27.75],[-102.28,30.88],[-97.87,27.52],[-97.8,28.62],[-97.38,28.67],[-97.38,28.67],[-97.38,28.67],[-97.23,28.7],[-98.5,29.42],[-94.53,30.87],[-100.9,34.93],[-101.17,29.68],[-100.9,29.37],[-100.22,30.02],[-101.47,33.18],[-98.77,33.37],[-95.47,31.38],[-96.23,30.02],[-96.77,32.82],[-95.87,32.53],[-95.48,32.67],[-100.48,31.8],[-101.7,36.5],[-101.58,36.02],[-98.4,31.85],[-98.47,31.82],[-98.18,31.75],[-97.83,31.77],[-98.23,33.97],[-98.67,31.55],[-97.85,32.98],[-97.68,32.97],[-97.35,32.97],[-97.03,33.07],[-97.5,32.02],[-96.67,32.53],[-99.92,29.73],[-98.47,29.73],[-94.33,32.58],[-95.7,29.97],[-102.98,36.37],[-101.27,35.67],[-101.38,33.28],[-98.25,32.93],[-97.8,32.62],[-98.0,32.77],[-98.25,32.93],[-100.38,32.75],[-99.82,32.28],[-98.4,29.87],[-98.13,29.7],[-99.33,31.73],[-102.25,35.53],[-101.97,35.63],[-100.38,35.9],[-99.95,31.75],[-98.62,31.9],[-102.38,30.88],[-100.6,32.78],[-100.13,32.88],[-100.47,32.85],[-99.8,33.42],[-99.78,32.95],[-99.75,29.87],[-94.38,29.82],[-95.37,29.73],[-100.27,31.37],[-100.28,31.33],[-97.0,30.42],[-96.93,30.3],[-102.43,33.63],[-102.47,33.58],[-102.37,33.53],[-102.2,33.3],[-101.18,31.13],[-101.85,33.58],[-101.85,33.58],[-100.97,34.98],[-101.82,33.67],[-101.85,33.58],[-102.02,33.4],[-101.85,33.58],[-101.85,33.58],[-102.43,33.05],[-102.28,33.18],[-101.85,33.58],[-100.88,34.67],[-102.3,34.38],[-102.32,34.55],[-100.22,34.85],[-99.82,34.32],[-99.43,31.83],[-98.83,32.27],[-97.57,33.53],[-98.42,32.5],[-97.15,33.63],[-97.77,33.22],[-99.9,30.33],[-99.9,30.33],[-98.5,29.42],[-101.47,35.35],[-101.38,35.25],[-102.13,33.58],[-101.13,36.25],[-102.42,35.88],[-101.7,36.5],[-101.43,35.12],[-100.97,35.53],[-100.43,35.58],[-102.55,32.52],[-102.65,32.52],[-95.37,29.73],[-102.58,32.45],[-102.28,33.82],[-102.18,33.8],[-103.0,32.83],[-102.3,33.65],[-102.62,33.52],[-103.08,31.65],[-102.9,31.62],[-101.93,33.68],[-101.77,33.48],[-101.85,33.83],[-101.7,33.47],[-102.02,33.72],[-102.38,33.57],[-102.37,33.58],[-102.38,33.85],[-102.32,33.92],[-102.25,35.53],[-101.6,35.63],[-102.87,34.63],[-102.2,35.2],[-100.07,34.38],[-100.82,35.85],[-98.3,33.63],[-97.92,31.2],[-97.82,30.98],[-97.72,30.98],[-97.55,31.63],[-99.15,27.05],[-98.85,27.42],[-93.92,30.65],[-93.73,30.8],[-98.08,27.65],[-98.0,31.08],[-97.15,29.58],[-101.05,33.9],[-101.03,33.67],[-100.97,33.58],[-101.07,33.6],[-101.07,33.4],[-101.02,33.62],[-101.12,33.18],[-101.53,35.83],[-101.65,35.75],[-101.48,35.8],[-101.65,35.75],[-101.6,35.68],[-100.63,31.55],[-101.53,35.57],[-99.57,33.63],[-100.27,36.23],[-100.38,35.9],[-100.28,35.58],[-100.1,35.45],[-102.08,36.42],[-102.15,36.42],[-101.75,34.42],[-101.77,34.47],[-101.38,33.18],[-101.63,35.15],[-100.22,34.85],[-99.72,32.87],[-99.73,32.45],[-98.35,33.73],[-98.47,33.65],[-99.75,32.13],[-98.45,33.57],[-98.45,33.57],[-99.62,33.45],[-102.17,33.82],[-101.98,33.68],[-101.85,33.58],[-101.85,33.58],[-101.85,33.58],[-98.82,33.7],[-101.85,33.58],[-98.92,33.45],[-101.6,33.17],[-97.38,33.65],[-98.58,33.35],[-102.37,31.85],[-100.25,35.22],[-100.73,34.55],[-101.85,33.58],[-101.53,33.33],[-101.8,34.53],[-101.95,34.53],[-102.65,33.83],[-102.62,33.6],[-102.57,33.82],[-102.43,33.05],[-102.32,33.15],[-102.57,33.82],[-102.28,33.18],[-102.63,33.83],[-102.33,33.92],[-102.33,33.9],[-102.77,33.72],[-102.2,33.28],[-102.57,33.82],[-101.17,29.68],[-97.72,31.47],[-97.13,33.08],[-97.13,31.38],[-96.63,28.62],[-96.42,28.45],[-98.42,32.67],[-97.85,31.13],[-98.58,31.07],[-97.2,32.05],[-97.47,31.07],[-98.65,30.75],[-97.18,32.27],[-98.88,29.05],[-98.82,29.03],[-98.67,30.75],[-96.95,32.58],[-96.97,33.15],[-97.13,33.08],[-96.73,33.02],[-96.55,33.75],[-96.68,33.1],[-95.52,33.8],[-94.68,33.23],[-94.48,32.75],[-99.57,31.28],[-100.63,35.7],[-98.37,33.43],[-98.9,32.7],[-97.55,33.78],[-98.08,33.15],[-98.82,32.4],[-99.47,27.55],[-97.25,33.27],[-97.8,32.68],[-98.02,32.75],[-97.45,32.77],[-97.35,32.75],[-101.82,35.2],[-101.82,35.2],[-101.82,35.2],[-102.4,35.08],[-102.4,35.1],[-102.53,35.07],[-100.63,36.27],[-101.45,36.0],[-97.15,33.22],[-95.97,33.42],[-98.33,32.08],[-101.47,31.2],[-101.82,33.67],[-94.75,33.03],[-101.87,35.85],[-95.57,30.35],[-95.37,29.73],[-96.57,32.9],[-101.85,33.58],[-100.27,35.37],[-100.1,35.6],[-100.65,33.3],[-100.88,34.4],[-101.05,34.37],[-100.92,34.27],[-100.95,34.02],[-100.98,34.02],[-101.33,33.98],[-100.23,35.45],[-100.15,35.22],[-100.1,35.22],[-97.87,27.52],[-97.42,27.78],[-97.42,27.78],[-102.22,34.0],[-96.48,31.4],[-95.47,33.65],[-95.47,33.65],[-95.53,33.65],[-100.63,34.72],[-100.92,35.07],[-100.9,35.03],[-101.45,35.75],[-101.48,35.73],[-101.58,35.07],[-101.82,35.2],[-101.82,35.27],[-102.15,34.03],[-98.93,31.98],[-102.08,32.0],[-102.08,32.0],[-102.08,32.0],[-101.57,35.37],[-101.57,35.33],[-100.43,34.55],[-102.77,33.72],[-100.2,34.42],[-100.38,35.93],[-100.38,35.9],[-100.25,33.62],[-100.32,36.43],[-99.43,32.4],[-101.97,33.5],[-102.02,33.47],[-97.4,33.65],[-97.42,33.62],[-98.67,33.48],[-98.5,33.9],[-98.32,32.77],[-99.43,31.83],[-106.53,31.87],[-102.87,31.03],[-102.9,31.47],[-100.47,32.85],[-102.75,30.78],[-103.0,32.72],[-102.83,31.23],[-103.12,30.88],[-102.78,30.88],[-103.07,32.38],[-102.85,33.02],[-102.65,32.58],[-102.2,34.97],[-102.65,33.83],[-102.05,35.08],[-101.98,35.03],[-102.0,35.05],[-102.03,35.2],[-101.98,35.07],[-102.53,34.07],[-101.82,35.1],[-101.82,35.1],[-101.87,35.17],[-101.88,35.15],[-101.82,35.15],[-101.82,35.13],[-101.72,35.22],[-102.85,32.72],[-98.82,32.4],[-103.58,31.15],[-98.03,30.43],[-97.85,30.58],[-97.6,28.17],[-96.57,30.38],[-97.65,31.98],[-95.07,31.65],[-94.93,31.48],[-94.67,31.57],[-97.15,32.22],[-97.73,31.13],[-97.92,31.13],[-98.13,29.7],[-97.58,31.78],[-97.22,31.85],[-96.17,31.72],[-96.2,32.85],[-95.63,31.75],[-95.98,31.25],[-95.2,31.9],[-96.98,28.8],[-94.8,32.15],[-95.37,29.73],[-95.37,29.73],[-98.05,33.55],[-99.53,30.77],[-97.15,33.57],[-97.13,32.0],[-97.33,31.97],[-96.72,33.02],[-97.73,31.13],[-97.45,31.53],[-98.02,29.9],[-96.63,31.53],[-97.2,30.68],[-98.52,31.67],[-98.42,31.67],[-98.32,31.68],[-97.87,31.98],[-95.5,29.93],[-101.18,31.13],[-99.77,30.48],[-100.82,31.27],[-100.47,31.43],[-101.55,30.18],[-99.77,30.48],[-100.78,29.37],[-99.53,31.13],[-99.8,29.22],[-97.92,31.13],[-94.8,31.02],[-94.67,31.57],[-94.33,31.68],[-101.73,31.87],[-100.53,32.43],[-98.1,32.95],[-98.97,32.38],[-97.77,33.15],[-98.38,32.53],[-98.42,32.5],[-97.35,32.75],[-102.65,32.72],[-96.78,31.22],[-100.15,31.97],[-98.62,31.85],[-98.17,31.92],[-98.28,32.08],[-95.58,31.62],[-95.98,30.48],[-97.75,32.07],[-99.3,32.73],[-95.3,32.35],[-94.73,32.48],[-96.65,28.98],[-95.8,29.55],[-94.52,32.75],[-97.4,32.35],[-95.72,29.63],[-95.68,29.7],[-94.85,31.75],[-94.88,31.67],[-95.6,29.72],[-96.35,29.15],[-97.32,32.58],[-97.32,32.53],[-94.85,31.8],[-97.13,32.57],[-97.12,32.7],[-94.8,31.18],[-94.67,31.63],[-95.62,29.35],[-95.42,29.53],[-95.23,29.55],[-94.92,32.05],[-100.27,36.23],[-101.48,35.73],[-101.38,35.67],[-100.43,31.47],[-100.12,31.4],[-102.07,35.23],[-101.9,35.2],[-101.82,35.2],[-101.83,34.98],[-101.62,34.83],[-98.57,34.1],[-98.23,34.03],[-98.22,34.05],[-98.5,33.9],[-102.58,33.13],[-102.63,33.18],[-101.83,34.07],[-102.65,32.72],[-97.65,31.92],[-98.48,28.95],[-99.13,33.72],[-97.38,32.33],[-97.4,32.23],[-98.58,33.87],[-97.08,32.83],[-98.5,33.9],[-98.4,29.5],[-97.05,32.9],[-97.03,32.9],[-97.75,32.07],[-97.75,32.07],[-96.85,32.82],[-96.78,32.77],[-98.5,29.57],[-98.27,29.57],[-98.47,29.67],[-96.98,32.43],[-97.15,33.63],[-97.58,31.78],[-97.75,32.07],[-95.95,33.15],[-100.22,34.85],[-100.9,34.87],[-101.73,31.87],[-102.23,32.32],[-101.92,32.97],[-101.78,33.18],[-102.75,32.53],[-99.45,32.73],[-103.93,29.45],[-102.28,31.02],[-98.9,32.9],[-99.17,32.57],[-99.17,32.55],[-97.52,32.62],[-97.45,32.68],[-97.22,33.63],[-103.9,31.82],[-103.88,31.7],[-99.87,33.32],[-101.2,30.7],[-99.6,33.17],[-100.57,31.9],[-100.43,31.47],[-99.43,31.83],[-100.1,30.88],[-98.6,33.6],[-98.45,33.6],[-97.97,31.48],[-96.5,31.68],[-98.5,29.42],[-94.07,30.35],[-94.4,30.13],[-95.58,29.05],[-95.07,29.1],[-96.55,31.45],[-94.42,33.45],[-97.8,32.77],[-101.67,33.87],[-101.5,33.98],[-101.33,33.98],[-102.53,33.73],[-102.77,34.22],[-102.78,34.22],[-102.62,34.38],[-102.07,35.18],[-101.6,35.63],[-101.48,35.73],[-101.45,35.82],[-102.0,36.05],[-102.0,36.05],[-101.47,35.67],[-100.38,35.75],[-100.32,36.43],[-100.32,36.43],[-101.57,35.4],[-101.57,35.6],[-101.57,35.6],[-100.13,36.43],[-101.2,36.17],[-101.45,35.82],[-100.38,35.87],[-100.27,36.23],[-100.67,33.75],[-100.3,34.23],[-100.2,34.42],[-100.67,33.62],[-100.4,32.47],[-100.4,32.47],[-99.8,33.75],[-100.35,32.65],[-99.68,33.73],[-99.68,33.73],[-100.25,34.05],[-99.73,34.32],[-100.02,32.42],[-99.73,34.37],[-99.48,32.4],[-99.6,32.4],[-99.83,31.77],[-100.22,34.08],[-99.23,32.93],[-99.12,32.68],[-98.75,31.68],[-98.57,31.45],[-103.5,29.37],[-101.6,35.63],[-100.53,32.43],[-100.53,32.27],[-101.13,32.63],[-97.8,32.45],[-101.82,34.43],[-101.85,33.9],[-102.02,33.5],[-101.82,34.43],[-101.37,34.83],[-101.58,33.88],[-102.08,32.0],[-101.58,35.18],[-101.57,35.2],[-101.47,32.08],[-99.95,31.85],[-101.25,33.67],[-101.6,33.87],[-101.73,35.13],[-101.67,34.9],[-101.33,33.87],[-99.52,31.28],[-101.33,33.82],[-99.22,31.28],[-98.73,31.2],[-100.7,34.67],[-100.62,31.02],[-97.67,30.63],[-102.83,33.18],[-102.55,32.93],[-102.23,32.98],[-102.07,32.55],[-97.65,29.68],[-96.97,28.82],[-101.92,33.32],[-97.67,27.95],[-101.92,33.32],[-101.85,33.58],[-101.85,33.58],[-101.85,33.58],[-101.58,33.48],[-98.87,26.58],[-98.85,26.42],[-95.37,29.73],[-94.25,31.93],[-100.63,31.78],[-100.43,31.47],[-100.43,31.47],[-100.43,31.47],[-100.43,31.47],[-100.43,31.47],[-100.18,31.35],[-100.9,32.8],[-101.2,32.6],[-101.13,32.63],[-101.0,32.58],[-101.33,33.98],[-100.25,32.27],[-98.82,32.4],[-95.88,32.92],[-102.03,35.85],[-101.73,36.02],[-102.1,35.02],[-103.03,32.72],[-102.88,33.18],[-101.92,35.03],[-101.92,35.03],[-102.38,33.58],[-101.2,36.2],[-101.58,34.78],[-101.0,34.85],[-100.53,34.72],[-101.93,31.72],[-102.22,31.72],[-101.93,32.0],[-100.72,32.42],[-100.13,32.48],[-100.13,32.32],[-99.73,32.45],[-100.32,32.4],[-98.9,32.75],[-99.43,31.83],[-98.37,32.55],[-98.1,32.73],[-97.6,32.65],[-97.47,32.63],[-98.37,32.25],[-97.35,32.75],[-97.75,32.23],[-98.2,32.15],[-97.38,32.47],[-101.18,35.43],[-102.77,33.72],[-101.62,34.83],[-101.78,35.1],[-102.47,33.27],[-102.38,33.18],[-102.28,33.18],[-101.93,33.02],[-102.13,32.92],[-103.13,31.53],[-101.83,33.02],[-102.87,31.03],[-99.78,32.95],[-99.75,33.17],[-101.97,35.85],[-101.48,35.73],[-100.92,33.62],[-100.83,33.62],[-101.45,35.77],[-101.82,35.48],[-101.82,35.35],[-103.88,30.58],[-104.8,31.6],[-97.68,30.5],[-98.03,30.43],[-102.92,33.87],[-102.05,33.6],[-101.83,33.73],[-102.05,33.6],[-101.85,33.83],[-101.6,33.87],[-101.33,33.93],[-101.52,33.97],[-101.08,33.98],[-102.03,33.17],[-102.4,34.77],[-101.62,33.67],[-101.95,33.58],[-101.25,33.67],[-100.98,33.73],[-98.23,34.03],[-94.67,31.6],[-102.07,36.38],[-101.88,36.27],[-106.07,31.92],[-101.82,35.2],[-103.0,31.17],[-101.37,32.12],[-99.18,33.25],[-98.37,34.0],[-98.65,33.6],[-98.2,33.82],[-101.5,32.05],[-98.2,33.77],[-102.03,32.03],[-99.83,32.45],[-99.28,34.32],[-98.62,31.9],[-95.37,29.73],[-101.38,35.67],[-101.42,35.98],[-94.82,31.0],[-102.08,35.47],[-95.37,29.73],[-101.97,35.85],[-102.37,31.88],[-102.78,34.22],[-94.1,30.23],[-102.28,33.12],[-102.18,33.88],[-101.33,34.1],[-101.27,33.98],[-102.23,31.88],[-101.9,32.97],[-95.98,32.3],[-95.23,29.78],[-98.33,29.25],[-95.07,30.35],[-94.78,31.02],[-100.42,29.32],[-96.1,29.32],[-96.1,29.32],[-101.58,31.58],[-101.5,31.87],[-101.55,32.18],[-97.8,32.77],[-97.25,31.55],[-97.42,31.43],[-97.67,31.13],[-98.82,30.08],[-96.63,32.33],[-94.88,33.47],[-97.43,30.78],[-95.4,32.43],[-96.37,30.68],[-96.37,30.67],[-97.05,28.02],[-100.27,35.45],[-100.98,34.18],[-100.2,34.38],[-100.8,33.75],[-99.65,33.52],[-99.13,33.6],[-98.9,33.6],[-97.92,33.67],[-98.5,33.9],[-98.5,33.9],[-101.55,33.35],[-100.9,33.62],[-101.85,33.58],[-101.87,33.45],[-100.83,33.58],[-102.65,32.65],[-100.3,34.02],[-99.83,34.32],[-99.73,34.32],[-100.85,33.9],[-99.73,34.32],[-99.68,34.32],[-100.3,34.02],[-100.67,33.35],[-99.83,34.32],[-99.47,27.47],[-94.15,30.08],[-97.4,31.15],[-102.52,36.07],[-100.4,34.88],[-100.47,32.85],[-100.33,33.62],[-100.3,31.88],[-100.2,31.83],[-99.88,32.42],[-99.65,32.45],[-101.2,30.38],[-98.2,32.23],[-94.07,32.53],[-98.5,33.9],[-97.75,32.23],[-98.5,33.9],[-96.85,32.48],[-97.07,29.82],[-96.15,29.78],[-95.37,29.73],[-95.8,29.8],[-95.37,29.73],[-103.25,30.2],[-102.22,32.72],[-101.95,32.85],[-102.35,32.48],[-101.88,35.25],[-101.85,35.23],[-101.97,35.78],[-101.25,33.6],[-100.65,34.72],[-100.53,34.72],[-100.73,33.38],[-100.93,31.78],[-100.32,32.08],[-100.22,33.15],[-99.75,33.17],[-98.75,32.95],[-98.92,33.97],[-99.23,33.63],[-98.67,33.95],[-98.9,33.73],[-98.82,33.73],[-98.63,33.68],[-98.63,33.62],[-98.63,33.6],[-97.48,33.0],[-96.78,32.77],[-97.02,33.07],[-97.15,33.12],[-96.12,33.13],[-97.03,33.03],[-96.57,32.98],[-96.22,33.07],[-96.45,32.93],[-96.22,33.07],[-95.32,33.18],[-95.6,33.13],[-95.1,33.33],[-94.98,33.25],[-100.07,34.38],[-95.53,33.65],[-96.72,33.02],[-96.72,33.02],[-95.75,32.87],[-95.28,29.65],[-95.97,29.6],[-95.2,29.62],[-99.62,28.57],[-98.17,26.07],[-103.55,30.42],[-103.43,30.35],[-103.25,30.27],[-97.8,32.45],[-96.4,33.3],[-95.17,33.23],[-95.73,33.55],[-94.98,33.18],[-94.42,33.45],[-94.37,33.4],[-94.13,33.1],[-96.98,32.48],[-96.73,31.93],[-96.32,30.75],[-103.02,36.38],[-101.37,35.12],[-101.3,35.2],[-101.43,35.35],[-101.37,35.12],[-101.18,35.43],[-98.68,32.52],[-99.8,33.58],[-98.37,32.58],[-99.87,33.37],[-99.18,33.18],[-95.28,33.05],[-96.6,30.6],[-95.33,30.73],[-95.53,30.32],[-102.2,35.13],[-101.83,35.2],[-100.9,35.22],[-98.92,34.03],[-101.0,32.58],[-100.92,32.45],[-102.87,30.37],[-102.92,34.22],[-102.92,34.33],[-96.25,32.97],[-96.28,33.02],[-102.53,34.12],[-103.02,34.22],[-103.03,34.0],[-100.92,35.52],[-100.95,35.52],[-95.73,33.55],[-100.93,35.5],[-96.35,33.47],[-102.37,31.85],[-96.22,33.1],[-96.0,32.7],[-96.6,33.2],[-96.78,32.77],[-101.47,32.45],[-97.35,32.75],[-97.23,32.82],[-97.8,32.5],[-97.12,32.7],[-96.95,32.58],[-97.82,32.28],[-98.42,31.67],[-97.35,32.35],[-97.1,32.67],[-97.5,32.07],[-99.18,31.32],[-98.37,31.77],[-98.17,31.88],[-97.48,31.65],[-99.58,31.25],[-99.23,31.22],[-97.73,32.7],[-97.22,32.65],[-97.35,32.75],[-97.23,32.58],[-96.72,32.53],[-98.87,31.23],[-100.43,33.7],[-100.33,33.77],[-100.3,33.97],[-100.3,34.02],[-100.4,34.72],[-96.0,32.7],[-95.08,32.98],[-94.97,32.95],[-94.73,33.03],[-95.23,33.18],[-97.2,33.73],[-94.67,32.8],[-94.42,32.75],[-99.17,32.55],[-99.13,33.72],[-98.82,33.8],[-98.35,33.78],[-101.33,31.67],[-101.98,30.72],[-101.27,34.17],[-99.0,34.18],[-98.48,33.57],[-102.43,30.57],[-99.8,33.42],[-99.8,33.42],[-99.62,33.45],[-100.55,31.75],[-99.27,33.9],[-99.8,33.58],[-99.4,32.23],[-98.38,33.17],[-98.92,33.45],[-98.92,33.57],[-98.83,33.37],[-98.3,32.93],[-98.25,32.93],[-95.0,30.63],[-97.87,31.98],[-97.87,31.98],[-98.5,33.9],[-98.53,32.83],[-97.65,31.92],[-97.85,33.57],[-97.85,33.57],[-101.47,32.23],[-102.32,33.92],[-102.32,33.92],[-101.95,32.73],[-102.43,33.1],[-102.32,34.55],[-102.2,35.2],[-101.9,35.85],[-102.38,33.6],[-102.87,33.72],[-102.97,33.62],[-101.52,35.82],[-96.68,33.1],[-96.72,33.02],[-98.38,33.17],[-97.57,33.62],[-97.3,31.22],[-97.23,31.32],[-102.42,34.8],[-102.77,33.87],[-102.8,33.62],[-102.32,33.92],[-101.33,33.78],[-101.25,33.87],[-101.32,34.22],[-101.25,33.87],[-101.03,34.02],[-100.92,33.9],[-102.52,35.97],[-101.47,32.25],[-102.62,34.38],[-102.4,35.88],[-101.97,35.85],[-102.4,35.1],[-100.4,32.47],[-102.65,32.72],[-100.2,32.78],[-100.43,31.47],[-100.43,31.62],[-101.47,32.18],[-98.53,32.83],[-98.5,33.9],[-98.5,33.9],[-98.5,33.9],[-98.5,33.9],[-98.5,33.9],[-98.5,33.98],[-98.73,29.97],[-99.47,27.98],[-102.15,33.95],[-101.65,33.43],[-101.73,33.43],[-101.67,33.38],[-101.88,33.87],[-102.9,34.77],[-102.8,34.68],[-101.23,32.93],[-102.55,32.87],[-100.43,31.42],[-100.47,31.43],[-102.62,35.0],[-102.4,35.1],[-102.53,33.92],[-100.5,31.42],[-102.63,33.6],[-99.87,31.23],[-102.55,33.45],[-102.32,35.02],[-103.02,33.85],[-101.33,33.98],[-101.22,33.88],[-102.9,33.62],[-102.8,33.5],[-100.97,32.77],[-100.57,31.9],[-102.33,35.17],[-102.2,35.2],[-104.02,30.32],[-102.2,30.05],[-101.42,35.65],[-101.38,35.67],[-102.77,33.77],[-102.87,31.33],[-101.2,36.2],[-101.2,36.2],[-102.68,31.27],[-102.32,34.5],[-96.77,32.82],[-96.77,32.87],[-96.18,32.82],[-96.17,32.72],[-95.28,33.07],[-96.62,33.2],[-97.3,33.08],[-97.25,32.93],[-97.35,32.75],[-96.97,30.85],[-102.87,30.45],[-100.1,35.6],[-95.35,32.2],[-95.22,33.45],[-97.07,33.02],[-97.13,32.85],[-96.55,33.75],[-93.85,30.02],[-97.25,32.93],[-101.67,33.37],[-94.87,32.53],[-98.12,32.67],[-95.5,29.8],[-100.35,35.18],[-100.43,35.15],[-103.98,30.68],[-102.3,35.68],[-102.0,35.68],[-102.38,33.73],[-102.08,32.0],[-101.92,32.0],[-102.18,32.3],[-102.2,32.32],[-102.33,35.67],[-102.7,33.18],[-102.45,36.02],[-102.58,33.18],[-102.48,33.18],[-102.33,35.68],[-102.3,35.68],[-100.82,31.27],[-100.57,31.15],[-105.35,31.18],[-98.08,30.2],[-100.85,32.4],[-101.37,32.3],[-99.63,32.0],[-98.55,32.03],[-97.35,32.75],[-97.02,32.95],[-103.48,31.42],[-102.52,36.05],[-99.62,33.45],[-96.47,32.75],[-102.33,31.83],[-102.2,31.9],[-94.5,30.77],[-95.23,29.62],[-95.42,29.53],[-104.32,30.43],[-105.43,31.18],[-102.23,31.13],[-101.53,33.3],[-101.47,31.87],[-100.38,31.05],[-96.95,29.28],[-96.43,31.92],[-96.33,31.87],[-95.05,33.62],[-94.42,30.77],[-95.48,30.42],[-99.62,28.95],[-98.95,31.75],[-98.62,32.18],[-98.48,28.95],[-97.4,30.88],[-97.2,31.47],[-97.75,28.38],[-97.83,28.1],[-98.48,27.88],[-98.28,27.6],[-98.73,27.28],[-100.2,34.42],[-100.28,34.42],[-95.5,30.42],[-95.35,30.33],[-95.48,30.42],[-97.9,27.8],[-97.67,27.78],[-97.42,27.78],[-104.08,30.42],[-101.2,30.32],[-101.22,30.25],[-100.93,32.33],[-99.3,32.73],[-102.08,32.0],[-102.75,31.92],[-99.33,31.18],[-100.85,32.4],[-101.67,31.57],[-101.92,31.95],[-101.08,33.47],[-101.37,32.12],[-101.9,31.22],[-101.62,31.87],[-101.37,31.87],[-101.48,32.08],[-101.55,30.13],[-96.53,30.35],[-95.37,30.28],[-95.67,29.7],[-99.0,27.43],[-94.8,29.85],[-98.68,27.32],[-96.77,29.13],[-96.2,29.23],[-95.53,29.62],[-97.98,30.47],[-100.98,36.25],[-101.52,35.77],[-102.58,33.18],[-102.43,33.05],[-102.27,33.17],[-101.45,36.0],[-101.18,35.43],[-100.13,36.43],[-100.13,36.43],[-98.02,33.63],[-97.85,33.57],[-97.38,33.65],[-101.9,35.9],[-99.97,33.18],[-100.38,32.65],[-98.78,33.65],[-100.05,32.6],[-99.83,32.62],[-100.43,31.63],[-100.03,35.22],[-100.95,35.53],[-100.73,35.7],[-101.9,35.27],[-100.77,35.8],[-101.63,35.2],[-101.58,35.18],[-101.57,35.2],[-100.13,32.88],[-100.9,29.42],[-100.78,29.37],[-100.9,29.37],[-100.38,34.37],[-99.35,34.1],[-98.42,34.1],[-98.2,34.02],[-98.23,34.0],[-98.9,33.02],[-98.9,32.7],[-98.9,32.75],[-98.6,33.1],[-98.38,33.12],[-98.82,32.4],[-97.9,32.77],[-99.13,32.03],[-98.52,31.67],[-97.35,32.67],[-97.22,32.65],[-97.12,32.73],[-97.2,32.63],[-97.12,32.73],[-98.03,31.98],[-95.97,31.95],[-96.8,32.52],[-94.08,30.02],[-96.0,32.7],[-96.28,32.73],[-97.92,27.12],[-99.07,26.75],[-104.13,29.55],[-104.25,30.12],[-103.88,31.32],[-102.7,32.75],[-102.9,32.72],[-98.32,27.58],[-98.15,27.23],[-99.1,27.45],[-97.5,30.08],[-95.37,29.73],[-97.92,32.77],[-97.53,32.87],[-97.48,32.9],[-97.45,32.83],[-98.57,34.13],[-94.87,32.53],[-94.8,32.48],[-94.6,32.48],[-95.5,31.58],[-95.5,31.92],[-94.57,32.5],[-95.45,31.52],[-95.22,31.53],[-94.8,32.15],[-95.15,31.8],[-95.07,31.65],[-94.07,32.48],[-95.78,31.03],[-94.73,31.35],[-95.27,30.9],[-94.73,31.35],[-95.13,30.82],[-94.12,31.73],[-94.12,31.55],[-102.25,35.53],[-96.97,33.15],[-103.02,30.78],[-101.35,33.18],[-101.65,33.43],[-101.78,33.58],[-102.43,30.58],[-102.13,30.47],[-100.8,32.72],[-102.0,36.03],[-100.7,32.75],[-100.42,33.62],[-99.8,33.58],[-99.45,34.02],[-99.5,34.25],[-99.42,34.35],[-99.9,33.18],[-98.6,33.1],[-99.87,33.32],[-99.75,33.17],[-98.92,34.03],[-99.13,33.78],[-98.92,34.03],[-100.05,33.13],[-98.95,33.9],[-98.55,33.9],[-98.57,34.1],[-98.5,33.98],[-98.5,33.98],[-99.18,33.18],[-99.97,32.47],[-99.85,32.42],[-99.68,32.42],[-99.73,32.45],[-100.12,32.05],[-99.8,32.18],[-97.57,32.73],[-106.08,31.45],[-106.32,31.93],[-103.9,30.58],[-94.05,31.52],[-94.73,31.42],[-100.52,33.83],[-101.2,36.2],[-101.05,36.32],[-100.97,36.28],[-100.8,36.5],[-100.8,36.4],[-100.8,36.4],[-100.1,33.03],[-100.8,32.7],[-99.87,32.45],[-100.67,33.35],[-100.92,33.22],[-100.4,33.13],[-100.13,32.48],[-101.47,31.12],[-101.55,31.0],[-95.62,33.65],[-95.7,33.62],[-95.53,33.65],[-95.88,32.92],[-95.75,32.92],[-94.93,32.73],[-94.58,31.28],[-97.75,30.28],[-97.38,32.22],[-95.15,31.07],[-95.88,30.95],[-95.6,30.78],[-95.85,32.2],[-95.85,32.2],[-95.27,31.95],[-103.3,29.63],[-102.93,29.43],[-102.07,32.73],[-102.1,34.18],[-103.67,30.25],[-103.48,31.42],[-101.02,32.35],[-99.85,33.75],[-100.23,33.15],[-100.47,32.85],[-102.53,31.7],[-102.7,31.63],[-102.42,31.85],[-102.57,30.17],[-102.57,30.15],[-100.73,33.75],[-100.68,33.28],[-100.9,32.72],[-100.67,33.37],[-99.83,32.6],[-99.82,32.62],[-103.03,34.38],[-101.98,35.1],[-103.02,36.38],[-102.73,34.15],[-102.73,34.05],[-101.6,35.63],[-102.2,33.33],[-102.33,33.75],[-101.37,35.12],[-102.32,33.92],[-101.45,35.82],[-101.42,35.7],[-101.45,35.82],[-102.68,35.22],[-103.07,35.82],[-101.05,34.37],[-101.33,34.02],[-101.5,35.73],[-101.48,35.73],[-101.77,35.68],[-101.77,35.68],[-97.02,33.05],[-101.65,32.4],[-101.82,35.42],[-101.88,35.25],[-101.92,35.28],[-101.82,35.2],[-101.82,35.2],[-101.87,34.98],[-101.73,35.97],[-101.68,34.9],[-101.45,35.82],[-102.25,35.42],[-101.6,34.37],[-101.32,34.22],[-100.82,35.43],[-101.08,33.95],[-102.05,32.02],[-99.17,28.67],[-96.68,30.63],[-98.77,31.82],[-98.73,31.8],[-98.37,32.25],[-98.5,33.9],[-98.92,34.03],[-98.47,33.65],[-98.35,33.73],[-97.85,32.87],[-98.52,33.88],[-98.5,33.9],[-98.47,33.65],[-97.97,33.32],[-98.35,33.73],[-98.63,33.72],[-98.63,33.6],[-97.18,33.37],[-98.1,32.8],[-97.35,32.75],[-97.35,32.75],[-96.78,32.77],[-97.32,32.55],[-97.32,32.53],[-97.32,32.53],[-100.95,35.95],[-102.12,34.87],[-101.43,34.12],[-101.25,33.68],[-102.12,34.85],[-101.85,34.73],[-101.92,34.83],[-102.2,34.97],[-101.92,34.83],[-100.5,35.52],[-102.1,34.67],[-102.52,36.43],[-100.22,34.85],[-102.03,36.1],[-98.5,33.9],[-97.8,32.47],[-99.05,33.02],[-98.23,32.23],[-101.6,35.63],[-99.58,32.5],[-102.07,35.18],[-102.37,34.82],[-101.97,35.2],[-102.32,34.72],[-98.98,31.72],[-102.58,34.65],[-102.5,34.55],[-95.93,29.78],[-96.63,32.92],[-95.37,29.73],[-95.37,29.73],[-102.5,33.0],[-98.5,33.9],[-98.5,33.9],[-98.5,33.9],[-95.4,32.27],[-94.73,31.35],[-101.82,35.2],[-101.82,35.2],[-101.82,35.2],[-100.08,35.8],[-100.27,35.45],[-100.5,34.22],[-100.32,34.6],[-100.62,36.25],[-100.82,35.43],[-101.87,32.85],[-100.6,35.33],[-100.6,35.28],[-100.55,35.22],[-102.4,34.82],[-101.17,33.03],[-102.9,33.85],[-102.53,34.07],[-102.87,33.62],[-102.9,33.85],[-96.95,32.13],[-106.27,31.68],[-102.22,31.92],[-102.4,34.82],[-102.4,34.8],[-101.85,35.23],[-101.82,35.25],[-102.32,34.55],[-101.85,35.18],[-101.85,35.18],[-101.82,35.03],[-101.95,35.0],[-101.92,34.82],[-102.67,34.7],[-102.77,33.72],[-100.05,31.65],[-101.35,31.6],[-102.93,31.05],[-102.8,33.57],[-101.47,32.25],[-100.78,33.32],[-102.25,35.53],[-102.68,35.33],[-106.43,31.78],[-102.62,32.32],[-101.12,32.67],[-99.77,30.7],[-101.7,34.2],[-101.65,33.43],[-101.82,35.1],[-101.9,35.13],[-102.98,32.9],[-102.55,34.73],[-102.55,34.77],[-102.5,34.73],[-102.4,34.82],[-101.63,35.2],[-102.77,33.92],[-102.28,31.93],[-101.5,34.18],[-103.53,29.32],[-106.43,31.9],[-106.38,31.95],[-103.65,30.98],[-102.28,33.23],[-101.78,33.18],[-98.5,27.88],[-98.32,27.58],[-98.95,31.27],[-96.03,30.95],[-97.1,28.92],[-96.98,29.05],[-102.87,31.55],[-94.62,33.5],[-94.05,33.43],[-95.3,32.35],[-94.08,33.35],[-94.42,32.57],[-94.0,30.92],[-96.6,32.77],[-96.72,33.02],[-101.85,33.52],[-102.65,32.6],[-95.48,30.42],[-94.67,31.6],[-95.35,30.6],[-95.32,30.55],[-95.3,30.5],[-94.35,31.43],[-100.35,31.4],[-101.97,35.2],[-101.77,35.23],[-99.67,31.52],[-99.62,31.42],[-99.48,33.17],[-99.28,34.15],[-98.73,33.6],[-98.72,33.6],[-98.53,32.83],[-98.5,33.9],[-98.5,33.9],[-96.5,33.03],[-95.7,29.85],[-95.57,29.88],[-95.38,29.65],[-99.53,29.62],[-95.65,29.7],[-94.85,31.8],[-97.87,29.88],[-95.37,29.73],[-97.6,30.57],[-95.37,29.73],[-98.63,29.4],[-97.67,28.0],[-97.15,29.58],[-97.28,28.3],[-95.47,31.38],[-94.85,31.8],[-94.75,31.35],[-94.73,31.35],[-96.42,32.5],[-99.15,30.68],[-98.03,30.43],[-97.92,30.28],[-97.8,30.32],[-97.5,30.3],[-100.48,31.9],[-100.4,30.37],[-99.77,30.48],[-97.23,28.77],[-96.98,28.8],[-97.7,30.48],[-95.22,32.58],[-97.15,31.12],[-94.52,32.3],[-101.57,33.73],[-101.38,33.68],[-103.8,31.73],[-103.6,31.7],[-103.05,31.77],[-100.92,29.37],[-98.87,30.33],[-98.37,29.53],[-95.37,29.73],[-96.92,29.68],[-97.9,32.38],[-97.25,33.37],[-99.1,30.02],[-99.25,29.8],[-99.13,30.05],[-99.18,29.62],[-98.53,29.42],[-98.67,29.57],[-97.63,30.38],[-102.73,34.22],[-102.75,34.38],[-101.82,35.2],[-101.88,35.15],[-102.7,34.38],[-101.82,35.2],[-101.82,35.2],[-104.1,32.13],[-103.7,31.65],[-103.57,31.48],[-102.43,35.3],[-102.1,34.55],[-101.1,34.07],[-101.1,34.07],[-100.82,34.07],[-100.53,36.45],[-100.82,35.43],[-100.82,35.43],[-100.8,35.58],[-100.38,36.4],[-100.25,31.42],[-98.3,32.77],[-99.43,32.05],[-99.47,27.55],[-97.8,32.77],[-97.53,32.45],[-97.33,32.4],[-97.22,32.4],[-97.22,32.4],[-96.67,32.53],[-96.63,32.33],[-96.47,33.42],[-96.23,32.13],[-96.92,33.7],[-96.57,33.63],[-96.58,33.62],[-96.42,33.45],[-96.18,33.53],[-96.08,33.37],[-95.48,33.23],[-96.08,33.37],[-95.6,33.13],[-95.6,33.13],[-95.08,33.0],[-94.98,33.17],[-96.72,33.02],[-96.83,33.15],[-97.28,31.97],[-96.78,32.77],[-96.25,33.38],[-96.72,32.82],[-96.63,32.95],[-96.08,33.37],[-96.33,33.3],[-96.08,33.37],[-96.23,32.13],[-96.02,32.17],[-97.73,30.28],[-97.82,30.22],[-95.33,32.13],[-97.65,30.2],[-94.93,32.15],[-98.28,29.53],[-94.8,32.15],[-94.4,31.9],[-98.12,29.35],[-96.88,28.65],[-102.03,35.18],[-102.83,33.18],[-101.9,34.28],[-100.55,36.2],[-101.2,36.2],[-101.38,34.92],[-100.55,36.2],[-101.18,35.43],[-101.7,34.2],[-102.13,34.18],[-101.75,34.37],[-102.32,34.55],[-101.78,33.18],[-101.3,34.32],[-101.92,34.98],[-101.7,35.2],[-101.92,35.12],[-101.92,35.12],[-101.92,34.98],[-101.9,35.13],[-101.9,35.13],[-101.85,35.17],[-101.65,33.43],[-101.85,35.17],[-101.82,35.17],[-101.82,35.17],[-101.38,35.67],[-101.7,34.2],[-101.23,35.03],[-101.47,33.87],[-101.9,33.73],[-101.33,33.93],[-101.95,33.92],[-100.38,34.02],[-101.05,34.37],[-101.05,34.37],[-99.8,33.58],[-100.42,35.92],[-99.62,33.45],[-99.68,33.32],[-99.18,33.18],[-99.05,33.02],[-98.9,32.92],[-99.7,33.07],[-99.7,33.07],[-99.78,32.95],[-99.73,34.35],[-99.55,34.25],[-100.25,32.27],[-100.12,32.05],[-99.95,31.97],[-99.98,29.73],[-102.4,35.88],[-100.8,36.43],[-98.97,34.07],[-98.92,34.03],[-98.92,34.03],[-98.57,34.07],[-95.7,31.88],[-101.5,31.67],[-98.08,32.92],[-98.88,32.6],[-100.3,31.93],[-99.67,32.62],[-101.47,32.25],[-99.68,32.48],[-102.58,32.45],[-102.65,32.72],[-99.97,32.25],[-103.03,34.38],[-102.87,30.92],[-101.97,35.85],[-103.25,30.2],[-96.52,30.95],[-97.4,31.45],[-96.28,29.58],[-96.67,29.72],[-96.37,29.58],[-97.72,27.58],[-98.27,28.13],[-97.8,27.07],[-97.75,30.22],[-97.42,27.78],[-99.02,26.42],[-102.5,33.45],[-102.15,33.8],[-100.72,32.42],[-100.52,32.27],[-99.95,31.75],[-101.77,35.23],[-101.77,35.2],[-102.1,34.95],[-102.4,34.92],[-102.2,34.92],[-102.12,34.43],[-99.23,34.18],[-100.43,34.02],[-100.43,34.02],[-102.3,34.23],[-99.28,34.15],[-99.28,34.15],[-99.28,34.15],[-99.28,34.15],[-100.97,32.78],[-100.43,31.52],[-100.48,31.9],[-99.73,32.45],[-99.8,32.4],[-100.5,31.37],[-99.58,31.42],[-100.1,30.93],[-105.38,31.18],[-100.4,32.92],[-100.05,31.57],[-97.1,29.25],[-99.78,32.67],[-97.1,28.92],[-99.92,31.52],[-98.18,28.47],[-97.02,28.98],[-98.1,28.52],[-96.98,28.8],[-99.55,32.53],[-98.98,31.72],[-100.62,30.73],[-99.73,32.45],[-96.98,28.88],[-98.17,33.13],[-98.5,33.9],[-99.85,32.28],[-98.2,32.93],[-98.5,33.9],[-98.47,33.65],[-98.5,33.9],[-98.5,33.9],[-100.07,32.12],[-97.53,27.88],[-98.2,32.93],[-94.9,29.4],[-97.67,27.78],[-99.3,30.87],[-97.5,27.77],[-97.42,27.78],[-97.42,27.78],[-99.22,30.73],[-97.42,27.78],[-97.42,27.78],[-97.42,27.78],[-97.42,27.78],[-97.42,27.78],[-97.42,27.78],[-98.83,30.22],[-98.7,30.47],[-98.7,30.4],[-99.07,30.6],[-97.5,32.07],[-101.75,34.37],[-102.07,35.18],[-102.87,30.47],[-101.55,34.78],[-102.07,35.18],[-102.08,35.18],[-102.2,35.2],[-102.17,35.2],[-102.07,35.22],[-102.07,35.22],[-101.88,35.25],[-101.92,34.87],[-102.17,33.73],[-101.45,34.95],[-101.8,35.08],[-101.92,34.98],[-101.07,33.52],[-100.98,33.73],[-98.58,34.1],[-98.32,34.1],[-98.57,34.05],[-98.5,33.98],[-98.5,33.9],[-98.5,33.9],[-98.52,33.27],[-99.78,32.97],[-103.48,31.4],[-103.47,29.45],[-103.2,30.88],[-94.62,33.5],[-102.73,34.22],[-102.43,34.55],[-94.18,31.78],[-101.53,33.68],[-98.92,34.03],[-103.63,31.07],[-104.02,30.32],[-100.05,30.48],[-103.08,31.85],[-103.73,30.98],[-104.02,30.32],[-103.08,31.9],[-104.02,30.63],[-103.73,30.98],[-102.87,30.88],[-97.42,31.43],[-97.2,31.47],[-99.4,32.35],[-99.3,34.15],[-99.28,34.15],[-99.23,32.37],[-98.8,33.78],[-98.92,34.03],[-98.67,33.95],[-98.8,33.8],[-98.5,33.9],[-99.87,33.32],[-97.13,32.83],[-102.0,33.47],[-101.85,33.42],[-101.85,33.48],[-101.08,32.72],[-100.67,33.35],[-101.4,34.12],[-103.67,30.25],[-101.2,33.03],[-101.77,34.53],[-99.8,33.47],[-101.65,32.48],[-102.58,32.88],[-98.65,33.85],[-98.63,33.6],[-95.47,31.48],[-95.47,31.6],[-103.13,31.53],[-103.0,34.63],[-102.8,35.5],[-103.05,33.25],[-102.83,34.22],[-101.35,35.12],[-94.67,31.58],[-103.62,29.17],[-103.78,29.28],[-102.1,33.77],[-102.05,33.75],[-101.9,34.28],[-101.97,34.2],[-101.85,33.73],[-102.9,31.37],[-101.38,35.67],[-101.75,34.37],[-102.87,30.37],[-101.42,35.35],[-101.38,35.67],[-101.7,34.2],[-102.87,31.33],[-101.4,35.35],[-101.77,34.53],[-101.1,35.2],[-101.22,33.88],[-100.83,33.62],[-99.73,34.37],[-95.25,30.0],[-98.23,34.03],[-94.73,32.48],[-96.5,32.37],[-96.63,32.4],[-101.8,32.62],[-95.25,28.95],[-101.55,36.38],[-103.0,34.63],[-103.03,34.38],[-101.55,36.15],[-99.52,33.52],[-96.45,31.9],[-102.4,30.15],[-101.8,32.13],[-95.73,33.55],[-98.6,33.13],[-101.65,31.57],[-101.93,31.7],[-102.0,31.68],[-101.73,31.37],[-101.77,31.33],[-101.9,33.45],[-102.2,35.82],[-102.23,35.83],[-102.33,35.68],[-102.22,35.57],[-97.8,30.8],[-102.63,31.5],[-100.8,33.75],[-101.52,35.82],[-101.38,35.67],[-106.43,31.78],[-101.6,35.63],[-101.57,35.37],[-101.85,33.83],[-101.65,33.43],[-101.73,33.32],[-101.97,33.48],[-102.37,33.58],[-101.97,32.0],[-105.85,31.3],[-102.13,34.02],[-100.32,33.82],[-99.82,34.25],[-99.27,33.6],[-100.25,34.85],[-97.18,33.02],[-98.1,32.62],[-98.77,31.45],[-102.18,34.03],[-101.92,33.33],[-101.82,33.4],[-101.83,34.07],[-100.63,34.83],[-100.48,34.88],[-97.15,33.23],[-96.6,32.77],[-100.98,36.25],[-100.63,35.7],[-100.63,35.7],[-99.87,33.53],[-99.72,33.98],[-99.27,33.6],[-99.27,33.6],[-98.45,33.65],[-98.77,33.37],[-103.42,31.48],[-104.03,30.31],[-102.27,30.87],[-94.41,30.61],[-97.23,33.68],[-97.43,29.95],[-96.72,28.42],[-97.62,32.18],[-97.4,32.15],[-101.35,31.6],[-99.38,30.05],[-95.85,33.08],[-101.37,30.85],[-100.82,30.85],[-100.62,30.92],[-98.52,29.97],[-99.23,28.43],[-97.8,27.58],[-103.02,30.78],[-103.58,31.12],[-103.03,31.75],[-102.57,30.63],[-102.52,30.58],[-97.02,33.75],[-97.23,33.63],[-95.92,33.8],[-96.62,33.5],[-96.35,33.43],[-101.63,32.77],[-101.47,33.18],[-101.08,33.52],[-98.22,33.57],[-95.58,31.62],[-99.67,30.42],[-99.98,30.22],[-97.8,30.25],[-101.52,31.55],[-99.73,32.37],[-99.73,32.35],[-95.88,31.88],[-98.7,30.48],[-95.45,32.03],[-97.45,32.68],[-101.47,32.22],[-101.9,32.37],[-102.5,31.83],[-101.83,32.63],[-99.28,29.63],[-101.47,31.57],[-98.98,29.93],[-98.92,29.97],[-99.9,30.33],[-99.67,30.42],[-99.25,30.22],[-97.92,30.28],[-97.75,30.47],[-97.68,30.5],[-97.62,30.52],[-98.87,30.28],[-97.75,30.33],[-97.6,30.5],[-99.85,31.1],[-97.55,29.88],[-100.9,29.37],[-97.73,31.13],[-97.58,30.73],[-97.23,30.93],[-96.97,30.85],[-95.05,29.47],[-94.93,30.7],[-103.13,31.53],[-100.38,36.02],[-98.32,34.1],[-100.5,31.48],[-96.88,31.75],[-100.43,31.47],[-98.98,31.77],[-97.75,32.23],[-98.62,27.88],[-100.12,31.47],[-99.72,31.52],[-99.47,27.55],[-98.78,28.87],[-98.55,28.35],[-97.45,31.53],[-97.1,31.3],[-98.68,27.32],[-95.63,31.75],[-95.7,31.82],[-101.97,35.85],[-101.97,35.87],[-101.75,35.98],[-102.03,36.03],[-100.45,33.52],[-100.92,32.72],[-101.67,34.73],[-101.55,34.78],[-100.63,30.42],[-100.65,30.55],[-100.1,32.47],[-100.0,32.53],[-99.85,32.7],[-100.22,30.57],[-100.13,32.37],[-99.65,32.82],[-99.83,32.67],[-99.9,30.33],[-100.0,32.1],[-100.15,34.15],[-101.63,31.35],[-100.43,31.47],[-100.37,31.47],[-98.27,30.57],[-98.02,31.22],[-97.32,33.18],[-100.78,29.37],[-96.9,31.77],[-101.38,35.67],[-101.38,35.67],[-101.38,35.67],[-100.85,36.43],[-101.43,30.9],[-100.5,31.1],[-99.52,31.28],[-97.0,31.2],[-95.63,31.75],[-97.45,31.53],[-97.8,32.45],[-97.82,30.5],[-97.62,30.43],[-100.53,34.72],[-100.2,34.42],[-95.53,33.65],[-95.07,33.62],[-96.9,29.28],[-94.12,31.47],[-94.12,31.37],[-97.8,27.58],[-98.08,27.65],[-96.7,28.95],[-97.85,27.42],[-94.6,30.42],[-97.67,27.83],[-96.85,28.7],[-94.48,33.4],[-94.13,33.07],[-94.25,33.02],[-95.48,32.67],[-95.48,32.67],[-94.25,33.35],[-94.1,33.43],[-95.95,33.15],[-95.3,32.35],[-95.42,32.23],[-95.22,32.23],[-94.12,31.52],[-95.3,32.35],[-95.08,31.97],[-95.08,31.97],[-94.9,31.8],[-94.42,30.93],[-96.88,31.75],[-95.93,31.95],[-97.03,31.58],[-95.68,30.38],[-95.45,29.35],[-99.05,30.12],[-99.05,30.13],[-97.73,29.23],[-95.95,28.98],[-97.8,29.13],[-100.6,28.95],[-100.37,29.32],[-97.83,28.83],[-99.23,28.5],[-99.52,28.53],[-100.5,28.78],[-97.63,27.87],[-99.45,27.05],[-106.33,31.77],[-97.58,26.23],[-101.57,35.6],[-101.5,31.87],[-101.38,35.27],[-100.7,34.7],[-101.65,31.57],[-101.65,31.57],[-101.47,33.17],[-100.67,34.87],[-100.67,34.87],[-100.67,34.87],[-100.67,34.85],[-96.92,32.82],[-100.1,35.32],[-101.45,33.23],[-100.67,33.35],[-100.43,31.47],[-100.9,32.72],[-101.55,32.25],[-102.1,35.95],[-102.0,36.03],[-101.43,35.32],[-102.1,34.55],[-106.23,31.58],[-99.38,31.55],[-97.9,32.4],[-98.82,33.37],[-98.5,33.9],[-98.42,33.87],[-98.52,33.57],[-98.35,33.73],[-98.67,33.95],[-98.72,33.85],[-98.5,33.9],[-100.9,34.93],[-101.0,35.52],[-100.92,34.95],[-102.32,31.68],[-100.92,32.4],[-97.82,30.27],[-101.77,31.77],[-100.8,32.3],[-100.1,35.62],[-100.62,34.08],[-94.32,30.37],[-98.62,29.42],[-94.25,30.32],[-100.32,32.13],[-100.42,31.98],[-99.62,28.57],[-99.03,34.13],[-99.05,31.77],[-101.53,33.6],[-100.95,33.4],[-101.85,33.83],[-101.93,33.68],[-101.13,32.98],[-100.9,32.72],[-101.43,32.77],[-100.6,32.73],[-100.52,32.63],[-100.9,32.72],[-101.02,32.35],[-100.85,32.4],[-95.62,30.1],[-95.5,30.07],[-95.42,30.08],[-95.52,30.0],[-100.08,31.5],[-95.57,29.88],[-99.52,31.2],[-99.58,31.2],[-93.85,31.53],[-97.33,32.05],[-97.4,32.15],[-98.7,30.45],[-102.17,33.78],[-99.02,30.4],[-102.02,32.63],[-97.75,30.28],[-97.72,30.33],[-97.68,30.22],[-98.87,32.53],[-101.33,32.03],[-98.5,29.6],[-98.17,31.3],[-97.83,32.97],[-100.85,32.4],[-100.23,33.15],[-99.8,32.22],[-99.75,33.17],[-98.63,29.47],[-100.4,32.47],[-99.98,32.25],[-101.78,32.37],[-99.43,31.83],[-100.38,32.75],[-102.02,32.53],[-102.02,32.63],[-100.4,32.47],[-99.2,32.22],[-98.82,32.33],[-101.42,32.28],[-98.73,32.0],[-97.97,31.48],[-97.1,31.8],[-97.63,31.32],[-97.15,31.55],[-97.63,30.82],[-95.1,29.5],[-97.82,30.23],[-97.63,30.18],[-101.9,31.22],[-101.72,30.4],[-99.2,30.1],[-98.87,30.25],[-100.98,33.73],[-99.68,27.75],[-98.25,31.07],[-101.38,35.35],[-101.38,35.35],[-98.87,29.18],[-100.88,35.38],[-100.93,35.95],[-100.6,35.23],[-99.23,28.62],[-98.6,30.38],[-98.52,30.28],[-101.38,35.35],[-99.73,34.4],[-99.73,34.32],[-99.73,34.32],[-100.45,34.98],[-96.35,33.43],[-99.03,34.08],[-98.5,33.9],[-98.5,33.9],[-98.35,33.87],[-98.2,33.85],[-101.8,35.17],[-101.53,33.67],[-100.53,36.45],[-97.7,26.6],[-101.37,34.75],[-101.42,34.7],[-101.07,35.0],[-100.88,34.08],[-100.73,35.22],[-100.2,34.5],[-100.45,35.22],[-100.3,34.17],[-100.2,34.5],[-100.93,32.68],[-100.05,34.72],[-100.75,33.17],[-100.35,35.05],[-99.28,34.2],[-99.28,34.2],[-99.22,34.27],[-99.27,34.23],[-99.27,34.33],[-99.3,34.33],[-97.68,33.37],[-97.75,33.63],[-99.78,32.42],[-99.93,31.22],[-100.18,36.47],[-99.98,36.43],[-101.57,35.4],[-101.92,35.2],[-102.07,36.42],[-101.38,35.35],[-101.4,36.27],[-100.92,36.3],[-100.85,36.3],[-94.25,33.47],[-100.67,35.13],[-106.15,31.5],[-102.22,31.73],[-96.78,32.77],[-96.92,33.47],[-95.13,30.82],[-95.95,33.58],[-100.25,36.43],[-102.9,33.85],[-101.03,31.75],[-103.08,31.85],[-101.6,35.63],[-100.28,36.35],[-100.35,35.05],[-100.35,35.05],[-102.63,33.18],[-102.62,33.25],[-102.73,33.98],[-102.52,32.93],[-106.33,31.77],[-102.3,34.17],[-101.7,34.28],[-101.83,33.77],[-101.85,33.83],[-98.17,26.3],[-97.75,30.45],[-102.22,33.83],[-101.9,35.27],[-101.96,35.2],[-101.92,35.24],[-101.82,35.2],[-101.79,35.26],[-101.82,35.3],[-102.233,34.622],[-101.742,35.266],[-101.742,35.193],[-100.96,35.62],[-100.697,34.923],[-101.984,31.292],[-102.73,34.83],[-101.82,36.09],[-101.63,36.08],[-101.92,35.28],[-101.93,35.16],[-101.87,35.31],[-101.85,34.715],[-101.97,35.08],[-101.6,35.63],[-101.6,35.63],[-100.845,35.41],[-101.849,33.18],[-94.65,31.61],[-93.67,31.0],[-93.63,31.0],[-94.08,31.53],[-95.1,30.35],[-94.02,30.12],[-100.485,36.23],[-100.27,36.23],[-100.38,35.64],[-101.37,35.12],[-101.37,35.12],[-101.37,35.12],[-101.242,35.2],[-101.38,35.321],[-100.668,35.669],[-100.617,35.69],[-100.9,34.872],[-101.5,31.67],[-100.969,31.894],[-100.48,31.89],[-98.498,30.43],[-95.39,29.77],[-98.55,31.97],[-97.47,31.07],[-99.1,31.82],[-97.862,28.53],[-98.27,27.46],[-97.05,28.04],[-95.879,29.688],[-102.28,33.194],[-101.243,33.98],[-103.3,29.633],[-101.565,36.403],[-102.735,36.244],[-102.876,36.38],[-102.23,31.13],[-102.635,32.32],[-103.259,31.018],[-103.15,31.75],[-102.87,31.33],[-102.37,31.85],[-102.264,31.13],[-98.5,29.565],[-94.33,33.02],[-101.51,34.28],[-101.37,35.12],[-101.37,35.12],[-101.57,35.359],[-100.572,36.216],[-101.38,35.67],[-101.37,35.12],[-101.48,36.07],[-101.468,35.82],[-101.076,34.93],[-101.37,35.12],[-101.93,35.0],[-101.93,35.0],[-100.893,35.165],[-101.782,35.231],[-103.02,33.649],[-102.73,34.206],[-102.98,32.9],[-103.057,32.97],[-101.441,36.19],[-101.82,35.2],[-100.367,35.91],[-100.97,35.544],[-101.6,35.63],[-102.02,33.5],[-101.37,35.12],[-102.5,31.83],[-100.882,35.904],[-101.95,32.73],[-102.022,32.0],[-102.23,31.13],[-96.43,32.02],[-97.966,32.82],[-100.51,31.11],[-100.22,31.34],[-100.09,31.48],[-100.51,31.09],[-99.17,32.13],[-98.68,32.47],[-99.88,32.75],[-98.07,32.78],[-99.905,31.52],[-99.13,31.71],[-98.98,31.72],[-97.42,31.43],[-99.8,29.55],[-95.15,31.771],[-95.174,33.637],[-101.77,34.53],[-102.359,35.25],[-99.62,33.435],[-98.7,33.8],[-98.53,32.83],[-98.5,33.9],[-98.37,34.0],[-98.51,32.75],[-98.02,32.95],[-97.68,32.97],[-97.53,32.9],[-98.62,31.9],[-97.25,32.83],[-97.25,32.916],[-97.07,32.93],[-99.75,29.73],[-98.5,29.42],[-96.6,30.209],[-101.68,33.67],[-101.948,33.498],[-100.75,32.63],[-100.407,32.715],[-97.38,32.46],[-101.96,34.37],[-101.839,34.82],[-101.58,35.18],[-102.4,34.82],[-102.52,36.07],[-102.52,36.07],[-102.52,36.07],[-102.52,36.07],[-102.2,35.137],[-102.52,36.07],[-102.319,34.98],[-102.151,35.34],[-102.12,34.38],[-101.947,34.98],[-101.28,35.268],[-101.258,33.282],[-100.67,33.35],[-100.85,33.509],[-98.67,33.95],[-99.636,32.546],[-98.57,34.1],[-99.4,32.4],[-97.056,32.85],[-96.75,33.45],[-96.58,33.28],[-97.77,32.73],[-98.991,31.711],[-98.53,31.96],[-96.48,32.87],[-96.48,32.87],[-96.48,32.87],[-103.768,29.29],[-103.52,29.13],[-103.88,30.58],[-103.989,30.807],[-103.78,30.93],[-100.289,31.889],[-102.893,30.88],[-101.92,32.0],[-99.618,32.308],[-102.35,31.4],[-97.97,29.512],[-97.47,29.674],[-102.55,32.93],[-94.18,31.679],[-97.364,32.68],[-97.34,32.66],[-96.72,33.02],[-96.72,33.02],[-97.34,32.66],[-97.402,32.75],[-97.08,32.85],[-97.12,32.73],[-98.32,31.47],[-98.346,31.23],[-94.97,33.0],[-95.1,32.623],[-95.184,32.611],[-95.1,32.638],[-95.1,32.58],[-96.5,31.68],[-95.524,29.79],[-95.567,29.78],[-95.587,29.747],[-95.579,29.719],[-95.606,29.733],[-97.703,32.368],[-96.609,30.591],[-104.082,30.652],[-101.292,35.742],[-100.942,35.595],[-100.882,35.904],[-100.8,36.125],[-100.882,35.904],[-100.8,36.096],[-100.53,36.175],[-101.38,35.67],[-101.6,35.731],[-101.38,35.67],[-100.65,36.21],[-101.45,35.907],[-95.424,32.5],[-100.32,36.43],[-100.8,36.458],[-100.32,36.43],[-100.396,36.369],[-101.289,36.128],[-100.94,35.99],[-101.4,36.27],[-100.8,36.4],[-100.32,36.43],[-100.27,36.23],[-96.58,33.42],[-100.05,31.65],[-97.68,31.095],[-97.92,30.67],[-102.323,33.42],[-102.519,35.25],[-102.465,35.25],[-102.43,35.25],[-102.27,33.6],[-102.24,35.06],[-102.2,35.036],[-101.836,36.42],[-97.518,33.53],[-97.07,33.15],[-96.33,32.98],[-95.83,29.458],[-99.54,32.26],[-99.74,32.13],[-99.079,32.472],[-98.99,31.71],[-102.53,34.07],[-102.768,36.153],[-102.735,36.142],[-101.37,34.975],[-101.299,35.12],[-101.49,33.847],[-102.865,33.18],[-101.48,36.113],[-101.48,36.07],[-101.47,36.03],[-100.54,36.21],[-100.56,36.21],[-96.6,30.88],[-102.212,31.92],[-102.301,31.948],[-102.08,31.99],[-101.58,31.329],[-106.482,31.764],[-104.762,31.848],[-104.55,31.88],[-95.3,32.35],[-97.0,30.65],[-98.7,26.32],[-99.83,28.95],[-95.57,29.88],[-95.284,30.15],[-95.2,30.15],[-97.159,33.637],[-100.11,35.1],[-100.988,35.53],[-99.72,33.879],[-100.55,31.62],[-100.75,31.44],[-100.452,31.451],[-102.573,30.624],[-94.42,33.45],[-102.08,32.0],[-106.212,31.657],[-106.296,31.728],[-103.6,31.7],[-97.08,32.83],[-103.575,30.288],[-101.55,30.195],[-100.61,30.85],[-99.18,31.01],[-93.86,30.12],[-99.403,33.62],[-100.02,36.12],[-98.3,32.33],[-98.38,31.23],[-95.7,29.97],[-99.84,32.28],[-101.548,31.333],[-101.362,31.292],[-101.17,31.13],[-100.44,31.53],[-100.45,31.47],[-100.48,31.45],[-99.33,31.13],[-102.66,35.28],[-102.66,35.28],[-102.11,35.45],[-101.82,35.1],[-101.87,35.1],[-101.92,35.12],[-102.25,35.44],[-101.88,35.15],[-102.06,35.19],[-101.678,35.2],[-102.2,35.01],[-101.91,35.27],[-101.67,35.15],[-102.4,34.82],[-102.4,34.82],[-101.38,35.35],[-101.38,35.35],[-100.03,36.12],[-100.6,35.36],[-101.911,33.529],[-99.71,31.78],[-96.63,33.37],[-101.82,35.2],[-101.82,35.2],[-102.24,36.24],[-102.08,35.73],[-101.96,35.2],[-102.01,35.19],[-101.96,35.2],[-102.4,35.89],[-102.43,35.25],[-100.254,34.313],[-99.88,34.113],[-99.73,34.132],[-99.73,34.19],[-99.716,33.417],[-102.66,35.36],[-102.24,35.13],[-99.63,33.03],[-99.8,32.94],[-99.037,32.75],[-102.09,32.3],[-102.11,35.86],[-102.387,33.58],[-102.404,32.718],[-101.92,34.98],[-101.92,34.98],[-101.92,34.98],[-103.03,34.38],[-101.44,35.82],[-100.61,34.88],[-100.66,34.87],[-100.042,34.091],[-100.0,34.32],[-103.88,30.71],[-102.883,31.85],[-100.56,31.42],[-100.45,31.51],[-101.472,31.492],[-102.405,31.68],[-100.732,31.256],[-100.5,31.19],[-99.84,31.22],[-102.41,36.06],[-103.13,31.53],[-97.566,30.961],[-97.47,31.07],[-97.32,30.12],[-102.15,35.09],[-98.72,31.2],[-98.377,30.662],[-94.42,30.82],[-96.98,32.75],[-99.13,26.55],[-103.78,29.28],[-104.337,29.55],[-103.02,36.38],[-103.939,30.631],[-102.55,32.175],[-102.28,33.18],[-96.97,33.15],[-96.97,33.15],[-99.32,31.18],[-101.85,34.687],[-100.69,36.44],[-101.69,34.79],[-101.85,34.73],[-100.96,35.47],[-100.54,35.87],[-101.67,34.95],[-100.96,35.69],[-102.13,34.89],[-101.751,33.45],[-101.55,36.14],[-102.32,33.891],[-100.35,35.99],[-100.1,35.8],[-100.12,35.79],[-102.017,34.0],[-106.426,31.893],[-101.33,33.98],[-102.192,32.3],[-101.878,33.262],[-102.85,31.43],[-102.69,31.52],[-101.893,31.742],[-101.829,30.69],[-95.85,31.83],[-95.73,31.88],[-98.05,32.52],[-98.113,32.627],[-94.65,31.61],[-97.76,33.02],[-97.26,31.43],[-95.41,30.19],[-94.72,33.03],[-97.38,33.65],[-94.35,32.54],[-94.4,30.14],[-97.74,26.61],[-97.44,26.33],[-99.78,32.58],[-99.73,32.52],[-97.45,32.68],[-99.89,33.18],[-96.72,33.15],[-96.708,33.219],[-96.6,33.26],[-95.46,31.32],[-97.296,30.099],[-97.289,30.131],[-98.25,27.77],[-96.87,29.871],[-96.63,32.92],[-95.593,31.62],[-95.07,32.7],[-95.17,32.3],[-94.95,32.73],[-95.266,32.35],[-95.504,31.744],[-95.14,31.99],[-95.49,30.16],[-99.86,32.42],[-99.73,32.45],[-99.73,32.45],[-99.483,29.64],[-99.527,29.584],[-99.55,29.74],[-99.63,33.45],[-101.46,31.192],[-99.3,30.07],[-101.2,30.71],[-101.2,30.71],[-100.77,30.86],[-98.909,32.75],[-100.6,30.86],[-100.6,30.86],[-100.5,31.19],[-100.44,31.44],[-101.48,32.04],[-101.18,31.84],[-100.44,31.33],[-99.7,30.55],[-102.145,32.027],[-95.65,31.9],[-95.15,31.8],[-95.26,31.91],[-94.87,32.39],[-94.76,32.52],[-98.54,28.91],[-94.76,32.52],[-94.58,32.5],[-95.26,33.51],[-94.76,32.52],[-93.85,31.46],[-97.72,32.44],[-97.33,32.53],[-96.98,33.04],[-96.93,33.16],[-98.31,31.22],[-98.29,31.22],[-98.25,31.12],[-97.364,31.97],[-99.13,33.67],[-99.05,33.01],[-98.36,32.82],[-98.07,32.867],[-97.586,27.846],[-97.502,27.586],[-100.24,32.24],[-99.76,32.65],[-99.87,32.28],[-99.83,32.28],[-99.93,31.52],[-99.56,32.14],[-97.7,33.37],[-97.69,33.36],[-97.75,32.52],[-97.58,32.84],[-98.99,31.71],[-97.34,32.75],[-97.33,32.53],[-98.85,31.23],[-97.08,32.85],[-97.71,32.28],[-97.12,32.57],[-96.96,32.58],[-99.59,30.24],[-100.98,29.58],[-96.81,32.52],[-101.15,32.89],[-102.157,32.658],[-102.403,32.72],[-99.94,32.59],[-99.78,32.58],[-102.17,32.7],[-98.35,32.36],[-98.63,32.31],[-101.7,32.48],[-98.37,32.49],[-99.66,32.21],[-98.67,32.4],[-98.54,32.11],[-98.2,32.23],[-98.22,32.22],[-96.72,31.88],[-96.89,31.93],[-97.39,31.63],[-97.204,31.518],[-97.35,31.1],[-94.47,33.35],[-99.37,30.22],[-97.25,30.87],[-99.62,29.95],[-98.58,30.57],[-97.59,30.67],[-99.24,30.08],[-99.12,30.04],[-100.38,29.67],[-97.62,30.44],[-99.32,29.8],[-100.41,29.32],[-100.41,29.32],[-96.9,31.92],[-100.72,31.67],[-100.63,31.6],[-100.37,31.52],[-100.55,31.64],[-101.515,33.293],[-100.55,31.58],[-101.776,31.36],[-100.43,31.47],[-100.63,31.6],[-100.799,32.4],[-100.729,32.298],[-101.05,33.06],[-99.84,31.22],[-99.17,32.55],[-98.871,32.4],[-98.82,32.4],[-98.55,32.163],[-98.29,32.13],[-98.01,30.41],[-94.42,31.16],[-98.49,33.91],[-98.47,33.689],[-98.02,33.731],[-97.23,33.8],[-97.23,33.8],[-97.09,33.03],[-97.09,33.03],[-97.0,33.07],[-96.75,33.05],[-96.67,33.11],[-99.64,29.98],[-95.98,33.12],[-96.1,33.12],[-98.38,30.59],[-97.92,30.64],[-97.69,30.66],[-97.69,30.62],[-97.59,30.67],[-97.85,30.55],[-96.59,30.88],[-96.31,30.72],[-96.78,30.32],[-96.32,30.76],[-96.53,30.35],[-94.76,30.45],[-98.92,34.03],[-98.85,34.09],[-98.56,34.047],[-98.56,34.09],[-98.81,33.86],[-98.758,33.86],[-98.63,33.59],[-98.56,33.91],[-94.29,33.47],[-98.15,31.47],[-97.35,31.32],[-98.79,30.85],[-95.18,32.43],[-95.17,32.49],[-97.0,33.041],[-97.226,32.735],[-96.734,33.041],[-97.12,32.73],[-98.97,32.38],[-96.42,33.08],[-96.3,33.11],[-97.703,32.751],[-97.47,32.67],[-101.77,34.53],[-101.047,32.589],[-101.1,35.2],[-101.1,35.2],[-101.09,35.21],[-101.034,32.833],[-100.83,33.62],[-100.52,33.82],[-99.87,32.59],[-99.66,32.65],[-99.04,32.71],[-97.6,33.23],[-98.758,33.86],[-101.47,32.45],[-101.089,32.72],[-102.445,31.84],[-101.65,33.43],[-102.17,30.89],[-101.48,31.87],[-101.46,31.19],[-99.67,33.28],[-97.86,30.24],[-97.74,30.29],[-97.73,30.29],[-97.74,30.29],[-97.72,30.31],[-97.67,30.31],[-95.805,33.712],[-95.61,33.72],[-94.18,30.34],[-97.0,32.45],[-99.39,31.15],[-99.38,31.18],[-99.33,31.19],[-98.79,33.36],[-100.76,29.75],[-100.104,33.62],[-100.41,29.17],[-102.65,32.7],[-101.617,32.467],[-100.66,31.26],[-100.66,31.32],[-100.63,31.29],[-100.48,31.38],[-100.59,28.9],[-99.93,31.35],[-99.83,28.95],[-99.88,32.34],[-99.38,31.32],[-100.5,28.9],[-98.74,30.76],[-98.44,30.74],[-99.27,26.9],[-99.269,26.91],[-97.82,30.55],[-97.86,30.55],[-97.84,30.52],[-98.138,31.909],[-97.86,30.54],[-97.85,30.55],[-97.67,30.53],[-97.59,30.5],[-97.67,30.5],[-97.4,30.48],[-97.97,30.31],[-97.76,30.31],[-97.75,30.31],[-100.17,35.91],[-100.18,35.31],[-100.24,35.39],[-100.53,36.45],[-100.32,36.43],[-100.38,35.9],[-100.167,36.051],[-100.002,36.12],[-100.27,35.44],[-100.34,32.4],[-98.947,34.144],[-103.0,35.62],[-102.204,35.782],[-101.97,35.85],[-102.02,35.809],[-102.33,35.68],[-101.44,35.84],[-102.07,35.18],[-101.92,35.17],[-101.96,35.2],[-101.93,35.2],[-101.82,35.1],[-101.87,35.3],[-101.82,35.12],[-101.82,35.1],[-100.82,35.69],[-102.06,35.17],[-102.69,31.27],[-100.6,35.15],[-100.4,35.179],[-102.69,31.27],[-100.38,35.23],[-100.53,36.45],[-100.14,35.3],[-100.583,34.798],[-100.67,34.769],[-100.29,35.44],[-100.67,34.87],[-100.633,34.839],[-100.45,34.88],[-100.45,34.981],[-100.22,34.85],[-100.5,35.428],[-100.273,35.9],[-100.17,35.92],[-100.207,35.6],[-102.87,30.446],[-100.1,35.6],[-100.28,35.58],[-100.09,35.62],[-102.489,30.552],[-100.05,35.62],[-102.5,30.58],[-100.11,35.45],[-101.25,33.67],[-100.3,33.89],[-102.89,31.6],[-101.95,32.73],[-105.203,31.931],[-101.562,36.27],[-101.29,36.35],[-95.39,32.47],[-94.18,31.79],[-102.461,34.55],[-102.186,35.227],[-102.33,35.68],[-102.33,35.68],[-103.67,30.37],[-102.802,32.573],[-102.561,32.901],[-101.852,33.461],[-102.28,33.18],[-102.02,33.6],[-101.95,34.18],[-101.15,33.4],[-100.33,33.62],[-101.958,33.475],[-98.38,33.17],[-96.28,33.58],[-96.145,33.58],[-96.062,31.602],[-96.785,31.219],[-98.45,30.85],[-97.86,31.35],[-97.805,31.398],[-97.75,31.43],[-97.27,31.64],[-100.986,32.72],[-102.107,32.13],[-101.18,35.14],[-101.38,35.35],[-100.77,35.74],[-100.754,34.563],[-100.02,36.12],[-100.66,34.94],[-100.69,36.48],[-100.54,36.31],[-100.945,34.22],[-100.945,34.22],[-100.82,34.02],[-102.437,35.68],[-102.43,35.25],[-102.81,34.83],[-102.81,34.787],[-102.835,34.63],[-102.933,34.83],[-102.583,32.313],[-94.73,31.33],[-102.33,35.709],[-95.39,29.77],[-95.66,29.69],[-95.39,29.77],[-95.75,29.73],[-100.82,35.43],[-100.82,35.43],[-100.82,35.43],[-100.73,35.191],[-100.287,34.492],[-100.92,32.71],[-95.6,29.92],[-101.6,35.63],[-101.65,35.29],[-101.6,35.44],[-100.43,34.55],[-101.745,35.261],[-101.643,35.2],[-101.625,35.2],[-95.22,29.59],[-95.46,29.54],[-101.57,35.402],[-101.57,35.402],[-101.67,34.95],[-96.1,29.32],[-102.1,34.747],[-101.92,35.023],[-101.92,34.98],[-101.823,33.633],[-101.92,34.98],[-102.12,34.38],[-101.69,34.83],[-101.489,36.444],[-101.4,36.27],[-101.4,36.27],[-101.387,36.26],[-101.2,36.185],[-101.341,36.034],[-101.38,35.67],[-101.18,35.43],[-101.216,35.43],[-102.07,35.18],[-100.63,35.7],[-102.73,34.63],[-102.28,33.18],[-102.55,32.858],[-97.25,32.93],[-100.3,34.02],[-103.03,30.79],[-102.68,35.371],[-102.639,35.35],[-100.64,35.69],[-100.96,35.51],[-100.63,35.54],[-100.29,35.58],[-100.63,35.57],[-100.5,35.58],[-101.446,34.52],[-100.48,35.6],[-102.99,32.9],[-100.63,35.6],[-101.05,34.645],[-102.297,33.18],[-102.868,32.72],[-101.85,34.73],[-101.82,35.2],[-102.4,34.82],[-100.48,35.6],[-100.92,35.07],[-97.6,29.64],[-100.8,36.4],[-101.678,35.2],[-101.82,35.026],[-101.849,34.98],[-100.68,32.07],[-103.2,29.32],[-102.53,33.729],[-102.338,34.281],[-102.39,34.55],[-100.53,36.45],[-101.45,35.82],[-101.97,35.68],[-102.25,35.443],[-102.68,35.27],[-102.68,35.27],[-102.393,34.833],[-93.74,31.25],[-100.08,35.73],[-100.047,35.6],[-97.58,32.86],[-97.18,33.43],[-97.89,32.77],[-97.79,32.73],[-98.676,31.962],[-98.52,31.67],[-98.44,31.49],[-97.18,33.37],[-99.25,30.37],[-97.995,31.24],[-99.4,30.08],[-99.73,32.36],[-103.031,33.72],[-100.33,33.62],[-99.29,34.15],[-101.5,31.87],[-97.85,33.541],[-99.38,31.17],[-97.85,33.57],[-97.38,33.65],[-98.02,32.35],[-97.843,32.48],[-97.41,32.66],[-98.34,30.43],[-97.367,32.016],[-97.507,31.419],[-98.4,29.88],[-98.59,29.563],[-98.58,29.92],[-98.65,29.43],[-98.584,29.502],[-98.42,29.56],[-98.48,29.64],[-98.66,29.35],[-98.691,29.45],[-98.26,30.09],[-98.634,29.683],[-98.4,29.6],[-98.47,29.5],[-98.418,29.601],[-98.45,29.46],[-98.49,29.53],[-98.49,29.56],[-96.58,33.28],[-95.68,32.12],[-95.3,32.33],[-94.65,31.61],[-95.04,29.43],[-95.47,32.51],[-95.787,31.883],[-95.633,31.896],[-100.13,30.63],[-99.21,30.75],[-98.27,30.58],[-98.17,30.48],[-98.0,30.47],[-97.82,30.55],[-97.81,30.45],[-97.85,30.55],[-97.82,30.51],[-97.77,30.49],[-97.74,30.49],[-99.78,29.22],[-99.13,29.15],[-99.97,29.37],[-98.86,29.19],[-99.09,28.89],[-99.09,28.89],[-98.7,28.86],[-98.5,28.79],[-97.782,28.53],[-98.12,28.33],[-93.78,31.24],[-93.69,31.23],[-97.834,33.779],[-97.73,33.809],[-97.668,33.831],[-97.705,33.8],[-93.658,30.743],[-95.771,30.209],[-95.51,30.42],[-95.401,30.308],[-95.462,30.237],[-95.087,30.346],[-95.27,30.01],[-95.21,29.99],[-95.23,30.1],[-95.19,30.06],[-95.25,30.003],[-94.44,30.52],[-95.123,29.671],[-93.87,30.62],[-94.27,30.15],[-97.697,33.01],[-97.613,33.033],[-97.68,32.97],[-97.373,32.987],[-97.41,32.96],[-97.316,32.934],[-97.23,32.934],[-97.27,32.882],[-97.18,33.02],[-97.083,32.935],[-97.413,32.734],[-97.15,32.89],[-97.7,29.41],[-103.031,32.97],[-103.09,31.85],[-102.856,32.72],[-102.78,32.0],[-102.65,32.72],[-102.34,31.865],[-102.535,31.98],[-102.385,31.882],[-102.363,31.87],[-102.26,31.89],[-97.708,32.751],[-97.68,32.78],[-101.96,32.73],[-101.89,31.84],[-101.48,32.06],[-101.48,32.09],[-101.48,31.87],[-95.704,29.879],[-93.734,30.865],[-98.837,33.832],[-97.68,32.97],[-98.839,33.857],[-98.582,33.854],[-97.59,33.23],[-98.35,33.841],[-98.383,33.803],[-98.19,33.849],[-98.225,33.82],[-98.19,33.82],[-99.278,34.295],[-98.147,33.82],[-97.978,33.817],[-97.967,33.82],[-98.03,33.812],[-97.83,33.757],[-97.73,33.722],[-97.55,33.72],[-97.44,33.67],[-97.38,33.65],[-97.15,33.68],[-97.9,33.64],[-96.96,33.36],[-96.78,33.32],[-96.58,33.28],[-101.762,34.36],[-98.93,33.45],[-102.42,34.02],[-101.906,33.663],[-101.92,34.98],[-101.95,35.0],[-101.92,34.98],[-101.92,35.02],[-101.9,35.02],[-101.96,35.2],[-101.45,32.77],[-101.38,33.18],[-101.211,32.954],[-101.272,32.903],[-101.272,32.903],[-101.429,33.898],[-101.2,33.03],[-102.76,35.03],[-101.38,33.035],[-97.298,31.673],[-102.37,32.02],[-95.98,31.13],[-97.177,31.735],[-97.09,31.8],[-101.68,33.54],[-101.88,32.31],[-101.88,32.31],[-101.6,33.87],[-102.55,32.25],[-101.92,34.98],[-102.398,30.88],[-101.48,32.25],[-102.42,30.89],[-101.31,32.29],[-100.834,29.37],[-100.78,29.37],[-100.73,29.37],[-101.01,32.36],[-98.71,30.98],[-98.83,30.49],[-98.33,30.98],[-98.87,30.26],[-95.451,29.804],[-98.34,27.785],[-100.25,35.22],[-100.25,35.22],[-100.32,35.65],[-99.274,26.952],[-98.87,26.606],[-100.45,35.66],[-100.1,34.81],[-100.6,36.23],[-100.54,36.31],[-100.38,35.91],[-100.04,36.12],[-100.137,33.553],[-100.5,35.34],[-102.18,30.89],[-100.39,35.42],[-99.72,33.908],[-99.658,33.929],[-100.04,36.23],[-102.18,30.79],[-99.767,33.886],[-100.17,35.89],[-100.17,35.89],[-100.17,35.63],[-100.01,36.12],[-100.01,36.12],[-100.11,35.79],[-99.668,33.98],[-100.2,35.5],[-101.81,30.68],[-100.14,35.53],[-100.1,35.61],[-101.59,30.71],[-100.89,32.57],[-100.03,36.01],[-100.01,36.06],[-100.01,36.12],[-101.82,30.69],[-100.64,30.57],[-101.67,31.38],[-102.143,31.858],[-101.419,31.703],[-97.476,29.193],[-99.453,34.279],[-99.97,32.93],[-100.21,32.88],[-102.303,30.888],[-101.9,34.294],[-101.6,35.64],[-101.6,35.64],[-101.78,35.06],[-101.55,30.2],[-101.4,35.54],[-101.38,35.39],[-100.448,34.143],[-101.38,35.35],[-101.13,35.34],[-101.38,35.35],[-101.57,29.82],[-100.96,29.43],[-100.95,29.48],[-100.959,29.421],[-98.49,33.91],[-99.7,34.19],[-97.013,30.108],[-94.72,33.03],[-94.45,32.62],[-103.22,30.25],[-103.15,30.02],[-103.2,30.12],[-101.85,34.73],[-101.92,34.75],[-101.71,34.81],[-101.15,32.61],[-99.51,34.23],[-103.57,30.28],[-102.035,32.658],[-102.208,32.73],[-102.035,32.658],[-102.87,30.619],[-102.89,30.31],[-100.82,35.55],[-100.6,35.23],[-100.28,35.44],[-99.77,30.49],[-98.015,26.163],[-97.98,26.16],[-102.3,30.9],[-100.28,35.91],[-100.28,35.86],[-104.36,29.56],[-100.96,35.95],[-100.96,35.95],[-100.96,35.95],[-99.93,30.02],[-101.37,35.37],[-94.931,30.711],[-101.64,32.08],[-101.5,32.11],[-101.56,32.14],[-101.456,32.16],[-101.65,32.4],[-97.772,32.824],[-97.798,32.784],[-97.796,32.754],[-97.768,32.785],[-101.4,32.57],[-97.6,32.72],[-97.6,32.73],[-97.44,32.75],[-97.61,33.04],[-97.468,32.682],[-97.472,32.702],[-97.46,32.68],[-97.422,32.702],[-97.224,32.73],[-97.59,33.23],[-97.53,32.49],[-97.063,32.743],[-99.32,31.68],[-97.532,33.383],[-101.68,33.67],[-99.939,33.706],[-99.644,33.605],[-99.8,33.664],[-99.647,33.541],[-96.9,33.66],[-99.18,33.267],[-100.01,29.61],[-103.68,30.37],[-99.83,28.69],[-100.47,30.97],[-99.95,31.97],[-98.793,32.472],[-100.27,30.7],[-98.26,29.88],[-101.64,31.55],[-99.86,33.3],[-99.378,33.621],[-99.41,33.61],[-99.86,33.18],[-99.6,33.05],[-96.66,33.22],[-97.46,32.68],[-98.34,32.09],[-97.11,33.19],[-96.58,33.28],[-93.88,30.64],[-97.7,33.01],[-97.44,32.89],[-97.342,32.871],[-98.97,32.1],[-97.94,33.86],[-97.76,33.78],[-97.73,33.78],[-97.73,33.74],[-98.427,32.862],[-99.41,31.32],[-97.73,33.88],[-97.68,33.78],[-99.33,31.14],[-96.67,33.77],[-99.33,31.14],[-96.61,33.59],[-96.34,33.43],[-97.02,33.561],[-96.27,33.58],[-101.55,30.2],[-102.83,33.223],[-101.997,33.457],[-102.045,32.697],[-100.95,32.63],[-102.331,30.88],[-102.027,30.88],[-99.82,33.16],[-99.3,32.73],[-101.32,30.71],[-97.18,33.37],[-97.35,31.1],[-98.23,30.76],[-97.82,30.55],[-97.76,30.49],[-97.83,30.51],[-97.75,30.45],[-97.83,30.52],[-97.74,30.49],[-98.99,31.71],[-98.99,31.56],[-98.89,31.98],[-97.849,33.56],[-98.79,31.18],[-98.03,32.8],[-98.75,31.2],[-98.028,32.848],[-97.918,32.482],[-99.07,30.97],[-97.821,32.467],[-97.843,32.48],[-99.11,30.93],[-99.39,30.88],[-101.94,33.543],[-102.492,31.845],[-100.521,33.62],[-100.54,32.45],[-101.91,35.27],[-101.82,35.29],[-101.86,35.28],[-102.44,31.029],[-101.696,34.215],[-99.89,33.18],[-101.36,35.11],[-99.89,33.18],[-101.77,35.8],[-99.89,33.18],[-101.47,35.54],[-101.38,35.53],[-101.46,36.3],[-101.4,36.44],[-101.33,34.067],[-101.77,35.3],[-101.38,35.94],[-100.3,34.02],[-99.51,34.173],[-99.572,34.209],[-99.29,34.15],[-102.8,30.89],[-101.17,36.18],[-101.19,36.2],[-102.89,30.89],[-102.92,30.89],[-100.56,36.21],[-100.6,34.266],[-100.43,36.23],[-100.381,33.992],[-101.92,35.05],[-101.95,35.11],[-103.29,31.03],[-101.95,35.16],[-103.427,29.527],[-101.82,35.17],[-97.82,32.44],[-97.829,32.432],[-101.38,33.68],[-101.819,33.53],[-101.38,33.368],[-101.946,33.613],[-99.3,32.48],[-102.15,33.42],[-99.19,32.37],[-102.792,34.081],[-99.04,29.34],[-98.552,28.457],[-96.94,29.47],[-96.993,28.796],[-96.977,28.766],[-97.152,28.722],[-98.372,26.234],[-98.32,26.21],[-101.99,35.88],[-101.95,35.87],[-102.847,34.52],[-102.846,34.299],[-102.79,31.92],[-102.11,35.45],[-102.04,35.8],[-101.47,35.54],[-101.47,35.54],[-101.17,35.43],[-101.14,35.43],[-99.528,34.139],[-99.667,33.873],[-101.704,31.87],[-102.46,30.89],[-101.26,32.28],[-100.025,33.515],[-100.58,33.264],[-99.52,33.32],[-99.43,33.51],[-101.482,32.26],[-101.49,32.26],[-100.13,32.88],[-99.83,32.28],[-101.551,31.87],[-101.87,35.16],[-101.85,35.19],[-101.87,35.16],[-101.84,35.16],[-101.87,35.11],[-100.64,35.69],[-94.54,32.54],[-102.07,36.42],[-102.18,36.14],[-102.28,35.25],[-100.275,35.436],[-100.28,35.44],[-100.29,35.44],[-102.15,36.28],[-102.9,36.42],[-102.2,36.2],[-97.805,28.149],[-102.52,36.06],[-102.52,36.06],[-102.18,35.8],[-102.25,35.51],[-102.33,34.82],[-101.38,35.36],[-96.58,32.97],[-96.63,32.91],[-95.47,32.09],[-96.67,28.95],[-96.304,30.627],[-96.331,30.591],[-100.8,36.33],[-101.765,33.32],[-95.91,30.95],[-95.57,29.89],[-101.97,35.79],[-101.96,35.81],[-104.752,31.921],[-101.61,34.84],[-99.02,32.749],[-101.965,34.0],[-102.08,32.0],[-101.21,34.98],[-94.49,31.82],[-95.951,33.15],[-96.218,32.518],[-96.799,32.781],[-96.86,32.6],[-96.86,32.56],[-96.85,32.55],[-101.38,35.35],[-102.14,35.69],[-100.21,35.61],[-102.24,36.33],[-103.02,36.38],[-103.02,36.38],[-96.64,32.13],[-95.36,30.54],[-96.4,30.17],[-94.432,30.78],[-93.97,30.43],[-95.48,31.49],[-98.19,33.806],[-101.03,35.05],[-106.539,31.832],[-106.046,31.926],[-97.8,26.14],[-106.132,31.844],[-97.81,26.18],[-106.434,31.808],[-106.389,31.801],[-106.339,31.771],[-99.0,26.41],[-102.13,31.13],[-97.79,32.483],[-97.6,32.58],[-100.562,35.834],[-101.38,35.67],[-95.72,31.03],[-97.165,33.588],[-99.65,34.05],[-96.082,33.56],[-96.42,32.101],[-96.223,32.122],[-95.4,32.24],[-97.53,30.93],[-97.53,30.96],[-98.73,30.38],[-97.224,31.45],[-98.35,30.54],[-96.979,31.467],[-94.38,30.67],[-100.12,34.86],[-106.398,31.801],[-101.02,34.83],[-102.464,31.168],[-102.28,33.18],[-102.566,32.845],[-101.983,31.225],[-102.43,33.05],[-102.694,32.342],[-102.115,33.315],[-101.687,33.453],[-100.55,31.58],[-98.698,30.567],[-95.75,32.28],[-94.83,32.16],[-95.712,32.909],[-95.582,33.124],[-95.57,32.93],[-95.22,33.11],[-94.98,33.0],[-94.08,33.45],[-94.25,33.35],[-96.28,33.22],[-97.35,31.35],[-96.12,33.13],[-97.08,31.38],[-96.02,33.27],[-95.32,33.52],[-95.06,33.61],[-96.13,32.816],[-96.151,32.339],[-94.98,33.21],[-94.62,33.51],[-96.34,32.11],[-94.98,33.213],[-95.788,31.958],[-95.403,32.35],[-95.615,32.012],[-95.3,32.33],[-95.37,32.33],[-95.3,32.33],[-95.27,32.36],[-94.87,32.4],[-94.71,32.4],[-94.38,32.83],[-94.23,32.43],[-94.11,32.44],[-95.04,32.14],[-95.04,32.14],[-98.66,29.47],[-98.65,29.46],[-98.7,29.49],[-95.493,31.564],[-94.24,31.94],[-94.93,32.27],[-94.58,32.49],[-96.134,32.91],[-95.98,32.618],[-95.95,32.63],[-95.71,32.675],[-95.97,32.05],[-95.737,33.058],[-95.34,33.54],[-99.46,34.26],[-98.56,34.09],[-94.24,32.91],[-94.87,32.39],[-100.64,30.57],[-96.423,30.166],[-98.6,33.1],[-97.85,33.61],[-97.458,32.742],[-97.37,32.87],[-97.3,32.97],[-97.076,32.826],[-97.176,33.232],[-96.92,32.82],[-96.989,32.865],[-95.95,33.15],[-95.1,33.36],[-96.38,32.52],[-97.5,30.16],[-94.6,33.51],[-95.98,32.7],[-94.68,33.2],[-95.75,32.87],[-95.98,32.16],[-95.42,32.5],[-95.793,31.654],[-95.22,32.23],[-94.63,33.0],[-94.95,32.73],[-94.36,33.01],[-94.58,32.5],[-94.37,32.03],[-97.224,33.101],[-100.01,29.67],[-103.67,30.39],[-101.54,35.17],[-100.77,35.36],[-102.994,29.665],[-100.64,35.69],[-100.52,35.95],[-100.54,36.46],[-104.822,31.986],[-106.092,31.451],[-104.22,31.07],[-98.291,26.226],[-102.66,35.36],[-102.66,35.46],[-102.66,35.46],[-100.332,34.48],[-101.19,36.2],[-101.09,35.69],[-100.8,36.39],[-101.619,34.172],[-101.45,32.77],[-101.32,34.191],[-101.133,32.623],[-101.78,33.18],[-101.918,33.18],[-102.5,32.21],[-101.55,33.35],[-100.83,33.62],[-102.22,31.13],[-101.94,31.23],[-97.35,31.1],[-97.277,31.255],[-98.05,30.42],[-96.497,31.03],[-96.038,31.15],[-100.22,29.93],[-98.79,30.85],[-100.5,28.7],[-99.76,29.72],[-100.02,29.53],[-98.2,31.0],[-99.78,29.22],[-97.45,31.53],[-97.25,31.3],[-98.67,29.29],[-98.53,29.4],[-98.47,29.46],[-98.47,29.46],[-98.17,29.51],[-97.92,29.64],[-96.52,30.22],[-95.06,33.61],[-100.22,30.02],[-99.42,29.8],[-99.24,29.81],[-98.54,29.9],[-98.69,29.85],[-96.4,30.22],[-95.48,30.45],[-99.4,32.22],[-99.4,32.22],[-99.51,34.26],[-100.22,35.02],[-100.44,35.56],[-100.64,35.69],[-100.39,35.63],[-102.37,31.85],[-102.08,32.0],[-101.67,32.41],[-99.82,33.42],[-99.63,33.45],[-102.154,31.964],[-102.137,31.972],[-102.62,31.98],[-102.684,31.979],[-102.141,32.016],[-100.33,31.69],[-101.607,32.25],[-102.35,31.53],[-102.655,31.253],[-95.27,32.14],[-102.691,33.103],[-99.315,30.812],[-98.89,30.28],[-98.87,30.27],[-98.85,30.29],[-98.87,30.28],[-98.009,26.442],[-97.4,32.15],[-97.705,32.003],[-101.48,34.79],[-102.095,34.359],[-100.83,33.62],[-99.87,32.7],[-98.62,32.475],[-96.63,32.39],[-96.63,32.39],[-98.377,32.738],[-104.56,31.04],[-97.18,28.91],[-103.67,31.91],[-98.1,30.0],[-98.09,29.99],[-98.232,26.194],[-102.42,35.87],[-102.45,35.89],[-101.97,35.88],[-101.95,35.87],[-101.93,35.89],[-101.63,35.86],[-101.64,35.82],[-103.02,36.06],[-102.95,36.15],[-101.51,35.95],[-102.71,36.18],[-101.63,36.15],[-102.07,36.35],[-100.38,35.91],[-101.97,35.86],[-101.97,35.88],[-100.03,36.11],[-96.53,32.63],[-96.85,32.4],[-94.17,32.48],[-96.7,32.424],[-96.23,32.45],[-96.63,32.33],[-96.42,32.25],[-96.27,32.16],[-96.23,32.1],[-95.84,31.836],[-95.73,31.75],[-96.5,31.68],[-96.18,31.71],[-96.819,31.547],[-97.15,31.51],[-97.2,31.47],[-101.77,34.53],[-101.04,35.15],[-103.02,36.32],[-103.39,30.89],[-103.26,31.018],[-103.02,36.38],[-102.34,30.98],[-101.11,35.2],[-100.91,35.55],[-100.88,35.55],[-101.07,36.39],[-100.64,35.69],[-100.64,35.69],[-100.48,35.83],[-100.628,34.02],[-100.18,36.07],[-100.51,34.02],[-101.3,34.47],[-100.03,36.12],[-100.595,34.698],[-100.89,34.94],[-100.8,36.42],[-100.96,29.57],[-100.91,34.94],[-101.58,35.35],[-100.89,34.94],[-101.4,35.5],[-100.8,34.94],[-101.78,34.98],[-100.9,29.38],[-101.84,35.21],[-100.9,29.38],[-101.82,35.23],[-101.21,35.4],[-101.77,35.22],[-102.845,34.3],[-102.76,34.83],[-103.393,30.949],[-102.76,34.94],[-102.6,35.7],[-102.887,34.547],[-102.99,35.78],[-101.46,35.95],[-105.338,31.175],[-101.69,33.525],[-95.521,29.737],[-93.848,30.174],[-94.032,30.11],[-101.97,35.86],[-100.9,29.41],[-100.91,29.38],[-99.93,29.75],[-99.7,29.86],[-99.89,30.04],[-99.24,30.08],[-99.27,30.9],[-99.7,29.86],[-94.07,33.44],[-94.8,32.16],[-97.45,33.48],[-96.644,33.511],[-102.419,34.632],[-101.38,35.35],[-102.08,32.0],[-102.08,31.99],[-102.11,35.86],[-102.05,35.93],[-102.01,36.04],[-102.0,36.06],[-101.97,35.86],[-101.46,36.22],[-103.5,31.56],[-101.19,36.2],[-102.31,35.89],[-102.31,35.89],[-102.13,35.81],[-102.09,35.86],[-102.07,35.86],[-101.97,35.86],[-101.97,35.86],[-100.8,36.39],[-102.07,36.34],[-101.19,36.14],[-100.33,36.45],[-101.47,36.06],[-102.82,35.64],[-101.19,36.2],[-101.49,36.06],[-100.97,36.06],[-100.97,36.13],[-100.39,36.39],[-100.33,36.4],[-100.95,36.0],[-100.72,36.1],[-102.9,30.88],[-100.65,36.21],[-102.83,30.84],[-102.275,33.05],[-101.78,33.18],[-100.504,33.62],[-101.78,33.18],[-102.903,33.241],[-102.41,33.66],[-101.78,33.18],[-101.671,34.448],[-102.85,31.34],[-102.42,31.85],[-102.89,30.89],[-102.89,30.89],[-103.42,29.49],[-103.67,30.36],[-102.52,36.06],[-102.5,36.05],[-102.3,34.158],[-101.4,35.66],[-101.6,35.64],[-101.4,35.64],[-101.4,35.68],[-101.4,35.66],[-101.4,35.66],[-101.22,36.42],[-101.1,35.22],[-101.12,35.2],[-103.39,31.46],[-101.96,35.69],[-102.85,32.97],[-99.16,31.47],[-100.99,31.84],[-100.57,31.45],[-100.45,31.45],[-99.73,32.45],[-102.2,33.33],[-99.73,32.45],[-99.84,32.414],[-97.683,32.963],[-102.05,32.9],[-101.52,29.99],[-99.77,30.49],[-100.552,33.62],[-98.87,30.27],[-94.78,31.19],[-99.733,34.1],[-98.05,26.15],[-98.15,26.19],[-102.88,32.72],[-102.11,35.45],[-96.446,32.746],[-97.787,33.245],[-102.35,35.97],[-103.9,29.289],[-96.81,32.383],[-101.85,34.73],[-103.9,30.6],[-103.272,29.564],[-101.88,35.15],[-101.92,35.17],[-101.82,35.25],[-101.82,35.23],[-101.94,35.14],[-101.89,35.14],[-101.78,35.06],[-101.69,35.16],[-101.78,35.06],[-102.44,35.1],[-101.67,34.8],[-100.38,34.341],[-101.66,34.75],[-101.55,34.79],[-97.1,31.62],[-97.08,31.58],[-102.423,31.876],[-101.875,33.6],[-101.9,32.68],[-101.43,34.12],[-100.96,35.55],[-100.41,36.35],[-100.25,36.21],[-100.39,35.12],[-99.48,34.031],[-97.33,32.67],[-97.13,32.57],[-97.772,33.89],[-96.665,32.931],[-96.63,32.92],[-96.6,32.47],[-96.65,32.37],[-96.5,32.22],[-102.93,35.73],[-96.953,33.553],[-102.17,33.58],[-101.801,33.871],[-102.81,34.83],[-97.214,31.493],[-101.8,34.98],[-100.21,34.84],[-100.21,34.85],[-100.21,34.85],[-100.465,33.507],[-101.429,33.221],[-102.14,32.022],[-100.18,31.34],[-100.08,31.57],[-97.561,33.198],[-95.41,32.51],[-94.96,32.73],[-95.61,31.77],[-95.671,31.666],[-97.75,27.67],[-97.15,27.9],[-101.787,33.193],[-100.52,33.849],[-96.88,33.68],[-96.67,32.53],[-100.28,32.06],[-102.42,32.0],[-99.93,31.89],[-101.43,34.062],[-101.7,34.185],[-101.85,33.83],[-101.15,32.82],[-98.23,30.36],[-99.02,30.23],[-98.79,30.09],[-97.08,31.24],[-96.76,31.188],[-98.79,30.09],[-96.606,31.115],[-98.96,30.27],[-99.0,30.23],[-98.99,30.17],[-100.49,28.71],[-100.49,28.75],[-100.78,29.36],[-100.42,28.63],[-93.75,30.138],[-96.18,33.64],[-96.18,33.64],[-95.627,33.706],[-95.5,33.53],[-95.47,33.32],[-95.21,33.47],[-99.04,32.1],[-99.43,31.83],[-99.43,31.83],[-98.578,33.872],[-100.62,30.88],[-99.43,31.83],[-97.72,33.67],[-100.32,30.57],[-98.94,31.34],[-97.07,33.15],[-96.92,33.19],[-96.851,33.204],[-96.178,33.577],[-96.569,32.908],[-97.63,30.55],[-97.15,33.63],[-96.92,33.65],[-97.32,33.63],[-96.67,33.75],[-97.23,33.65],[-96.67,33.85],[-97.2,33.59],[-97.3,33.5],[-96.55,33.75],[-97.17,33.45],[-97.3,33.08],[-97.218,33.004],[-97.225,32.998],[-97.13,32.98],[-97.071,33.036],[-97.0,33.07],[-97.317,32.973],[-97.007,33.043],[-96.72,33.02],[-96.79,33.02],[-96.881,33.082],[-96.72,33.02],[-96.68,33.1],[-96.9,32.93],[-96.72,32.95],[-97.27,32.18],[-96.45,32.93],[-97.15,33.22],[-96.67,33.72],[-97.049,33.029],[-97.048,33.084],[-97.048,33.091],[-96.89,33.09],[-97.25,32.83],[-101.19,36.2],[-96.72,33.02],[-97.394,32.715],[-97.32,32.53],[-97.32,32.58],[-95.52,33.8],[-96.47,32.75],[-97.3,32.29],[-96.28,32.73],[-97.38,32.23],[-97.15,32.17],[-95.06,33.61],[-94.42,33.46],[-99.79,31.03],[-99.92,30.92],[-100.5,31.18],[-99.87,30.65],[-99.87,30.6],[-99.87,30.6],[-100.05,31.65],[-99.89,30.49],[-99.62,31.99],[-100.06,30.49],[-100.06,30.49],[-99.5,32.4],[-99.19,32.37],[-98.67,33.0],[-101.9,30.91],[-97.885,33.479],[-97.85,33.57],[-97.721,33.671],[-97.656,33.864],[-100.41,29.32],[-99.11,32.49],[-100.47,32.85],[-97.87,33.07],[-101.08,29.53],[-98.49,33.91],[-98.49,33.91],[-98.35,33.979],[-98.338,33.96],[-98.19,33.892],[-97.473,33.493],[-97.38,33.607],[-99.02,31.71],[-99.62,32.8],[-97.271,33.589],[-99.73,33.1],[-98.307,32.768],[-97.15,33.63],[-97.77,33.45],[-97.02,33.7],[-97.555,33.679],[-98.716,31.982],[-98.825,32.074],[-98.546,32.494],[-98.618,32.12],[-98.33,32.08],[-98.1,32.8],[-98.92,34.03],[-98.519,34.024],[-98.502,34.038],[-99.87,32.35],[-99.24,32.73],[-99.7,32.48],[-100.11,32.13],[-98.152,33.012],[-97.596,33.242],[-97.6,33.259],[-99.75,32.13],[-102.12,36.24],[-97.23,33.65],[-97.1,33.59],[-98.5,32.55],[-98.58,32.47],[-98.08,32.52],[-97.938,32.605],[-97.765,32.553],[-97.678,32.579],[-98.05,32.52],[-97.45,32.68],[-97.65,32.53],[-97.079,32.678],[-98.79,31.82],[-98.79,31.82],[-96.55,33.02],[-97.885,32.776],[-98.275,32.173],[-98.62,31.9],[-97.685,32.762],[-100.32,32.09],[-97.58,32.84],[-97.4,32.8],[-98.682,33.59],[-99.51,32.05],[-97.65,33.15],[-97.48,33.05],[-97.486,33.005],[-97.25,32.83],[-97.27,32.85],[-97.21,32.862],[-96.63,32.92],[-96.55,33.02],[-96.15,31.58],[-97.67,32.352],[-94.98,33.17],[-96.35,33.43],[-95.6,33.13],[-97.148,32.213],[-95.97,33.42],[-100.84,35.76],[-97.18,32.27],[-96.97,31.67],[-97.068,31.624],[-96.8,32.27],[-100.44,35.53],[-96.5,31.68],[-96.93,31.85],[-95.47,33.07],[-96.88,32.18],[-95.97,32.05],[-96.3,32.02],[-94.69,33.06],[-96.17,31.72],[-95.48,31.51],[-95.46,31.49],[-95.47,31.39],[-93.983,31.057],[-94.17,30.57],[-100.6,34.28],[-97.18,32.27],[-96.85,32.4],[-96.7,32.27],[-96.813,32.39],[-96.63,32.33],[-96.91,30.9],[-96.63,32.33],[-97.2,32.363],[-97.094,32.398],[-96.097,31.403],[-96.979,32.461],[-95.519,31.741],[-96.6,30.88],[-96.75,32.454],[-96.38,30.9],[-95.15,31.9],[-96.94,32.4],[-96.85,32.44],[-97.154,32.02],[-96.78,32.2],[-96.54,32.992],[-96.57,32.98],[-96.55,33.02],[-95.85,33.15],[-96.17,32.27],[-96.83,31.53],[-97.02,31.73],[-96.8,32.52],[-97.08,31.58],[-96.925,31.457],[-95.98,31.25],[-96.549,32.748],[-96.6,32.77],[-96.47,32.75],[-96.08,33.37],[-95.97,33.42],[-95.77,33.33],[-94.31,33.16],[-94.21,33.16],[-94.18,33.17],[-97.27,32.85],[-97.298,32.835],[-97.15,32.82],[-97.12,32.43],[-96.822,32.866],[-97.181,32.682],[-97.83,30.51],[-97.65,30.54],[-95.3,32.33],[-94.395,33.429],[-96.07,31.47],[-96.642,30.944],[-100.63,28.95],[-102.55,32.93],[-101.869,33.526],[-99.96,31.74],[-99.96,31.65],[-99.43,31.84],[-99.67,30.22],[-98.445,32.889],[-98.79,31.68],[-98.67,31.55],[-97.25,32.94],[-97.089,33.173],[-98.88,30.58],[-98.67,30.75],[-99.27,30.78],[-97.785,31.132],[-98.06,30.67],[-98.85,30.6],[-99.11,30.42],[-97.35,31.32],[-97.35,31.32],[-97.22,31.38],[-97.805,31.079],[-97.83,30.84],[-97.6,30.83],[-97.6,30.85],[-97.6,30.8],[-97.43,30.794],[-100.99,29.89],[-100.82,29.72],[-100.68,29.8],[-100.4,29.55],[-97.82,30.17],[-98.69,29.57],[-99.28,26.91],[-99.88,34.34],[-99.422,34.08],[-99.29,34.15],[-99.91,33.21],[-102.19,30.8],[-102.08,32.0],[-98.23,31.62],[-96.844,32.997],[-96.82,32.95],[-98.15,31.47],[-96.784,32.998],[-98.43,31.01],[-97.374,32.73],[-96.58,33.08],[-97.92,31.13],[-95.27,33.66],[-97.15,31.535],[-95.818,31.15],[-94.69,32.52],[-98.14,27.22],[-98.07,30.12],[-98.01,30.1],[-98.11,30.13],[-98.01,30.1],[-96.107,31.41],[-97.38,30.34],[-97.34,30.3],[-97.59,30.06],[-97.44,30.03],[-97.69,29.88],[-94.42,31.16],[-98.23,31.62],[-98.02,32.22],[-97.92,31.19],[-98.43,30.88],[-97.92,31.13],[-97.92,31.2],[-98.2,30.81],[-98.06,30.74],[-98.29,30.81],[-98.06,30.76],[-98.11,31.13],[-97.85,33.57],[-97.67,33.6],[-99.6,32.82],[-100.71,32.31],[-99.28,31.93],[-99.28,31.93],[-101.84,31.63],[-101.9,30.91],[-99.0,32.83],[-98.47,33.66],[-97.95,33.81],[-97.291,32.873],[-98.829,32.328],[-96.78,32.77],[-98.55,32.12],[-98.304,32.104],[-97.4,32.8],[-97.6,32.76],[-97.46,32.78],[-97.34,32.74],[-97.38,32.76],[-97.34,32.85],[-97.34,32.81],[-97.106,33.158],[-97.072,33.162],[-98.655,33.611],[-98.5,32.55],[-98.202,33.231],[-98.195,33.203],[-98.38,33.17],[-98.115,33.45],[-98.1,32.8],[-97.609,32.854],[-97.609,32.925],[-97.643,32.939],[-97.38,33.53],[-97.242,33.64],[-97.53,32.9],[-97.194,32.836],[-97.076,32.826],[-97.02,32.95],[-96.78,32.77],[-96.85,33.651],[-97.076,32.825],[-96.718,32.766],[-97.02,33.44],[-97.48,32.95],[-97.3,33.109],[-97.18,33.12],[-97.08,32.83],[-97.33,32.443],[-97.4,32.35],[-98.0,30.86],[-97.6,30.79],[-97.72,30.36],[-97.72,30.36],[-97.12,30.22],[-97.02,30.01],[-96.53,30.35],[-97.11,30.06],[-96.95,30.13],[-96.88,29.91],[-95.55,30.68],[-96.87,29.92],[-96.55,29.7],[-96.91,29.78],[-96.78,29.7],[-96.91,29.68],[-96.72,29.25],[-95.15,29.66],[-97.5,28.98],[-100.08,36.38],[-101.38,33.68],[-100.203,34.413],[-102.832,33.669],[-104.5,30.59],[-104.28,30.31],[-102.9,34.52],[-102.78,34.83],[-101.05,35.55],[-99.73,33.16],[-99.73,33.16],[-97.54,32.58],[-97.32,32.53],[-97.421,32.492],[-97.31,32.57],[-99.26,33.532],[-97.808,33.414],[-96.88,32.53],[-96.85,32.58],[-96.823,32.533],[-97.95,33.78],[-97.66,33.78],[-96.92,33.55],[-97.15,33.22],[-97.09,33.233],[-96.92,33.65],[-98.55,32.12],[-97.8,32.68],[-97.8,32.77],[-97.333,32.97],[-95.11,32.59],[-97.53,32.9],[-94.95,32.6],[-94.95,32.6],[-94.63,33.0],[-96.83,33.15],[-96.89,33.09],[-97.32,32.53],[-97.167,32.658],[-97.12,32.73],[-98.39,32.25],[-96.702,32.849],[-96.55,33.02],[-97.39,32.75],[-99.26,33.59],[-98.49,33.867],[-98.472,33.888],[-100.52,36.46],[-100.54,36.46],[-101.19,36.2],[-100.46,36.43],[-101.19,36.2],[-101.05,36.28],[-100.8,36.39],[-100.54,36.44],[-100.54,36.46],[-100.33,36.37],[-100.14,36.38],[-98.817,33.383],[-98.5,32.9],[-97.68,33.37],[-98.733,33.339],[-98.75,33.2],[-97.77,33.22],[-97.305,33.238],[-97.35,32.97],[-97.324,33.059],[-97.281,32.97],[-97.174,33.2],[-97.11,33.06],[-97.09,33.03],[-97.02,33.072],[-96.89,32.86],[-98.82,32.37],[-99.18,31.71],[-101.14,31.97],[-99.43,31.83],[-99.32,31.74],[-99.2,31.71],[-98.95,31.74],[-99.06,31.43],[-98.02,32.75],[-94.0,31.23],[-101.68,31.7],[-96.447,32.072],[-96.51,31.95],[-102.51,31.52],[-101.9,30.91],[-102.943,34.671],[-95.38,33.67],[-95.27,33.54],[-94.85,33.18],[-94.95,32.73],[-95.11,33.17],[-96.51,29.04],[-97.276,31.284],[-94.03,30.19],[-96.144,28.827],[-94.03,30.18],[-94.4,30.18],[-94.0,30.13],[-94.45,30.14],[-94.14,30.09],[-94.0,30.13],[-102.11,34.93],[-102.11,34.97],[-101.77,34.53],[-95.72,32.67],[-102.13,34.18],[-98.84,29.53],[-102.0,36.34],[-95.11,33.17],[-102.2,34.91],[-103.273,30.621],[-103.653,31.476],[-98.32,34.1],[-96.588,33.511],[-96.58,33.42],[-96.82,33.23],[-96.657,33.169],[-95.92,32.95],[-96.62,33.2],[-96.709,33.029],[-96.711,32.895],[-96.667,32.87],[-96.85,32.58],[-97.37,31.85],[-98.51,30.84],[-94.34,30.15],[-97.95,29.88],[-93.93,29.9],[-101.99,33.69],[-100.991,35.531],[-100.966,35.528],[-99.82,33.32],[-99.34,33.23],[-101.06,30.99],[-99.73,32.43],[-99.75,32.4],[-100.65,30.96],[-100.49,31.39],[-100.55,31.15],[-100.5,31.19],[-98.83,30.86],[-97.647,26.501],[-97.911,26.229],[-100.951,32.85],[-100.9,32.72],[-98.506,33.241],[-103.08,31.85],[-103.15,31.75],[-100.158,35.475],[-95.449,30.431],[-94.35,32.15],[-95.83,31.83],[-97.88,27.42],[-96.372,32.909],[-102.618,35.515],[-96.32,32.58],[-95.15,31.8],[-98.92,31.98],[-95.406,31.576],[-94.86,31.45],[-97.824,26.159],[-95.809,32.11],[-94.35,31.78],[-97.924,29.653],[-94.2,33.09],[-98.11,30.27],[-94.0,30.92],[-96.06,29.53],[-95.66,29.69],[-94.43,31.37],[-94.15,33.24],[-94.11,33.25],[-100.28,35.44],[-101.68,35.65],[-101.44,35.84],[-101.44,35.82],[-101.19,36.07],[-100.54,36.38],[-101.82,35.13],[-101.88,35.15],[-100.52,36.42],[-101.87,35.2],[-102.32,34.55],[-101.38,35.35],[-98.44,33.479],[-98.04,33.56],[-97.582,33.7],[-97.77,33.45],[-97.513,33.7],[-97.738,33.409],[-97.4,33.37],[-97.42,33.37],[-96.67,33.808],[-96.67,33.822],[-97.378,33.351],[-96.645,33.74],[-97.302,33.27],[-96.772,33.627],[-96.55,33.75],[-96.587,33.719],[-96.339,30.605],[-96.498,33.75],[-96.37,33.658],[-96.23,33.68],[-96.23,33.68],[-96.166,33.658],[-96.181,33.639],[-98.57,29.49],[-98.52,29.52],[-98.52,29.52],[-98.39,29.46],[-98.57,29.54],[-97.573,26.26],[-98.2,32.23],[-101.84,33.76],[-101.77,33.9],[-101.54,33.82],[-100.39,34.38],[-100.25,34.53],[-99.893,33.837],[-100.11,34.77],[-100.13,33.56],[-99.862,33.75],[-101.64,33.44],[-100.77,34.94],[-103.08,31.85],[-100.25,34.42],[-101.72,32.52],[-101.5,32.08],[-101.47,32.25],[-98.42,32.5],[-100.97,30.27],[-100.88,30.3],[-97.85,32.98],[-99.53,30.58],[-99.37,30.22],[-98.51,31.1],[-98.2,31.1],[-99.24,30.08],[-97.92,31.13],[-99.73,29.47],[-99.29,31.04],[-98.84,30.24],[-99.86,28.52],[-103.039,30.88],[-102.988,30.88],[-101.96,35.85],[-101.95,35.85],[-97.55,27.83],[-97.654,27.785],[-97.652,27.788],[-97.755,28.396],[-97.74,28.42],[-98.44,26.57],[-100.03,36.12],[-99.502,27.567],[-99.48,27.572],[-99.496,27.365],[-99.45,27.5],[-100.17,35.92],[-100.17,35.92],[-95.73,33.55],[-94.11,31.54],[-99.401,27.864],[-99.21,27.622],[-100.45,31.45],[-102.69,36.49],[-94.81,32.16],[-103.73,30.98],[-103.662,30.98],[-94.7,32.02],[-101.82,35.48],[-103.73,30.98],[-101.6,35.57],[-101.6,35.64],[-102.2,34.91],[-102.2,34.91],[-102.11,34.95],[-103.08,31.85],[-102.834,31.299],[-102.01,36.04],[-102.08,35.86],[-102.07,35.86],[-101.954,33.48],[-101.88,33.58],[-101.88,33.58],[-101.88,33.58],[-101.88,33.58],[-101.8,33.64],[-101.3,34.47],[-100.8,34.94],[-100.89,34.93],[-100.28,35.44],[-101.38,33.19],[-101.47,32.25],[-101.409,32.301],[-101.02,32.35],[-97.43,28.71],[-97.238,28.694],[-96.991,28.806],[-98.27,27.386],[-99.23,26.86],[-99.13,26.58],[-97.222,27.6],[-97.209,27.605],[-98.189,26.166],[-100.93,34.02],[-95.07,32.83],[-94.76,32.6],[-94.12,32.71],[-94.65,31.56],[-94.73,31.33],[-98.19,29.97],[-94.35,31.22],[-97.22,29.82],[-97.17,29.15],[-94.63,32.35],[-95.65,30.755],[-95.399,29.793],[-95.736,29.291],[-98.119,27.381],[-98.518,26.74],[-98.135,26.936],[-97.209,27.878],[-95.026,29.351],[-97.85,27.42],[-97.18,27.66],[-97.28,27.48],[-97.686,26.208],[-97.494,26.072],[-97.475,25.911],[-101.92,35.04],[-101.92,35.04],[-101.85,35.19],[-101.78,35.06],[-101.53,35.21],[-101.49,35.25],[-101.05,33.06],[-100.65,33.19],[-100.22,34.85],[-100.21,34.85],[-100.58,34.73],[-101.82,35.28],[-100.9,35.5],[-101.82,35.2],[-101.82,35.22],[-101.93,35.18],[-100.44,35.55],[-101.88,35.22],[-101.9,35.17],[-100.1,35.61],[-101.11,35.23],[-102.24,35.25],[-102.11,35.45],[-100.59,35.24],[-101.37,36.23],[-101.1,36.2],[-101.585,34.78],[-102.19,33.49],[-101.64,33.42],[-101.4,35.69],[-102.14,33.4],[-101.585,34.78],[-100.64,35.75],[-101.4,35.66],[-101.4,35.67],[-101.4,35.66],[-101.4,35.66],[-100.96,35.63],[-101.91,35.14],[-101.91,35.14],[-101.82,35.2],[-101.91,35.13],[-101.18,33.41],[-101.94,35.1],[-101.89,35.14],[-101.94,35.1],[-101.92,35.17],[-101.82,35.13],[-101.01,33.73],[-101.08,33.15],[-101.15,32.88],[-100.87,35.22],[-101.36,35.11],[-101.32,35.08],[-101.36,35.11],[-100.91,35.06],[-100.91,35.12],[-101.32,35.08],[-100.89,34.88],[-101.15,32.793],[-101.27,35.11],[-100.91,35.14],[-101.08,35.03],[-100.3,34.01],[-100.89,34.94],[-100.91,35.12],[-100.54,34.73],[-100.02,34.75],[-99.42,34.35],[-100.49,28.71],[-100.49,28.71],[-96.714,28.414],[-94.8,30.05],[-95.331,29.962],[-95.568,30.221],[-99.88,34.34],[-100.21,35.23],[-100.65,35.56],[-99.74,34.3],[-100.38,35.91],[-99.29,34.136],[-99.525,33.63],[-99.29,34.121],[-99.67,32.43],[-98.97,32.38],[-98.247,32.917],[-97.874,32.727],[-98.28,32.55],[-96.8,32.52],[-97.318,32.55],[-97.6,32.7],[-96.994,32.923],[-96.63,32.92],[-96.991,32.864],[-96.975,33.064],[-96.849,32.386],[-96.85,33.166],[-96.582,32.691],[-97.73,31.13],[-96.465,32.9],[-96.8,32.52],[-94.98,33.18],[-97.113,31.773],[-97.16,31.56],[-97.088,31.61],[-94.98,33.32],[-97.64,30.55],[-96.645,33.089],[-96.342,32.11],[-96.726,31.405],[-95.4,32.23],[-94.16,33.06],[-95.4,32.24],[-94.95,32.54],[-95.73,31.68],[-95.77,31.65],[-95.651,31.758],[-95.1,31.127],[-94.86,31.45],[-94.981,30.586],[-94.859,30.668],[-95.46,29.54],[-95.287,29.561],[-95.189,29.51],[-95.244,29.422],[-95.433,29.033],[-95.968,28.98],[-96.718,28.416],[-101.38,35.35],[-101.17,35.46],[-102.494,31.523],[-102.475,31.444],[-102.41,31.349],[-102.35,31.386],[-102.35,31.386],[-102.23,31.298],[-100.09,32.72],[-100.811,32.32],[-100.13,32.62],[-100.05,32.6],[-100.12,32.49],[-100.06,32.43],[-101.0,31.84],[-100.98,31.84],[-99.76,32.26],[-101.83,31.891],[-99.76,32.23],[-100.3,31.89],[-101.308,31.534],[-102.23,31.13],[-101.47,31.2],[-101.47,31.2],[-101.47,31.084],[-101.23,30.71],[-101.83,30.67],[-101.22,30.71],[-101.7,29.91],[-101.58,30.52],[-106.6,31.96],[-100.28,35.43],[-100.47,35.13],[-100.41,34.84],[-103.671,31.626],[-101.2,29.76],[-101.17,29.7],[-97.856,27.494],[-97.868,27.516],[-97.888,27.524],[-97.455,27.587],[-97.384,27.655],[-97.3,27.65],[-97.29,27.69],[-97.176,27.671],[-97.175,27.672],[-98.12,28.33],[-98.24,28.119],[-98.266,28.123],[-98.713,27.856],[-97.82,28.09],[-97.506,27.778],[-99.268,26.898],[-98.885,27.078],[-97.37,32.87],[-98.566,29.542],[-98.515,29.523],[-95.582,29.785],[-95.644,29.69],[-97.771,26.568],[-97.824,26.159],[-97.772,26.187],[-97.732,26.12],[-103.3,29.633],[-104.211,29.884],[-103.495,29.289],[-97.12,27.974],[-94.76,32.52],[-99.08,34.2],[-98.92,34.088],[-98.81,33.86],[-102.66,35.45],[-103.587,30.298],[-102.81,34.83],[-102.06,36.33],[-102.87,30.88],[-103.25,30.012],[-101.43,32.77],[-99.19,33.949],[-99.14,34.13],[-103.3,29.387],[-98.81,33.86],[-99.26,33.6],[-98.864,33.758],[-101.067,32.333],[-103.53,29.32],[-103.6,29.33],[-103.53,29.32],[-100.729,32.298],[-100.729,32.298],[-100.5,32.19],[-100.85,32.4],[-100.56,32.62],[-98.92,34.03],[-98.92,34.03],[-97.3,33.5],[-97.17,33.48],[-96.98,33.3],[-97.0,33.2],[-96.95,33.16],[-97.8,32.77],[-96.987,33.269],[-96.851,32.935],[-96.9,33.22],[-100.66,34.87],[-100.66,34.79],[-100.66,35.13],[-100.6,35.46],[-100.41,35.01],[-100.29,34.39],[-99.8,32.21],[-99.75,32.13],[-99.21,33.4],[-99.82,33.42],[-98.77,33.37],[-99.28,30.71],[-99.02,33.5],[-96.38,32.95],[-96.33,32.98],[-95.83,29.55],[-103.67,30.37],[-99.89,33.22],[-99.67,33.31],[-99.955,33.533],[-98.751,33.355],[-99.3,32.73],[-99.83,32.16],[-98.25,32.93],[-98.15,32.84],[-98.893,32.377],[-98.23,34.01],[-97.87,32.77],[-99.17,32.13],[-98.1,32.8],[-98.07,32.78],[-97.63,32.53],[-97.72,33.67],[-98.93,31.68],[-99.79,30.92],[-98.73,31.61],[-98.38,31.162],[-98.62,30.76],[-98.67,30.77],[-98.75,33.2],[-98.75,33.2],[-98.619,33.27],[-98.308,33.22],[-101.356,31.747],[-100.69,31.33],[-100.58,31.33],[-100.45,31.39],[-100.43,31.43],[-100.27,31.37],[-104.8,31.88],[-99.37,30.78],[-98.72,31.18],[-98.77,30.72],[-98.94,30.27],[-101.857,30.598],[-98.84,30.27],[-98.87,30.26],[-98.94,30.27],[-96.67,32.13],[-94.29,33.47],[-98.7,29.96],[-95.18,33.44],[-98.75,29.97],[-94.91,33.11],[-102.65,32.72],[-102.844,32.556],[-102.65,32.72],[-99.57,28.6],[-99.55,28.57],[-98.8,29.32],[-99.86,28.48],[-97.66,27.86],[-99.268,26.898],[-98.11,26.374],[-97.794,27.016],[-98.998,32.767],[-98.951,32.808],[-98.921,32.755],[-98.52,33.27],[-98.38,33.27],[-98.77,33.283],[-97.963,33.612],[-98.19,33.82],[-96.118,33.409],[-94.17,33.36],[-95.336,29.971],[-95.15,31.8],[-102.99,33.25],[-102.68,35.27],[-102.63,35.28],[-99.73,33.16],[-101.79,34.54],[-96.77,32.91],[-96.769,32.909],[-96.769,32.921],[-96.728,32.929],[-96.71,32.836],[-96.792,32.834],[-96.771,32.802],[-97.083,32.923],[-96.992,32.865],[-97.018,32.804],[-96.578,33.199],[-96.98,32.48],[-96.98,32.48],[-96.945,32.448],[-95.346,31.329],[-102.38,34.82],[-102.36,34.82],[-102.38,34.82],[-102.35,34.82],[-102.19,35.2],[-102.19,35.22],[-102.904,30.88],[-102.12,35.77],[-102.07,35.78],[-100.91,35.04],[-102.55,32.32],[-100.6,34.106],[-100.54,36.46],[-100.34,36.45],[-94.35,32.54],[-94.48,33.34],[-103.619,30.263],[-101.88,33.58],[-102.52,36.05],[-101.41,36.33],[-101.4,36.27],[-101.98,33.68],[-101.55,35.22],[-101.71,35.23],[-100.29,35.37],[-100.38,35.77],[-100.47,36.45],[-102.57,36.1],[-101.56,35.18],[-102.57,36.1],[-101.57,35.18],[-100.28,35.44],[-100.27,35.45],[-100.29,35.44],[-102.67,35.94],[-101.48,35.26],[-100.28,35.59],[-100.24,35.28],[-100.12,35.22],[-100.38,35.27],[-101.51,34.82],[-100.32,35.21],[-100.37,35.06],[-102.4,34.85],[-102.59,34.03],[-100.96,34.588],[-101.84,34.06],[-102.66,35.28],[-102.66,35.28],[-101.46,35.89],[-102.66,35.25],[-102.66,35.28],[-99.33,31.14],[-99.33,31.14],[-101.97,34.19],[-97.836,33.241],[-97.07,33.1],[-94.35,31.5],[-96.442,32.941],[-96.92,32.82],[-96.811,33.152],[-97.38,32.47],[-96.516,33.02],[-100.6,34.29],[-94.1,30.08],[-100.73,35.191],[-99.78,29.22],[-94.42,31.85],[-94.33,31.66],[-95.58,32.08],[-94.8,32.16],[-94.09,33.45],[-97.75,30.45],[-96.0,32.7],[-97.218,33.624],[-97.17,33.48],[-97.289,32.749],[-95.85,33.15],[-96.787,33.027],[-96.795,33.028],[-96.774,33.02],[-96.77,33.056],[-104.02,30.32],[-102.4,34.81],[-102.11,35.45],[-102.41,34.47],[-102.08,32.0],[-95.526,32.36],[-95.521,32.348],[-96.699,32.633],[-97.6,32.57],[-94.76,32.66],[-100.22,35.08],[-101.5,31.986],[-101.47,32.134],[-99.43,34.06],[-99.28,34.08],[-99.68,33.73],[-103.0,31.17],[-102.127,32.433],[-100.99,36.34],[-100.97,36.32],[-101.82,35.17],[-101.82,35.17],[-101.77,35.19],[-101.82,35.14],[-101.949,35.148],[-101.6,35.61],[-100.47,31.45],[-99.15,32.23],[-98.82,32.4],[-98.97,32.172],[-97.53,33.772],[-98.48,31.98],[-98.43,31.98],[-98.17,33.28],[-97.915,33.173],[-97.65,33.0],[-97.465,33.039],[-97.436,32.97],[-97.392,32.981],[-97.35,32.94],[-97.42,31.445],[-97.295,32.953],[-97.29,32.9],[-97.32,31.48],[-96.97,30.85],[-94.93,32.27],[-94.8,32.16],[-99.4,32.22],[-97.94,32.91],[-98.02,32.75],[-97.6,33.23],[-96.93,30.18],[-95.602,30.744],[-94.8,31.33],[-100.6,30.87],[-98.97,32.1],[-99.11,30.27],[-98.41,30.72],[-97.6,30.83],[-99.528,27.987],[-94.4,30.49],[-94.44,30.52],[-94.37,30.61],[-94.33,30.64],[-93.94,30.92],[-94.11,33.25],[-94.6,32.38],[-94.16,32.31],[-100.574,33.241],[-94.54,33.17],[-99.386,27.008],[-100.945,34.916],[-100.548,34.844],[-100.891,34.393],[-100.536,34.934],[-100.43,34.521],[-98.51,29.53],[-98.47,29.53],[-98.69,29.57],[-98.94,29.6],[-97.91,29.63],[-98.51,29.53],[-98.51,29.57],[-97.9,30.88],[-97.69,30.65],[-98.09,30.26],[-98.59,30.21],[-97.62,30.65],[-97.53,30.65],[-97.42,30.58],[-98.05,29.89],[-97.03,30.41],[-96.99,30.37],[-98.06,29.9],[-97.93,29.88],[-96.82,30.35],[-96.67,30.4],[-96.63,30.26],[-96.65,30.39],[-96.26,29.95],[-98.26,30.76],[-97.75,30.45],[-97.81,30.45],[-97.67,30.37],[-97.7,30.42],[-97.92,30.61],[-97.62,30.44],[-97.92,30.45],[-97.68,30.41],[-95.738,29.629],[-97.25,30.15],[-99.81,28.43],[-99.17,30.01],[-99.17,30.04],[-99.73,32.45],[-97.32,32.58],[-97.13,32.57],[-96.8,32.52],[-96.85,32.58],[-96.53,32.63],[-100.39,32.48],[-99.64,31.88],[-99.64,31.87],[-98.6,34.12],[-99.43,31.83],[-99.41,31.82],[-98.56,34.08],[-98.35,34.06],[-101.3,33.26],[-98.19,34.07],[-97.48,32.63],[-99.21,32.02],[-99.21,32.02],[-99.13,31.98],[-98.43,31.98],[-97.13,33.51],[-96.9,33.77],[-96.48,33.52],[-96.25,33.45],[-96.82,33.23],[-96.4,33.3],[-95.1,33.36],[-94.11,33.42],[-94.72,32.8],[-94.76,32.52],[-94.35,32.54],[-100.03,30.54],[-100.09,30.49],[-99.78,30.16],[-99.69,30.07],[-95.488,30.391],[-100.12,30.05],[-99.39,29.89],[-99.67,29.72],[-99.6,29.27],[-100.23,29.42],[-98.71,29.6],[-98.5,29.52],[-98.53,29.48],[-98.49,29.51],[-98.46,29.5],[-98.4,29.463],[-99.11,28.88],[-100.94,29.48],[-99.6,28.6],[-98.09,27.89],[-98.2,27.232],[-98.45,33.58],[-98.117,33.327],[-97.794,33.758],[-97.8,33.78],[-97.79,33.52],[-97.85,33.53],[-97.85,33.53],[-100.47,31.46],[-97.79,33.52],[-97.68,33.43],[-97.82,33.343],[-97.68,33.43],[-97.698,33.407],[-97.68,33.385],[-97.77,33.22],[-98.1,32.81],[-99.1,31.81],[-99.01,31.99],[-97.38,33.68],[-97.65,33.15],[-97.45,33.48],[-99.0,31.91],[-99.37,31.17],[-99.19,31.26],[-99.77,30.5],[-99.77,30.5],[-97.7,32.75],[-99.33,31.14],[-99.42,31.13],[-99.35,31.12],[-99.33,31.14],[-99.58,30.63],[-99.32,31.09],[-98.6,31.3],[-100.03,30.08],[-99.44,30.56],[-100.14,30.14],[-96.826,32.83],[-96.811,32.866],[-99.47,29.31],[-99.28,29.33],[-99.47,29.31],[-98.94,29.6],[-98.69,29.57],[-99.28,29.33],[-99.68,32.34],[-103.67,30.37],[-98.208,33.296],[-98.172,33.264],[-97.729,33.411],[-97.729,33.411],[-97.763,33.438],[-97.757,33.448],[-98.187,33.419],[-97.867,33.467],[-97.726,33.438],[-97.77,33.45],[-97.763,33.438],[-97.77,33.45],[-97.738,33.453],[-97.705,33.455],[-99.72,34.3],[-99.46,34.04],[-100.32,31.55],[-95.5,30.224],[-95.41,29.73],[-100.33,29.91],[-100.21,29.93],[-95.6,30.17],[-100.41,29.84],[-100.04,29.71],[-100.05,29.73],[-98.17,29.72],[-102.365,30.119],[-102.388,30.14],[-97.93,29.88],[-98.26,28.66],[-98.13,28.94],[-98.86,30.26],[-98.82,28.64],[-98.77,29.52],[-101.84,34.06],[-100.3,34.01],[-100.6,34.28],[-100.52,33.8],[-99.92,33.75],[-99.82,33.42],[-103.25,30.2],[-99.82,33.42],[-98.68,32.394],[-98.55,32.27],[-98.364,32.153],[-98.721,32.12],[-98.65,32.13],[-98.45,30.67],[-98.24,30.58],[-98.27,30.58],[-102.259,30.444],[-97.07,30.02],[-98.2,30.51],[-102.764,30.2],[-103.412,29.494],[-97.12,29.7],[-96.1,29.32],[-96.1,29.32],[-96.05,29.32],[-99.83,28.69],[-95.404,29.484],[-99.76,28.45],[-99.57,28.57],[-95.1,29.38],[-98.54,29.61],[-97.34,29.72],[-99.42,33.66],[-98.94,33.37],[-98.834,33.348],[-98.44,33.58],[-98.29,33.63],[-98.23,33.67],[-98.828,33.325],[-98.753,33.293],[-98.34,33.58],[-98.82,33.85],[-99.79,33.58],[-99.4,30.08],[-99.14,29.94],[-98.92,29.54],[-98.16,29.72],[-98.028,29.704],[-96.27,29.951],[-96.94,29.47],[-95.303,29.941],[-95.28,29.94],[-95.185,29.988],[-100.614,31.903],[-100.444,31.768],[-100.1,31.62],[-100.05,31.65],[-98.73,31.2],[-99.16,30.99],[-100.93,29.41],[-99.16,29.36],[-98.23,30.76],[-98.2,31.114],[-99.16,29.36],[-98.84,29.32],[-98.57,30.82],[-98.3,30.7],[-97.37,30.35],[-97.81,30.21],[-97.82,30.23],[-98.52,28.628],[-98.192,28.46],[-100.24,32.27],[-98.78,31.68],[-98.1,32.8],[-98.1,32.8],[-98.17,32.38],[-98.52,33.89],[-98.52,33.89],[-98.48,33.5],[-98.79,31.68],[-98.79,30.85],[-96.82,32.08],[-96.671,31.986],[-98.6,33.1],[-98.6,33.1],[-100.3,33.991],[-100.38,34.327],[-99.52,33.47],[-99.42,34.35],[-99.1,31.82],[-97.73,33.78],[-97.5,33.8],[-98.19,33.82],[-98.79,31.82],[-98.12,31.7],[-98.12,31.7],[-98.79,31.82],[-98.12,31.67],[-98.24,31.6],[-98.14,31.47],[-99.0,32.75],[-97.65,31.06],[-94.98,33.34],[-97.73,31.13],[-96.48,31.03],[-95.94,31.04],[-95.72,30.71],[-94.828,30.996],[-94.31,29.86],[-101.847,35.367],[-99.86,33.34],[-101.83,32.97],[-100.75,32.63],[-100.72,32.521],[-99.4,32.4],[-100.84,33.82],[-100.76,33.76],[-102.72,34.64],[-102.75,34.39],[-102.72,34.47],[-102.89,34.52],[-102.72,34.64],[-101.419,36.283],[-102.612,31.27],[-102.805,35.025],[-102.696,35.053],[-101.94,35.16],[-101.835,35.196],[-101.834,35.195],[-101.868,35.183],[-101.838,35.255],[-101.711,35.231],[-101.924,35.193],[-101.712,35.226],[-101.391,35.339],[-101.191,35.029],[-101.3,34.47],[-100.324,34.776],[-100.54,34.73],[-100.229,34.84],[-100.224,34.816],[-97.08,32.96],[-100.224,34.838],[-100.234,34.858],[-100.233,34.859],[-97.068,33.036],[-97.09,33.06],[-97.169,33.217],[-97.09,33.233],[-97.03,33.12],[-97.106,33.24],[-97.64,33.85],[-97.68,33.88],[-99.04,33.96],[-99.22,33.76],[-99.18,33.18],[-100.55,31.58],[-100.5,31.54],[-99.7,32.45],[-99.83,32.28],[-99.52,32.4],[-99.8,32.21],[-99.57,32.27],[-99.0,29.92],[-102.526,33.603],[-101.43,32.77],[-101.0,32.73],[-100.463,34.958],[-100.483,34.55],[-100.469,34.969],[-100.3,34.01],[-100.13,32.88],[-100.13,32.88],[-99.12,31.55],[-98.17,31.74],[-97.47,31.2],[-100.51,32.45],[-97.344,31.122],[-100.41,32.47],[-97.12,31.12],[-100.3,32.41],[-100.12,32.32],[-100.3,31.93],[-99.56,31.68],[-96.305,30.586],[-99.96,31.14],[-99.71,30.98],[-99.74,34.3],[-99.82,31.0],[-99.79,30.92],[-99.24,30.74],[-100.801,35.434],[-99.23,30.48],[-98.87,30.27],[-98.87,30.27],[-99.36,30.02],[-98.61,30.24],[-99.23,29.96],[-98.23,30.0],[-98.16,29.72],[-98.12,29.7],[-98.12,29.68],[-98.14,29.72],[-98.16,29.72],[-98.12,29.7],[-93.76,30.1],[-101.54,35.441],[-101.355,35.227],[-101.205,35.056],[-100.949,35.012],[-100.918,34.986],[-100.553,36.225],[-100.82,34.136],[-99.78,32.58],[-101.79,33.16],[-98.97,32.75],[-102.59,33.58],[-102.74,34.22],[-102.036,32.73],[-102.351,34.758],[-101.984,35.094],[-101.911,35.128],[-102.165,35.009],[-101.923,35.092],[-101.911,35.127],[-102.064,35.083],[-101.905,35.16],[-102.032,35.054],[-102.066,35.097],[-101.91,35.129],[-101.903,35.129],[-101.988,35.109],[-101.891,35.136],[-101.9,35.14],[-101.887,35.159],[-101.89,35.15],[-102.06,35.1],[-101.885,35.167],[-103.67,30.37],[-103.67,30.37],[-103.67,30.37],[-103.15,31.75],[-103.67,30.37],[-102.17,33.594],[-103.04,33.25],[-102.27,33.18],[-102.263,31.912],[-101.849,32.402],[-102.72,34.64],[-102.12,32.005],[-99.27,30.78],[-99.27,30.78],[-99.45,30.59],[-99.74,30.5],[-99.79,30.49],[-99.77,30.49],[-99.77,30.42],[-106.061,31.41],[-105.942,31.622],[-106.206,31.601],[-100.347,36.464],[-99.5,33.33],[-100.13,32.88],[-100.07,32.6],[-100.1,32.52],[-100.01,32.47],[-100.01,32.47],[-100.54,36.46],[-100.56,31.53],[-100.47,31.45],[-101.409,32.301],[-101.51,32.12],[-101.48,32.08],[-101.97,32.3],[-100.85,32.4],[-100.47,32.85],[-102.78,32.38],[-99.79,32.61],[-99.8,32.94],[-99.8,32.94],[-99.8,32.94],[-101.1,33.48],[-95.474,31.503],[-95.48,31.51],[-95.15,29.77],[-94.998,29.607],[-99.49,27.53],[-99.496,27.61],[-98.526,27.446],[-101.19,36.15],[-104.144,30.276],[-98.04,27.96],[-100.56,36.463],[-101.82,35.934],[-101.601,35.645],[-101.821,35.489],[-100.928,35.536],[-100.932,35.561],[-95.41,32.51],[-95.39,32.51],[-101.5,34.13],[-101.47,36.063],[-101.569,35.846],[-101.6,35.64],[-101.38,35.35],[-101.36,35.11],[-101.41,34.83],[-101.707,34.213],[-99.02,33.5],[-100.3,33.875],[-101.58,35.64],[-101.6,35.64],[-100.98,35.56],[-100.96,35.55],[-101.902,35.166],[-101.931,35.178],[-101.911,35.188],[-101.89,35.2],[-101.88,35.18],[-99.268,26.898],[-98.62,33.12],[-98.294,33.175],[-101.812,32.099],[-98.136,33.19],[-100.72,32.319],[-100.48,31.89],[-100.62,32.36],[-100.47,32.85],[-100.3,31.89],[-100.3,31.94],[-99.17,31.84],[-99.1,31.87],[-99.1,31.89],[-101.57,29.82],[-95.08,30.34],[-99.67,33.32],[-100.38,31.81],[-97.806,33.07],[-97.38,33.65],[-97.38,33.65],[-97.15,33.22],[-97.474,32.749],[-97.324,32.705],[-97.36,32.711],[-96.874,32.408],[-96.78,32.5],[-97.12,31.47],[-97.12,31.47],[-97.12,31.47],[-97.12,31.47],[-95.2,33.19],[-96.57,32.98],[-96.548,32.999],[-96.511,32.989],[-95.05,33.0],[-96.45,32.93],[-96.57,32.9],[-94.74,32.5],[-94.8,32.16],[-94.65,31.61],[-95.674,31.735],[-101.84,35.38],[-99.23,26.9],[-100.44,28.67],[-99.83,28.69],[-93.9,30.66],[-94.936,29.803],[-93.9,30.1],[-99.76,32.43],[-99.68,32.06],[-99.31,32.4],[-98.62,31.9],[-98.135,31.745],[-94.71,31.37],[-94.7,31.81],[-94.18,31.79],[-96.575,33.195],[-96.5,33.18],[-98.03,31.95],[-97.869,31.43],[-98.18,31.07],[-98.23,31.03],[-97.92,31.13],[-97.83,31.07],[-97.65,31.92],[-97.644,31.907],[-97.661,31.084],[-97.548,31.291],[-96.4,33.3],[-97.53,30.93],[-97.67,30.82],[-97.364,31.077],[-96.98,32.48],[-96.2,33.28],[-96.17,33.43],[-96.8,32.52],[-94.48,33.41],[-94.85,33.06],[-97.83,30.51],[-96.97,30.97],[-97.74,30.37],[-97.77,30.41],[-97.75,30.39],[-97.8,30.35],[-96.67,32.53],[-97.74,30.37],[-96.67,32.53],[-95.85,32.243],[-94.72,33.03],[-97.67,30.34],[-97.67,30.38],[-97.67,30.33],[-96.65,30.98],[-96.38,31.12],[-96.192,31.074],[-96.27,31.23],[-95.369,33.479],[-97.32,30.15],[-95.32,33.505],[-97.34,30.12],[-95.21,33.47],[-97.01,30.01],[-94.35,32.54],[-95.85,30.97],[-94.24,32.45],[-94.07,33.51],[-94.91,33.22],[-97.01,30.01],[-97.11,29.97],[-95.15,31.8],[-97.11,29.69],[-94.76,32.52],[-97.06,29.65],[-94.94,30.71],[-96.62,29.36],[-94.0,30.92],[-99.73,32.45],[-99.75,32.25],[-99.54,32.24],[-99.4,32.22],[-99.13,32.26],[-99.6,31.75],[-98.28,32.93],[-99.24,31.62],[-98.24,31.23],[-97.766,31.056],[-95.48,31.51],[-98.31,30.11],[-96.47,32.11],[-97.15,31.64],[-97.96,29.32],[-95.38,32.36],[-96.5,31.68],[-97.81,30.2],[-97.68,30.24],[-97.78,30.2],[-97.67,30.22],[-97.56,30.19],[-97.17,29.43],[-97.0,29.46],[-97.17,29.43],[-98.8,29.05],[-98.59,29.12],[-98.53,29.08],[-98.17,29.15],[-106.011,31.4],[-106.513,31.795],[-104.5,30.58],[-103.993,30.677],[-103.973,30.613],[-100.24,35.3],[-100.25,34.72],[-101.3,34.4],[-100.44,35.53],[-100.43,34.507],[-100.21,34.85],[-99.88,34.31],[-100.18,34.85],[-99.51,34.26],[-98.67,30.75],[-98.67,30.77],[-98.67,30.72],[-99.11,30.85],[-99.11,30.85],[-98.67,30.62],[-98.5,31.06],[-98.5,31.06],[-98.5,31.06],[-99.23,30.75],[-99.22,30.74],[-99.22,30.74],[-99.23,30.75],[-97.65,31.99],[-99.23,30.75],[-96.63,32.33],[-98.73,30.61],[-98.18,31.07],[-99.09,30.63],[-98.7,30.4],[-96.85,32.4],[-98.87,30.44],[-98.67,30.27],[-97.15,32.17],[-99.25,30.91],[-99.23,30.89],[-99.38,30.42],[-99.23,30.29],[-98.79,30.11],[-99.34,30.26],[-100.372,34.9],[-100.9,34.2],[-100.295,35.28],[-100.298,35.281],[-100.13,34.96],[-100.54,34.73],[-100.22,33.14],[-100.213,34.479],[-99.53,33.85],[-99.86,33.32],[-99.26,34.06],[-99.27,34.11],[-99.67,33.32],[-99.13,34.13],[-99.11,34.11],[-99.4,33.29],[-98.65,33.96],[-100.5,28.75],[-100.49,28.71],[-100.73,32.03],[-99.18,33.21],[-98.51,33.99],[-98.5,33.98],[-98.99,33.27],[-98.79,33.23],[-98.52,33.27],[-100.85,33.422],[-100.83,33.591],[-99.9,34.43],[-100.3,33.846],[-100.3,34.15],[-97.62,33.19],[-97.56,33.26],[-96.98,32.75],[-96.62,33.02],[-96.55,33.041],[-96.55,33.02],[-96.63,32.33],[-97.59,30.14],[-95.44,32.8],[-97.26,30.21],[-97.12,30.23],[-94.95,33.15],[-94.77,33.16],[-96.96,30.21],[-96.6,30.18],[-95.64,32.79],[-96.28,31.61],[-94.71,32.94],[-95.732,31.66],[-94.63,33.03],[-94.36,33.01],[-94.68,31.95],[-94.34,32.15],[-95.18,31.36],[-99.18,33.12],[-99.3,33.28],[-99.23,33.29],[-98.77,33.355],[-97.02,33.7],[-97.265,33.5],[-96.078,33.072],[-97.6,33.201],[-97.6,33.23],[-97.4,33.37],[-97.18,33.37],[-97.18,33.413],[-97.509,33.151],[-97.49,33.138],[-97.15,33.256],[-96.57,33.35],[-98.2,32.23],[-98.081,32.299],[-98.2,32.23],[-97.627,32.521],[-97.25,33.198],[-97.18,33.341],[-98.62,31.9],[-97.215,33.27],[-100.14,30.24],[-96.88,33.29],[-98.095,32.316],[-96.82,33.23],[-96.78,33.32],[-97.803,32.621],[-97.138,33.169],[-97.098,33.22],[-96.564,33.214],[-97.349,31.673],[-96.81,33.15],[-97.427,32.851],[-96.97,33.15],[-96.668,33.101],[-97.054,33.085],[-96.576,33.081],[-94.62,33.51],[-99.09,28.9],[-97.63,27.86],[-97.66,27.8],[-97.38,31.78],[-95.3,32.33],[-94.98,32.57],[-95.55,30.69],[-94.78,31.19],[-101.17,31.13],[-97.98,29.43],[-100.89,34.94],[-100.89,34.94],[-100.7,34.67],[-100.89,34.94],[-99.12,31.72],[-98.91,31.78],[-98.91,31.78],[-98.99,31.71],[-98.9,31.72],[-99.33,31.14],[-97.388,32.735],[-97.32,32.58],[-97.012,32.638],[-97.13,32.57],[-99.16,30.84],[-99.77,30.71],[-99.3,30.28],[-103.138,31.74],[-101.26,35.07],[-103.737,30.703],[-102.5,31.83],[-102.28,30.909],[-102.113,30.737],[-101.88,30.92],[-101.83,30.67],[-102.23,31.116],[-102.83,32.97],[-99.23,29.54],[-101.591,32.352],[-101.83,32.052],[-102.433,30.15],[-101.3,32.3],[-101.5,33.29],[-100.54,32.01],[-100.15,31.84],[-99.96,31.74],[-100.55,31.58],[-100.45,31.45],[-100.42,31.48],[-100.45,31.45],[-98.3,28.75],[-98.18,28.51],[-97.494,32.419],[-97.664,32.119],[-97.3,32.45],[-97.284,32.492],[-97.97,27.9],[-99.34,29.77],[-98.072,27.736],[-98.94,29.43],[-98.93,29.43],[-98.89,29.35],[-98.01,30.37],[-97.96,30.16],[-97.95,30.36],[-97.95,30.23],[-97.91,30.27],[-97.88,30.22],[-97.84,30.09],[-97.85,29.99],[-97.86,29.98],[-97.8,29.88],[-99.01,33.5],[-98.81,33.86],[-98.81,33.86],[-98.55,33.77],[-99.55,31.96],[-98.19,33.85],[-98.19,33.82],[-98.35,33.87],[-99.19,32.37],[-100.58,31.31],[-100.49,31.38],[-97.92,31.13],[-97.659,31.083],[-97.475,31.031],[-97.35,31.1],[-100.13,29.7],[-100.01,29.67],[-99.56,29.76],[-98.65,29.81],[-98.63,29.65],[-100.11,30.83],[-94.58,32.69],[-94.18,32.68],[-94.16,32.7],[-95.712,31.763],[-99.49,27.53],[-95.608,31.736],[-97.04,32.09],[-94.25,33.36],[-95.995,32.352],[-96.97,31.53],[-97.096,32.168],[-94.96,32.83],[-94.13,33.44],[-96.147,30.364],[-101.48,32.08],[-100.47,32.85],[-100.12,32.87],[-100.27,36.19],[-100.65,36.21],[-99.78,32.98],[-99.79,30.33],[-99.81,30.33],[-99.78,32.58],[-99.87,32.45],[-99.61,32.34],[-95.41,30.22],[-100.21,29.93],[-98.072,31.349],[-100.23,29.94],[-98.268,31.685],[-99.76,29.7],[-95.47,30.32],[-99.69,31.54],[-99.46,31.31],[-99.69,30.88],[-97.728,31.948],[-94.18,30.68],[-102.882,30.87],[-102.87,30.88],[-101.889,32.679],[-102.904,30.88],[-102.73,34.23],[-102.73,34.23],[-102.68,34.19],[-102.41,34.23],[-102.8,33.62],[-102.08,32.0],[-102.9,34.52],[-102.369,33.961],[-100.5,36.46],[-100.65,36.21],[-100.38,35.91],[-100.38,35.91],[-102.11,34.98],[-102.15,34.82],[-104.82,31.05],[-98.022,33.047],[-98.38,33.27],[-98.58,34.08],[-100.72,32.492],[-101.6,33.87],[-100.66,34.87],[-100.88,35.21],[-100.9,35.01],[-100.53,34.72],[-100.66,35.14],[-103.063,31.034],[-101.41,36.17],[-102.06,35.13],[-101.9,35.17],[-101.884,35.185],[-101.88,35.21],[-101.86,35.12],[-101.78,35.06],[-101.62,35.1],[-101.36,35.11],[-101.19,36.2],[-102.9,33.78],[-103.67,30.37],[-102.966,32.72],[-102.966,32.72],[-102.516,32.93],[-101.31,35.09],[-102.02,33.5],[-103.48,31.42],[-101.94,35.16],[-101.95,35.14],[-101.5,36.27],[-101.59,36.27],[-101.64,36.18],[-102.07,36.34],[-102.26,34.99],[-101.6,35.64],[-101.6,35.64],[-94.73,31.33],[-96.693,30.532],[-95.934,31.89],[-95.38,30.06],[-102.394,31.829],[-100.896,35.017],[-100.9,35.01],[-100.91,35.04],[-100.93,34.94],[-100.44,35.56],[-101.924,33.53],[-100.54,36.46],[-101.38,35.65],[-101.85,35.29],[-101.71,35.23],[-102.31,35.22],[-102.61,35.28],[-101.93,35.0],[-102.8,35.03],[-101.94,33.71],[-101.8,35.2],[-101.76,35.15],[-101.78,35.17],[-101.75,35.2],[-101.71,35.23],[-101.71,35.23],[-101.71,35.23],[-101.71,35.23],[-106.48,31.78],[-106.57,31.87],[-106.558,31.86],[-106.36,31.76],[-106.38,31.81],[-99.23,31.17],[-103.704,31.914],[-102.96,32.72],[-100.99,29.46],[-106.19,31.68],[-106.191,31.676],[-106.24,31.66],[-103.78,31.32],[-103.02,36.23],[-101.87,35.16],[-101.89,34.98],[-101.849,35.151],[-101.8,35.16],[-101.82,35.2],[-101.36,35.58],[-102.43,31.799],[-100.72,36.22],[-97.6,33.23],[-97.17,33.48],[-97.25,33.299],[-100.8,35.44],[-100.78,35.36],[-100.14,36.41],[-99.72,33.98],[-97.13,32.57],[-97.12,32.73],[-97.25,32.83],[-98.84,33.85],[-101.84,34.06],[-99.06,31.43],[-98.57,31.45],[-98.672,31.45],[-98.314,26.287],[-98.319,26.258],[-98.24,26.241],[-100.67,35.4],[-100.12,36.19],[-100.34,32.42],[-100.2,32.45],[-98.15,27.23],[-102.1,35.69],[-102.04,35.69],[-101.4,35.49],[-101.17,35.57],[-100.81,35.44],[-102.506,31.85],[-100.35,35.53],[-102.37,31.85],[-100.2,34.89],[-99.69,31.99],[-99.62,31.99],[-96.52,31.53],[-96.52,31.54],[-99.13,31.99],[-96.34,31.5],[-97.898,28.236],[-97.65,28.16],[-96.23,31.51],[-99.85,28.54],[-99.259,28.416],[-100.54,36.46],[-100.52,36.46],[-95.53,29.78],[-95.563,29.831],[-95.57,29.89],[-97.385,28.666],[-98.14,31.47],[-101.05,36.2],[-101.58,35.32],[-97.75,31.43],[-101.834,35.201],[-101.795,35.181],[-101.78,35.13],[-101.78,35.19],[-101.866,35.149],[-100.06,30.49],[-100.06,30.49],[-98.42,30.1],[-101.58,35.35],[-96.62,29.7],[-100.92,35.84],[-101.38,35.35],[-101.38,35.35],[-98.38,29.83],[-100.3,31.89],[-98.08,29.81],[-101.23,35.3],[-100.98,35.54],[-100.996,35.613],[-100.54,32.45],[-96.34,30.69],[-94.717,30.717],[-95.65,30.754],[-100.06,31.57],[-95.55,30.77],[-99.8,32.94],[-102.9,31.58],[-100.01,31.22],[-100.03,31.77],[-99.93,31.97],[-99.77,33.08],[-100.15,35.71],[-102.68,31.27],[-102.68,31.27],[-102.55,32.32],[-100.77,34.9],[-102.053,32.73],[-99.87,32.45],[-100.6,35.23],[-100.28,35.37],[-96.21,29.13],[-101.78,33.18],[-100.28,35.44],[-100.58,33.25],[-95.804,29.551],[-101.38,35.35],[-101.87,33.493],[-99.74,34.3],[-100.28,31.39],[-100.49,31.37],[-99.59,34.19],[-99.49,32.89],[-99.68,32.34],[-99.23,32.97],[-98.82,28.45],[-98.612,28.469],[-95.331,29.002],[-95.43,29.17],[-95.45,29.04],[-95.43,29.17],[-95.42,29.44],[-97.629,27.857],[-97.257,27.904],[-99.12,33.01],[-100.6,30.86],[-100.31,31.37],[-99.91,31.22],[-99.32,31.74],[-98.8,29.92],[-99.63,32.56],[-98.75,29.91],[-99.0,31.27],[-98.68,30.4],[-98.034,32.737],[-99.01,30.58],[-97.78,32.945],[-97.262,33.005],[-97.73,31.13],[-96.98,32.451],[-98.46,30.35],[-96.85,32.472],[-98.88,30.26],[-98.16,30.39],[-97.98,30.37],[-99.163,26.824],[-97.98,30.37],[-97.75,30.29],[-95.93,33.0],[-96.778,30.426],[-96.53,30.32],[-96.147,30.77],[-97.21,29.96],[-94.92,32.06],[-95.754,30.211],[-94.68,31.81],[-96.88,29.93],[-94.35,32.39],[-94.06,33.09],[-94.08,33.04],[-94.65,31.62],[-94.53,32.01],[-95.49,30.16],[-94.37,32.03],[-96.08,30.09],[-94.65,31.61],[-94.421,31.647],[-94.108,31.841],[-96.158,29.79],[-95.63,29.91],[-93.92,31.7],[-95.94,29.68],[-95.4,29.8],[-94.74,29.84],[-96.55,29.7],[-96.78,29.7],[-94.899,29.822],[-94.3,29.82],[-95.398,29.555],[-97.666,27.792],[-97.48,27.69],[-97.39,28.67],[-102.4,34.88],[-102.4,34.9],[-102.2,34.91],[-102.31,34.82],[-102.33,34.84],[-102.0,34.78],[-102.0,34.83],[-97.78,31.469],[-101.5,34.84],[-99.87,32.2],[-99.8,32.21],[-99.5,33.37],[-100.62,31.89],[-100.11,32.04],[-100.18,31.6],[-99.32,31.93],[-100.08,31.57],[-97.63,32.53],[-97.105,32.436],[-100.54,28.86],[-96.85,32.472],[-99.304,28.282],[-96.72,31.88],[-99.09,28.89],[-97.75,26.05],[-98.65,29.48],[-98.6,29.48],[-98.583,29.546],[-98.63,29.48],[-98.65,29.08],[-98.72,29.44],[-98.9,29.15],[-98.16,29.14],[-96.65,28.97],[-99.9,32.76],[-99.46,32.03],[-99.72,33.32],[-99.717,32.879],[-99.72,32.87],[-99.42,34.26],[-99.6,33.05],[-99.743,33.151],[-99.77,32.94],[-100.82,34.86],[-99.66,33.01],[-98.43,31.994],[-99.96,33.08],[-99.9,32.76],[-99.91,33.19],[-99.858,33.262],[-100.3,34.15],[-99.8,32.97],[-101.89,35.64],[-99.82,33.42],[-101.59,35.27],[-101.54,35.35],[-100.01,32.47],[-99.23,32.97],[-99.72,32.57],[-99.02,32.98],[-99.67,32.58],[-100.6,30.86],[-100.65,30.58],[-99.95,31.22],[-99.15,31.97],[-101.12,30.12],[-100.11,30.74],[-97.92,32.27],[-97.327,32.289],[-97.7,32.27],[-96.98,32.48],[-97.14,32.14],[-96.8,31.85],[-98.02,28.98],[-95.32,32.11],[-94.73,31.17],[-94.18,30.42],[-94.14,30.09],[-94.18,30.58],[-93.98,30.73],[-94.01,30.72],[-94.0,29.97],[-93.82,30.12],[-99.0,31.24],[-99.46,30.77],[-98.93,31.8],[-97.47,32.97],[-99.35,30.82],[-97.47,32.97],[-97.42,32.968],[-97.412,32.967],[-97.391,32.983],[-97.946,32.893],[-97.85,32.87],[-97.85,32.95],[-96.0,32.628],[-100.82,34.02],[-96.78,31.62],[-96.023,31.487],[-101.88,30.92],[-100.05,30.54],[-96.598,32.791],[-96.6,32.77],[-96.52,32.865],[-96.59,32.89],[-97.65,31.92],[-97.04,32.09],[-100.63,28.95],[-98.853,26.399],[-101.843,30.357],[-99.81,34.06],[-103.15,31.75],[-102.567,32.93],[-95.24,32.38],[-102.02,33.428],[-101.97,33.48],[-101.21,33.29],[-101.75,34.37],[-100.89,34.86],[-100.89,34.94],[-100.88,34.95],[-102.05,36.3],[-100.9,34.39],[-101.36,35.11],[-101.45,35.11],[-101.38,35.22],[-101.8,36.48],[-99.82,33.42],[-100.01,32.54],[-99.94,32.55],[-99.81,32.61],[-99.81,32.61],[-99.66,32.57],[-99.68,32.57],[-99.61,32.56],[-101.88,30.92],[-99.71,32.48],[-99.71,32.48],[-99.77,32.4],[-96.51,33.59],[-103.516,31.389],[-103.556,31.33],[-103.417,31.398],[-103.447,31.365],[-103.0,31.184],[-103.0,31.199],[-96.486,33.607],[-102.301,30.886],[-101.91,35.04],[-102.246,30.88],[-96.453,32.699],[-98.32,34.1],[-98.91,33.45],[-99.49,32.16],[-99.55,31.96],[-101.11,35.2],[-101.01,35.17],[-98.37,33.43],[-94.65,31.59],[-98.63,33.1],[-99.38,32.18],[-99.17,32.13],[-98.63,33.54],[-101.17,31.3],[-100.96,31.18],[-100.94,31.26],[-100.91,31.18],[-102.617,30.88],[-100.82,31.12],[-102.058,31.977],[-100.91,29.37],[-101.47,32.25],[-101.3,32.3],[-102.183,31.93],[-102.2,32.002],[-102.141,32.015],[-102.165,32.072],[-100.42,29.81],[-99.29,30.77],[-98.87,30.27],[-97.188,31.448],[-97.74,30.42],[-94.62,33.51],[-94.234,30.288],[-98.04,28.33],[-97.224,28.815],[-97.775,28.387],[-97.75,28.39],[-99.18,33.18],[-99.05,33.0],[-98.75,33.2],[-101.854,30.438],[-98.93,33.45],[-98.44,33.47],[-98.774,32.971],[-98.44,33.58],[-98.53,33.81],[-98.56,33.86],[-98.804,32.817],[-98.37,33.71],[-98.47,33.8],[-98.52,33.98],[-98.56,34.08],[-98.32,34.1],[-98.6,32.59],[-100.18,31.6],[-100.72,31.67],[-100.72,31.67],[-98.82,32.47],[-99.682,32.347],[-99.5,32.4],[-99.54,32.26],[-99.134,32.033],[-97.065,32.679],[-98.79,31.82],[-99.21,31.95],[-97.88,30.2],[-100.65,36.14],[-100.49,36.03],[-100.47,36.07],[-100.57,36.06],[-101.36,34.99],[-98.63,33.59],[-101.36,35.11],[-101.24,35.21],[-99.64,30.79],[-100.46,35.98],[-101.69,34.78],[-97.83,32.49],[-97.8,32.48],[-97.307,33.164],[-97.177,33.27],[-103.072,30.887],[-97.455,32.681],[-97.45,32.68],[-97.473,32.702],[-102.912,30.873],[-102.55,32.32],[-101.94,33.87],[-101.92,34.98],[-101.87,35.04],[-101.92,34.98],[-101.92,34.98],[-101.92,34.98],[-102.61,33.6],[-102.36,33.64],[-102.011,33.687],[-102.03,33.59],[-99.38,34.15],[-101.97,33.16],[-101.624,32.934],[-103.26,31.018],[-99.71,33.97],[-99.72,33.98],[-101.15,32.822],[-96.37,33.17],[-96.37,33.17],[-96.37,33.17],[-101.922,33.592],[-101.48,35.6],[-102.401,33.547],[-102.3,33.89],[-103.051,30.898],[-102.87,30.88],[-102.885,31.234],[-103.16,31.523],[-102.303,31.68],[-100.924,32.74],[-100.935,32.328],[-100.54,32.47],[-99.78,33.98],[-99.88,31.39],[-99.64,31.87],[-99.4,32.4],[-99.86,33.75],[-100.13,32.88],[-99.05,33.01],[-99.8,32.94],[-102.35,31.328],[-99.96,33.08],[-102.04,31.877],[-99.73,33.16],[-99.89,33.18],[-101.9,31.22],[-99.67,33.32],[-98.17,33.41],[-97.797,33.595],[-97.847,33.611],[-98.93,33.81],[-99.23,33.75],[-98.17,33.26],[-99.73,33.14],[-97.58,33.08],[-97.505,33.061],[-99.94,32.55],[-97.654,33.111],[-99.17,32.55],[-99.17,32.55],[-99.2,32.1],[-99.17,32.1],[-97.17,33.48],[-98.87,31.98],[-98.83,31.88],[-98.79,31.82],[-100.82,34.02],[-101.6,33.87],[-101.24,33.56],[-98.99,33.27],[-99.05,33.01],[-98.94,32.78],[-102.08,31.985],[-102.08,31.985],[-101.99,31.94],[-102.08,31.985],[-99.3,32.73],[-102.55,32.32],[-101.737,32.152],[-101.47,32.25],[-101.47,32.25],[-101.47,32.25],[-102.4,35.1],[-101.95,35.26],[-101.47,35.0],[-100.88,34.4],[-99.18,33.18],[-98.97,32.38],[-99.24,34.01],[-99.05,33.03],[-99.04,33.01],[-94.47,33.46],[-94.29,33.5],[-100.32,28.52],[-100.6,28.9],[-98.2,32.23],[-100.63,28.95],[-101.21,31.64],[-101.88,30.92],[-100.8,31.72],[-101.48,36.21],[-101.3,36.26],[-100.91,36.29],[-100.64,36.22],[-100.23,36.23],[-101.17,35.57],[-102.41,34.75],[-102.73,34.23],[-102.49,33.46],[-102.33,34.06],[-102.62,31.98],[-102.23,31.92],[-102.61,33.51],[-101.39,34.99],[-102.392,32.72],[-101.96,33.33],[-104.082,30.508],[-103.67,30.37],[-102.49,33.46],[-100.85,32.429],[-102.27,36.49],[-106.6,31.896],[-106.551,31.881],[-106.569,31.879],[-101.85,35.15],[-101.87,35.17],[-102.44,36.06],[-99.31,34.13],[-94.59,30.91],[-102.2,34.91],[-102.06,35.19],[-95.64,29.64],[-95.77,29.58],[-102.66,35.28],[-100.8,36.39],[-100.8,36.39],[-100.54,36.21],[-102.25,34.91],[-100.0,36.13],[-98.32,26.22],[-96.57,32.9],[-96.448,33.616],[-96.359,33.598],[-98.133,32.503],[-102.24,36.33],[-102.3,34.35],[-99.25,32.74],[-100.6,35.23],[-99.43,33.51],[-99.79,34.31],[-99.45,34.31],[-99.51,34.26],[-94.759,31.241],[-93.972,31.688],[-102.55,32.32],[-106.303,31.727],[-105.467,31.774],[-97.61,28.75],[-94.399,31.906],[-94.656,31.652],[-98.2,29.28],[-94.677,31.587],[-95.55,30.68],[-94.8,29.94],[-94.2,30.26],[-95.39,29.77],[-93.96,30.44],[-93.93,29.9],[-96.554,30.46],[-102.12,29.949],[-100.9,29.38],[-100.9,29.41],[-100.78,29.36],[-100.41,29.32],[-99.85,28.95],[-99.12,28.9],[-99.85,28.95],[-98.75,28.82],[-98.281,28.455],[-98.198,28.5],[-98.209,28.49],[-97.564,32.731],[-97.743,33.273],[-97.45,32.77],[-97.331,32.753],[-97.389,32.704],[-97.199,32.703],[-97.15,32.72],[-97.093,32.678],[-97.18,33.37],[-96.92,33.592],[-96.5,33.18],[-96.2,33.28],[-96.28,33.308],[-95.363,32.498],[-94.114,32.485],[-95.056,33.76],[-95.53,33.65],[-99.1,30.25],[-99.09,30.25],[-94.02,30.2],[-98.29,30.66],[-98.23,30.76],[-98.31,30.61],[-95.4,29.71],[-98.33,30.65],[-98.35,30.42],[-98.35,30.41],[-99.25,29.8],[-99.25,29.79],[-95.22,29.71],[-98.41,30.59],[-98.31,30.62],[-99.92,29.74],[-97.99,30.05],[-99.73,29.72],[-97.93,29.75],[-99.481,27.575],[-97.97,29.58],[-99.486,27.587],[-99.499,27.568],[-97.83,29.75],[-98.22,29.19],[-98.19,29.26],[-98.2,29.09],[-99.57,28.57],[-98.415,27.605],[-97.31,33.68],[-96.85,33.78],[-97.8,32.83],[-96.67,33.85],[-97.412,32.93],[-97.186,33.013],[-97.8,32.78],[-98.05,32.51],[-97.051,33.022],[-97.282,32.953],[-96.988,33.021],[-96.999,32.98],[-97.6,32.58],[-96.885,33.025],[-96.853,33.045],[-97.414,32.684],[-97.361,32.7],[-96.841,32.998],[-97.383,32.651],[-97.346,32.634],[-96.71,33.056],[-97.318,32.586],[-96.716,32.979],[-96.74,33.02],[-96.648,33.032],[-96.659,33.1],[-96.63,32.963],[-96.62,33.02],[-98.63,31.26],[-100.95,29.43],[-95.75,33.12],[-99.05,28.91],[-95.58,32.46],[-97.65,33.15],[-95.416,32.507],[-98.456,32.724],[-97.85,32.77],[-98.41,32.724],[-98.683,32.212],[-97.32,32.58],[-97.334,32.565],[-98.12,31.83],[-97.3,32.49],[-98.07,31.74],[-96.98,32.48],[-101.51,30.98],[-97.823,32.864],[-97.824,32.863],[-100.01,30.63],[-97.37,32.87],[-101.34,29.7],[-101.17,29.68],[-97.97,31.57],[-99.18,31.01],[-99.86,28.53],[-99.18,30.99],[-99.78,29.33],[-99.754,32.125],[-98.94,31.3],[-99.04,30.99],[-99.76,29.72],[-99.76,29.72],[-98.5,30.96],[-98.245,26.206],[-101.69,33.44],[-99.8,33.73],[-99.8,33.79],[-99.37,34.08],[-102.11,34.39],[-100.7,34.67],[-100.66,34.87],[-100.21,34.85],[-100.27,31.4],[-98.5,33.98],[-98.5,33.98],[-98.47,33.66],[-95.53,33.77],[-95.43,33.73],[-97.77,33.48],[-97.4,33.31],[-95.731,32.957],[-95.6,33.07],[-97.07,33.15],[-97.06,33.22],[-96.81,33.15],[-95.47,33.07],[-99.48,33.32],[-96.81,33.15],[-95.184,32.973],[-96.68,33.1],[-96.62,33.2],[-96.55,33.02],[-96.71,33.03],[-99.18,33.18],[-99.2,33.2],[-96.45,32.93],[-96.12,32.98],[-96.02,32.9],[-95.88,32.92],[-95.75,32.87],[-95.562,32.73],[-95.547,32.697],[-94.266,32.581],[-95.167,32.49],[-95.348,32.211],[-95.406,32.236],[-99.8,29.55],[-98.586,29.565],[-98.52,29.52],[-98.521,29.512],[-99.16,29.36],[-100.44,28.61],[-99.24,28.44],[-99.248,28.444],[-98.66,29.23],[-98.66,29.23],[-97.48,29.37],[-99.61,28.35],[-95.84,29.4],[-95.62,29.62],[-95.2,29.51],[-95.129,29.549],[-102.78,35.86],[-102.58,35.95],[-102.52,36.06],[-102.52,36.05],[-102.5,36.07],[-102.52,36.06],[-102.24,36.24],[-102.15,36.35],[-103.02,36.38],[-101.99,35.84],[-102.23,36.04],[-101.99,35.26],[-102.44,36.06],[-100.85,32.4],[-100.85,32.4],[-100.85,32.4],[-100.85,32.4],[-100.88,34.86],[-100.89,34.86],[-100.72,32.521],[-100.9,34.77],[-100.77,34.9],[-100.86,33.51],[-100.77,34.9],[-101.47,32.25],[-100.52,33.8],[-100.52,33.8],[-102.23,31.13],[-101.167,32.88],[-100.831,32.529],[-98.63,29.67],[-98.63,28.86],[-98.7,28.86],[-99.09,28.93],[-96.63,31.3],[-99.464,27.363],[-99.388,27.478],[-99.608,27.647],[-98.412,27.593],[-98.115,27.739],[-97.169,26.11],[-101.43,34.12],[-102.432,30.343],[-99.06,33.67],[-100.757,33.35],[-102.417,30.148],[-102.4,30.15],[-101.72,32.491],[-101.003,32.85],[-99.94,30.92],[-98.81,33.65],[-100.05,32.86],[-97.85,33.57],[-97.85,33.56],[-97.57,33.53],[-97.161,33.487],[-102.6,30.144],[-100.82,35.18],[-101.197,33.211],[-102.65,35.35],[-99.64,30.79],[-101.36,35.25],[-101.77,34.53],[-99.28,26.88],[-101.325,34.024],[-99.23,26.9],[-101.099,33.7],[-100.85,33.48],[-100.624,33.319],[-100.778,32.822],[-100.41,32.47],[-100.41,32.47],[-101.072,32.72],[-100.54,32.45],[-97.523,26.022],[-97.66,27.867],[-97.664,27.857],[-97.66,27.86],[-98.8,29.23],[-98.481,29.334],[-98.609,29.356],[-98.66,29.39],[-98.7,29.46],[-98.55,29.5],[-98.64,29.46],[-98.58,29.53],[-98.46,29.49],[-98.572,29.508],[-98.51,29.59],[-98.47,29.6],[-98.51,29.59],[-98.5,29.66],[-98.48,29.71],[-98.4,29.87],[-98.3,30.83],[-101.5,31.87],[-100.848,32.388],[-99.59,34.19],[-100.62,32.37],[-100.42,32.47],[-99.8,32.94],[-99.73,32.45],[-99.5,32.4],[-99.99,32.11],[-100.3,31.94],[-99.62,31.99],[-100.5,31.19],[-99.64,31.87],[-99.17,31.75],[-100.64,30.57],[-101.12,30.12],[-99.77,30.49],[-100.43,34.507],[-101.82,36.02],[-101.96,35.61],[-100.45,34.22],[-101.6,35.66],[-101.6,35.63],[-101.6,35.64],[-101.6,35.64],[-101.6,35.58],[-101.6,35.64],[-101.45,35.66],[-101.44,35.66],[-101.36,35.69],[-97.478,31.036],[-97.463,31.062],[-97.466,31.151],[-97.482,31.054],[-100.64,35.69],[-101.81,36.49],[-97.53,33.7],[-94.316,33.451],[-95.307,32.266],[-95.367,32.311],[-96.48,31.03],[-96.48,31.03],[-98.86,31.94],[-96.15,31.37],[-100.63,28.95],[-97.432,32.655],[-97.362,32.705],[-97.147,33.172],[-98.62,31.9],[-98.35,31.23],[-98.36,31.21],[-99.33,31.08],[-99.07,30.97],[-98.48,29.55],[-98.51,29.58],[-98.47,29.48],[-98.86,29.8],[-97.68,29.97],[-100.01,29.62],[-100.41,29.32],[-98.9,29.15],[-98.33,29.26],[-98.29,29.88],[-103.558,31.581],[-99.31,31.5],[-98.83,31.61],[-98.95,31.74],[-99.16,31.47],[-99.14,31.51],[-98.86,31.93],[-99.84,31.16],[-98.87,31.98],[-99.63,31.43],[-98.68,32.2],[-99.58,31.2],[-99.63,31.43],[-98.22,32.53],[-97.8,32.77],[-97.8,32.77],[-99.37,31.07],[-100.5,31.19],[-100.5,31.19],[-99.01,30.62],[-99.21,30.02],[-100.574,33.248],[-100.196,33.041],[-99.17,32.55],[-99.5,32.4],[-98.797,32.75],[-99.42,32.16],[-102.16,35.77],[-99.42,32.11],[-101.4,35.66],[-99.62,31.99],[-102.11,35.45],[-101.88,35.25],[-101.17,35.57],[-101.17,35.43],[-101.83,35.26],[-101.87,35.24],[-101.85,35.29],[-101.83,35.31],[-101.77,35.24],[-101.82,35.28],[-101.71,35.23],[-101.82,35.26],[-101.57,35.18],[-101.5,35.11],[-100.89,34.94],[-100.77,34.9],[-99.78,32.41],[-99.764,32.465],[-99.73,32.45],[-99.8,32.42],[-99.78,32.35],[-99.88,32.34],[-100.34,29.97],[-95.54,29.87],[-95.719,29.775],[-95.68,29.02],[-100.28,35.51],[-100.16,35.54],[-100.28,35.44],[-100.24,35.44],[-100.61,35.33],[-100.28,35.44],[-100.25,35.23],[-95.24,29.59],[-100.25,35.22],[-99.99,30.23],[-100.0,34.76],[-99.88,34.39],[-101.47,32.25],[-97.6,30.8],[-103.155,30.282],[-103.247,30.197],[-102.07,36.34],[-101.79,36.34],[-102.59,36.0],[-102.56,36.05],[-102.02,36.03],[-101.98,36.04],[-102.4,35.81],[-101.19,36.2],[-101.16,36.23],[-102.31,35.68],[-100.97,36.06],[-101.07,36.2],[-101.45,35.89],[-101.96,35.65],[-101.96,35.64],[-100.38,36.0],[-101.47,35.42],[-101.49,35.31],[-101.3,35.21],[-101.24,35.06],[-101.36,35.07],[-100.6,35.1],[-100.22,35.02],[-102.128,31.415],[-101.758,31.34],[-102.345,31.094],[-101.38,30.86],[-100.5,31.11],[-100.17,30.88],[-100.11,30.88],[-100.04,30.87],[-99.25,30.34],[-99.29,30.12],[-99.03,29.39],[-98.83,29.36],[-104.663,29.98],[-104.57,29.8],[-103.356,29.715],[-99.86,28.48],[-102.57,35.85],[-95.154,29.77],[-102.71,35.03],[-103.103,31.866],[-102.56,35.89],[-102.44,35.85],[-102.44,35.85],[-102.44,35.85],[-95.455,28.968],[-102.4,35.86],[-102.4,35.87],[-102.63,35.03],[-102.4,35.89],[-94.53,30.28],[-102.51,34.95],[-102.45,35.03],[-102.46,35.03],[-102.45,35.03],[-102.52,36.06],[-102.52,36.06],[-102.51,34.98],[-102.55,35.1],[-102.55,35.1],[-102.44,36.08],[-101.11,35.2],[-100.86,34.93],[-101.19,36.13],[-100.96,35.56],[-100.96,35.55],[-101.737,32.413],[-100.89,35.08],[-101.03,36.08],[-100.91,35.04],[-101.09,36.2],[-101.5,32.261],[-101.48,32.08],[-101.488,31.917],[-101.488,31.914],[-100.074,34.097],[-101.626,31.826],[-100.38,34.327],[-99.74,34.3],[-100.82,34.94],[-102.265,30.431],[-100.91,35.04],[-100.77,34.9],[-100.75,34.9],[-100.76,34.9],[-101.43,32.915],[-100.54,36.21],[-100.85,35.18],[-101.38,33.166],[-100.846,34.467],[-100.38,36.4],[-100.56,36.46],[-100.93,34.97],[-100.91,35.04],[-100.91,35.07],[-100.91,35.04],[-100.97,35.3],[-102.161,30.778],[-102.161,30.778],[-101.88,30.92],[-101.594,31.637],[-101.594,31.637],[-101.07,31.68],[-101.47,31.2],[-96.4,30.16],[-100.45,31.3],[-99.51,34.14],[-100.1,31.957],[-99.93,31.97],[-98.93,33.45],[-100.08,36.14],[-99.67,34.3],[-100.1,35.61],[-99.44,30.06],[-99.15,30.04],[-99.2,30.09],[-97.68,30.19],[-100.6,31.32],[-99.96,31.74],[-99.95,31.98],[-100.775,32.684],[-99.61,30.58],[-99.65,30.62],[-99.65,30.62],[-99.625,30.576],[-99.59,30.35],[-99.92,32.43],[-99.09,30.3],[-102.158,32.16],[-99.47,29.32],[-99.29,30.26],[-99.47,29.33],[-99.48,29.47],[-100.14,32.93],[-98.69,29.54],[-100.6,35.69],[-100.29,35.66],[-100.29,35.58],[-101.38,35.35],[-101.38,35.35],[-101.38,35.35],[-102.66,35.28],[-101.83,35.36],[-99.41,33.6],[-96.594,33.33],[-96.552,33.344],[-99.2,33.31],[-99.81,32.61],[-99.56,32.34],[-101.486,32.236],[-101.48,32.08],[-100.917,32.72],[-101.79,33.16],[-101.96,33.51],[-102.33,35.75],[-101.848,32.171],[-102.09,35.34],[-98.569,28.279],[-95.34,32.8],[-97.868,27.492],[-97.85,27.42],[-97.86,27.51],[-101.806,32.52],[-103.01,32.73],[-95.392,32.023],[-95.715,31.781],[-95.63,31.75],[-97.01,30.41],[-94.838,29.277],[-97.17,29.98],[-99.73,32.45],[-100.24,32.27],[-100.72,31.67],[-99.74,32.37],[-99.2,33.76],[-101.373,32.332],[-98.6,33.1],[-95.92,33.62],[-95.05,33.613],[-94.913,33.58],[-94.164,33.447],[-94.254,33.349],[-102.753,32.725],[-102.719,32.72],[-102.753,32.725],[-97.188,31.539],[-97.12,31.47],[-102.11,35.45],[-102.11,35.45],[-101.9,35.49],[-101.98,34.98],[-101.92,35.06],[-101.91,34.98],[-101.95,35.13],[-101.376,34.227],[-102.834,31.299],[-95.54,29.57],[-100.257,34.382],[-103.883,30.608],[-99.5,30.09],[-99.15,30.05],[-99.16,30.05],[-99.15,30.06],[-99.14,30.04],[-99.14,30.04],[-102.4,30.15],[-98.8,29.85],[-97.13,32.0],[-102.35,31.4],[-97.75,27.67],[-98.5,29.44],[-102.723,34.3],[-101.27,35.11],[-101.0,35.18],[-100.6,35.26],[-101.12,35.2],[-101.25,35.21],[-101.19,35.03],[-101.79,35.07],[-94.76,32.53],[-94.57,32.5],[-94.16,33.12],[-98.37,33.77],[-98.8,33.78],[-99.81,32.61],[-98.98,32.36],[-98.97,32.358],[-98.9,32.75],[-99.0,32.97],[-102.01,33.44],[-102.882,30.87],[-100.342,33.754],[-102.063,32.0],[-100.44,35.56],[-100.07,34.81],[-101.848,34.741],[-101.67,35.2],[-101.65,35.25],[-102.01,35.69],[-105.945,31.834],[-104.502,31.063],[-100.935,32.717],[-102.855,31.34],[-102.394,31.851],[-100.48,31.92],[-101.38,35.35],[-100.6,35.23],[-102.269,31.898],[-102.272,31.896],[-102.165,32.0],[-101.48,32.08],[-102.97,36.32],[-101.47,32.25],[-103.02,36.38],[-102.55,36.09],[-102.44,36.06],[-102.513,31.847],[-102.394,31.87],[-102.346,31.864],[-102.341,31.833],[-99.81,34.29],[-99.74,34.3],[-98.92,34.03],[-98.92,34.03],[-99.18,33.18],[-99.18,33.18],[-99.9,32.76],[-99.62,32.8],[-99.73,32.45],[-100.54,36.46],[-94.561,32.319],[-100.82,29.72],[-100.68,29.8],[-100.62,29.79],[-100.04,29.84],[-99.92,29.74],[-99.69,30.07],[-100.45,29.28],[-100.31,29.32],[-99.25,29.84],[-97.22,32.4],[-97.13,32.57],[-99.1,29.78],[-97.146,32.564],[-98.52,29.97],[-95.368,29.645],[-94.0,30.13],[-94.11,30.22],[-93.76,30.1],[-94.244,32.542],[-94.074,32.788],[-94.079,32.945],[-94.409,33.473],[-95.15,31.8],[-100.41,29.32],[-98.52,29.6],[-97.22,32.31],[-97.12,32.42],[-97.12,32.4],[-96.85,32.4],[-96.85,32.4],[-96.85,32.4],[-96.32,32.54],[-96.413,32.486],[-96.32,32.53],[-96.32,32.58],[-96.302,32.587],[-96.11,32.57],[-95.983,32.619],[-96.824,33.15],[-96.847,33.152],[-103.48,31.42],[-101.38,33.18],[-102.52,36.03],[-102.37,35.25],[-101.63,35.97],[-101.41,36.26],[-101.41,36.26],[-101.97,35.86],[-101.98,35.86],[-101.97,35.86],[-101.98,35.86],[-102.13,32.038],[-95.479,30.318],[-97.6,33.2],[-97.87,33.13],[-97.85,33.57],[-97.85,33.57],[-97.77,33.18],[-97.65,33.15],[-97.53,33.17],[-97.6,33.11],[-97.29,33.22],[-97.25,33.24],[-97.58,33.08],[-97.25,33.27],[-97.87,31.98],[-97.18,33.12],[-97.21,33.08],[-97.09,33.03],[-96.93,33.18],[-97.45,31.98],[-97.49,31.85],[-98.38,31.45],[-96.64,33.18],[-96.58,33.28],[-96.97,33.4],[-97.179,31.997],[-97.15,32.006],[-96.2,33.28],[-96.25,33.38],[-95.97,33.42],[-97.47,31.2],[-97.47,31.2],[-96.2,33.28],[-96.2,33.24],[-97.47,31.07],[-97.47,31.2],[-97.68,30.83],[-96.46,30.65],[-102.048,33.59],[-102.35,31.154],[-100.88,32.628],[-101.0,32.58],[-100.91,35.04],[-100.88,32.628],[-100.89,34.19],[-101.48,33.76],[-101.58,31.559],[-100.86,35.18],[-101.63,31.635],[-101.347,31.67],[-101.21,33.94],[-101.58,31.559],[-100.31,32.44],[-100.41,34.91],[-101.59,33.88],[-102.383,31.823],[-102.37,31.85],[-99.73,33.16],[-102.131,31.664],[-102.189,31.942],[-102.124,32.042],[-99.67,33.27],[-99.26,33.6],[-102.4,30.15],[-98.92,34.03],[-98.96,34.03],[-98.92,34.03],[-100.85,32.4],[-98.87,34.12],[-100.42,29.334],[-96.97,33.167],[-96.596,33.011],[-93.93,29.91],[-94.0,30.92],[-93.93,29.9],[-93.93,29.9],[-94.03,29.9],[-93.93,29.9],[-93.94,29.97],[-101.6,35.32],[-101.44,35.82],[-96.81,33.15],[-96.68,33.1],[-97.432,32.314],[-97.4,32.35],[-99.41,31.32],[-97.4,32.35],[-97.4,32.35],[-97.4,32.35],[-97.22,32.4],[-99.0,31.32],[-98.94,31.34],[-97.5,32.02],[-97.362,32.04],[-97.588,31.791],[-94.871,32.361],[-97.25,31.8],[-97.02,31.73],[-99.13,30.75],[-96.62,33.2],[-97.596,31.159],[-97.09,33.03],[-97.13,32.97],[-96.34,32.04],[-97.0,33.07],[-99.01,30.58],[-97.09,33.03],[-96.07,33.58],[-96.85,33.22],[-97.8,32.45],[-97.34,32.85],[-97.403,32.736],[-97.4,32.78],[-97.39,32.75],[-97.34,32.75],[-97.25,32.83],[-97.747,31.109],[-98.77,29.83],[-98.74,29.87],[-97.213,32.418],[-98.09,30.2],[-99.85,31.133],[-99.63,30.87],[-99.53,30.87],[-97.97,29.84],[-99.184,30.699],[-98.16,29.7],[-99.22,28.46],[-99.499,27.331],[-103.15,31.75],[-103.519,30.907],[-104.4,31.89],[-103.244,31.013],[-104.38,31.89],[-103.219,31.094],[-105.506,31.204],[-103.305,31.355],[-104.685,31.05],[-104.499,31.07],[-102.651,32.378],[-103.981,30.58],[-103.998,30.58],[-103.244,31.013],[-103.243,31.036],[-102.32,34.55],[-102.12,34.38],[-100.79,35.43],[-100.93,35.4],[-100.88,35.38],[-100.95,35.4],[-102.5,31.83],[-102.603,31.98],[-102.08,32.0],[-102.189,31.942],[-102.143,31.993],[-102.141,32.016],[-102.091,32.002],[-102.541,32.302],[-101.87,32.3],[-101.11,35.28],[-102.115,30.044],[-101.12,35.21],[-101.11,35.2],[-102.65,32.59],[-101.36,35.18],[-101.981,33.167],[-101.7,34.185],[-98.38,33.27],[-98.123,27.224],[-98.958,26.933],[-98.13,26.93],[-100.43,34.507],[-98.54,33.81],[-97.767,33.628],[-102.52,36.06],[-101.97,35.86],[-101.44,35.82],[-100.8,36.39],[-100.81,36.39],[-100.8,36.44],[-100.15,36.44],[-101.6,35.64],[-100.56,36.27],[-101.6,35.64],[-97.772,33.883],[-97.662,33.862],[-97.38,33.77],[-97.192,33.621],[-97.092,33.594],[-97.132,33.632],[-98.68,32.47],[-96.851,33.295],[-96.02,33.78],[-96.64,33.16],[-98.25,32.19],[-97.61,32.71],[-96.7,33.14],[-97.177,33.577],[-97.249,33.235],[-97.164,33.184],[-97.231,33.132],[-96.33,32.98],[-97.047,33.092],[-96.332,32.975],[-96.83,33.01],[-96.797,32.998],[-96.72,32.95],[-94.79,32.507],[-96.78,32.77],[-96.75,32.6],[-95.9,33.25],[-95.77,33.33],[-96.23,32.13],[-95.4,32.49],[-94.76,32.56],[-95.48,31.36],[-95.46,31.32],[-94.93,31.48],[-94.94,31.42],[-94.58,31.28],[-94.82,31.0],[-94.42,31.16],[-94.18,30.79],[-94.0,30.85],[-94.03,30.74],[-94.03,30.74],[-100.051,34.543],[-101.633,33.43],[-94.97,29.75],[-94.74,30.15],[-94.41,29.91],[-96.17,32.27],[-96.14,32.33],[-95.84,33.3],[-95.9,33.25],[-96.17,33.43],[-96.26,32.53],[-95.75,32.87],[-95.876,32.536],[-95.53,33.65],[-98.0,28.65],[-97.82,28.54],[-97.8,28.62],[-100.754,32.42],[-100.76,32.45],[-100.54,32.45],[-100.54,32.46],[-100.05,31.65],[-101.32,29.7],[-98.62,31.9],[-101.34,29.7],[-100.92,29.41],[-97.299,32.835],[-97.25,32.93],[-97.35,32.97],[-100.77,29.36],[-99.93,29.74],[-99.93,29.74],[-95.7,30.39],[-95.97,31.15],[-94.942,31.49],[-97.91,30.27],[-97.69,30.65],[-95.638,31.186],[-96.84,29.94],[-94.18,31.795],[-94.181,31.791],[-94.164,31.807],[-94.37,32.03],[-97.77,26.21],[-97.65,26.23],[-97.69,26.21],[-99.72,33.98],[-96.48,33.2],[-96.49,33.15],[-96.5,33.18],[-96.2,33.237],[-95.507,33.633],[-95.48,33.61],[-95.38,33.7],[-95.35,33.67],[-95.68,33.37],[-95.67,33.43],[-101.57,35.17],[-100.889,34.09],[-99.74,34.4],[-101.61,35.64],[-101.98,36.39],[-100.57,34.77],[-99.42,34.32],[-99.55,34.26],[-100.79,29.36],[-100.8,29.36],[-99.86,32.46],[-99.81,32.63],[-100.41,29.32],[-99.97,32.27],[-99.8,32.21],[-100.91,29.37],[-101.47,31.2],[-95.97,33.42],[-95.92,33.58],[-97.79,30.37],[-97.786,30.372],[-97.761,30.367],[-97.71,30.43],[-96.65,30.98],[-97.67,30.48],[-95.181,32.461],[-95.152,32.057],[-95.145,32.074],[-101.38,33.68],[-102.12,35.75],[-101.6,35.64],[-101.6,35.66],[-101.57,35.73],[-101.56,35.72],[-101.96,35.64],[-101.38,35.21],[-101.95,35.69],[-101.86,35.69],[-101.91,35.69],[-101.86,35.69],[-101.77,35.68],[-101.59,35.82],[-101.89,36.42],[-101.44,35.82],[-101.81,36.49],[-101.47,36.06],[-101.13,36.3],[-100.82,36.4],[-100.8,36.39],[-101.17,35.43],[-100.91,35.08],[-100.62,35.19],[-100.6,35.23],[-100.22,35.01],[-100.07,34.39],[-102.281,31.92],[-100.24,34.91],[-102.08,32.0],[-102.162,32.004],[-102.148,31.979],[-101.72,32.52],[-99.81,33.91],[-100.39,35.89],[-100.38,35.9],[-100.38,35.91],[-100.37,35.9],[-99.62,31.99],[-99.643,31.97],[-99.58,31.95],[-99.5,32.4],[-98.92,34.06],[-98.92,34.06],[-99.13,32.03],[-99.13,32.03],[-98.81,33.65],[-98.9,32.75],[-98.37,33.71],[-100.32,32.09],[-97.74,33.79],[-98.37,31.67],[-98.12,31.7],[-100.85,32.4],[-100.82,32.319],[-102.455,31.85],[-102.37,31.835],[-100.68,32.53],[-99.18,33.18],[-99.169,33.178],[-98.74,33.32],[-98.76,33.34],[-98.44,33.58],[-98.3,33.55],[-99.23,33.71],[-99.986,31.952],[-100.58,31.31],[-100.495,31.371],[-100.495,31.371],[-98.57,34.09],[-100.05,32.01],[-98.54,34.11],[-100.428,31.389],[-100.483,31.423],[-100.479,31.444],[-100.46,31.43],[-99.942,31.52],[-97.91,31.7],[-98.03,31.92],[-100.18,31.408],[-99.13,31.7],[-97.93,31.8],[-100.55,31.16],[-102.02,33.428],[-99.63,29.3],[-99.57,29.32],[-99.24,28.97],[-98.78,27.93],[-98.64,27.88],[-98.62,27.86],[-94.73,31.28],[-94.709,31.373],[-94.06,31.967],[-97.91,31.49],[-95.174,31.797],[-95.151,31.809],[-94.975,31.941],[-97.39,31.58],[-97.3,31.63],[-97.244,31.63],[-97.08,31.69],[-97.1,31.63],[-103.52,29.13],[-99.471,27.479],[-99.44,27.5],[-99.48,27.55],[-99.23,26.9],[-99.08,26.42],[-103.039,30.88],[-100.26,32.85],[-99.73,32.45],[-99.73,32.45],[-99.35,32.21],[-98.17,33.96],[-98.313,33.922],[-97.72,33.67],[-95.58,31.62],[-95.417,31.538],[-97.67,30.48],[-97.62,30.44],[-97.57,30.48],[-98.73,29.26],[-98.66,29.23],[-97.4,30.35],[-97.12,30.22],[-97.12,30.22],[-96.93,30.2],[-96.93,30.18],[-98.43,29.08],[-97.82,30.08],[-98.55,28.36],[-97.51,28.04],[-97.085,28.054],[-102.04,36.23],[-102.24,36.24],[-101.21,36.04],[-102.04,36.19],[-97.53,33.84],[-97.222,33.641],[-96.13,32.86],[-99.93,29.74],[-100.21,29.99],[-95.52,31.84],[-94.862,32.557],[-94.188,32.741],[-97.92,30.72],[-94.06,32.48],[-95.058,31.551],[-97.7,30.19],[-98.41,29.95],[-97.35,31.1],[-98.45,29.75],[-103.88,30.58],[-103.78,29.28],[-106.437,31.927],[-98.48,29.07],[-101.13,36.33],[-100.58,36.46],[-102.52,36.06],[-100.85,36.38],[-100.91,36.32],[-100.65,36.21],[-101.48,36.06],[-101.45,36.02],[-101.44,35.63],[-101.4,35.66],[-101.4,35.69],[-94.44,30.52],[-94.32,30.37],[-96.995,32.482],[-96.886,32.526],[-96.814,32.532],[-96.86,32.43],[-96.85,32.443],[-96.8,32.52],[-96.814,32.494],[-97.657,31.923],[-96.626,32.328],[-97.22,31.85],[-96.17,32.33],[-97.1,31.8],[-96.041,32.331],[-97.22,31.85],[-97.018,31.73],[-96.8,31.85],[-96.884,31.76],[-96.879,31.756],[-95.429,32.326],[-95.55,32.45],[-95.48,32.308],[-95.48,32.308],[-96.65,31.754],[-95.348,32.203],[-95.12,32.14],[-95.3,32.32],[-96.5,31.61],[-95.3,32.3],[-95.3,32.35],[-96.52,31.53],[-95.42,32.34],[-94.89,32.177],[-94.8,32.16],[-95.26,31.97],[-96.32,31.23],[-94.84,31.82],[-95.33,31.36],[-94.68,31.56],[-94.73,31.35],[-94.42,31.36],[-94.71,31.37],[-94.58,31.28],[-96.52,30.45],[-96.562,30.386],[-96.79,30.15],[-99.16,29.44],[-96.7,30.06],[-94.18,30.69],[-102.87,34.83],[-102.55,34.09],[-102.33,33.92],[-102.14,34.07],[-102.37,31.792],[-102.2,31.85],[-102.274,31.904],[-102.189,31.942],[-101.05,35.55],[-101.11,35.2],[-100.62,36.39],[-100.976,34.626],[-100.941,34.632],[-100.33,35.91],[-100.58,34.81],[-100.21,34.84],[-103.037,30.78],[-101.807,32.68],[-102.443,31.839],[-102.37,31.835],[-102.369,31.852],[-102.355,31.88],[-102.323,31.889],[-102.346,31.861],[-102.158,32.012],[-102.189,31.942],[-102.116,31.969],[-102.141,32.016],[-101.054,32.501],[-101.02,32.422],[-102.15,33.41],[-100.91,34.4],[-101.83,32.97],[-100.39,34.34],[-101.62,32.68],[-100.91,34.94],[-101.482,32.44],[-101.349,32.352],[-101.3,32.285],[-101.42,32.54],[-105.71,31.163],[-106.62,31.907],[-106.448,31.94],[-103.02,36.38],[-101.95,35.93],[-102.08,32.0],[-101.95,34.99],[-101.92,34.98],[-101.93,34.99],[-101.94,34.98],[-101.92,34.98],[-100.57,33.25],[-102.68,35.94],[-102.83,33.18],[-102.942,30.621],[-96.62,32.79],[-97.374,27.732],[-97.403,28.674],[-97.224,28.816],[-97.398,28.666],[-97.75,27.67],[-96.993,28.144],[-97.285,28.337],[-101.86,35.78],[-101.36,36.22],[-101.83,35.32],[-101.83,35.27],[-101.81,35.23],[-101.83,35.2],[-101.84,35.18],[-101.86,35.14],[-101.82,35.13],[-101.82,35.2],[-101.85,35.04],[-98.14,30.07],[-98.15,30.02],[-98.17,30.03],[-106.42,31.881],[-105.931,31.801],[-102.06,35.19],[-100.8,36.39],[-102.19,35.2],[-102.06,35.18],[-102.05,35.18],[-102.35,33.58],[-101.3,32.3],[-101.458,32.24],[-100.579,33.245],[-101.97,35.85],[-96.63,32.92],[-94.862,32.269],[-97.321,32.782],[-97.8,32.61],[-97.388,32.736],[-96.886,33.192],[-102.26,35.44],[-100.85,32.4],[-101.97,35.86],[-101.53,36.02],[-100.92,29.39],[-98.19,33.82],[-97.724,33.859],[-102.74,35.28],[-101.453,32.25],[-101.474,32.382],[-102.819,30.18],[-95.763,32.161],[-95.405,32.148],[-99.61,32.01],[-98.33,32.08],[-97.139,32.188],[-102.31,34.23],[-101.57,34.38],[-102.188,33.492],[-101.62,34.33],[-103.67,30.37],[-102.37,34.83],[-102.228,33.18],[-102.27,33.19],[-103.529,30.974],[-97.45,31.16],[-96.65,30.98],[-97.87,33.17],[-96.99,33.23],[-96.82,33.23],[-96.58,33.36],[-95.944,33.007],[-95.6,33.12],[-94.27,30.16],[-94.25,33.231],[-94.26,33.36],[-102.555,32.346],[-102.33,33.92],[-101.99,35.05],[-100.82,34.02],[-100.42,29.31],[-95.54,31.54],[-95.285,32.133],[-95.223,32.225],[-95.23,32.23],[-95.663,29.693],[-95.23,33.2],[-98.7,28.86],[-98.54,28.91],[-98.54,28.91],[-98.02,28.98],[-98.14,28.97],[-97.88,29.02],[-95.222,33.188],[-94.073,33.256],[-95.416,32.506],[-94.712,32.941],[-94.7,33.06],[-94.55,32.8],[-94.333,32.532],[-94.233,32.437],[-94.808,32.541],[-94.72,32.51],[-94.72,32.48],[-95.502,32.922],[-97.22,31.38],[-97.08,31.36],[-98.18,31.05],[-98.1,30.99],[-98.04,30.96],[-98.08,30.98],[-95.96,31.09],[-95.73,31.07],[-97.02,30.73],[-96.87,30.73],[-96.83,30.57],[-97.439,30.476],[-97.66,31.93],[-96.53,30.89],[-96.72,30.53],[-97.5,32.13],[-97.44,32.01],[-97.32,31.96],[-97.0,30.49],[-97.31,31.92],[-97.38,31.86],[-96.35,30.64],[-96.28,30.6],[-96.29,30.64],[-97.439,29.521],[-97.23,29.91],[-97.04,30.01],[-96.29,30.56],[-94.97,30.8],[-94.87,30.82],[-96.29,30.59],[-96.31,30.57],[-100.53,36.12],[-94.26,30.98],[-93.56,31.17],[-98.43,33.92],[-98.23,33.97],[-97.73,33.9],[-97.9,33.68],[-99.16,33.77],[-99.76,33.06],[-99.24,33.62],[-100.54,32.46],[-99.88,32.93],[-99.18,33.34],[-99.18,33.18],[-99.23,32.93],[-99.06,33.02],[-98.81,33.18],[-100.804,32.306],[-98.38,33.38],[-100.98,32.01],[-100.41,32.47],[-100.41,32.45],[-100.66,32.07],[-97.83,33.55],[-99.06,33.01],[-99.79,32.94],[-101.698,31.395],[-102.655,32.106],[-102.55,32.132],[-102.405,32.197],[-98.49,31.94],[-99.461,27.529],[-99.12,28.91],[-99.1,28.89],[-99.09,28.9],[-99.62,28.4],[-98.95,29.35],[-98.82,29.31],[-98.71,29.4],[-98.07,27.76],[-98.39,29.4],[-98.51,28.16],[-97.61,30.0],[-97.31,29.95],[-97.15,33.22],[-96.7,33.67],[-96.67,33.72],[-97.49,32.32],[-97.54,32.3],[-97.45,32.35],[-97.44,32.89],[-97.15,33.22],[-96.75,33.45],[-96.7,33.53],[-96.48,33.52],[-96.57,33.63],[-96.98,33.33],[-96.48,33.52],[-97.15,33.22],[-96.42,33.45],[-96.82,33.23],[-96.81,33.15],[-96.62,33.24],[-96.62,33.2],[-96.18,33.59],[-96.18,33.6],[-96.4,33.3],[-98.145,31.645],[-96.22,33.62],[-96.62,33.24],[-96.61,33.23],[-96.62,33.26],[-96.6,33.21],[-97.99,31.47],[-97.88,31.77],[-97.58,31.78],[-97.6,31.78],[-97.55,31.64],[-96.25,33.38],[-97.37,31.85],[-97.32,31.65],[-97.22,31.85],[-97.24,31.81],[-97.08,31.92],[-98.12,30.96],[-96.57,32.02],[-97.65,31.06],[-98.27,30.58],[-97.67,30.64],[-95.307,32.272],[-94.866,32.406],[-98.26,29.57],[-98.31,29.56],[-98.32,29.5],[-98.28,32.93],[-98.15,32.94],[-98.23,32.91],[-97.85,32.87],[-98.1,32.8],[-97.6,32.8],[-97.86,32.65],[-97.25,32.83],[-97.38,32.23],[-96.98,32.48],[-96.88,32.53],[-96.98,32.48],[-96.98,32.48],[-96.85,32.4],[-96.85,32.46],[-101.575,33.667],[-99.24,28.04],[-102.97,34.54],[-103.25,30.2],[-103.658,30.38],[-102.73,34.23],[-102.87,30.88],[-100.84,33.86],[-100.58,34.55],[-100.51,34.49],[-100.82,34.02],[-100.51,35.65],[-98.07,31.17],[-98.466,30.869],[-98.439,30.864],[-98.47,30.89],[-98.23,30.98],[-98.144,30.95],[-96.56,31.4],[-97.35,31.1],[-95.002,31.977],[-94.787,31.908],[-96.5,31.61],[-93.67,31.0],[-98.36,29.44],[-98.137,29.359],[-98.07,29.35],[-95.53,33.65],[-96.59,33.78],[-96.55,33.75],[-96.59,33.78],[-94.578,33.025],[-94.381,33.012],[-96.69,33.79],[-96.57,33.63],[-97.27,32.85],[-96.82,33.23],[-96.78,33.26],[-96.78,33.28],[-97.25,32.83],[-96.82,33.23],[-97.13,32.85],[-96.665,33.21],[-96.65,33.09],[-97.08,32.83],[-96.68,33.1],[-94.327,32.542],[-96.92,32.82],[-96.89,32.81],[-96.768,33.112],[-96.71,33.07],[-97.94,31.63],[-94.37,32.521],[-94.67,32.47],[-96.52,33.0],[-97.4,31.85],[-97.45,31.77],[-97.94,31.63],[-94.35,32.17],[-98.06,31.07],[-97.0,31.97],[-94.229,31.95],[-96.49,32.12],[-97.47,31.07],[-97.58,30.54],[-100.28,35.45],[-100.89,34.94],[-100.65,36.13],[-100.49,36.09],[-100.56,36.46],[-100.73,35.21],[-100.37,36.1],[-100.623,34.55],[-100.37,35.94],[-100.1,35.61],[-100.6,34.28],[-100.2,34.42],[-100.56,31.95],[-100.27,35.44],[-100.2,34.42],[-100.72,31.73],[-100.53,34.72],[-100.02,34.77],[-100.2,34.85],[-101.613,33.157],[-98.02,31.12],[-98.0,31.08],[-98.0,31.08],[-98.0,33.32],[-101.401,33.481],[-102.02,33.428],[-101.957,33.592],[-102.027,33.795],[-97.85,33.57],[-97.85,33.57],[-101.883,33.739],[-102.54,34.83],[-102.43,34.79],[-101.543,34.2],[-102.27,35.13],[-102.655,34.38],[-99.8,32.94],[-102.517,34.321],[-98.4,30.15],[-98.4,30.14],[-101.54,36.27],[-99.44,30.06],[-99.44,30.17],[-101.47,36.03],[-99.46,29.65],[-100.64,35.68],[-100.72,35.68],[-100.39,35.92],[-100.38,35.91],[-100.37,35.94],[-100.38,35.9],[-100.67,35.42],[-101.166,31.084],[-102.01,33.51],[-101.84,33.99],[-103.6,31.7],[-102.11,34.39],[-102.62,33.09],[-102.05,35.79],[-101.6,35.64],[-101.6,35.64],[-101.19,34.14],[-101.55,35.63],[-101.49,33.28],[-101.56,35.67],[-101.18,33.08],[-101.957,33.592],[-101.0,35.61],[-100.8,36.4],[-100.8,36.29],[-100.61,36.0],[-99.89,34.34],[-100.3,34.01],[-98.92,34.03],[-98.58,34.1],[-98.57,34.1],[-98.68,33.95],[-106.526,31.825],[-106.3,31.78],[-106.421,31.879],[-106.42,31.9],[-106.425,31.91],[-103.67,30.384],[-101.24,36.2],[-103.3,29.3],[-104.106,31.048],[-98.31,32.6],[-98.37,32.55],[-98.34,32.41],[-100.34,35.62],[-100.34,35.62],[-100.32,35.59],[-100.36,35.56],[-100.37,35.56],[-98.79,31.68],[-99.17,30.73],[-94.03,30.27],[-94.19,30.1],[-95.31,29.49],[-95.331,29.962],[-101.41,36.26],[-101.17,35.58],[-101.18,35.58],[-101.18,35.58],[-102.1,36.32],[-102.11,36.38],[-101.27,36.2],[-101.0,36.43],[-102.01,36.09],[-101.44,35.91],[-101.2,36.19],[-101.19,36.18],[-101.25,36.08],[-100.82,36.19],[-100.27,36.28],[-100.64,35.69],[-100.33,36.45],[-100.4,35.48],[-100.24,35.41],[-102.24,36.5],[-101.35,36.33],[-101.37,36.34],[-101.41,36.36],[-101.26,36.34],[-100.55,36.45],[-100.8,36.39],[-100.54,36.46],[-99.74,32.91],[-101.24,30.47],[-99.62,32.8],[-100.81,30.57],[-98.77,33.37],[-97.74,33.81],[-97.73,33.78],[-99.73,33.04],[-100.498,31.371],[-98.99,31.68],[-99.77,29.79],[-99.78,29.79],[-99.28,29.61],[-101.06,35.54],[-100.64,35.69],[-100.64,35.71],[-101.38,35.35],[-101.38,35.35],[-101.53,35.73],[-101.76,35.19],[-101.88,35.15],[-101.88,35.18],[-100.55,35.71],[-102.25,35.51],[-101.88,36.14],[-101.37,35.35],[-102.76,34.38],[-98.75,33.69],[-98.76,33.38],[-102.43,35.25],[-102.01,36.04],[-101.4,36.26],[-101.4,36.23],[-100.92,36.2],[-101.156,32.619],[-100.48,33.21],[-101.037,32.35],[-101.38,30.86],[-98.68,32.47],[-98.76,32.35],[-104.68,30.535],[-101.88,30.92],[-102.159,31.972],[-102.165,32.0],[-95.212,32.425],[-96.62,33.2],[-100.582,34.71],[-96.87,33.09],[-96.72,33.02],[-96.54,33.17],[-96.89,33.09],[-96.92,32.92],[-100.18,31.6],[-100.32,31.55],[-97.12,32.73],[-96.98,33.3],[-96.99,33.23],[-96.99,33.28],[-100.38,34.327],[-97.09,32.94],[-99.8,32.94],[-99.83,32.61],[-100.96,35.59],[-100.94,35.58],[-102.18,34.95],[-102.51,34.74],[-101.44,35.84],[-97.65,32.89],[-97.61,32.87],[-97.48,32.77],[-97.02,33.57],[-97.93,32.68],[-98.55,32.12],[-96.98,32.75],[-97.434,32.034],[-97.86,30.57],[-97.64,30.62],[-94.924,32.053],[-97.68,32.97],[-97.58,33.08],[-97.8,32.45],[-97.788,32.423],[-94.391,32.279],[-97.53,32.45],[-97.38,32.47],[-97.14,30.0],[-97.106,32.55],[-97.0,32.95],[-96.992,32.642],[-96.978,32.65],[-95.98,32.68],[-95.883,32.846],[-95.79,32.79],[-95.78,32.82],[-95.215,33.041],[-96.57,33.31],[-96.616,33.636],[-94.979,33.169],[-94.347,33.334],[-96.34,29.31],[-95.43,29.44],[-95.25,29.43],[-97.35,32.97],[-97.291,32.992],[-97.18,33.02],[-103.75,31.512],[-103.991,31.633],[-104.296,30.425],[-103.75,31.512],[-103.429,31.769],[-99.63,30.78],[-102.75,35.88],[-102.25,35.85],[-102.21,35.17],[-102.2,35.13],[-102.46,34.77],[-101.91,35.26],[-101.73,35.27],[-102.4,34.82],[-101.95,34.99],[-101.95,34.99],[-101.92,35.04],[-101.88,34.98],[-101.79,35.08],[-101.78,35.06],[-102.0,33.47],[-100.91,35.04],[-97.25,33.24],[-96.56,33.58],[-96.55,33.57],[-96.44,33.52],[-96.9,33.22],[-96.97,33.24],[-97.0,33.07],[-97.087,33.017],[-97.25,32.93],[-97.0,33.07],[-96.08,33.06],[-97.296,32.853],[-97.298,32.836],[-97.15,32.88],[-95.832,32.906],[-97.1,32.85],[-96.92,32.9],[-96.756,33.013],[-96.62,33.02],[-96.55,33.02],[-96.2,33.28],[-97.186,32.938],[-95.75,33.12],[-97.45,32.68],[-95.47,33.07],[-95.294,32.949],[-94.496,32.575],[-93.67,30.97],[-101.03,36.28],[-101.0,36.31],[-100.8,36.31],[-97.413,32.814],[-97.27,32.8],[-97.29,32.915],[-97.08,32.93],[-96.82,33.23],[-97.317,32.872],[-97.097,33.014],[-96.88,33.03],[-96.7,33.14],[-97.567,32.74],[-97.75,32.23],[-97.718,32.241],[-96.78,32.77],[-96.95,32.58],[-95.62,32.315],[-96.073,32.639],[-96.06,32.9],[-100.42,29.31],[-100.8,31.426],[-100.64,31.6],[-100.55,31.58],[-97.15,33.23],[-99.503,31.01],[-96.869,32.985],[-96.853,33.045],[-96.89,33.09],[-97.44,32.83],[-97.44,32.89],[-98.68,29.56],[-95.263,32.206],[-98.44,29.75],[-97.15,31.55],[-94.093,31.845],[-96.74,32.08],[-97.35,32.97],[-95.479,32.741],[-97.31,30.11],[-96.06,31.25],[-95.675,29.691],[-95.673,29.694],[-95.54,29.73],[-101.12,34.94],[-101.19,35.04],[-100.91,35.03],[-100.89,35.06],[-100.91,35.04],[-100.6,35.15],[-100.6,35.19],[-102.67,35.03],[-100.38,35.91],[-100.9,34.95],[-100.07,35.44],[-100.95,35.99],[-101.51,35.29],[-102.2,34.91],[-100.01,35.23],[-101.92,35.09],[-97.87,33.55],[-97.78,33.4],[-97.77,33.45],[-97.9,33.35],[-99.1,31.82],[-97.57,33.53],[-97.82,33.37],[-97.82,33.33],[-99.21,31.22],[-97.68,33.33],[-99.78,30.91],[-97.7,33.35],[-97.7,33.37],[-97.26,33.65],[-97.15,33.63],[-97.167,33.63],[-97.15,33.66],[-99.34,31.12],[-100.86,29.55],[-96.92,33.65],[-98.94,31.27],[-97.3,33.08],[-98.84,29.39],[-102.55,32.32],[-100.54,32.46],[-100.24,32.27],[-102.118,32.037],[-102.054,32.053],[-100.28,32.02],[-99.62,31.99],[-99.68,32.05],[-97.6,32.7],[-102.689,31.272],[-98.2,32.16],[-101.935,31.225],[-100.54,31.16],[-99.12,30.02],[-96.11,30.92],[-101.36,34.021],[-100.95,33.62],[-102.376,35.357],[-99.87,32.75],[-98.63,33.59],[-103.15,31.75],[-101.94,35.15],[-101.93,35.15],[-101.89,35.18],[-101.93,35.17],[-101.9,35.16],[-101.84,35.2],[-100.04,35.23],[-98.92,34.03],[-102.04,30.84],[-101.78,30.74],[-101.2,30.71],[-99.71,33.16],[-100.9,34.8],[-101.47,35.64],[-100.56,34.75],[-100.44,35.16],[-94.19,30.39],[-94.64,30.11],[-93.66,30.78],[-101.91,32.81],[-101.05,33.06],[-101.17,33.05],[-100.11,32.04],[-101.77,34.54],[-100.725,30.492],[-96.67,31.17],[-95.288,31.87],[-97.31,30.21],[-95.252,31.938],[-96.07,31.47],[-95.52,31.57],[-95.059,31.629],[-94.928,31.74],[-95.457,31.31],[-96.84,30.71],[-98.08,29.84],[-95.426,31.299],[-98.08,29.81],[-98.09,29.81],[-97.94,29.88],[-97.93,29.89],[-97.95,29.86],[-97.93,29.87],[-97.78,29.96],[-97.67,29.95],[-97.45,29.96],[-97.2,30.05],[-98.11,29.27],[-94.707,32.929],[-98.39,29.6],[-94.501,33.082],[-94.37,33.121],[-94.36,33.122],[-102.273,31.901],[-102.751,30.89],[-102.735,30.89],[-102.648,30.878],[-102.082,30.92],[-101.895,30.915],[-97.313,32.913],[-97.32,32.57],[-96.79,33.02],[-96.705,32.945],[-97.73,31.13],[-96.63,32.72],[-99.56,29.61],[-99.53,29.59],[-96.53,31.52],[-96.26,31.61],[-95.059,32.225],[-94.862,32.269],[-93.9,30.66],[-100.65,36.21],[-100.39,36.21],[-100.09,36.34],[-100.04,36.36],[-101.93,35.17],[-101.92,34.98],[-101.89,35.18],[-101.87,35.07],[-101.78,35.2],[-101.8,35.18],[-101.79,35.19],[-101.39,35.69],[-102.25,35.53],[-102.25,35.51],[-101.96,35.66],[-101.44,35.87],[-100.98,33.73],[-102.17,32.642],[-100.21,34.84],[-100.45,35.59],[-100.15,34.88],[-100.91,34.94],[-100.88,34.4],[-101.33,33.98],[-101.38,33.608],[-102.37,31.908],[-102.324,31.888],[-102.252,31.971],[-102.273,31.902],[-100.19,34.75],[-101.944,32.803],[-102.01,31.714],[-101.898,32.017],[-100.66,34.87],[-101.482,32.259],[-101.477,32.393],[-102.503,31.963],[-102.553,31.747],[-100.884,32.715],[-102.346,31.829],[-102.35,31.89],[-102.314,31.883],[-102.104,32.02],[-102.242,31.91],[-102.189,31.942],[-102.273,31.901],[-102.149,32.048],[-100.58,33.25],[-99.15,33.76],[-98.6,34.06],[-98.56,34.09],[-102.62,36.14],[-102.85,32.97],[-101.95,35.15],[-102.3,34.273],[-101.4,35.66],[-102.32,34.55],[-101.4,35.63],[-101.39,35.67],[-101.4,35.66],[-101.974,33.578],[-101.91,35.08],[-101.92,35.07],[-102.06,34.97],[-100.96,35.66],[-101.9,35.12],[-101.94,35.13],[-100.96,35.72],[-102.33,33.73],[-100.68,35.65],[-100.26,36.01],[-101.219,33.888],[-101.539,33.338],[-100.82,34.02],[-102.314,30.887],[-101.922,33.592],[-101.38,33.68],[-99.67,34.3],[-99.291,34.282],[-101.837,33.81],[-103.226,31.612],[-102.832,31.27],[-102.52,34.85],[-101.4,35.66],[-101.4,35.68],[-101.37,35.11],[-102.891,31.194],[-101.3,34.47],[-100.86,34.93],[-100.86,34.93],[-100.02,35.22],[-103.03,35.23],[-102.217,31.116],[-102.32,34.55],[-102.06,35.2],[-101.94,35.15],[-101.94,35.23],[-101.82,35.26],[-102.43,35.25],[-102.34,35.23],[-102.34,35.23],[-100.26,36.01],[-102.12,35.45],[-102.11,35.45],[-101.6,35.64],[-100.53,36.06],[-100.1,36.16],[-102.06,31.929],[-101.793,32.126],[-100.4,32.45],[-101.31,30.82],[-102.87,31.054],[-102.409,30.613],[-103.897,30.586],[-101.2,30.46],[-101.2,30.42],[-99.85,28.94],[-103.725,30.713],[-103.234,30.207],[-103.245,30.204],[-104.043,30.266],[-99.26,33.59],[-98.49,33.91],[-98.763,33.383],[-100.702,32.403],[-100.735,32.412],[-100.736,32.408],[-99.35,33.18],[-96.28,33.49],[-99.81,32.96],[-95.97,33.42],[-97.87,31.61],[-95.85,33.15],[-95.052,33.614],[-95.213,33.469],[-100.753,35.592],[-101.07,35.35],[-100.43,35.433],[-98.601,32.16],[-98.83,31.86],[-98.55,32.12],[-101.812,30.687],[-101.825,30.686],[-102.43,30.501],[-103.351,29.407],[-102.115,30.046],[-96.91,29.54],[-96.91,29.55],[-96.08,29.48],[-101.09,30.18],[-98.55,30.24],[-102.72,34.64],[-99.76,29.73],[-102.51,34.74],[-96.99,30.25],[-102.73,34.17],[-102.43,35.25],[-102.07,36.42],[-102.32,34.66],[-100.464,35.772],[-102.13,36.39],[-103.08,31.85],[-102.07,36.34],[-102.01,36.38],[-101.98,33.538],[-103.013,30.757],[-102.885,32.07],[-102.15,34.94],[-102.562,32.31],[-101.27,36.11],[-100.85,35.91],[-101.654,32.77],[-100.71,35.74],[-100.64,35.7],[-101.451,32.769],[-100.44,35.55],[-100.44,35.53],[-100.44,35.54],[-100.47,35.52],[-102.4,34.81],[-102.42,34.78],[-102.22,35.1],[-102.15,35.19],[-102.14,35.21],[-102.27,35.05],[-102.07,35.22],[-101.89,35.15],[-101.92,35.12],[-101.93,35.15],[-101.94,35.17],[-101.86,35.14],[-101.87,35.1],[-101.87,35.13],[-101.79,35.19],[-101.96,35.56],[-101.97,35.85],[-101.96,35.86],[-101.96,35.86],[-101.91,35.51],[-101.9,35.5],[-96.07,30.76],[-102.11,35.45],[-101.46,35.91],[-102.09,35.86],[-101.06,36.32],[-102.13,34.252],[-101.6,35.64],[-101.57,35.73],[-102.891,31.083],[-101.92,35.06],[-101.89,35.14],[-102.15,33.42],[-102.05,35.28],[-103.066,31.793],[-102.807,32.32],[-100.27,35.59],[-102.876,30.907],[-100.22,36.22],[-100.25,35.23],[-100.07,34.38],[-101.9,35.23],[-100.72,31.73],[-100.82,31.26],[-99.04,29.94],[-98.95,31.38],[-102.66,34.82],[-102.18,34.39],[-102.33,34.72],[-102.11,34.44],[-101.77,34.47],[-101.3,34.47],[-99.77,29.87],[-99.22,30.02],[-99.15,30.06],[-99.1,30.0],[-93.77,30.11],[-98.27,29.84],[-98.28,29.87],[-98.239,29.919],[-98.45,29.75],[-100.01,29.67],[-98.12,29.92],[-93.983,31.147],[-96.9,29.69],[-96.83,29.6],[-96.31,30.01],[-95.99,30.08],[-95.78,29.76],[-95.7,29.97],[-95.12,29.69],[-97.39,28.67],[-95.137,29.591],[-95.137,29.592],[-97.08,28.04],[-94.68,31.584],[-95.88,29.04],[-101.814,36.408],[-103.88,30.58],[-101.7,34.2],[-102.47,34.76],[-102.45,34.82],[-102.44,34.79],[-101.33,33.98],[-101.39,35.5],[-101.109,33.057],[-101.96,35.94],[-98.694,32.75],[-97.673,32.983],[-97.58,32.95],[-97.13,32.85],[-99.427,32.198],[-99.306,31.951],[-97.464,31.147],[-97.73,31.13],[-97.7,31.1],[-97.42,31.1],[-97.59,30.95],[-100.77,31.16],[-97.69,30.65],[-97.96,31.16],[-99.33,30.27],[-99.13,29.85],[-102.73,34.148],[-104.02,30.219],[-102.14,36.29],[-102.02,36.31],[-102.26,36.23],[-103.243,30.129],[-103.246,30.201],[-102.4,35.03],[-101.303,32.298],[-102.24,36.19],[-101.351,32.281],[-101.066,32.511],[-101.98,35.01],[-102.01,36.07],[-101.92,35.04],[-101.95,34.99],[-102.0,36.03],[-101.87,34.97],[-103.575,30.288],[-103.683,30.352],[-101.98,33.68],[-101.46,35.64],[-101.38,35.66],[-101.82,33.67],[-100.35,35.08],[-100.21,34.95],[-96.57,33.35],[-96.463,33.363],[-96.408,33.503],[-96.254,33.484],[-95.98,33.16],[-95.93,33.11],[-99.55,31.76],[-99.32,31.75],[-95.192,33.056],[-95.32,33.52],[-94.737,32.859],[-95.49,33.19],[-95.48,33.19],[-94.557,32.784],[-94.55,32.805],[-99.32,31.74],[-95.18,33.071],[-95.582,33.65],[-95.53,33.65],[-95.43,33.64],[-95.083,32.99],[-95.38,33.68],[-96.62,33.2],[-96.64,33.22],[-95.48,33.67],[-96.37,33.17],[-95.577,32.793],[-95.51,33.63],[-97.94,32.13],[-97.15,31.55],[-96.9,31.3],[-96.64,31.28],[-96.24,32.0],[-100.828,32.896],[-102.652,30.878],[-102.32,31.723],[-101.43,32.727],[-100.6,35.23],[-100.6,35.23],[-98.49,33.97],[-98.49,33.89],[-100.41,32.45],[-99.01,33.6],[-99.74,32.39],[-99.83,32.29],[-101.41,36.24],[-101.16,36.1],[-98.1,32.8],[-100.26,36.01],[-100.38,35.91],[-100.09,31.37],[-100.99,31.84],[-101.419,32.25],[-101.344,32.281],[-100.48,31.52],[-100.52,31.54],[-100.5,31.31],[-100.55,31.15],[-100.52,31.15],[-100.39,31.44],[-101.441,32.77],[-101.711,33.536],[-99.66,31.78],[-101.41,35.33],[-101.38,35.35],[-101.38,35.34],[-101.41,36.26],[-101.41,36.26],[-101.41,36.26],[-101.85,35.29],[-101.83,35.28],[-101.84,35.31],[-95.492,29.98],[-94.204,33.464],[-94.303,33.346],[-96.682,32.798],[-97.25,32.93],[-102.66,36.08],[-103.48,31.188],[-103.342,31.169],[-103.6,31.7],[-102.33,35.75],[-103.6,31.7],[-102.38,35.78],[-102.37,35.84],[-102.28,35.78],[-97.18,33.37],[-97.158,33.372],[-96.803,32.809],[-96.834,32.824],[-102.884,30.953],[-102.884,30.953],[-102.873,30.909],[-101.43,35.35],[-102.4,34.88],[-102.893,30.9],[-101.82,35.2],[-105.361,31.175],[-104.24,30.513],[-106.272,31.64],[-106.161,31.511],[-103.0,35.68],[-101.219,33.888],[-97.65,30.39],[-98.43,29.75],[-98.52,29.47],[-98.47,29.48],[-98.5,29.49],[-98.5,29.42],[-98.485,29.439],[-97.595,28.529],[-97.797,28.571],[-97.88,27.527],[-96.72,32.89],[-96.63,32.92],[-96.67,32.43],[-96.5,31.68],[-98.12,31.7],[-96.48,31.03],[-98.0,31.08],[-97.38,30.32],[-97.32,30.11],[-99.14,30.05],[-99.15,30.05],[-98.73,29.79],[-98.63,29.73],[-98.68,29.56],[-99.14,29.35],[-99.14,29.35],[-101.66,34.88],[-102.95,34.671],[-101.82,33.699],[-102.11,35.45],[-100.38,35.9],[-100.637,35.713],[-103.02,36.38],[-101.45,36.26],[-100.901,36.146],[-103.668,30.367],[-102.33,35.38],[-102.65,32.72],[-100.963,35.517],[-96.635,33.706],[-101.47,32.25],[-100.97,36.26],[-100.86,36.29],[-100.97,36.32],[-100.97,36.32],[-100.52,35.7],[-98.237,26.209],[-100.43,35.29],[-105.87,31.29],[-103.02,31.57],[-106.51,31.84],[-103.395,31.458],[-99.13,33.79],[-100.241,33.324],[-96.294,32.98],[-102.43,34.83],[-101.88,35.22],[-101.85,35.27],[-101.83,35.27],[-101.891,35.2],[-101.5,34.98],[-100.53,36.26],[-104.22,31.847],[-100.39,35.9],[-100.26,36.01],[-100.13,36.48],[-101.63,35.59],[-97.23,33.77],[-98.68,30.66],[-98.455,30.751],[-98.18,31.07],[-97.289,32.62],[-97.91,31.237],[-97.75,31.43],[-96.916,33.152],[-98.94,29.17],[-98.42,30.1],[-98.41,30.13],[-98.43,29.65],[-96.32,31.46],[-102.456,33.602],[-101.922,33.564],[-101.38,33.68],[-99.3,32.73],[-101.983,33.527],[-100.12,34.86],[-100.42,29.79],[-100.11,29.9],[-96.99,33.29],[-100.53,28.81],[-98.26,28.12],[-97.92,28.25],[-97.86,28.27],[-97.17,28.88],[-96.989,28.874],[-97.2,28.9],[-97.12,32.73],[-96.9,32.65],[-94.058,31.406],[-98.69,29.76],[-95.265,31.954],[-95.27,31.963],[-94.734,32.038],[-96.42,30.79],[-96.49,30.78],[-102.68,31.14],[-103.13,31.53],[-102.455,31.85],[-102.145,31.13],[-102.068,32.501],[-99.02,32.93],[-100.4,33.108],[-99.88,33.19],[-100.175,34.74],[-100.505,34.7],[-100.21,34.83],[-100.37,31.45],[-99.17,32.78],[-100.9,29.4],[-100.9,29.4],[-99.74,29.32],[-102.056,31.98],[-101.92,32.0],[-102.35,31.4],[-100.39,29.91],[-100.6,30.86],[-100.45,31.45],[-95.268,32.371],[-94.723,32.356],[-96.143,33.713],[-95.695,33.769],[-97.201,32.65],[-97.134,32.642],[-95.621,33.758],[-94.947,33.231],[-95.057,33.712],[-96.32,32.53],[-95.78,29.8],[-95.805,29.799],[-95.91,30.26],[-95.5,30.54],[-95.27,30.87],[-95.17,29.94],[-95.18,29.94],[-94.42,29.9],[-94.869,31.901],[-97.39,31.45],[-97.07,31.547],[-95.67,29.89],[-95.85,29.8],[-95.92,31.66],[-95.7,29.83],[-95.7,29.86],[-95.65,29.88],[-95.66,29.89],[-95.65,29.89],[-95.68,31.73],[-95.685,31.746],[-97.342,32.724],[-97.386,32.72],[-97.03,32.59],[-97.382,32.739],[-97.09,32.77],[-97.13,32.76],[-97.09,32.83],[-96.96,32.8],[-94.901,31.737],[-96.28,32.7],[-95.74,31.9],[-95.88,32.53],[-94.44,30.77],[-93.982,31.771],[-95.53,33.73],[-95.053,33.61],[-100.4,35.85],[-100.38,35.9],[-100.2,35.79],[-100.39,35.77],[-99.2,33.76],[-98.6,34.09],[-102.33,35.68],[-101.6,35.67],[-101.62,35.82],[-101.4,35.66],[-101.44,35.82],[-97.7,33.93],[-97.75,30.46],[-94.887,31.647],[-94.704,31.573],[-94.68,31.569],[-95.47,30.94],[-95.37,30.94],[-94.751,32.703],[-95.214,33.468],[-94.58,32.581],[-94.366,32.858],[-94.473,32.58],[-95.47,31.5],[-95.086,33.299],[-94.709,32.348],[-94.955,33.201],[-94.389,32.525],[-94.864,33.187],[-94.521,32.315],[-94.055,33.101],[-95.22,31.21],[-94.339,32.277],[-96.22,30.55],[-95.22,31.21],[-94.221,32.249],[-94.375,33.1],[-94.136,33.001],[-95.75,30.21],[-95.7,30.19],[-95.67,30.17],[-95.52,30.15],[-95.56,30.08],[-95.47,30.04],[-95.65,30.04],[-95.46,30.05],[-98.03,29.61],[-97.874,29.692],[-97.92,29.6],[-98.22,29.36],[-98.12,29.36],[-101.534,31.706],[-98.47,33.66],[-97.9,33.17],[-97.76,33.1],[-97.54,32.89],[-97.55,32.91],[-97.65,33.0],[-97.43,32.88],[-97.42,32.85],[-97.299,32.835],[-97.278,32.872],[-97.25,32.85],[-97.215,32.834],[-97.37,32.84],[-97.3,32.85],[-97.26,32.81],[-97.289,32.813],[-97.31,32.79],[-97.24,32.82],[-97.28,32.8],[-97.22,32.81],[-97.17,32.77],[-97.18,32.72],[-97.132,32.707],[-97.14,32.69],[-97.14,32.75],[-97.152,32.721],[-97.097,32.591],[-97.05,32.6],[-97.04,32.6],[-97.01,32.57],[-96.96,32.49],[-96.82,32.41],[-96.82,32.41],[-94.63,32.54],[-94.349,32.576],[-94.679,31.704],[-94.622,31.717],[-94.933,32.082],[-94.893,32.08],[-95.117,32.141],[-98.02,33.63],[-98.934,32.75],[-98.02,33.63],[-98.25,33.1],[-98.37,33.8],[-97.68,33.37],[-97.61,33.26],[-97.09,32.63],[-95.483,32.695],[-97.59,32.61],[-95.42,32.542],[-96.21,32.32],[-96.44,32.08],[-97.49,32.48],[-95.331,32.381],[-94.907,32.352],[-97.39,32.34],[-97.71,31.07],[-94.708,32.349],[-98.01,32.34],[-97.7,31.05],[-98.3,32.22],[-98.23,32.16],[-97.3,31.96],[-100.97,29.58],[-97.86,29.86],[-98.36,28.47],[-98.99,27.97],[-99.21,31.22],[-96.521,30.452],[-96.28,30.56],[-96.19,30.5],[-96.28,30.57],[-94.011,31.345],[-93.871,31.339],[-97.747,28.67],[-102.4,34.92],[-102.891,30.898],[-102.2,34.91],[-102.2,34.91],[-102.15,34.94],[-101.97,34.9],[-101.92,34.89],[-101.437,34.655],[-102.195,33.6],[-102.5,31.83],[-102.401,31.839],[-102.454,32.0],[-100.077,34.673],[-101.836,33.876],[-101.948,33.498],[-101.605,33.166],[-100.365,33.998],[-101.73,33.32],[-100.967,32.797],[-100.9,32.807],[-101.83,32.58],[-102.5,31.83],[-102.48,31.811],[-101.8,32.13],[-100.928,33.267],[-100.93,34.261],[-100.47,34.26],[-99.92,34.3],[-100.021,34.363],[-99.08,34.17],[-99.75,34.29],[-103.02,36.37],[-100.02,30.06],[-98.99,32.97],[-98.87,34.02],[-99.95,31.74],[-98.93,33.45],[-98.57,34.09],[-102.56,36.01],[-102.51,36.2],[-98.5,29.16],[-98.46,29.17],[-101.83,34.07],[-100.99,31.67],[-101.3,32.3],[-102.407,34.53],[-102.179,34.437],[-101.85,33.83],[-102.1,33.77],[-101.7,34.055],[-101.626,34.176],[-100.43,34.507],[-94.354,33.192],[-100.766,32.581],[-100.45,31.45],[-100.5,31.52],[-99.82,33.42],[-100.26,31.37],[-100.31,31.38],[-99.87,32.46],[-99.87,32.46],[-99.3,32.73],[-97.78,32.48],[-98.63,34.08],[-98.55,34.07],[-98.32,34.1],[-95.64,32.52],[-98.51,33.89],[-98.54,34.06],[-98.35,33.9],[-98.33,33.88],[-98.02,33.63],[-97.99,33.61],[-98.63,33.59],[-98.69,33.81],[-98.197,33.449],[-98.83,33.83],[-98.21,33.24],[-103.62,30.37],[-103.62,30.37],[-101.61,35.26],[-101.569,33.36],[-101.637,32.944],[-100.97,35.27],[-101.7,34.2],[-101.92,33.32],[-102.02,33.5],[-100.89,35.03],[-100.88,34.93],[-100.97,34.97],[-101.25,35.2],[-101.18,35.2],[-95.55,30.15],[-102.418,30.491],[-97.52,30.34],[-97.51,30.37],[-97.7,31.42],[-96.181,33.181],[-97.47,31.05],[-97.31,30.21],[-97.117,33.254],[-96.95,30.18],[-97.36,31.07],[-101.721,31.975],[-98.17,32.38],[-97.49,31.29],[-97.78,30.21],[-97.78,30.23],[-97.8,30.22],[-97.77,30.24],[-102.08,33.51],[-101.76,33.03],[-101.054,32.889],[-99.74,29.59],[-100.85,35.54],[-100.85,35.54],[-100.28,36.36],[-101.223,32.944],[-97.73,30.28],[-100.28,36.14],[-97.77,30.19],[-100.58,33.25],[-101.42,33.15],[-98.99,32.97],[-94.106,31.53],[-98.83,26.38],[-99.75,29.25],[-98.15,29.13],[-97.7,28.89],[-98.33,30.43],[-98.29,29.46],[-97.06,30.37],[-97.01,30.42],[-94.41,32.488],[-94.273,33.467],[-97.44,32.03],[-97.39,31.86],[-97.216,31.702],[-97.1,31.59],[-97.308,31.653],[-97.716,31.426],[-97.725,31.433],[-97.115,31.077],[-97.062,31.019],[-96.37,30.67],[-96.35,30.63],[-96.34,30.67],[-96.47,30.49],[-98.72,31.2],[-98.54,32.11],[-98.31,30.66],[-97.95,30.92],[-98.3,30.65],[-96.33,30.66],[-98.89,30.29],[-98.91,30.15],[-98.77,29.99],[-99.33,30.18],[-98.72,29.98],[-98.79,29.91],[-99.33,30.18],[-99.26,30.08],[-99.16,30.15],[-98.68,29.87],[-98.62,29.9],[-98.65,29.88],[-97.84,30.04],[-99.14,30.05],[-99.33,30.18],[-99.11,29.91],[-97.67,29.89],[-97.67,29.82],[-98.5,29.67],[-99.06,29.71],[-99.04,29.85],[-98.53,29.61],[-98.52,29.59],[-98.54,29.59],[-98.51,29.61],[-98.98,29.72],[-98.49,29.6],[-98.47,29.53],[-98.42,29.6],[-98.97,29.6],[-98.41,29.41],[-98.75,29.43],[-99.25,29.79],[-98.382,29.436],[-99.52,29.76],[-98.39,29.31],[-99.53,29.61],[-97.78,28.53],[-97.74,30.71],[-97.72,30.72],[-97.77,30.74],[-97.65,30.63],[-99.14,30.11],[-99.16,30.07],[-99.25,30.07],[-100.64,29.61],[-97.94,31.12],[-96.84,28.39],[-97.65,33.84],[-97.18,33.32],[-97.16,33.22],[-97.09,33.21],[-97.08,33.18],[-96.92,33.12],[-97.11,32.76],[-96.82,32.48],[-96.8,32.52],[-95.42,31.4],[-99.32,34.15],[-97.86,32.97],[-100.54,36.46],[-100.91,36.18],[-97.77,32.81],[-97.8,32.77],[-97.69,32.75],[-97.7,32.75],[-97.65,32.67],[-100.38,35.91],[-97.56,32.73],[-97.65,32.76],[-97.46,32.68],[-97.48,32.66],[-97.41,32.61],[-97.33,32.58],[-95.32,33.53],[-98.29,26.23],[-100.28,31.74],[-101.9,35.18],[-101.77,35.28],[-100.22,34.85],[-101.71,35.23],[-101.41,35.65],[-101.7,35.24],[-102.37,31.85],[-101.53,35.16],[-102.2,31.858],[-102.366,31.843],[-102.116,31.969],[-102.044,31.969],[-102.056,31.98],[-101.87,32.459],[-102.029,32.0],[-101.87,32.3],[-100.9,35.05],[-101.87,34.88],[-100.62,32.42],[-102.34,36.06],[-101.263,33.643],[-102.473,32.017],[-102.405,31.945],[-102.416,31.944],[-102.35,31.89],[-102.409,31.93],[-102.374,31.885],[-102.454,31.778],[-100.14,36.44],[-100.764,36.257],[-100.53,35.76],[-101.86,36.42],[-102.07,36.34],[-101.19,36.19],[-100.45,31.51],[-100.48,31.5],[-100.47,31.45],[-101.13,36.24],[-101.44,35.83],[-102.43,35.25],[-101.53,35.7],[-101.58,35.62],[-101.58,35.62],[-101.6,35.64],[-100.37,36.21],[-102.37,31.85],[-102.396,31.904],[-97.43,29.03],[-100.821,32.321],[-99.9,33.19],[-100.43,31.4],[-100.43,31.4],[-100.41,31.44],[-100.43,31.4],[-100.45,31.39],[-100.45,31.39],[-100.44,31.39],[-101.67,35.23],[-101.58,35.32],[-100.33,36.41],[-100.91,36.18],[-100.8,36.12],[-100.39,35.89],[-100.31,35.57],[-94.708,32.96],[-94.828,32.794],[-102.07,36.34],[-99.74,34.12],[-99.96,31.76],[-99.95,31.74],[-100.97,35.516],[-96.596,32.841],[-96.42,32.86],[-102.81,34.83],[-100.43,34.55],[-100.6,34.28],[-102.09,36.33],[-102.16,36.28],[-101.2,36.19],[-102.15,34.94],[-101.16,35.54],[-101.17,35.56],[-95.246,33.3],[-95.491,32.875],[-96.38,33.456],[-100.43,34.507],[-96.45,33.36],[-96.46,33.36],[-97.01,33.81],[-96.74,33.45],[-95.94,33.0],[-94.768,31.232],[-96.82,32.93],[-96.85,32.93],[-96.8,33.01],[-96.24,33.67],[-95.227,33.162],[-97.75,27.74],[-102.1,35.37],[-101.91,35.29],[-101.91,35.29],[-102.1,35.44],[-101.82,35.27],[-101.83,35.27],[-102.24,34.89],[-95.84,30.35],[-95.201,33.532],[-101.87,35.46],[-98.595,34.096],[-101.42,35.28],[-100.81,35.44],[-100.03,36.12],[-100.894,33.164],[-102.4,34.87],[-98.92,34.09],[-98.67,33.95],[-98.49,33.91],[-98.51,33.91],[-98.55,33.77],[-97.35,33.56],[-97.11,33.6],[-98.14,33.56],[-97.17,33.51],[-97.17,33.43],[-98.02,33.45],[-97.16,33.37],[-96.97,33.34],[-96.98,33.28],[-96.97,33.28],[-96.96,33.39],[-96.97,33.28],[-96.89,33.31],[-96.61,33.0],[-97.21,32.93],[-96.96,32.76],[-96.94,32.81],[-96.31,33.16],[-94.066,33.463],[-98.41,29.21],[-98.21,29.22],[-98.06,29.28],[-99.26,29.64],[-99.17,33.77],[-98.68,33.96],[-98.69,33.97],[-96.06,32.88],[-96.28,32.37],[-96.1,32.37],[-96.75,30.76],[-95.43,29.4],[-95.05,29.46],[-95.02,29.54],[-96.75,33.19],[-96.66,33.24],[-96.56,33.29],[-94.13,33.453],[-96.849,33.725],[-96.642,33.798],[-96.65,33.77],[-102.028,33.847],[-101.6,35.63],[-101.62,35.64],[-101.54,35.7],[-101.41,35.71],[-100.96,35.55],[-102.219,34.462],[-101.96,35.86],[-101.78,35.1],[-101.65,34.95],[-101.436,32.25],[-101.47,32.207],[-101.535,31.699],[-101.533,31.704],[-100.97,35.55],[-100.72,35.55],[-100.72,35.55],[-100.64,35.69],[-100.38,35.91],[-100.2,34.42],[-100.2,34.85],[-100.03,36.12],[-100.03,36.03],[-100.98,35.56],[-101.06,35.56],[-100.57,36.11],[-100.51,31.42],[-100.52,31.42],[-100.51,31.42],[-98.79,31.83],[-98.07,32.74],[-98.05,32.81],[-97.44,32.33],[-96.98,32.96],[-95.233,33.18],[-95.468,29.779],[-101.25,33.67],[-98.75,31.13],[-98.72,31.14],[-98.17,31.3],[-98.06,31.29],[-97.56,31.74],[-98.26,30.83],[-96.53,32.93],[-97.09,31.84],[-96.23,33.07],[-97.58,30.73],[-99.16,30.1],[-99.7,29.77],[-98.71,29.79],[-98.75,29.79],[-97.94,29.89],[-98.75,29.43],[-97.86,29.86],[-97.79,29.78],[-97.17,29.57],[-96.659,32.535],[-96.145,32.357],[-96.09,32.48],[-96.57,32.71],[-96.46,32.64],[-98.13,31.7],[-95.228,33.175],[-95.59,32.98],[-97.65,31.9],[-98.25,33.1],[-98.19,33.21],[-97.34,32.92],[-97.24,32.97],[-97.28,32.98],[-97.26,33.0],[-97.27,33.02],[-97.19,33.02],[-97.12,33.11],[-99.77,30.78],[-96.94,33.16],[-99.67,30.43],[-96.34,32.5],[-96.31,32.56],[-96.21,32.56],[-100.96,29.45],[-99.76,29.72],[-99.76,29.73],[-97.77,30.22],[-97.74,30.28],[-97.737,30.295],[-97.71,30.31],[-97.66,30.33],[-99.35,31.13],[-99.27,31.01],[-99.23,30.74],[-99.22,30.74],[-99.23,30.75],[-99.75,32.51],[-99.74,32.5],[-99.05,33.01],[-97.1,32.59],[-102.65,32.72],[-94.616,31.65],[-94.61,31.661],[-94.53,31.642],[-94.373,32.033],[-94.275,32.182],[-98.7,34.09],[-98.62,34.09],[-94.166,32.31],[-95.227,32.417],[-94.597,33.506],[-93.9,30.73],[-100.11,32.49],[-99.89,32.76],[-99.74,32.36],[-99.76,32.32],[-99.78,32.35],[-99.75,32.32],[-99.76,32.32],[-99.76,32.32],[-99.73,32.37],[-100.05,30.49],[-100.05,30.48],[-100.05,30.48],[-99.33,31.14],[-99.34,31.9],[-98.64,30.98],[-98.23,30.76],[-98.06,30.74],[-97.91,30.66],[-97.85,30.65],[-97.85,30.58],[-97.799,30.616],[-97.59,30.44],[-97.37,30.34],[-97.37,30.35],[-95.75,30.15],[-95.62,30.1],[-95.5,30.1],[-95.52,30.11],[-97.03,32.76],[-96.71,32.97],[-96.61,33.0],[-96.44,33.03],[-96.37,33.04],[-97.38,31.45],[-100.088,34.218],[-99.65,33.57],[-99.74,34.21],[-99.74,34.22],[-98.2,31.11],[-101.19,35.58],[-99.25,33.61],[-100.38,34.327],[-98.53,29.45],[-98.51,29.42],[-99.01,34.07],[-98.99,34.06],[-98.88,34.02],[-98.31,28.77],[-98.56,34.08],[-98.54,34.08],[-98.56,34.07],[-98.81,33.98],[-98.69,33.82],[-98.58,33.85],[-98.54,33.82],[-98.52,33.9],[-98.52,33.93],[-98.54,33.88],[-98.58,33.85],[-98.53,33.88],[-98.51,33.85],[-98.04,33.65],[-99.22,34.01],[-98.91,34.03],[-100.4,32.47],[-100.39,32.48],[-100.85,32.299],[-100.3,31.89],[-100.91,29.37],[-101.47,32.236],[-101.446,32.23],[-100.41,29.32],[-100.42,29.31],[-100.42,29.31],[-100.42,29.31],[-97.774,32.76],[-97.57,32.83],[-97.491,32.838],[-97.534,32.898],[-98.7,29.45],[-97.447,32.889],[-97.393,32.925],[-98.65,29.42],[-98.66,29.39],[-97.33,32.9],[-98.75,29.43],[-98.65,29.37],[-97.09,33.03],[-98.69,29.52],[-97.132,33.066],[-97.08,33.04],[-96.99,33.05],[-99.41,31.33],[-99.34,31.39],[-98.19,29.73],[-98.21,29.74],[-98.08,29.81],[-98.08,29.81],[-97.89,29.95],[-99.77,29.87],[-99.76,29.84],[-99.13,30.04],[-97.83,31.77],[-97.46,31.58],[-97.4,31.46],[-97.19,31.44],[-97.35,31.32],[-97.37,31.28],[-97.23,31.2],[-97.06,31.28],[-96.6,30.88],[-96.49,30.7],[-96.37,30.67],[-96.33,30.61],[-96.35,30.63],[-96.29,30.65],[-96.34,30.63],[-96.34,30.62],[-96.34,30.62],[-96.31,30.66],[-96.02,32.17],[-96.14,32.3],[-95.179,33.34],[-95.112,33.162],[-94.994,33.199],[-95.271,32.535],[-94.606,33.504],[-94.629,33.515],[-95.521,32.476],[-94.902,31.736],[-94.681,31.912],[-94.324,31.925],[-95.19,31.36],[-94.856,31.915],[-94.708,32.014],[-97.2,32.28],[-94.648,32.047],[-96.99,32.2],[-94.763,32.096],[-96.928,32.48],[-97.0,32.45],[-96.98,32.437],[-96.88,32.53],[-96.847,32.546],[-96.76,32.6],[-97.03,32.3],[-96.71,32.89],[-96.47,32.75],[-96.47,32.73],[-96.72,32.1],[-96.57,32.89],[-96.86,32.73],[-96.57,32.89],[-96.7,32.8],[-96.586,32.895],[-95.98,31.96],[-95.92,31.92],[-95.92,31.92],[-95.83,31.97],[-95.81,31.83],[-95.73,31.88],[-95.67,31.73],[-95.149,31.794],[-96.14,32.3],[-96.85,33.73],[-96.84,33.69],[-96.85,33.651],[-96.64,33.62],[-96.51,33.73],[-96.43,33.61],[-96.43,33.61],[-96.07,33.37],[-95.262,33.093],[-95.146,33.047],[-94.959,33.063],[-94.959,33.041],[-95.221,33.19],[-94.968,33.13],[-94.69,33.054],[-94.69,33.054],[-94.632,32.999],[-99.67,29.83],[-98.21,32.22],[-97.78,32.73],[-97.7,32.75],[-99.44,31.31],[-97.6,32.73],[-97.57,33.06],[-97.52,32.89],[-97.36,33.11],[-97.4,32.97],[-97.38,32.93],[-99.34,31.13],[-99.34,31.13],[-97.26,32.49],[-97.29,32.57],[-99.34,31.25],[-97.17,33.24],[-99.34,31.25],[-97.41,32.61],[-97.38,32.59],[-97.816,32.417],[-96.54,33.57],[-96.43,33.61],[-96.3,33.65],[-96.24,33.67],[-97.27,32.64],[-97.12,32.61],[-97.1,32.61],[-96.43,33.03],[-96.44,33.01],[-96.43,33.04],[-96.43,33.03],[-96.58,32.71],[-94.726,30.645],[-95.222,32.23],[-95.211,31.87],[-95.06,30.74],[-98.74,29.38],[-94.41,30.54],[-102.412,30.16],[-97.99,30.43],[-102.44,36.06],[-102.9,34.52],[-104.02,30.32],[-102.25,35.22],[-102.77,33.72],[-102.748,30.89],[-102.374,32.017],[-102.021,32.3],[-102.0,36.01],[-102.0,36.007],[-101.92,35.08],[-100.07,34.383],[-102.55,35.15],[-101.71,35.24],[-101.85,34.94],[-102.41,34.218],[-100.362,34.22],[-101.85,34.715],[-102.06,34.99],[-99.73,33.99],[-101.48,32.08],[-100.95,34.94],[-99.73,33.99],[-102.83,36.26],[-101.87,34.98],[-101.538,31.624],[-98.21,33.85],[-100.694,32.474],[-98.05,33.31],[-99.82,33.42],[-97.96,33.17],[-97.68,32.97],[-97.629,32.935],[-98.18,31.07],[-100.86,33.452],[-101.0,35.99],[-100.82,34.02],[-102.5,33.45],[-102.73,34.22],[-101.9,32.018],[-100.89,34.269],[-102.19,35.21],[-101.87,34.81],[-102.25,35.51],[-101.65,34.94],[-102.553,34.123],[-100.85,32.299],[-101.888,33.496],[-101.72,35.19],[-100.4,32.49],[-101.72,35.19],[-99.71,32.47],[-100.11,31.34],[-102.35,31.4],[-98.16,29.72],[-102.515,32.941],[-97.86,29.97],[-102.66,35.27],[-102.49,35.26],[-102.279,32.93],[-101.28,35.67],[-101.751,32.761],[-101.499,32.77],[-101.384,32.676],[-101.463,32.703],[-100.998,32.469],[-101.054,32.459],[-101.397,32.382],[-100.96,29.44],[-102.235,32.029],[-103.09,30.919],[-102.77,33.72],[-102.349,33.593],[-100.85,33.48],[-101.883,33.556],[-103.25,30.2],[-103.267,30.2],[-102.35,31.632],[-102.21,35.1],[-101.482,32.44],[-101.47,32.25],[-101.47,32.25],[-101.1,32.61],[-101.95,34.91],[-100.928,32.717],[-100.84,36.36],[-100.79,36.39],[-99.95,31.74],[-101.63,35.21],[-101.43,35.32],[-101.12,35.46],[-100.97,35.57],[-102.292,31.89],[-102.292,31.89],[-102.155,31.997],[-102.019,32.054],[-100.89,34.405],[-99.74,34.3],[-101.08,31.88],[-100.99,31.84],[-99.68,34.27],[-100.99,31.84],[-99.38,34.21],[-98.62,34.08],[-98.56,34.08],[-98.52,33.96],[-102.73,34.63],[-100.93,34.261],[-101.98,33.68],[-101.38,33.68],[-98.35,31.58],[-97.9,31.45],[-103.667,30.361],[-100.78,31.32],[-100.8,31.28],[-100.8,31.29],[-102.837,31.294],[-99.86,30.52],[-103.655,31.023],[-98.53,30.32],[-99.14,30.05],[-103.599,31.704],[-102.55,32.32],[-101.14,29.64],[-103.916,30.588],[-101.77,36.33],[-102.856,33.746],[-102.417,31.867],[-102.298,31.911],[-103.187,30.727],[-102.714,30.935],[-102.63,30.517],[-102.87,30.59],[-97.85,32.5],[-97.91,32.48],[-97.85,32.49],[-97.8,32.45],[-97.75,32.47],[-97.55,33.41],[-97.705,32.483],[-97.62,32.52],[-97.86,31.98],[-101.075,32.53],[-101.0,32.58],[-100.978,32.48],[-97.75,32.44],[-97.65,32.52],[-97.77,32.42],[-97.79,32.44],[-101.794,33.166],[-97.57,32.63],[-97.18,33.171],[-97.69,32.68],[-97.6,32.88],[-97.18,33.135],[-97.14,33.197],[-97.11,33.18],[-97.11,33.18],[-96.85,33.33],[-98.78,29.42],[-98.78,29.42],[-97.47,33.05],[-101.235,32.934],[-97.37,32.25],[-100.54,32.45],[-101.2,33.03],[-98.67,29.5],[-98.73,29.78],[-98.73,29.49],[-98.69,29.79],[-98.57,29.45],[-98.57,29.45],[-98.51,29.38],[-97.01,33.7],[-98.46,29.38],[-96.85,33.8],[-97.0,32.43],[-101.95,32.73],[-97.26,32.49],[-100.13,32.89],[-98.27,29.46],[-96.66,32.76],[-98.0,29.43],[-99.83,32.93],[-99.8,32.94],[-96.75,33.45],[-97.95,29.49],[-96.62,33.486],[-96.62,33.63],[-96.61,33.6],[-97.03,32.3],[-96.34,32.71],[-97.343,31.132],[-97.92,29.89],[-97.88,29.9],[-97.33,30.04],[-97.15,30.01],[-97.65,29.87],[-100.14,36.08],[-100.94,35.73],[-100.64,35.69],[-101.95,34.18],[-97.23,31.79],[-97.09,31.8],[-99.26,30.83],[-98.88,30.58],[-98.89,30.5],[-93.67,31.0],[-98.94,31.28],[-98.78,30.44],[-98.94,31.32],[-98.66,31.56],[-96.71,33.16],[-94.942,32.741],[-98.11,31.7],[-95.43,29.83],[-95.38,29.8],[-95.41,29.82],[-95.15,29.73],[-99.07,29.7],[-100.71,36.5],[-100.27,36.18],[-102.663,33.08],[-102.557,32.333],[-102.073,32.312],[-102.75,31.992],[-102.946,31.899],[-95.22,30.15],[-96.72,30.52],[-95.3,32.3],[-98.58,33.85],[-98.58,33.87],[-102.87,31.025],[-102.851,31.29],[-104.5,30.58],[-102.42,32.0],[-106.53,31.84],[-100.89,35.02],[-96.08,31.97],[-103.08,31.85],[-101.95,35.85],[-102.44,36.06],[-102.68,35.27],[-101.04,35.5],[-102.512,31.84],[-101.96,35.11],[-101.92,35.16],[-101.925,35.122],[-97.12,32.84],[-97.078,32.865],[-97.16,32.84],[-101.05,36.28],[-100.95,35.63],[-97.582,27.953],[-102.552,32.335],[-104.132,30.58],[-100.924,32.7],[-104.115,30.58],[-104.082,30.652],[-100.4,32.47],[-100.9,32.72],[-99.58,30.71],[-104.02,30.67],[-102.89,30.91],[-100.21,35.62],[-99.43,31.83],[-97.89,31.06],[-96.81,33.15],[-97.66,31.08],[-97.46,31.15],[-100.45,34.22],[-98.18,31.06],[-97.921,30.984],[-98.02,31.04],[-97.92,31.06],[-97.729,31.043],[-97.47,31.04],[-97.54,31.05],[-97.99,29.69],[-93.857,31.529],[-99.58,32.97],[-96.67,33.71],[-96.6,33.77],[-98.63,33.59],[-96.13,32.91],[-96.08,32.91],[-98.02,29.48],[-97.35,32.52],[-97.1,32.6],[-96.91,32.63],[-96.48,32.85],[-96.33,32.89],[-94.12,30.07],[-94.751,32.527],[-94.575,32.505],[-94.071,32.512],[-94.724,31.481],[-94.598,31.581],[-97.8,33.13],[-97.69,33.15],[-97.5,33.19],[-97.42,33.27],[-97.86,32.94],[-97.72,32.97],[-97.663,32.939],[-97.72,32.91],[-98.6,33.14],[-98.16,33.22],[-97.04,33.07],[-96.97,33.14],[-96.92,33.18],[-96.9,33.14],[-96.86,33.16],[-96.92,33.14],[-96.77,33.21],[-96.725,33.192],[-96.71,33.17],[-96.69,33.15],[-96.61,33.22],[-96.39,33.26],[-95.66,33.43],[-96.86,32.43],[-96.81,32.82],[-96.89,33.18],[-96.605,33.119],[-96.59,33.09],[-96.78,33.28],[-96.631,32.934],[-96.48,33.17],[-96.53,33.16],[-95.62,31.75],[-96.58,32.3],[-96.47,32.91],[-96.31,32.59],[-96.48,33.52],[-96.45,30.75],[-96.41,30.82],[-96.75,33.63],[-95.63,32.23],[-94.97,31.22],[-95.593,31.736],[-94.728,31.314],[-94.607,32.136],[-98.39,33.09],[-98.42,30.1],[-98.26,32.23],[-98.24,29.59],[-98.28,29.6],[-98.2,29.64],[-98.17,29.72],[-98.15,29.69],[-97.97,29.62],[-97.46,32.76],[-97.23,32.97],[-97.2,33.0],[-97.08,33.14],[-96.91,33.143],[-96.917,33.114],[-96.92,33.13],[-98.08,29.07],[-96.89,33.18],[-96.9,33.23],[-96.53,31.52],[-97.96,30.31],[-99.36,27.49],[-99.44,27.5],[-94.942,32.543],[-98.63,27.89],[-98.44,29.38],[-98.35,29.51],[-98.36,29.48],[-97.68,29.9],[-100.6,31.31],[-100.5,31.37],[-99.95,31.75],[-95.159,33.663],[-98.59,29.57],[-98.39,29.58],[-98.26,29.58],[-98.21,29.59],[-98.79,31.68],[-98.94,32.0],[-98.33,31.67],[-98.79,31.68],[-98.23,31.8],[-98.08,31.29],[-98.56,29.61],[-98.48,29.633],[-97.93,30.89],[-97.42,32.41],[-97.85,30.78],[-97.38,32.93],[-97.34,32.98],[-97.37,32.86],[-97.81,31.07],[-97.27,32.97],[-97.21,33.03],[-97.54,30.97],[-97.27,33.02],[-97.87,31.11],[-97.77,31.09],[-97.93,31.15],[-97.69,31.12],[-97.51,31.05],[-97.46,31.08],[-97.17,31.05],[-97.49,31.01],[-97.42,31.11],[-96.97,31.08],[-97.22,30.99],[-96.98,31.09],[-96.99,30.94],[-96.92,31.0],[-96.49,31.03],[-94.679,31.599],[-94.652,31.652],[-96.58,33.42],[-96.07,33.57],[-96.3,32.98],[-96.2,33.29],[-96.11,33.15],[-96.0,33.14],[-95.91,33.23],[-96.08,32.26],[-96.01,32.17],[-96.0,32.17],[-95.91,32.19],[-95.076,33.175],[-98.9,29.97],[-98.9,29.97],[-99.27,29.84],[-99.16,29.8],[-99.07,29.7],[-98.92,29.55],[-98.88,29.44],[-99.14,29.35],[-99.1,29.35],[-99.12,29.35],[-99.05,29.08],[-99.0,29.06],[-101.04,29.56],[-102.406,36.162],[-102.24,36.5],[-101.87,35.69],[-101.92,35.15],[-101.181,35.57],[-101.454,32.245],[-101.436,32.25],[-101.47,32.25],[-101.92,30.587],[-101.847,30.6],[-100.82,31.26],[-100.82,31.26],[-106.575,31.999],[-102.4,35.88],[-101.96,35.64],[-101.96,35.86],[-97.56,30.53],[-97.54,30.55],[-97.47,30.47],[-95.64,31.63],[-95.72,31.67],[-95.97,31.15],[-95.92,30.96],[-95.94,30.92],[-98.05,33.22],[-100.94,29.46],[-100.95,29.46],[-101.01,29.47],[-97.6,33.74],[-97.52,33.77],[-97.56,33.09],[-97.47,33.14],[-97.41,33.1],[-97.36,33.11],[-96.22,33.27],[-96.99,32.96],[-97.41,32.54],[-96.787,32.88],[-97.33,32.53],[-103.5,30.39],[-101.11,35.21],[-101.11,35.33],[-102.942,30.653],[-102.42,34.02],[-100.44,35.53],[-101.9,34.98],[-101.85,35.2],[-101.87,35.01],[-100.39,35.91],[-101.97,35.13],[-101.87,35.17],[-101.36,35.11],[-101.81,35.25],[-101.38,35.11],[-100.88,34.4],[-100.2,34.42],[-102.5,36.04],[-102.51,36.06],[-102.51,36.06],[-102.35,34.78],[-102.32,34.76],[-102.628,30.609],[-102.594,30.588],[-98.54,33.89],[-98.52,33.9],[-100.11,32.05],[-98.52,33.9],[-98.53,33.98],[-98.51,33.91],[-98.49,33.91],[-98.52,33.89],[-98.51,33.9],[-98.49,33.93],[-98.55,33.9],[-98.56,33.88],[-98.53,33.86],[-98.49,33.86],[-98.5,33.86],[-98.57,33.86],[-98.49,33.86],[-98.5,33.86],[-98.49,33.86],[-98.6,33.82],[-99.95,33.59],[-98.51,31.1],[-97.38,33.8],[-97.38,33.67],[-97.21,33.27],[-96.94,33.21],[-96.84,33.09],[-96.744,33.041],[-96.796,33.175],[-96.99,33.3],[-96.89,33.3],[-97.15,33.64],[-96.77,33.21],[-96.97,33.4],[-96.73,33.18],[-96.734,33.101],[-96.65,33.1],[-96.63,33.11],[-97.17,33.68],[-97.0,33.56],[-102.018,33.441],[-100.5,35.3],[-100.24,35.38],[-99.23,30.74],[-98.19,31.6],[-99.37,30.25],[-97.339,32.23],[-99.35,30.26],[-99.317,30.097],[-99.33,30.1],[-97.09,31.52],[-97.07,31.54],[-99.14,29.35],[-94.65,32.66],[-97.74,30.37],[-102.43,35.94],[-102.37,36.01],[-99.271,26.907],[-99.4,27.86],[-99.32,28.03],[-102.175,33.675],[-102.067,33.693],[-98.478,26.246],[-101.08,31.55],[-102.83,32.42],[-102.82,32.54],[-102.66,32.45],[-102.636,32.264],[-100.44,31.29],[-100.49,31.38],[-102.018,33.441],[-102.2,32.017],[-102.054,32.053],[-99.31,31.55],[-98.96,31.66],[-98.8,31.68],[-100.52,31.6],[-100.55,31.58],[-100.5,31.41],[-99.6,27.68],[-99.542,27.645],[-99.53,27.6],[-99.5,27.59],[-99.508,27.552],[-99.85,28.95],[-99.82,28.68],[-100.25,35.22],[-103.032,30.79],[-100.374,34.563],[-101.33,33.98],[-95.4,30.21],[-103.13,31.53],[-102.4,35.9],[-102.48,36.07],[-102.08,36.35],[-102.871,31.224],[-102.55,36.03],[-102.51,36.05],[-102.48,36.03],[-102.5,36.05],[-102.3,33.708],[-101.934,33.607],[-102.85,34.95],[-102.82,34.99],[-100.9,32.72],[-102.529,32.952],[-101.95,35.13],[-101.92,35.24],[-101.91,35.22],[-101.88,32.5],[-102.01,35.19],[-101.88,35.29],[-101.89,35.26],[-101.45,35.82],[-99.77,32.11],[-99.75,32.43],[-99.7,32.48],[-99.9,32.75],[-99.9,32.76],[-100.9,29.4],[-102.1,35.02],[-101.91,35.08],[-101.88,35.12],[-101.83,35.09],[-101.62,35.18],[-101.441,34.71],[-101.54,35.29],[-101.07,33.867],[-100.877,34.074],[-100.43,32.83],[-100.9,29.36],[-100.87,29.37],[-100.08,34.87],[-99.79,29.24],[-101.2,30.73],[-99.47,29.33],[-100.51,36.07],[-98.96,29.64],[-98.02,31.04],[-95.73,33.27],[-94.56,32.9],[-96.53,31.71],[-98.78,30.46],[-94.17,32.0],[-97.87,30.63],[-97.83,30.64],[-98.41,30.28],[-97.86,29.86],[-98.15,29.67],[-100.89,35.05],[-94.06,33.42],[-103.63,30.36],[-101.3,34.47],[-98.99,33.48],[-100.88,34.4],[-106.395,31.794],[-104.17,31.83],[-102.16,35.87],[-102.06,35.76],[-100.38,35.91],[-100.39,35.9],[-102.33,35.68],[-101.4,35.66],[-96.95,32.51],[-97.1,32.54],[-101.59,36.02],[-101.6,35.64],[-101.59,36.02],[-100.13,31.64],[-95.448,32.796],[-95.2,32.591],[-102.93,31.584],[-101.72,34.97],[-101.72,35.28],[-101.92,35.13],[-101.91,35.14],[-106.586,31.888],[-106.63,31.89],[-102.28,33.18],[-101.67,35.23],[-101.67,35.23],[-100.24,36.17],[-94.07,33.37],[-94.15,33.34],[-96.94,32.62],[-97.32,32.93],[-96.77,32.84],[-96.54,32.96],[-97.78,32.66],[-99.51,32.31],[-97.85,32.53],[-97.36,32.89],[-97.35,32.89],[-97.36,32.88],[-97.36,32.89],[-102.5,31.84],[-100.9,34.94],[-100.9,35.0],[-102.15,33.949],[-103.05,30.83],[-102.9,30.89],[-99.675,34.258],[-102.89,30.88],[-100.326,33.981],[-101.33,33.98],[-100.178,34.02],[-102.69,31.27],[-99.72,33.98],[-102.66,31.38],[-99.54,33.98],[-102.41,31.85],[-102.39,31.88],[-102.37,31.91],[-102.32,31.89],[-102.37,33.594],[-99.271,33.594],[-98.163,33.193],[-97.93,32.978],[-97.81,32.9],[-97.459,32.723],[-96.96,32.84],[-98.92,34.03],[-95.19,30.08],[-94.33,30.03],[-94.836,31.776],[-94.34,32.147],[-95.56,30.69],[-100.23,34.85],[-99.81,32.95],[-98.46,30.68],[-98.23,31.2],[-98.55,32.88],[-97.88,33.4],[-97.86,32.84],[-97.81,32.9],[-97.8,32.842],[-97.77,33.56],[-97.77,33.51],[-97.48,32.83],[-97.41,32.8],[-96.96,32.9],[-96.97,32.84],[-97.41,32.7],[-97.34,32.74],[-97.43,32.34],[-97.32,32.68],[-96.6,32.84],[-97.09,32.76],[-97.1,32.78],[-97.0,32.36],[-97.81,31.12],[-97.73,31.16],[-96.35,32.7],[-96.4,32.69],[-96.33,32.74],[-96.32,32.72],[-95.71,32.53],[-97.99,31.08],[-96.41,32.41],[-95.27,32.31],[-94.94,32.13],[-95.58,31.63],[-99.0,33.98],[-98.56,34.09],[-98.77,33.79],[-96.9,33.71],[-96.85,33.73],[-96.85,33.8],[-99.93,31.76],[-99.66,31.79],[-98.86,31.98],[-100.618,31.36],[-95.15,29.71],[-95.03,29.64],[-94.94,33.3],[-95.3,31.8],[-95.46,31.32],[-95.31,31.33],[-94.13,31.92],[-97.74,32.45],[-97.36,32.58],[-97.42,32.54],[-97.87,32.41],[-97.81,32.43],[-97.8,32.45],[-97.4,32.53],[-97.326,32.572],[-97.36,32.55],[-97.3,32.62],[-97.1,32.59],[-97.0,32.67],[-96.95,32.71],[-96.88,32.59],[-96.83,32.61],[-98.3,28.75],[-97.35,29.04],[-97.21,29.02],[-98.66,29.52],[-98.97,29.63],[-98.64,29.72],[-98.63,29.67],[-98.45,29.68],[-98.33,29.71],[-98.49,29.7],[-98.44,29.76],[-98.23,29.75],[-98.08,29.81],[-98.07,29.79],[-97.92,29.89],[-97.91,29.89],[-99.15,30.18],[-98.88,30.26],[-98.85,30.31],[-98.6,30.38],[-98.41,30.31],[-97.59,33.24],[-96.903,33.743],[-97.25,33.41],[-97.18,33.39],[-97.18,33.49],[-97.16,33.49],[-97.04,33.49],[-97.019,33.575],[-96.855,33.578],[-96.7,33.64],[-99.92,31.56],[-99.42,32.03],[-96.42,33.68],[-98.3,32.77],[-97.25,33.26],[-98.61,29.39],[-98.44,29.38],[-98.44,29.46],[-98.31,29.51],[-99.23,32.93],[-98.07,33.46],[-100.46,32.86],[-99.1,33.05],[-98.66,33.17],[-96.6,33.51],[-97.27,31.56],[-94.406,31.904],[-94.2,30.26],[-94.32,30.37],[-95.32,30.74],[-94.32,30.17],[-97.29,29.84],[-97.07,29.87],[-97.07,29.82],[-95.13,30.6],[-97.02,29.79],[-94.24,30.99],[-95.0,30.5],[-95.13,30.55],[-94.13,30.13],[-94.1,30.08],[-97.28,29.16],[-98.26,28.67],[-93.98,29.97],[-94.88,30.05],[-94.78,30.06],[-95.03,29.64],[-98.17,28.08],[-99.77,32.48],[-99.71,32.39],[-99.49,32.41],[-99.49,32.41],[-99.46,32.42],[-96.25,33.48],[-96.18,33.7],[-96.53,32.89],[-96.58,32.92],[-98.35,31.66],[-98.27,31.64],[-97.25,32.3],[-96.45,32.92],[-96.45,32.9],[-96.45,32.91],[-96.48,32.74],[-97.7,31.42],[-96.45,32.7],[-97.89,30.53],[-97.41,31.43],[-97.63,31.31],[-99.12,29.99],[-97.25,31.31],[-99.78,30.92],[-98.98,30.09],[-99.81,29.2],[-96.3,32.58],[-97.79,31.1],[-96.3,32.59],[-96.29,32.58],[-98.87,30.26],[-98.88,30.28],[-98.85,30.31],[-98.85,30.3],[-98.69,30.4],[-98.77,30.41],[-98.77,30.41],[-98.24,30.76],[-98.23,30.76],[-97.41,30.88],[-98.32,30.63],[-98.64,29.49],[-98.61,29.49],[-98.65,29.56],[-98.6,29.49],[-97.83,30.67],[-98.6,29.49],[-94.196,33.39],[-98.51,29.5],[-96.58,30.76],[-98.483,29.462],[-96.61,30.6],[-96.54,30.65],[-97.02,32.84],[-97.08,32.84],[-96.91,32.95],[-96.88,29.9],[-97.21,32.39],[-96.71,33.08],[-96.74,33.02],[-96.65,33.1],[-98.23,29.85],[-99.79,29.92],[-98.23,29.83],[-98.62,29.5],[-94.79,29.31],[-98.49,29.04],[-98.65,26.72],[-98.65,26.72],[-98.38,26.46],[-97.83,26.25],[-97.82,26.17],[-97.82,26.16],[-98.38,26.41],[-97.83,26.25],[-98.31,26.29],[-98.37,26.23],[-97.76,26.17],[-98.28,26.23],[-98.24,26.22],[-98.05,26.17],[-99.72,31.54],[-99.2,31.23],[-99.27,31.16],[-99.21,31.22],[-99.22,31.21],[-98.79,30.98],[-98.7,30.95],[-99.32,30.78],[-99.27,30.77],[-98.88,30.84],[-99.23,30.75],[-99.85,30.49],[-98.92,30.35],[-99.8,30.45],[-98.87,30.28],[-100.79,29.35],[-97.287,29.095],[-99.5,27.52],[-100.6,32.62],[-102.07,36.34],[-97.31,30.11],[-101.6,35.64],[-96.409,30.159],[-96.23,32.44],[-96.15,32.19],[-96.0,32.17],[-99.63,32.92],[-95.255,31.954],[-99.7,32.33],[-99.39,32.35],[-99.38,32.32],[-99.19,32.37],[-98.98,32.37],[-97.89,31.99],[-97.87,31.98],[-94.946,32.232],[-94.944,32.136],[-94.808,32.167],[-97.32,31.65],[-98.21,32.22],[-98.99,31.51],[-97.32,31.93],[-97.18,31.63],[-97.22,31.98],[-97.17,31.59],[-97.75,32.084],[-94.117,31.859],[-94.078,31.759],[-94.04,31.827],[-99.25,30.91],[-96.82,31.54],[-93.835,31.71],[-98.05,30.22],[-95.85,31.17],[-95.83,30.98],[-95.75,31.03],[-96.24,33.38],[-97.92,30.7],[-97.9,30.63],[-94.6,30.93],[-94.61,30.95],[-94.18,30.01],[-95.23,29.6],[-98.68,27.31],[-97.31,28.24],[-98.15,31.5],[-97.7,31.39],[-98.18,31.07],[-97.87,32.0],[-97.67,31.35],[-97.73,31.43],[-97.92,31.12],[-97.93,31.15],[-98.22,30.76],[-98.22,30.76],[-98.45,30.66],[-97.76,31.11],[-98.18,30.75],[-98.42,30.6],[-97.43,32.35],[-98.38,30.6],[-97.06,32.72],[-97.33,32.4],[-97.16,31.06],[-97.92,30.69],[-97.1,31.05],[-100.5,28.72],[-97.92,30.68],[-97.68,30.61],[-97.87,30.53],[-97.41,30.88],[-97.74,30.63],[-97.63,30.63],[-97.7,30.54],[-97.68,30.48],[-97.49,30.71],[-97.77,30.43],[-97.69,30.52],[-97.68,30.45],[-97.76,30.45],[-97.74,30.44],[-97.61,30.34],[-99.07,29.72],[-98.91,29.97],[-98.93,29.72],[-96.89,31.76],[-98.93,29.68],[-96.8,31.84],[-96.79,31.85],[-98.81,29.75],[-98.7,29.59],[-98.68,29.61],[-98.65,29.67],[-98.69,29.56],[-98.68,29.61],[-98.61,29.63],[-98.62,29.65],[-98.69,29.57],[-98.6,29.59],[-98.49,29.61],[-96.94,30.19],[-96.46,31.65],[-95.625,32.85],[-98.49,29.47],[-98.48,29.43],[-98.47,29.4],[-99.244,28.456],[-99.485,27.595],[-96.9,29.29],[-99.12,26.56],[-98.9,26.39],[-99.0,26.41],[-98.89,26.39],[-98.25,33.26],[-98.04,33.31],[-98.11,32.68],[-97.9,33.16],[-97.57,32.74],[-97.25,32.76],[-97.33,32.77],[-97.37,32.73],[-97.33,32.74],[-97.37,32.75],[-97.31,32.75],[-97.19,32.81],[-97.24,32.82],[-97.19,32.83],[-97.23,32.81],[-97.11,32.89],[-96.85,32.95],[-96.69,33.02],[-98.83,32.37],[-98.55,32.27],[-98.21,32.21],[-98.08,32.08],[-96.72,33.62],[-94.917,32.532],[-97.23,33.37],[-94.849,32.387],[-94.749,32.461],[-96.14,33.52],[-95.49,31.66],[-95.49,31.61],[-97.31,31.0],[-97.23,30.93],[-94.55,32.801],[-94.85,32.759],[-94.787,32.74],[-97.784,32.97],[-97.91,31.26],[-98.12,31.7],[-98.03,31.77],[-97.73,32.02],[-97.77,32.23],[-99.6,28.77],[-99.23,28.97],[-95.074,31.65],[-95.73,29.63],[-95.8,29.74],[-95.82,29.8],[-95.72,29.81],[-95.66,29.69],[-96.921,28.844],[-96.891,28.85],[-95.51,30.49],[-94.166,32.304],[-96.34,29.6],[-98.7,27.28],[-97.84,29.84],[-98.06,29.35],[-97.96,29.57],[-100.52,32.85],[-102.017,33.711],[-101.43,34.12],[-101.78,33.18],[-102.66,35.05],[-102.48,35.21],[-102.73,34.22],[-97.88,33.53],[-98.042,33.312],[-97.902,33.315],[-98.14,32.8],[-98.14,32.8],[-102.37,32.02],[-99.47,33.59],[-100.11,32.05],[-100.51,31.42],[-96.96,32.84],[-100.63,35.61],[-100.7,35.55],[-100.97,35.45],[-101.48,32.25],[-101.48,32.25],[-101.15,32.89],[-102.25,35.51],[-102.17,36.2],[-101.64,35.35],[-101.35,35.48],[-96.2,33.46],[-97.06,33.04],[-96.82,33.24],[-97.23,32.89],[-97.25,32.54],[-99.14,31.24],[-97.42,32.03],[-102.11,32.04],[-99.21,31.23],[-98.79,31.66],[-99.21,31.22],[-101.77,31.81],[-96.83,33.11],[-98.69,30.93],[-96.792,33.071],[-98.7,30.96],[-96.67,33.12],[-99.33,31.17],[-99.0,31.67],[-98.96,31.68],[-100.51,31.43],[-100.61,31.42],[-100.48,34.75],[-100.22,34.85],[-101.575,34.426],[-100.684,34.357],[-102.59,31.73],[-100.97,35.3],[-102.45,31.85],[-100.85,36.48],[-100.89,35.1],[-100.81,36.39],[-101.05,36.28],[-95.51,30.32],[-102.53,34.041],[-102.174,33.441],[-98.29,30.94],[-102.9,34.52],[-102.936,34.344],[-97.89,30.49],[-102.363,33.663],[-101.72,34.28],[-101.26,31.99],[-97.89,31.45],[-101.48,32.25],[-99.8,32.95],[-100.18,31.6],[-103.03,34.38],[-102.909,34.137],[-102.83,33.18],[-103.02,36.14],[-103.87,30.59],[-104.02,30.67],[-101.89,32.53],[-103.74,30.98],[-101.39,32.25],[-104.05,30.59],[-102.77,33.72],[-102.83,33.18],[-101.46,36.02],[-104.67,31.98],[-101.66,36.21],[-101.75,36.28],[-98.13,26.93],[-101.91,35.08],[-102.76,31.92],[-102.73,32.69],[-102.65,32.72],[-99.3,32.73],[-103.6,31.13],[-101.96,35.66],[-103.07,31.28],[-99.02,31.9],[-98.728,31.67],[-97.35,33.36],[-97.33,33.36],[-99.84,28.73],[-95.64,31.8],[-97.71,33.17],[-97.76,33.22],[-98.93,31.69],[-97.7,33.36],[-97.32,33.51],[-99.03,31.86],[-98.81,31.16],[-97.38,33.66],[-98.35,30.8],[-98.28,30.76],[-98.18,30.75],[-98.24,30.73],[-98.03,32.02],[-98.38,30.8],[-98.88,30.84],[-98.68,30.75],[-98.67,30.75],[-98.47,30.75],[-98.5,30.59],[-98.52,30.61],[-98.1,30.75],[-98.32,30.63],[-98.27,30.59],[-97.99,30.47],[-97.97,30.47],[-98.77,30.5],[-99.58,31.84],[-100.39,32.82],[-99.95,31.74],[-99.62,31.99],[-99.94,31.74],[-99.84,33.32],[-100.38,32.68],[-99.59,31.83],[-99.27,31.88],[-99.2,33.26],[-99.79,33.58],[-99.57,31.84],[-99.89,33.18],[-99.9,33.19],[-99.3,32.73],[-98.74,33.68],[-99.5,31.93],[-99.02,31.92],[-99.06,31.86],[-99.02,31.92],[-99.66,32.61],[-98.99,31.71],[-99.15,31.66],[-99.19,32.37],[-99.19,32.37],[-98.99,32.32],[-100.38,32.75],[-99.95,31.75],[-100.38,32.75],[-100.47,32.85],[-99.94,31.51],[-99.94,31.51],[-99.93,31.56],[-100.01,32.47],[-100.47,32.86],[-100.05,31.65],[-99.79,33.58],[-99.773,33.419],[-99.79,33.58],[-99.86,32.42],[-99.75,32.42],[-99.68,32.4],[-99.68,32.39],[-99.84,32.42],[-99.79,32.42],[-94.25,30.27],[-96.88,29.91],[-96.96,29.85],[-97.04,29.78],[-95.57,30.11],[-98.12,30.87],[-99.961,31.741],[-99.43,31.83],[-95.528,32.758],[-98.97,29.63],[-98.22,28.28],[-98.0,30.2],[-98.04,30.25],[-95.48,32.69],[-96.01,32.3],[-95.93,32.09],[-96.71,32.34],[-96.65,32.33],[-96.48,32.09],[-96.88,32.18],[-96.49,32.1],[-95.73,31.69],[-97.75,32.24],[-97.71,31.42],[-97.7,31.42],[-96.72,31.54],[-102.8,36.08],[-96.65,30.83],[-96.79,30.45],[-96.16,30.32],[-99.72,32.33],[-99.79,32.36],[-99.73,32.45],[-99.67,32.33],[-97.8,32.76],[-99.79,32.35],[-99.98,32.53],[-97.6,32.82],[-102.33,34.92],[-96.44,32.9],[-96.38,32.94],[-99.81,32.61],[-97.43,32.76],[-102.45,35.23],[-102.2,34.9],[-97.3,33.02],[-97.53,32.45],[-96.77,32.86],[-96.18,32.98],[-97.26,33.0],[-97.27,33.02],[-96.39,33.0],[-96.77,32.86],[-102.21,35.19],[-96.09,33.09],[-96.93,33.11],[-97.011,33.113],[-96.9,33.09],[-96.36,33.16],[-97.43,32.51],[-97.39,32.47],[-96.108,33.12],[-101.051,34.483],[-102.56,36.5],[-97.42,32.03],[-97.37,31.97],[-99.8,32.94],[-102.5,36.05],[-102.41,36.07],[-102.4,35.89],[-101.96,35.86],[-101.58,35.63],[-101.96,35.67],[-96.47,32.75],[-100.97,35.54],[-101.03,35.59],[-100.46,35.64],[-99.72,31.4],[-99.69,31.36],[-99.34,31.13],[-99.34,31.12],[-99.34,31.12],[-99.34,31.12],[-98.89,31.83],[-98.34,32.09],[-98.19,32.17],[-98.22,32.2],[-98.09,32.23],[-99.06,30.74],[-97.83,32.26],[-97.68,32.39],[-97.53,32.45],[-97.38,32.46],[-97.31,32.45],[-97.28,32.49],[-97.1,32.59],[-97.11,32.6],[-96.92,32.63],[-96.47,32.75],[-98.29,33.18],[-98.29,33.18],[-97.483,32.938],[-97.414,32.925],[-97.318,32.914],[-97.15,32.81],[-95.22,33.19],[-94.94,32.93],[-94.75,32.89],[-94.72,32.8],[-95.29,33.56],[-96.98,32.79],[-94.6,33.36],[-96.977,32.8],[-96.941,32.762],[-96.861,32.771],[-97.21,32.64],[-97.2,32.674],[-97.1,32.61],[-96.61,32.75],[-96.58,32.76],[-96.43,32.9],[-96.79,32.52],[-96.74,32.53],[-96.07,33.07],[-96.11,33.097],[-95.95,33.15],[-95.95,33.15],[-94.69,32.94],[-95.64,32.51],[-95.58,32.53],[-95.23,32.41],[-95.6,32.44],[-94.86,32.27],[-95.27,32.33],[-95.32,32.31],[-99.84,30.99],[-99.84,31.22],[-99.79,30.92],[-101.82,36.02],[-94.67,33.22],[-95.31,32.98],[-95.27,32.95],[-94.74,33.18],[-100.24,35.07],[-95.909,33.651],[-94.97,33.36],[-97.01,32.48],[-96.96,32.47],[-97.0,32.47],[-96.98,32.49],[-96.83,32.42],[-96.89,32.5],[-96.78,32.43],[-96.83,32.42],[-95.46,32.47],[-98.94,30.96],[-100.81,36.4],[-98.72,31.23],[-98.839,33.86],[-98.47,30.89],[-98.574,33.85],[-98.51,33.91],[-98.496,33.856],[-98.37,30.81],[-98.32,30.77],[-98.23,30.76],[-98.23,30.76],[-98.22,30.76],[-97.95,33.78],[-97.02,33.82],[-96.77,33.62],[-96.86,33.68],[-97.41,33.68],[-97.24,33.39],[-97.28,33.36],[-97.24,33.39],[-96.92,33.47],[-96.94,33.51],[-96.13,32.91],[-97.52,33.71],[-96.76,33.33],[-96.65,33.24],[-96.69,33.15],[-96.65,33.64],[-96.85,33.73],[-95.64,32.78],[-95.52,32.71],[-95.49,32.69],[-95.96,33.42],[-96.23,33.07],[-95.63,32.33],[-95.29,32.07],[-95.08,31.65],[-94.85,31.46],[-98.86,30.31],[-98.93,30.28],[-98.94,30.28],[-97.11,31.73],[-97.1,31.67],[-97.155,31.507],[-98.188,31.092],[-97.12,31.39],[-98.94,30.26],[-98.25,30.76],[-99.88,30.53],[-97.98,30.59],[-97.93,30.58],[-97.91,30.62],[-99.77,30.5],[-97.77,30.41],[-97.75,30.35],[-97.71,30.34],[-99.43,31.83],[-99.23,32.0],[-94.07,32.53],[-101.13,35.74],[-100.53,31.26],[-100.44,31.28],[-100.31,31.37],[-99.95,32.92],[-99.5,32.41],[-99.49,32.41],[-99.41,31.33],[-99.41,31.4],[-99.23,31.2],[-99.23,31.3],[-98.98,31.73],[-98.98,31.55],[-99.12,30.27],[-99.17,30.07],[-99.18,30.07],[-99.5,30.91],[-99.76,30.72],[-100.48,31.16],[-99.59,30.68],[-99.49,32.04],[-99.27,31.74],[-99.25,31.73],[-99.78,30.905],[-99.303,30.17],[-99.33,31.13],[-101.38,35.24],[-101.36,35.21],[-101.45,35.64],[-99.862,33.75],[-99.63,33.45],[-101.6,35.64],[-98.77,33.83],[-96.73,33.28],[-96.74,33.26],[-96.67,33.35],[-96.59,33.25],[-102.32,34.55],[-102.2,34.91],[-102.153,33.58],[-101.92,35.01],[-101.91,35.13],[-101.79,35.2],[-101.38,35.35],[-95.312,29.72],[-95.3,29.78],[-95.32,29.73],[-95.36,29.77],[-95.38,29.74],[-95.62,29.89],[-95.65,29.88],[-95.662,29.894],[-100.58,33.25],[-100.55,31.5],[-94.17,33.41],[-94.31,33.46],[-94.22,33.38],[-101.76,35.19],[-99.9,32.76],[-99.9,32.75],[-99.55,32.37],[-102.55,30.52],[-101.69,30.67],[-102.45,32.12],[-102.44,32.07],[-102.46,32.11],[-102.37,32.02],[-102.18,32.07],[-102.15,32.03],[-102.12,32.04],[-102.13,32.01],[-102.12,32.01],[-102.13,32.01],[-102.08,32.06],[-102.12,32.01],[-102.0,32.05],[-101.9,32.03],[-101.96,32.05],[-101.79,32.01],[-101.32,29.69],[-100.42,29.31],[-99.19,31.33],[-98.95,30.74],[-100.72,30.96],[-102.9,34.52],[-102.4,34.82],[-102.24,35.1],[-96.85,32.63],[-97.38,31.83],[-98.86,26.45],[-101.65,35.25],[-101.46,30.98],[-101.67,35.22],[-96.65,32.33],[-101.46,30.93],[-97.54,26.01],[-98.14,26.28],[-97.57,25.96],[-97.64,26.14],[-106.29,31.67],[-106.33,31.84],[-103.35,30.82],[-103.74,31.01],[-102.93,30.57],[-102.93,30.56],[-102.57,32.32],[-98.44,29.76],[-98.34,29.6],[-98.4,29.66],[-98.3,29.63],[-98.32,29.56],[-98.37,29.58],[-98.31,29.59],[-96.24,30.54],[-97.37,31.07],[-95.65,30.01],[-96.91,32.63],[-95.038,29.464],[-95.077,29.522],[-101.411,34.527],[-99.72,33.98],[-102.4,35.15],[-101.97,35.19],[-103.6,31.71],[-97.17,33.35],[-100.6,35.24],[-100.42,35.43],[-100.088,34.38],[-97.86,33.57],[-102.07,36.34],[-100.16,35.44],[-100.65,36.21],[-96.22,31.48],[-101.92,35.22],[-102.07,36.34],[-101.57,35.92],[-99.264,33.585],[-101.68,34.98],[-101.54,34.55],[-100.71,32.41],[-99.2,32.21],[-99.17,32.12],[-96.66,29.8],[-102.32,34.85],[-97.01,33.08],[-97.02,33.04],[-96.96,32.97],[-99.68,34.262],[-99.725,34.071],[-99.143,33.761],[-99.074,33.685],[-96.52,33.74],[-97.22,33.28],[-97.17,33.23],[-94.91,33.58],[-95.31,30.4],[-95.95,33.43],[-96.725,32.94],[-96.81,32.91],[-96.79,32.89],[-96.74,32.92],[-96.75,32.97],[-96.65,32.93],[-96.64,32.95],[-97.34,31.22],[-96.89,32.44],[-96.87,32.41],[-95.79,33.7],[-99.0,30.37],[-96.82,32.38],[-97.8,30.85],[-97.06,32.72],[-97.7,30.67],[-97.716,30.607],[-97.63,30.67],[-96.97,32.65],[-97.66,30.69],[-97.69,30.56],[-96.65,31.98],[-97.72,30.5],[-97.73,30.5],[-97.68,30.56],[-96.9,32.5],[-96.85,32.52],[-97.69,30.45],[-96.91,32.49],[-97.64,30.47],[-97.67,30.48],[-97.66,30.43],[-97.71,30.39],[-97.66,30.43],[-97.62,30.45],[-96.78,32.43],[-97.67,30.38],[-97.66,30.37],[-97.66,30.43],[-96.82,32.38],[-96.84,32.38],[-97.71,30.35],[-97.7,30.32],[-97.72,30.34],[-97.71,30.35],[-97.69,30.32],[-97.7,30.29],[-95.62,32.08],[-97.21,31.38],[-106.421,31.813],[-95.54,31.87],[-95.57,31.87],[-95.05,33.6],[-97.16,33.61],[-98.54,32.1],[-102.645,34.102],[-102.5,31.84],[-100.55,31.59],[-100.55,31.55],[-102.07,35.21],[-100.97,35.53],[-102.73,32.6],[-102.2,33.33],[-102.33,32.45],[-99.88,32.75],[-101.38,33.18],[-97.45,33.67],[-97.18,32.26],[-96.07,33.58],[-97.26,33.35],[-98.59,33.11],[-100.43,31.4],[-100.5,31.39],[-99.68,31.87],[-99.63,31.88],[-100.45,31.45],[-95.64,31.19],[-95.69,29.97],[-95.72,29.95],[-97.33,31.65],[-97.33,30.38],[-97.01,30.42],[-96.43,30.73],[-97.01,30.42],[-95.56,30.05],[-95.35,29.23],[-96.8,31.85],[-96.58,32.16],[-94.41,31.64],[-97.91,31.1],[-96.97,31.95],[-97.33,31.66],[-97.3,31.47],[-96.34,30.59],[-96.33,29.84],[-95.23,30.05],[-95.22,33.18],[-98.36,30.54],[-98.72,29.08],[-98.59,29.05],[-94.32,30.39],[-100.61,31.9],[-100.48,31.88],[-97.69,29.52],[-96.57,29.5],[-98.77,29.81],[-97.31,30.33],[-99.77,32.18],[-99.56,32.26],[-100.55,31.59],[-99.55,31.96],[-98.96,32.07],[-99.78,30.58],[-98.13,31.7],[-97.58,31.78],[-96.89,31.92],[-96.72,31.96],[-96.68,31.95],[-96.58,32.01],[-95.84,32.21],[-95.51,32.22],[-95.49,32.12],[-95.44,32.16],[-95.33,32.28],[-95.31,32.29],[-95.28,32.3],[-95.25,32.33],[-95.3,32.33],[-95.18,32.31],[-94.86,32.38],[-95.58,31.61],[-95.55,31.62],[-94.58,32.49],[-95.16,31.7],[-94.35,32.55],[-96.78,29.99],[-94.49,31.83],[-95.07,30.81],[-94.77,30.44],[-94.51,30.76],[-94.4,30.61],[-94.18,30.69],[-100.702,34.479],[-100.42,29.31],[-100.2,34.304],[-98.78,33.37],[-98.18,28.47],[-97.31,32.97],[-97.29,32.96],[-97.28,32.96],[-97.28,32.98],[-97.08,33.1],[-97.02,33.12],[-96.94,33.21],[-96.93,33.17],[-96.93,33.23],[-96.55,33.33],[-96.4,33.38],[-95.75,33.34],[-101.67,30.88],[-99.58,31.2],[-99.39,31.13],[-99.33,31.16],[-99.83,30.63],[-99.23,30.76],[-95.69,29.55],[-96.99,29.43],[-95.61,29.58],[-95.62,29.6],[-95.58,29.6],[-95.57,29.61],[-95.51,29.61],[-95.39,29.68],[-94.2,30.18],[-95.27,29.68],[-94.19,30.19],[-100.78,29.36],[-95.45,29.2],[-95.73,29.31],[-94.48,29.51],[-99.02,31.86],[-97.86,32.97],[-95.68,29.92],[-95.65,29.88],[-95.57,29.9],[-98.85,30.31],[-95.56,29.88],[-95.51,29.91],[-95.43,29.86],[-95.34,29.89],[-95.3,29.87],[-98.66,29.54],[-98.66,29.52],[-98.47,29.46],[-98.1,29.79],[-98.87,33.903],[-98.55,33.899],[-98.528,33.935],[-98.528,33.952],[-98.35,33.95],[-98.219,33.888],[-98.63,33.59],[-98.06,30.28],[-98.01,32.75],[-96.0,32.17],[-95.29,32.15],[-95.35,32.2],[-98.26,32.95],[-99.728,33.988],[-99.665,34.249],[-99.44,31.83],[-101.48,31.97],[-100.251,33.382],[-98.73,31.47],[-98.72,31.2],[-98.64,31.04],[-97.44,28.71],[-97.16,33.37],[-99.98,29.71],[-98.62,27.88],[-98.6,29.64],[-98.52,29.69],[-98.489,29.642],[-98.45,29.68],[-98.448,29.698],[-98.46,29.68],[-98.2,29.73],[-98.17,29.72],[-98.2,29.73],[-98.067,29.755],[-97.944,29.817],[-97.62,28.83],[-97.39,28.67],[-99.69,32.48],[-102.65,32.78],[-102.65,32.81],[-102.03,33.02],[-98.44,31.02],[-97.29,32.5],[-97.21,32.63],[-97.13,32.69],[-98.51,31.1],[-95.87,32.56],[-94.97,33.15],[-94.52,33.49],[-99.856,34.328],[-99.584,33.757],[-99.393,33.611],[-98.92,34.03],[-99.817,33.416],[-98.892,33.913],[-99.823,33.409],[-98.808,33.841],[-98.769,33.971],[-99.9,33.19],[-98.769,33.971],[-98.67,33.95],[-98.672,33.964],[-99.9,33.19],[-98.586,34.076],[-99.9,33.19],[-100.46,32.86],[-100.47,32.85],[-98.769,33.971],[-100.62,32.34],[-99.26,33.59],[-101.44,32.23],[-100.39,32.46],[-101.8,31.86],[-101.41,32.13],[-99.8,32.94],[-101.3,30.81],[-99.69,32.43],[-98.15,29.14],[-98.08,29.07],[-98.08,29.07],[-96.53,31.53],[-96.14,31.34],[-93.91,30.29],[-93.87,30.21],[-93.88,30.22],[-101.02,32.36],[-99.529,33.948],[-99.81,32.61],[-99.8,32.21],[-99.54,33.98],[-99.4,32.23],[-98.26,32.94],[-98.82,32.35],[-98.82,32.28],[-97.86,32.97],[-97.79,32.98],[-97.71,32.98],[-97.71,32.99],[-97.66,33.01],[-97.66,33.01],[-97.56,33.08],[-97.35,33.09],[-97.52,33.05],[-97.23,33.12],[-97.79,32.42],[-97.182,33.127],[-97.22,33.08],[-97.68,32.37],[-97.87,31.99],[-97.67,32.35],[-97.79,32.35],[-97.142,33.152],[-98.84,30.24],[-98.54,30.25],[-98.4,30.31],[-98.41,30.31],[-98.41,30.28],[-97.96,30.32],[-97.93,30.38],[-97.96,30.33],[-97.89,30.38],[-97.92,30.41],[-98.84,29.43],[-98.92,29.43],[-98.94,29.43],[-98.8,29.43],[-98.71,29.45],[-98.711,29.436],[-98.62,29.5],[-98.65,29.44],[-98.508,29.474],[-98.59,29.47],[-97.92,29.9],[-94.15,33.16],[-95.4,32.5],[-101.08,32.73],[-96.67,32.34],[-101.03,32.73],[-100.97,32.73],[-101.09,33.076],[-100.94,32.78],[-101.65,33.416],[-96.6,32.77],[-96.56,32.78],[-96.52,32.9],[-96.56,32.91],[-96.11,33.13],[-100.23,33.156],[-101.666,33.448],[-97.31,32.75],[-97.23,33.01],[-97.32,32.79],[-96.74,33.28],[-97.33,32.92],[-96.22,33.6],[-96.22,33.6],[-96.08,33.58],[-97.23,33.01],[-97.28,33.02],[-96.56,33.79],[-97.25,33.41],[-99.47,32.98],[-98.92,32.75],[-97.04,33.66],[-96.57,33.34],[-101.07,33.076],[-97.25,31.3],[-98.38,30.57],[-96.09,32.13],[-97.73,30.36],[-97.72,30.34],[-97.66,30.37],[-97.67,30.36],[-97.62,30.33],[-98.7,30.59],[-97.74,30.38],[-97.73,30.41],[-98.36,30.59],[-98.32,30.63],[-98.27,30.61],[-97.39,30.36],[-97.43,30.35],[-97.63,30.91],[-97.91,30.62],[-97.43,30.32],[-97.89,30.53],[-97.85,30.51],[-97.89,30.53],[-98.08,30.18],[-98.41,30.05],[-98.38,30.05],[-97.86,30.16],[-97.38,30.99],[-97.54,30.55],[-97.79,30.18],[-97.786,30.167],[-98.46,29.79],[-98.46,29.84],[-98.41,29.85],[-97.34,30.11],[-97.34,30.12],[-97.29,30.09],[-98.8,29.43],[-98.66,29.52],[-98.78,29.42],[-98.62,29.36],[-99.24,28.44],[-96.56,30.38],[-97.99,29.57],[-97.97,29.6],[-94.67,31.18],[-98.71,30.98],[-99.79,30.92],[-100.65,31.82],[-100.28,31.75],[-99.97,31.75],[-99.96,31.72],[-99.96,31.75],[-99.32,31.66],[-99.34,31.54],[-99.15,31.67],[-98.98,31.55],[-97.97,31.47],[-97.22,31.37],[-97.22,31.35],[-101.81,35.12],[-97.87,31.12],[-97.72,31.1],[-96.92,31.18],[-97.65,31.06],[-97.45,31.06],[-96.34,31.37],[-96.67,30.98],[-96.49,31.02],[-96.27,30.96],[-94.25,29.93],[-93.99,29.95],[-93.93,29.9],[-101.31,36.05],[-101.27,36.08],[-99.78,29.11],[-99.61,29.07],[-99.14,29.18],[-99.0,29.06],[-98.87,29.05],[-98.57,28.94],[-98.58,29.04],[-98.91,29.14],[-98.17,29.02],[-97.8,28.62],[-97.01,28.87],[-99.72,27.72],[-99.46,27.69],[-99.23,27.64],[-99.44,27.76],[-98.24,27.76],[-97.86,27.51],[-98.38,26.48],[-98.26,27.44],[-99.17,30.07],[-97.3,27.42],[-98.83,26.38],[-98.83,26.38],[-98.78,26.4],[-103.02,36.38],[-102.51,36.14],[-101.83,36.02],[-101.44,35.87],[-101.33,36.02],[-99.381,34.077],[-100.93,32.71],[-101.082,33.067],[-94.25,31.32],[-95.016,30.735],[-101.63,31.41],[-102.5,31.84],[-102.3,31.89],[-102.17,32.0],[-100.98,31.18],[-102.12,31.95],[-102.35,31.39],[-100.74,31.05],[-100.56,31.16],[-101.95,31.22],[-99.81,30.93],[-99.78,30.94],[-99.6,30.87],[-99.07,29.73],[-97.91,28.24],[-98.51,26.25],[-98.35,26.32],[-98.44,26.28],[-98.34,26.32],[-98.37,26.32],[-98.23,26.1],[-99.52,27.6],[-99.49,27.54],[-100.08,30.13],[-100.38,35.91],[-97.42,31.98],[-99.32,31.74],[-99.21,31.64],[-98.99,31.71],[-97.72,33.04],[-97.43,33.04],[-97.31,33.05],[-96.57,33.42],[-97.09,33.03],[-97.21,33.07],[-97.12,33.11],[-97.12,33.1],[-97.12,33.11],[-100.11,32.04],[-96.93,33.12],[-96.87,33.14],[-97.15,33.04],[-97.06,33.02],[-97.09,33.02],[-97.07,33.03],[-97.01,33.05],[-96.82,33.08],[-96.81,33.1],[-96.87,33.09],[-96.78,33.09],[-96.81,33.07],[-96.8,33.07],[-96.72,33.07],[-99.63,31.88],[-99.42,31.83],[-96.77,33.07],[-99.09,31.78],[-98.98,31.71],[-98.95,31.74],[-98.13,32.72],[-101.01,32.22],[-101.01,32.27],[-98.07,32.76],[-98.16,31.52],[-98.66,31.56],[-100.86,32.4],[-100.51,31.44],[-100.51,31.43],[-100.5,31.45],[-100.82,31.27],[-100.57,32.69],[-100.34,31.38],[-95.25,32.98],[-100.59,31.3],[-100.8,31.25],[-95.09,32.99],[-97.47,31.15],[-97.2,31.54],[-94.75,32.71],[-97.33,31.14],[-94.59,32.6],[-97.03,32.7],[-97.109,32.703],[-97.09,32.71],[-97.1,32.73],[-94.8,32.56],[-97.03,32.7],[-95.66,33.19],[-95.6,33.15],[-95.61,33.13],[-95.497,33.192],[-95.48,33.19],[-95.38,33.66],[-94.98,33.17],[-97.34,31.98],[-97.371,31.993],[-97.37,31.97],[-96.61,32.34],[-100.55,31.57],[-98.96,31.35],[-97.26,31.19],[-100.52,31.46],[-100.48,31.45],[-100.03,34.77],[-95.49,32.14],[-99.71,30.91],[-96.22,31.35],[-96.15,31.35],[-96.89,33.6],[-96.91,33.56],[-96.78,33.63],[-96.64,33.66],[-96.64,33.61],[-96.34,33.43],[-96.29,33.41],[-96.22,33.37],[-98.12,31.7],[-97.67,31.76],[-96.48,32.13],[-97.01,32.41],[-96.8,32.48],[-96.47,32.76],[-96.45,32.7],[-97.23,33.85],[-97.28,33.19],[-97.02,33.801],[-96.54,32.29],[-96.57,32.3],[-97.83,32.47],[-97.21,33.06],[-96.47,32.31],[-97.77,32.44],[-96.36,32.63],[-97.12,32.01],[-96.87,31.99],[-95.86,32.49],[-96.57,33.41],[-99.192,33.55],[-99.18,32.09],[-98.65,32.19],[-97.8,33.51],[-97.79,33.53],[-97.55,33.55],[-97.29,33.49],[-96.69,33.48],[-96.56,33.35],[-96.6,33.62],[-100.99,31.84],[-100.82,31.27],[-99.32,31.75],[-96.42,31.05],[-96.9,32.77],[-96.86,32.75],[-96.86,32.73],[-96.67,32.95],[-96.67,32.95],[-96.69,32.95],[-96.69,32.95],[-96.81,32.71],[-97.13,33.06],[-96.56,32.44],[-97.2,33.0],[-98.46,30.55],[-97.27,33.02],[-97.21,33.0],[-97.23,33.0],[-97.26,33.0],[-97.2,33.0],[-97.25,32.98],[-97.15,32.96],[-97.17,33.0],[-98.64,31.46],[-97.2,32.9],[-97.19,32.93],[-97.19,32.89],[-97.18,32.89],[-97.21,32.9],[-97.21,32.9],[-97.22,32.86],[-97.21,32.86],[-97.19,32.9],[-97.07,32.93],[-97.13,32.84],[-97.15,32.85],[-97.16,32.84],[-97.15,32.89],[-97.15,32.88],[-97.15,32.84],[-97.16,32.82],[-97.19,32.84],[-97.14,32.86],[-97.15,32.81],[-97.11,32.83],[-97.09,32.9],[-97.08,32.81],[-97.15,32.85],[-97.21,32.85],[-97.1,32.89],[-97.08,32.81],[-97.11,32.7],[-97.13,32.75],[-97.1,32.73],[-97.08,32.73],[-97.09,32.67],[-97.08,32.7],[-97.1,32.7],[-97.11,32.75],[-97.1,32.6],[-97.1,32.59],[-97.1,32.58],[-97.11,32.6],[-97.1,32.59],[-97.1,32.58],[-97.34,33.24],[-99.26,33.59],[-98.67,33.95],[-98.665,33.94],[-98.14,33.766],[-97.88,33.47],[-96.72,33.62],[-97.59,33.24],[-96.78,33.29],[-97.06,33.14],[-96.51,33.19],[-96.71,32.89],[-96.6,32.85],[-96.48,32.8],[-96.22,32.48],[-95.41,32.24],[-96.32,31.88],[-94.93,30.71],[-95.53,29.96],[-95.32,29.73],[-93.75,30.3],[-95.16,29.58],[-95.12,29.54],[-95.174,29.541],[-102.43,33.05],[-95.1,29.55],[-102.746,34.624],[-102.22,31.12],[-102.49,33.41],[-102.015,33.298],[-102.17,33.82],[-102.185,33.42],[-95.48,29.84],[-103.47,30.46],[-103.25,30.2],[-103.24,30.21],[-100.212,34.43],[-98.18,32.22],[-96.85,32.42],[-96.85,32.45],[-96.85,32.41],[-94.92,32.59],[-102.27,32.02],[-97.28,31.18],[-102.7,32.94],[-97.35,30.53],[-102.17,31.55],[-95.63,30.44],[-95.7,30.39],[-99.77,32.4],[-99.42,31.84],[-98.98,31.71],[-98.98,31.71],[-98.98,31.71],[-98.97,31.67],[-97.319,32.553],[-100.11,32.05],[-100.11,32.04],[-95.092,29.442],[-98.7,29.96],[-99.32,31.15],[-99.26,31.24],[-101.968,33.5],[-102.84,30.89],[-102.65,32.21],[-102.54,32.29],[-101.833,33.423],[-101.2,36.19],[-101.844,33.471],[-96.04,31.25],[-100.68,36.17],[-97.76,32.16],[-101.7,34.215],[-99.96,31.74],[-95.15,30.57],[-94.31,30.37],[-100.29,31.92],[-100.302,33.522],[-100.04,31.86],[-99.9,32.91],[-99.9,32.75],[-99.49,32.41],[-97.34,31.22],[-95.65,30.03],[-94.32,30.38],[-100.41,31.45],[-100.27,31.38],[-102.31,35.63],[-100.879,34.076],[-98.186,33.82],[-100.01,30.91],[-100.64,35.69],[-99.87,30.49],[-100.99,32.73],[-103.57,31.92],[-103.76,30.96],[-103.07,30.9],[-103.03,30.79],[-103.09,31.85],[-102.56,30.55],[-99.5,32.04],[-101.53,31.41],[-101.69,30.39],[-102.06,35.16],[-101.91,35.24],[-94.35,32.54],[-96.17,33.24],[-96.34,33.1],[-96.23,33.08],[-96.11,33.14],[-96.09,33.09],[-94.13,33.45],[-99.68,32.31],[-98.582,33.854],[-98.55,33.83],[-98.479,33.856],[-98.528,33.933],[-98.49,33.963],[-98.502,33.985],[-98.363,34.02],[-97.89,33.27],[-97.69,33.36],[-98.197,33.503],[-97.86,33.56],[-97.84,33.54],[-96.96,33.4],[-100.23,31.55],[-98.21,32.78],[-96.6,33.53],[-97.02,33.61],[-97.0,33.56],[-96.91,33.66],[-98.0,32.52],[-97.93,32.49],[-97.8,32.43],[-97.81,32.44],[-97.82,32.48],[-95.71,33.47],[-99.76,31.41],[-99.76,31.41],[-97.75,32.4],[-98.25,32.2],[-95.22,33.47],[-98.03,31.98],[-96.15,33.54],[-99.33,31.14],[-99.34,31.14],[-97.34,32.23],[-99.32,31.14],[-96.62,33.63],[-97.14,32.16],[-99.07,30.96],[-96.91,31.48],[-98.7,30.59],[-98.41,30.31],[-98.41,30.31],[-96.63,31.31],[-96.63,31.31],[-97.66,30.91],[-96.07,31.24],[-97.85,30.78],[-97.99,29.87],[-97.69,30.65],[-97.71,30.72],[-97.66,30.71],[-94.73,31.28],[-95.37,30.95],[-94.43,30.97],[-97.01,30.42],[-103.99,31.94],[-102.38,31.9],[-102.37,31.89],[-102.35,31.9],[-102.264,33.352],[-101.87,32.1],[-101.86,36.46],[-102.13,36.39],[-100.87,35.88],[-96.67,33.83],[-96.66,33.76],[-96.91,33.73],[-101.45,35.83],[-97.53,33.03],[-96.18,32.28],[-96.13,32.24],[-96.1,32.18],[-93.78,30.84],[-94.99,31.98],[-94.98,31.86],[-101.35,36.34],[-101.19,36.2],[-97.14,33.62],[-97.16,33.26],[-97.15,33.21],[-97.61,33.23],[-97.1,33.23],[-96.92,33.12],[-97.61,32.68],[-97.5,32.67],[-97.51,32.69],[-97.34,32.74],[-102.01,35.06],[-101.86,34.75],[-101.868,34.73],[-101.87,35.1],[-101.87,35.13],[-101.71,35.23],[-95.49,32.67],[-94.349,31.5],[-97.24,32.1],[-94.427,31.539],[-100.94,35.75],[-100.54,36.45],[-100.77,36.39],[-101.03,34.98],[-100.34,29.97],[-101.44,35.83],[-102.954,34.726],[-101.38,33.68],[-102.11,35.45],[-101.556,35.312],[-101.51,35.28],[-101.47,34.95],[-102.3,34.23],[-102.02,33.514],[-99.49,32.41],[-101.85,34.89],[-96.85,33.17],[-96.81,33.14],[-96.85,33.12],[-96.78,33.13],[-96.89,33.1],[-96.79,33.15],[-96.82,33.05],[-102.9,30.89],[-101.46,31.2],[-104.394,29.562],[-101.88,35.12],[-101.87,35.15],[-101.86,35.01],[-100.85,29.37],[-98.5,28.95],[-97.32,31.95],[-98.277,33.837],[-102.68,32.28],[-99.56,32.26],[-100.6,31.59],[-97.37,33.09],[-97.45,33.16],[-97.29,33.18],[-97.22,33.09],[-97.94,29.58],[-97.16,27.89],[-97.37,28.87],[-97.12,27.75],[-97.28,28.77],[-97.82,27.33],[-97.82,27.28],[-97.47,26.07],[-97.43,26.34],[-97.42,25.92],[-97.4,25.91],[-97.69,30.05],[-97.59,30.15],[-95.49,31.49],[-95.19,31.36],[-96.66,30.46],[-96.7,30.44],[-96.91,30.29],[-96.35,30.62],[-96.34,30.59],[-96.33,30.64],[-97.17,30.23],[-96.31,30.66],[-96.36,30.63],[-96.3,30.66],[-96.31,30.65],[-96.34,30.63],[-96.66,30.45],[-96.37,30.63],[-96.34,30.6],[-96.35,30.63],[-96.34,30.68],[-96.35,30.65],[-96.34,30.66],[-96.34,30.63],[-96.33,30.64],[-96.32,30.68],[-96.33,30.62],[-96.31,30.66],[-96.3,30.67],[-96.58,30.4],[-96.7,30.44],[-96.27,30.69],[-96.34,30.65],[-96.34,30.62],[-95.21,31.87],[-96.33,30.58],[-96.22,30.53],[-95.83,30.97],[-95.6,31.16],[-94.71,31.76],[-94.4,32.16],[-96.34,32.04],[-99.32,30.19],[-96.15,32.19],[-96.1,32.2],[-94.11,31.53],[-97.89,30.02],[-97.88,29.99],[-95.71,32.28],[-95.64,32.27],[-95.62,32.17],[-96.62,31.64],[-95.43,32.06],[-99.57,29.81],[-95.5,32.05],[-95.4,32.15],[-97.95,30.32],[-98.6,29.91],[-96.53,31.58],[-96.53,31.58],[-96.47,31.6],[-97.96,30.32],[-98.76,29.77],[-98.75,29.77],[-96.34,31.37],[-97.4,30.88],[-96.37,31.38],[-96.34,31.37],[-98.6,29.58],[-97.59,30.8],[-97.59,30.74],[-97.58,30.78],[-97.45,30.72],[-97.97,29.79],[-98.6,29.77],[-96.7,32.79],[-96.58,33.75],[-96.66,32.6],[-96.26,33.48],[-96.21,33.41],[-97.0,32.83],[-96.77,33.0],[-96.65,33.88],[-96.75,32.99],[-96.7,33.0],[-96.61,33.65],[-96.94,32.79],[-97.37,32.91],[-97.36,32.91],[-96.65,33.16],[-96.55,33.57],[-96.62,33.06],[-96.24,33.38],[-96.08,33.37],[-96.54,33.02],[-96.6,33.05],[-96.68,33.22],[-96.66,33.17],[-96.52,33.02],[-96.54,33.0],[-96.5,33.18],[-96.42,32.77],[-96.35,32.7],[-96.4,32.7],[-96.64,33.64],[-96.62,33.66],[-96.41,33.61],[-96.28,33.63],[-96.18,33.7],[-97.02,33.7],[-96.96,33.6],[-103.59,30.28],[-98.53,32.5],[-99.1,31.82],[-98.22,32.65],[-98.536,34.107],[-97.41,32.91],[-97.35,32.98],[-98.17,32.24],[-98.14,31.66],[-96.92,33.12],[-96.98,33.05],[-97.66,31.92],[-96.84,33.1],[-96.8,33.11],[-96.71,33.16],[-96.96,32.49],[-96.72,32.54],[-98.95,31.17],[-97.6,30.81],[-97.44,30.76],[-97.42,32.73],[-97.41,32.74],[-97.38,32.74],[-97.19,32.75],[-94.96,31.94],[-94.67,31.94],[-94.68,31.92],[-94.68,31.75],[-94.65,31.81],[-94.25,31.94],[-94.44,31.88],[-98.7,29.46],[-98.62,29.5],[-98.64,29.47],[-98.68,29.45],[-98.64,29.47],[-98.65,29.41],[-98.73,29.46],[-98.79,29.51],[-100.087,34.387],[-100.48,31.24],[-99.21,31.22],[-97.66,33.12],[-97.41,32.92],[-97.64,32.65],[-96.7,32.86],[-96.48,33.52],[-96.41,33.61],[-97.41,32.32],[-97.39,32.32],[-97.39,32.32],[-97.39,32.32],[-97.23,32.3],[-96.93,32.34],[-97.74,32.47],[-97.55,32.47],[-97.33,32.57],[-97.35,32.56],[-97.33,32.53],[-97.32,32.57],[-97.22,32.57],[-97.1,32.6],[-97.1,32.61],[-96.87,32.61],[-96.86,32.61],[-96.5,33.08],[-95.24,30.752],[-95.22,30.75],[-95.08,30.74],[-95.01,30.67],[-94.95,30.71],[-94.9,30.69],[-96.95,32.48],[-96.82,32.45],[-97.85,33.68],[-97.72,33.77],[-100.61,31.31],[-100.5,31.4],[-102.22,31.11],[-100.91,31.79],[-100.86,31.77],[-100.56,31.87],[-102.22,31.14],[-101.94,31.22],[-100.11,32.04],[-99.88,32.24],[-99.79,32.26],[-100.4,31.56],[-100.41,31.59],[-100.29,31.74],[-102.067,33.399],[-97.76,33.21],[-97.72,33.38],[-99.22,32.26],[-96.8,33.21],[-102.89,31.19],[-102.79,31.15],[-100.97,34.97],[-102.79,31.09],[-102.79,31.12],[-102.79,31.11],[-102.88,30.91],[-100.9,34.77],[-102.326,34.026],[-101.04,35.0],[-100.39,35.91],[-102.326,34.011],[-102.328,33.785],[-102.224,34.011],[-102.54,30.49],[-102.43,30.35],[-97.622,30.557],[-97.66,30.57],[-97.606,30.562],[-97.65,30.59],[-97.67,30.61],[-97.633,30.617],[-97.65,30.63],[-97.65,30.53],[-97.69,30.58],[-97.62,30.61],[-97.63,30.64],[-101.33,33.98],[-97.62,30.61],[-97.4,30.68],[-97.59,30.8],[-99.7,32.42],[-99.7,32.41],[-97.75,33.21],[-97.42,33.09],[-97.3,33.08],[-97.15,27.91],[-103.28,31.34],[-103.39,31.46],[-101.35,36.49],[-102.4,35.89],[-99.92,32.17],[-101.312,34.331],[-101.68,33.67],[-101.39,35.65],[-101.19,36.2],[-101.41,36.26],[-101.19,36.33],[-101.255,33.877],[-101.04,36.08],[-100.31,35.58],[-101.83,35.35],[-102.1,33.77],[-103.49,31.42],[-102.82,34.93],[-102.4,34.23],[-102.4,34.8],[-103.36,31.78],[-101.865,33.476],[-101.856,33.476],[-101.219,33.888],[-101.46,31.73],[-101.23,31.8],[-99.507,34.215],[-101.0,31.84],[-100.95,35.56],[-102.79,31.07],[-102.92,30.91],[-100.344,33.209],[-99.813,33.413],[-99.63,33.45],[-99.584,33.456],[-98.966,33.701],[-98.91,33.32],[-98.288,33.638],[-101.37,32.07],[-102.64,32.87],[-100.92,32.68],[-101.53,32.43],[-98.67,31.67],[-94.749,32.494],[-94.729,32.502],[-101.98,33.68],[-94.745,32.476],[-94.704,32.528],[-96.02,31.79],[-97.91,31.11],[-97.92,31.11],[-97.91,31.12],[-97.58,31.78],[-97.36,31.65],[-100.625,33.321],[-97.18,31.46],[-98.49,28.96],[-97.72,31.07],[-97.71,31.06],[-97.68,31.09],[-98.3,29.35],[-97.22,31.48],[-100.291,33.201],[-101.6,35.64],[-98.264,28.643],[-96.33,31.76],[-99.8,32.95],[-96.17,31.77],[-97.91,30.79],[-97.954,28.667],[-97.4,30.88],[-97.59,30.8],[-97.765,28.524],[-95.5,31.5],[-97.56,30.5],[-97.54,30.57],[-97.43,30.59],[-98.51,33.98],[-94.25,32.94],[-101.45,32.26],[-99.9,32.76],[-98.73,33.37],[-98.36,33.39],[-99.56,32.34],[-98.76,32.62],[-98.69,33.82],[-98.18,33.22],[-95.73,33.1],[-102.39,31.83],[-102.38,31.85],[-102.11,32.02],[-95.409,32.509],[-94.952,32.85],[-99.78,29.22],[-100.99,31.83],[-99.65,29.45],[-100.47,32.85],[-101.0,31.84],[-99.8,32.94],[-100.91,29.43],[-100.45,31.39],[-98.579,33.779],[-99.56,32.34],[-98.578,33.858],[-98.577,33.849],[-98.591,33.854],[-98.546,33.785],[-98.577,33.849],[-98.543,33.858],[-98.493,33.858],[-98.502,33.9],[-98.55,33.899],[-98.338,33.754],[-98.313,33.96],[-96.38,32.2],[-97.83,32.45],[-98.64,30.98],[-97.73,32.46],[-97.11,32.76],[-97.5,32.51],[-97.3,32.49],[-98.15,31.4],[-97.0,32.49],[-96.98,32.44],[-97.08,32.44],[-98.68,30.74],[-98.57,30.71],[-96.84,32.42],[-97.83,31.77],[-96.63,32.34],[-96.62,32.33],[-98.24,30.76],[-98.14,30.7],[-97.52,32.05],[-96.32,32.33],[-98.01,30.66],[-97.92,30.69],[-97.91,30.62],[-98.05,30.74],[-97.86,30.59],[-97.87,30.59],[-97.86,30.56],[-97.87,30.63],[-97.87,30.63],[-97.95,30.63],[-97.87,30.63],[-97.8,30.6],[-96.45,32.6],[-96.28,32.73],[-99.23,30.75],[-98.11,32.58],[-98.08,32.81],[-97.37,31.98],[-97.99,33.09],[-97.85,33.18],[-97.87,33.17],[-97.38,33.65],[-97.25,33.84],[-95.369,32.638],[-99.25,33.08],[-100.49,31.89],[-98.93,32.6],[-97.59,33.24],[-100.41,32.15],[-98.26,32.55],[-97.99,32.68],[-97.21,31.39],[-97.18,31.41],[-98.194,33.798],[-98.156,33.813],[-97.94,33.76],[-97.85,33.56],[-97.85,33.56],[-97.63,33.94],[-97.5,33.77],[-97.77,33.45],[-97.17,33.63],[-97.02,33.72],[-96.55,33.74],[-96.55,33.76],[-96.41,33.75],[-96.46,33.72],[-94.59,30.03],[-97.21,33.76],[-98.631,34.096],[-101.14,33.409],[-98.569,34.1],[-98.49,33.17],[-99.257,34.046],[-98.44,30.74],[-97.86,29.86],[-97.8,29.88],[-97.85,29.88],[-98.576,34.096],[-97.73,30.01],[-98.78,33.09],[-97.73,30.09],[-97.71,30.06],[-98.76,32.97],[-98.38,32.74],[-99.12,30.01],[-99.12,30.02],[-102.62,31.91],[-102.888,31.593],[-100.916,34.091],[-100.885,33.907],[-100.808,34.03],[-100.55,33.78],[-101.5,32.23],[-101.384,34.521],[-99.9,33.19],[-101.409,32.112],[-99.98,33.18],[-100.039,33.112],[-99.94,33.07],[-99.78,33.01],[-99.83,32.99],[-99.96,32.74],[-99.9,32.75],[-99.78,32.37],[-99.78,32.37],[-98.99,32.44],[-98.99,32.44],[-98.09,32.81],[-100.44,31.29],[-100.82,31.26],[-101.19,31.64],[-100.64,31.33],[-101.19,31.64],[-100.57,31.5],[-97.53,32.45],[-100.52,31.46],[-100.47,31.46],[-100.44,31.47],[-100.69,31.35],[-100.61,31.35],[-97.4,32.53],[-99.28,30.71],[-100.66,31.35],[-97.33,32.57],[-100.48,31.24],[-100.31,36.172],[-98.86,30.26],[-98.88,30.28],[-98.88,30.28],[-98.96,30.1],[-98.96,30.1],[-98.85,30.32],[-98.826,29.911],[-98.73,29.89],[-98.75,29.76],[-100.89,34.84],[-98.71,29.6],[-101.84,35.1],[-101.78,35.12],[-98.69,29.56],[-98.66,29.52],[-98.66,29.52],[-98.62,29.59],[-98.6,29.58],[-103.29,30.21],[-100.75,30.62],[-98.15,31.48],[-98.73,31.25],[-98.49,31.05],[-98.06,30.74],[-97.97,30.7],[-97.93,30.58],[-97.91,30.62],[-97.92,30.6],[-99.15,31.49],[-97.823,30.51],[-97.84,30.53],[-97.81,30.5],[-97.72,30.36],[-97.68,30.31],[-98.94,31.27],[-98.95,31.27],[-98.81,31.11],[-98.66,30.89],[-98.44,30.66],[-102.174,33.441],[-101.53,32.43],[-101.03,32.35],[-100.92,31.79],[-96.62,33.69],[-97.9,31.1],[-97.91,31.15],[-97.91,31.1],[-97.89,31.28],[-97.91,31.15],[-97.77,31.15],[-97.9,31.12],[-97.91,31.15],[-97.91,31.12],[-97.9,31.11],[-94.212,31.406],[-97.87,31.98],[-99.77,30.49],[-99.77,30.49],[-94.162,31.417],[-97.91,30.79],[-94.263,31.315],[-98.72,31.19],[-98.24,30.86],[-98.24,30.82],[-102.4,34.8],[-98.12,31.01],[-95.09,30.03],[-94.91,29.98],[-97.17,31.99],[-97.14,32.0],[-97.22,31.62],[-97.11,31.62],[-95.15,30.05],[-95.15,30.05],[-97.1,31.6],[-96.71,31.89],[-97.28,31.25],[-96.55,29.71],[-98.73,29.89],[-96.88,29.91],[-94.89,30.05],[-96.26,31.82],[-98.44,29.76],[-98.45,29.7],[-98.13,29.71],[-98.37,29.69],[-98.34,29.7],[-98.1,29.66],[-98.14,29.57],[-97.94,29.55],[-98.23,29.57],[-100.42,29.45],[-99.79,29.21],[-103.84,30.65],[-102.819,33.045],[-103.12,31.84],[-103.09,31.84],[-102.33,31.7],[-98.5,28.96],[-97.11,30.21],[-97.14,30.21],[-97.012,30.263],[-96.6,30.19],[-95.69,29.22],[-95.41,29.56],[-96.37,30.76],[-95.84,30.12],[-102.62,32.55],[-102.611,31.723],[-100.6,30.87],[-100.14,31.35],[-100.41,31.36],[-99.02,32.75],[-98.97,32.81],[-99.11,32.11],[-97.3,32.59],[-97.19,32.89],[-97.23,33.01],[-97.18,33.11],[-97.13,33.24],[-97.23,30.93],[-96.7,32.27],[-96.63,32.91],[-97.92,30.8],[-97.92,30.81],[-96.63,32.91],[-96.59,32.98],[-96.63,32.93],[-96.6,32.98],[-96.59,33.01],[-96.6,32.99],[-94.983,33.16],[-95.348,32.205],[-95.36,32.235],[-98.91,29.31],[-98.91,29.3],[-94.059,32.48],[-102.605,34.591],[-97.16,29.65],[-97.11,29.68],[-102.406,34.607],[-96.9,29.66],[-96.89,29.71],[-101.53,33.67],[-101.272,33.66],[-99.08,26.43],[-97.929,28.02],[-97.96,26.18],[-97.98,26.23],[-99.86,28.52],[-98.53,26.55],[-98.24,26.26],[-98.25,26.26],[-98.23,26.24],[-98.19,26.24],[-97.94,26.09],[-99.73,33.16],[-102.53,32.34],[-104.08,30.19],[-102.6,33.604],[-101.219,33.888],[-101.985,33.5],[-100.44,36.35],[-101.774,33.388],[-96.49,31.47],[-97.44,32.28],[-97.08,31.31],[-97.43,32.26],[-97.15,32.32],[-97.09,32.29],[-97.38,32.67],[-97.36,32.61],[-97.33,32.57],[-97.33,32.57],[-97.34,32.58],[-97.37,32.66],[-97.33,32.57],[-97.34,32.63],[-97.34,32.58],[-97.39,32.63],[-97.33,32.57],[-97.22,32.67],[-97.23,32.67],[-97.17,32.7],[-97.21,32.63],[-97.22,32.67],[-97.16,32.64],[-97.17,32.62],[-97.22,32.67],[-97.17,32.62],[-97.09,32.69],[-97.1,32.69],[-97.09,32.67],[-97.09,32.67],[-97.08,32.7],[-97.1,32.73],[-97.99,32.71],[-97.99,32.68],[-98.01,32.67],[-98.07,32.76],[-97.01,32.69],[-97.99,32.71],[-97.86,32.79],[-97.78,32.72],[-97.78,32.76],[-97.74,32.78],[-97.7,32.77],[-97.68,32.75],[-97.66,32.73],[-97.68,32.76],[-97.77,32.74],[-97.66,32.73],[-97.68,32.73],[-97.69,32.76],[-97.66,32.76],[-101.796,33.184],[-102.355,31.681],[-102.33,31.7],[-98.483,33.761],[-97.76,32.57],[-97.63,31.31],[-97.65,31.32],[-102.66,35.03],[-103.429,31.954],[-102.019,33.431],[-101.837,33.738],[-102.004,33.605],[-101.95,36.4],[-100.8,36.38],[-102.2,35.21],[-96.5,33.53],[-100.46,32.86],[-100.28,32.75],[-100.47,34.615],[-101.54,35.11],[-101.18,35.57],[-101.44,35.82],[-94.41,32.1],[-97.05,33.18],[-97.08,33.18],[-101.48,35.64],[-101.4,35.67],[-97.02,33.12],[-101.58,35.84],[-98.17,32.39],[-98.05,32.46],[-101.38,35.35],[-102.46,35.68],[-98.11,32.22],[-94.11,31.59],[-96.51,33.08],[-102.36,31.82],[-95.68,33.37],[-102.25,35.51],[-102.12,32.01],[-101.79,32.13],[-100.592,33.26],[-102.81,34.87],[-100.592,33.26],[-100.86,32.4],[-99.05,33.03],[-96.58,33.78],[-99.24,32.74],[-101.885,33.58],[-100.05,32.6],[-100.01,32.47],[-99.41,32.39],[-99.71,32.47],[-99.49,32.41],[-99.88,32.45],[-99.76,32.32],[-99.76,32.23],[-95.615,30.099],[-95.52,30.17],[-95.5,30.18],[-95.454,30.164],[-101.37,32.07],[-101.35,31.83],[-101.47,31.83],[-101.48,31.86],[-102.4,31.93],[-102.38,31.9],[-102.43,31.92],[-102.37,31.87],[-102.39,31.85],[-102.38,31.9],[-102.41,31.84],[-102.38,31.89],[-102.58,33.18],[-101.59,35.64],[-102.224,33.481],[-100.95,34.95],[-98.63,33.59],[-102.72,36.16],[-100.15,34.86],[-100.13,34.674],[-98.577,34.09],[-98.67,33.95],[-102.418,33.563],[-101.31,35.37],[-102.09,35.35],[-102.15,35.18],[-101.71,34.97],[-95.5,29.99],[-95.48,29.99],[-95.48,29.73],[-102.93,35.73],[-102.67,35.27],[-97.1,32.84],[-100.79,31.28],[-101.67,35.23],[-98.62,33.23],[-96.61,33.68],[-96.61,33.66],[-97.17,33.36],[-97.18,33.37],[-96.59,33.6],[-96.53,33.57],[-97.11,33.3],[-96.58,33.46],[-96.58,33.41],[-96.57,33.34],[-96.57,33.35],[-96.55,33.28],[-97.8,33.5],[-96.68,33.85],[-96.905,33.699],[-96.55,33.77],[-96.92,33.24],[-96.94,33.21],[-96.85,33.3],[-96.92,33.24],[-100.7,36.11],[-101.36,35.21]]}},{"type":"Feature","properties":{"kind":"hail","size":2},"geometry":{"type":"MultiPoint","coordinates":[[-100.92,35.07],[-100.6,35.4],[-102.85,32.97],[-104.02,30.32],[-97.75,30.28],[-103.42,30.37],[-102.48,31.85],[-102.25,32.0],[-102.32,32.0],[-102.28,31.92],[-102.33,31.82],[-102.45,33.58],[-96.23,30.02],[-99.32,29.02],[-99.22,30.73],[-99.72,33.98],[-99.72,33.98],[-99.5,32.4],[-99.57,32.35],[-99.8,29.22],[-100.77,35.8],[-100.75,35.6],[-100.27,35.38],[-100.1,35.45],[-101.33,33.98],[-101.58,31.45],[-97.02,32.32],[-96.12,33.13],[-97.4,32.15],[-99.78,30.92],[-93.63,31.0],[-98.78,30.75],[-97.02,32.32],[-98.73,30.75],[-97.92,31.38],[-95.2,31.37],[-97.05,30.92],[-94.67,31.6],[-96.57,30.27],[-97.7,26.18],[-97.82,30.5],[-97.67,30.63],[-97.75,30.43],[-97.37,30.3],[-97.65,31.92],[-97.65,29.68],[-98.02,28.98],[-97.22,32.4],[-97.88,28.88],[-97.38,32.23],[-98.5,29.25],[-98.27,29.22],[-98.27,29.57],[-97.65,29.68],[-94.42,30.77],[-94.6,33.0],[-94.03,30.92],[-96.72,31.88],[-101.85,33.58],[-101.85,33.58],[-100.9,32.77],[-101.0,29.45],[-101.9,31.22],[-102.53,31.98],[-101.88,32.5],[-102.38,31.08],[-101.95,31.35],[-102.02,33.47],[-102.02,33.47],[-102.33,33.32],[-101.03,32.37],[-101.5,31.87],[-100.62,33.22],[-101.33,32.02],[-102.35,31.4],[-101.65,31.73],[-100.92,32.35],[-100.47,32.85],[-101.47,32.1],[-101.95,31.35],[-102.23,31.18],[-100.8,31.28],[-98.08,32.57],[-97.7,32.45],[-97.8,32.45],[-97.4,32.15],[-97.27,32.18],[-97.15,32.17],[-97.13,32.0],[-97.13,32.0],[-98.77,33.37],[-98.68,33.37],[-99.25,32.77],[-96.67,32.43],[-97.9,32.4],[-96.47,32.1],[-95.5,31.87],[-95.42,30.85],[-98.32,30.18],[-98.42,30.1],[-98.27,29.97],[-97.13,31.12],[-98.13,29.7],[-97.97,29.57],[-95.47,33.7],[-95.5,33.68],[-95.4,33.58],[-95.53,33.28],[-97.67,33.67],[-97.58,33.7],[-97.53,33.7],[-97.47,32.85],[-98.18,31.07],[-97.37,32.87],[-97.37,32.75],[-97.35,32.75],[-97.65,32.67],[-97.5,32.07],[-96.1,32.15],[-100.02,36.12],[-95.87,32.05],[-95.85,32.15],[-95.83,32.18],[-95.58,32.08],[-95.2,31.95],[-96.57,33.62],[-95.6,33.13],[-95.28,32.95],[-95.17,32.87],[-94.93,32.73],[-94.33,32.67],[-102.5,31.52],[-101.43,33.18],[-97.5,33.07],[-97.48,33.05],[-97.37,33.03],[-97.25,32.93],[-97.0,33.07],[-96.82,33.23],[-96.72,33.02],[-96.28,33.22],[-98.63,33.6],[-100.9,29.37],[-99.47,27.77],[-100.98,33.73],[-100.8,33.75],[-99.13,31.72],[-100.63,31.27],[-100.62,31.02],[-100.43,31.47],[-100.7,31.37],[-100.62,31.02],[-99.38,31.5],[-99.23,31.58],[-100.15,35.45],[-99.72,33.98],[-99.52,33.63],[-99.0,33.27],[-98.75,33.2],[-98.6,33.17],[-98.75,33.17],[-98.38,33.08],[-98.28,32.78],[-98.02,32.9],[-97.45,32.77],[-96.92,32.82],[-99.48,31.5],[-100.5,31.13],[-99.78,31.27],[-95.33,33.17],[-95.0,33.0],[-94.83,32.58],[-94.75,32.58],[-94.75,32.57],[-94.37,32.53],[-94.37,32.17],[-100.93,35.6],[-100.85,33.45],[-99.78,32.95],[-99.78,32.95],[-100.7,33.25],[-99.87,33.87],[-100.7,33.35],[-99.78,33.0],[-100.67,33.25],[-100.58,33.25],[-100.67,33.25],[-100.4,33.18],[-100.32,33.22],[-101.1,35.2],[-100.97,35.47],[-100.7,35.65],[-98.47,32.93],[-100.57,33.75],[-100.3,33.87],[-100.3,34.02],[-100.3,33.85],[-100.45,33.75],[-100.15,34.93],[-99.85,34.22],[-99.73,34.32],[-99.0,33.27],[-99.8,33.75],[-99.0,33.27],[-102.85,32.97],[-98.77,33.37],[-102.55,32.93],[-102.5,33.0],[-102.42,32.92],[-101.83,32.97],[-98.77,33.2],[-101.25,33.0],[-98.93,31.85],[-100.72,30.85],[-99.47,27.55],[-98.7,29.58],[-96.65,28.98],[-95.85,30.03],[-95.75,30.22],[-95.38,29.93],[-95.4,29.02],[-94.3,29.85],[-93.87,30.22],[-93.75,30.3],[-93.93,29.9],[-97.53,30.93],[-97.47,31.07],[-98.82,29.32],[-96.75,31.95],[-98.5,29.42],[-94.67,29.83],[-95.6,33.13],[-97.47,31.2],[-97.47,31.07],[-95.87,32.55],[-94.22,33.28],[-95.88,30.95],[-95.62,30.1],[-97.32,31.65],[-98.38,31.23],[-98.67,30.8],[-99.22,30.73],[-96.0,32.7],[-97.62,31.08],[-97.92,30.67],[-97.98,30.58],[-99.23,30.08],[-95.45,32.42],[-94.12,31.52],[-98.1,32.8],[-97.98,32.83],[-97.68,32.97],[-99.7,31.92],[-99.22,32.0],[-98.93,31.98],[-98.98,31.72],[-100.43,31.47],[-100.48,31.9],[-100.27,31.35],[-103.05,30.73],[-101.35,35.63],[-101.33,35.7],[-102.43,33.05],[-102.07,32.87],[-102.42,33.45],[-102.37,33.58],[-102.6,34.63],[-102.03,35.08],[-101.83,35.17],[-101.82,35.15],[-101.92,35.12],[-101.85,35.15],[-101.72,34.82],[-100.1,33.03],[-99.9,33.18],[-99.87,33.32],[-98.97,33.2],[-98.58,33.32],[-98.45,33.33],[-98.58,33.32],[-98.45,33.5],[-98.8,32.93],[-98.32,34.05],[-98.4,33.97],[-98.7,33.82],[-96.18,33.68],[-100.43,31.62],[-98.82,32.4],[-98.27,30.57],[-94.22,30.35],[-97.25,32.93],[-97.08,32.83],[-97.9,32.4],[-97.8,32.27],[-97.75,32.23],[-94.87,32.68],[-97.35,32.75],[-94.83,32.58],[-94.73,32.48],[-94.57,32.5],[-94.47,32.45],[-94.33,32.58],[-96.45,32.93],[-94.93,32.07],[-95.45,30.15],[-96.4,30.17],[-95.42,30.08],[-96.47,30.12],[-96.08,30.13],[-96.55,29.87],[-95.67,30.75],[-97.8,29.83],[-97.83,29.78],[-98.2,29.67],[-98.5,29.57],[-98.77,33.37],[-98.78,33.65],[-95.67,30.9],[-102.13,34.2],[-102.25,33.85],[-102.25,33.85],[-101.98,33.68],[-100.73,36.27],[-100.5,35.77],[-100.38,35.93],[-101.38,35.62],[-101.4,35.35],[-101.38,35.2],[-101.6,33.93],[-102.03,32.63],[-102.85,36.27],[-96.52,29.05],[-97.47,28.67],[-106.45,31.85],[-100.02,32.78],[-100.2,32.78],[-100.35,32.65],[-100.05,31.65],[-94.27,30.15],[-99.78,32.95],[-99.78,32.95],[-99.62,33.08],[-99.88,32.75],[-99.3,32.73],[-95.15,33.83],[-95.08,33.9],[-98.5,32.55],[-97.8,32.77],[-99.73,32.32],[-98.23,33.07],[-97.78,33.2],[-100.13,32.88],[-98.38,33.12],[-98.98,31.5],[-99.17,32.13],[-98.5,32.88],[-99.58,31.2],[-98.0,33.2],[-100.42,29.6],[-100.18,31.6],[-99.73,29.63],[-97.18,33.48],[-96.62,33.5],[-99.13,31.72],[-98.98,31.72],[-100.42,29.32],[-99.3,29.05],[-99.17,29.37],[-98.08,27.75],[-103.05,30.37],[-98.18,27.58],[-99.8,29.55],[-99.28,29.63],[-98.25,27.77],[-97.9,28.55],[-94.03,30.73],[-94.4,30.6],[-100.77,29.92],[-100.22,30.02],[-99.8,29.22],[-99.75,29.73],[-94.52,32.75],[-101.77,34.53],[-98.12,31.73],[-97.58,31.78],[-98.98,31.52],[-97.67,33.03],[-97.48,33.0],[-97.65,33.0],[-98.57,31.48],[-94.83,32.58],[-95.23,30.1],[-101.83,32.97],[-100.47,32.85],[-98.25,29.9],[-99.43,31.83],[-100.33,30.82],[-100.47,30.57],[-99.57,31.75],[-98.5,32.88],[-98.1,32.75],[-99.22,31.23],[-100.13,32.88],[-99.28,29.63],[-99.62,29.62],[-94.38,29.82],[-100.32,31.37],[-94.8,30.72],[-101.42,31.87],[-102.4,33.58],[-102.37,33.58],[-102.32,33.33],[-102.33,33.38],[-101.47,32.25],[-101.47,32.25],[-101.4,32.08],[-101.18,31.13],[-101.85,33.58],[-101.85,33.58],[-102.6,34.12],[-102.67,34.15],[-102.67,34.22],[-101.95,35.02],[-101.92,35.12],[-101.87,35.17],[-101.88,35.15],[-101.87,35.23],[-101.18,35.57],[-101.18,35.57],[-101.18,35.67],[-101.3,35.43],[-101.33,35.38],[-102.2,33.33],[-102.2,33.07],[-101.78,34.2],[-102.53,34.82],[-100.52,35.53],[-100.38,35.8],[-100.43,35.22],[-95.37,29.73],[-102.55,32.5],[-102.93,32.95],[-103.02,31.57],[-101.85,33.83],[-101.88,33.83],[-102.5,33.45],[-102.37,33.58],[-101.77,34.02],[-102.37,33.58],[-102.33,33.78],[-102.32,33.92],[-102.32,33.97],[-99.9,33.18],[-101.57,35.33],[-101.38,35.2],[-100.83,34.98],[-101.32,35.2],[-100.88,35.9],[-100.77,35.8],[-98.63,33.75],[-98.3,28.75],[-98.1,29.18],[-98.18,29.02],[-98.68,27.32],[-98.42,30.65],[-99.15,29.62],[-98.5,30.52],[-94.02,30.12],[-95.7,29.97],[-101.08,33.87],[-101.0,33.75],[-100.98,33.8],[-101.08,33.67],[-101.0,33.62],[-101.8,32.13],[-101.8,31.32],[-98.92,34.03],[-98.63,33.6],[-98.17,33.22],[-96.72,31.88],[-101.97,32.1],[-101.45,35.82],[-102.7,36.18],[-101.7,34.48],[-101.73,35.13],[-101.68,35.17],[-101.63,34.37],[-101.63,35.2],[-100.98,33.73],[-101.37,34.47],[-101.3,34.47],[-101.3,34.47],[-101.6,35.67],[-101.18,35.42],[-100.7,34.55],[-100.82,35.43],[-100.2,34.42],[-99.83,34.32],[-99.73,34.32],[-100.38,32.75],[-99.67,32.7],[-100.47,32.85],[-100.38,32.75],[-99.77,32.57],[-99.83,32.62],[-100.4,32.47],[-99.73,32.45],[-99.73,32.45],[-100.95,32.75],[-100.9,32.77],[-99.67,32.32],[-98.35,33.73],[-98.45,33.58],[-100.68,33.17],[-102.48,34.03],[-102.32,33.92],[-102.17,33.75],[-102.3,33.9],[-99.73,33.45],[-102.05,33.33],[-99.87,33.32],[-101.72,33.43],[-101.48,33.18],[-101.43,33.15],[-101.2,33.03],[-100.47,32.85],[-97.9,32.4],[-96.17,31.1],[-96.1,30.92],[-100.73,34.48],[-100.12,35.32],[-100.1,35.6],[-100.43,34.4],[-100.2,34.42],[-100.32,34.43],[-100.32,34.47],[-102.9,33.83],[-102.77,33.7],[-102.7,33.92],[-102.63,33.6],[-102.43,33.05],[-102.43,33.08],[-102.63,33.83],[-102.72,33.83],[-102.65,33.83],[-102.57,33.82],[-102.5,33.82],[-102.2,33.25],[-102.77,33.72],[-102.2,33.33],[-102.2,33.33],[-102.2,33.33],[-102.5,33.45],[-102.43,33.92],[-102.15,33.42],[-102.15,33.4],[-102.12,33.58],[-98.73,31.2],[-97.63,31.93],[-97.02,28.53],[-100.32,28.52],[-97.73,31.13],[-98.0,31.08],[-97.73,31.13],[-98.98,30.9],[-97.62,31.08],[-98.67,31.55],[-97.12,32.43],[-99.35,28.13],[-97.15,32.23],[-96.88,32.53],[-98.32,30.67],[-98.57,31.45],[-98.5,29.42],[-96.55,33.75],[-98.92,29.15],[-94.35,32.75],[-98.08,30.2],[-99.57,31.37],[-100.53,32.43],[-99.18,33.18],[-99.12,33.23],[-98.9,32.75],[-98.68,32.5],[-97.43,33.65],[-98.68,32.47],[-98.88,31.8],[-102.4,35.1],[-96.85,33.68],[-98.47,30.88],[-101.38,31.97],[-98.33,30.85],[-102.9,32.72],[-94.18,30.63],[-99.03,34.22],[-96.63,32.92],[-100.18,31.35],[-100.13,34.85],[-100.7,33.37],[-100.58,33.03],[-100.17,35.45],[-100.05,35.62],[-100.88,34.4],[-101.02,34.37],[-101.03,34.35],[-101.03,34.35],[-101.33,33.97],[-101.33,33.98],[-101.33,33.98],[-101.33,33.98],[-101.33,33.98],[-100.27,35.45],[-100.8,30.57],[-98.08,27.75],[-101.82,35.3],[-101.82,35.28],[-101.82,35.28],[-101.78,35.27],[-100.55,34.72],[-100.53,34.72],[-100.52,34.72],[-100.47,34.72],[-102.35,33.92],[-100.92,35.03],[-100.43,36.45],[-100.28,32.08],[-99.8,32.22],[-101.57,35.37],[-101.57,35.37],[-101.57,35.33],[-100.63,35.7],[-101.45,35.72],[-102.42,33.07],[-101.72,35.3],[-101.47,35.42],[-101.48,35.43],[-101.57,35.35],[-97.25,33.77],[-98.67,33.2],[-98.78,33.65],[-96.33,29.58],[-97.43,26.55],[-97.8,30.25],[-95.57,29.72],[-102.93,32.48],[-102.92,32.83],[-102.92,32.98],[-102.85,32.97],[-102.85,33.05],[-102.83,33.18],[-102.57,36.1],[-102.4,34.87],[-101.98,35.07],[-101.95,35.02],[-102.65,33.92],[-102.32,34.55],[-102.28,33.18],[-100.12,32.17],[-102.5,31.8],[-98.47,29.73],[-96.55,28.83],[-96.47,28.83],[-98.23,30.82],[-95.88,31.0],[-99.33,30.07],[-96.68,30.53],[-98.2,29.38],[-96.37,30.67],[-97.27,32.18],[-97.0,30.42],[-95.88,30.95],[-96.15,31.63],[-95.83,30.97],[-95.72,31.85],[-95.27,31.95],[-95.15,31.88],[-94.8,32.15],[-96.83,33.15],[-98.55,28.3],[-97.35,31.1],[-98.17,29.13],[-94.33,33.02],[-94.07,33.27],[-100.45,31.45],[-100.1,30.83],[-100.57,29.0],[-98.88,29.35],[-99.08,28.88],[-98.63,29.53],[-98.57,29.47],[-99.4,32.23],[-99.57,32.35],[-97.95,33.03],[-98.1,32.58],[-97.92,32.62],[-97.8,32.68],[-97.72,32.7],[-97.35,32.75],[-98.62,31.9],[-98.03,31.98],[-98.93,32.27],[-95.15,31.8],[-98.73,31.17],[-95.25,31.72],[-96.52,29.05],[-95.67,29.65],[-96.4,29.12],[-95.45,29.53],[-94.58,31.28],[-95.42,29.53],[-95.1,29.5],[-94.17,31.4],[-94.33,32.37],[-101.47,35.67],[-101.45,35.67],[-101.37,35.63],[-97.27,33.73],[-97.07,33.7],[-102.43,35.3],[-102.12,35.18],[-101.82,35.2],[-101.82,35.2],[-101.82,35.2],[-101.82,35.2],[-101.78,35.08],[-98.57,34.1],[-98.57,34.1],[-97.75,33.8],[-98.07,33.03],[-101.48,34.65],[-101.77,34.48],[-101.75,34.38],[-102.37,33.55],[-102.5,33.45],[-101.95,34.18],[-101.92,34.07],[-102.75,33.05],[-98.67,30.78],[-99.0,30.58],[-103.08,31.85],[-98.33,29.42],[-97.82,33.3],[-97.4,32.15],[-97.3,33.08],[-97.4,32.15],[-98.48,29.0],[-97.35,32.75],[-97.18,33.67],[-97.17,33.65],[-98.5,33.9],[-98.5,33.83],[-98.47,29.73],[-98.62,29.52],[-96.12,33.13],[-97.95,33.82],[-95.92,33.15],[-98.23,29.55],[-98.33,29.62],[-96.85,32.4],[-96.57,32.38],[-96.2,33.28],[-96.98,32.32],[-100.4,34.1],[-100.37,34.02],[-102.42,32.32],[-102.03,32.73],[-102.02,33.02],[-102.43,33.05],[-102.87,29.55],[-99.6,32.25],[-99.62,32.3],[-99.17,32.57],[-99.4,32.53],[-98.92,32.57],[-98.8,32.58],[-97.87,33.07],[-98.68,33.1],[-101.47,31.63],[-99.12,32.73],[-98.38,33.27],[-98.32,33.33],[-99.8,32.4],[-99.3,32.73],[-98.6,33.1],[-104.07,31.88],[-101.92,31.2],[-101.5,31.58],[-100.97,30.7],[-100.57,31.9],[-99.88,32.35],[-99.95,31.75],[-101.55,30.18],[-99.95,31.97],[-99.95,31.75],[-100.42,29.38],[-98.6,33.02],[-99.75,29.35],[-98.48,28.95],[-98.33,29.13],[-98.5,29.42],[-98.33,29.42],[-95.12,29.07],[-102.87,31.15],[-102.93,30.93],[-101.85,33.82],[-101.83,33.78],[-102.73,30.88],[-100.85,33.9],[-102.53,30.88],[-102.28,30.88],[-100.98,34.02],[-101.07,33.95],[-102.67,33.63],[-102.65,33.72],[-102.62,33.6],[-102.57,33.77],[-100.85,33.92],[-100.82,33.97],[-102.33,33.92],[-102.9,34.52],[-102.13,34.18],[-102.12,34.38],[-102.4,34.97],[-101.77,34.53],[-101.6,35.62],[-101.2,36.03],[-102.27,35.55],[-102.27,35.53],[-101.73,36.02],[-101.47,35.67],[-101.45,35.78],[-101.65,36.47],[-101.08,35.7],[-100.5,35.77],[-101.73,36.47],[-100.63,35.7],[-100.12,35.4],[-99.15,29.35],[-100.5,28.68],[-100.13,36.4],[-100.13,36.4],[-101.53,35.67],[-101.48,35.67],[-101.53,35.82],[-101.38,35.67],[-100.98,35.7],[-101.53,35.82],[-100.75,35.8],[-100.77,35.8],[-100.43,35.87],[-100.82,35.85],[-100.35,35.87],[-100.82,35.85],[-100.2,34.42],[-100.57,33.62],[-100.5,33.62],[-100.2,34.42],[-100.35,32.65],[-100.4,32.52],[-100.42,32.52],[-100.23,33.37],[-100.08,34.1],[-99.73,34.37],[-100.02,32.25],[-100.25,32.27],[-99.72,32.43],[-99.95,31.97],[-99.78,31.88],[-100.23,34.08],[-99.88,34.35],[-99.95,31.75],[-99.73,34.38],[-99.0,32.82],[-99.3,32.85],[-102.6,31.73],[-102.47,31.82],[-102.62,31.98],[-102.7,31.98],[-102.45,32.12],[-98.9,32.75],[-100.88,32.57],[-101.82,34.2],[-98.68,32.22],[-98.55,32.12],[-102.45,32.12],[-101.85,31.63],[-101.78,33.88],[-101.78,33.9],[-101.82,35.2],[-101.82,35.27],[-101.97,32.55],[-101.85,33.92],[-100.48,31.9],[-102.42,32.0],[-101.82,35.2],[-102.2,32.0],[-101.43,33.87],[-101.72,35.22],[-100.18,31.68],[-100.28,31.7],[-100.33,31.68],[-101.58,35.2],[-101.83,31.92],[-101.95,32.55],[-101.75,31.87],[-101.67,31.8],[-101.25,33.67],[-101.25,33.67],[-101.43,33.87],[-101.37,32.12],[-99.42,31.32],[-101.38,33.68],[-101.42,31.87],[-100.43,31.47],[-100.43,31.47],[-99.85,31.25],[-97.58,30.7],[-98.92,29.97],[-102.58,31.6],[-102.37,31.1],[-102.5,33.42],[-102.52,32.83],[-97.78,29.88],[-97.25,28.78],[-97.27,28.77],[-97.67,27.9],[-101.85,33.58],[-101.73,33.58],[-98.92,26.4],[-98.83,26.38],[-98.68,27.3],[-94.9,29.4],[-98.7,26.32],[-95.28,29.38],[-98.55,32.12],[-99.25,29.8],[-99.63,31.98],[-98.97,32.08],[-98.93,32.03],[-100.43,31.47],[-100.12,32.05],[-100.08,31.52],[-100.48,32.85],[-101.12,32.65],[-101.97,32.3],[-99.6,31.38],[-100.75,32.63],[-99.18,31.32],[-98.73,31.2],[-100.4,32.47],[-98.62,31.3],[-98.18,31.07],[-102.8,34.52],[-102.82,29.32],[-102.32,34.68],[-101.83,35.18],[-102.62,33.58],[-100.82,36.08],[-101.45,35.93],[-103.0,31.0],[-101.4,36.27],[-102.35,33.73],[-102.87,31.02],[-102.22,34.0],[-101.6,34.92],[-100.9,34.83],[-100.9,34.83],[-100.9,34.83],[-100.67,34.77],[-100.67,34.77],[-100.67,34.77],[-100.22,34.75],[-100.17,34.73],[-100.45,34.98],[-101.7,31.8],[-101.0,31.83],[-101.47,32.1],[-101.5,32.08],[-100.45,32.27],[-100.32,32.4],[-99.73,32.45],[-98.85,32.75],[-99.43,31.83],[-99.28,31.95],[-99.43,31.77],[-99.02,31.93],[-98.33,32.08],[-99.6,31.4],[-99.33,31.13],[-98.37,32.25],[-98.2,32.23],[-98.55,32.22],[-95.3,32.35],[-97.75,32.07],[-103.3,29.3],[-102.33,33.4],[-101.37,35.17],[-100.82,35.42],[-101.7,36.5],[-103.08,31.85],[-99.87,32.75],[-99.88,32.53],[-99.87,32.45],[-99.85,32.42],[-99.82,32.28],[-100.32,36.43],[-101.37,35.12],[-100.63,34.55],[-101.33,33.98],[-101.05,33.78],[-100.58,33.25],[-103.4,31.45],[-97.07,29.82],[-97.42,30.5],[-97.67,30.63],[-97.67,30.63],[-97.82,30.5],[-102.05,33.63],[-102.1,33.77],[-102.02,33.6],[-101.6,33.98],[-101.53,34.0],[-101.4,34.07],[-101.33,33.98],[-101.2,34.1],[-100.83,34.02],[-101.6,33.88],[-101.33,33.98],[-102.37,33.58],[-102.32,33.92],[-101.98,33.65],[-101.9,33.43],[-101.85,33.58],[-101.85,33.58],[-101.85,33.58],[-101.62,33.32],[-101.5,33.27],[-100.98,33.67],[-102.65,33.92],[-103.25,30.2],[-100.02,32.47],[-99.87,32.45],[-102.9,31.42],[-102.9,31.58],[-102.08,32.0],[-97.4,32.35],[-101.48,35.73],[-102.8,34.82],[-102.83,34.82],[-102.22,36.48],[-102.5,31.85],[-101.65,35.2],[-102.28,33.18],[-102.28,33.05],[-101.68,34.53],[-103.08,31.85],[-101.48,34.27],[-102.55,32.32],[-102.75,31.92],[-102.08,32.0],[-102.37,33.95],[-102.32,33.83],[-102.33,33.78],[-102.37,33.63],[-93.9,31.8],[-95.08,30.02],[-95.2,30.15],[-96.1,29.32],[-96.2,28.93],[-96.15,28.82],[-96.47,28.83],[-98.17,32.85],[-102.97,30.45],[-97.73,31.13],[-97.08,31.58],[-98.8,29.78],[-95.5,32.35],[-95.3,32.35],[-100.43,35.52],[-100.1,35.53],[-101.33,33.98],[-100.6,34.28],[-100.33,33.73],[-100.67,33.35],[-100.23,33.37],[-98.78,33.65],[-101.9,33.18],[-101.25,33.67],[-100.8,33.75],[-101.92,33.32],[-101.38,33.68],[-101.38,33.68],[-100.3,34.17],[-100.85,33.9],[-100.82,33.97],[-99.68,34.32],[-99.58,34.25],[-100.83,33.62],[-99.28,34.12],[-94.83,30.92],[-94.18,31.62],[-94.08,31.75],[-96.08,30.1],[-102.52,36.07],[-101.37,35.82],[-100.35,33.82],[-100.15,34.93],[-99.8,33.7],[-99.88,32.72],[-99.47,33.18],[-99.48,33.17],[-99.43,31.92],[-98.9,32.73],[-99.13,32.03],[-97.97,32.23],[-97.9,32.25],[-98.2,32.23],[-98.02,32.28],[-98.43,33.9],[-98.4,33.97],[-97.38,32.37],[-97.22,32.53],[-96.55,29.87],[-95.37,29.73],[-97.98,27.05],[-97.78,26.42],[-97.58,26.23],[-102.15,32.3],[-101.93,35.3],[-101.93,35.3],[-102.15,32.15],[-101.85,33.78],[-102.12,30.15],[-100.62,32.37],[-100.62,32.37],[-100.45,32.32],[-100.45,32.27],[-100.23,33.15],[-99.95,31.85],[-100.4,33.18],[-100.02,31.92],[-100.5,32.23],[-98.32,26.22],[-100.65,32.92],[-99.97,33.08],[-99.75,33.13],[-99.65,33.08],[-99.75,33.12],[-99.1,33.02],[-98.9,32.92],[-98.5,32.9],[-97.77,32.87],[-97.68,32.97],[-97.37,32.87],[-97.45,32.9],[-97.35,32.75],[-97.25,32.93],[-97.35,32.75],[-97.1,32.92],[-97.03,32.9],[-96.92,32.82],[-98.7,33.65],[-98.72,33.6],[-98.63,33.65],[-97.65,33.0],[-98.47,33.62],[-96.78,32.77],[-96.92,32.82],[-97.18,33.05],[-98.2,33.7],[-98.02,33.58],[-97.85,33.6],[-96.72,33.02],[-97.92,33.67],[-97.23,33.65],[-95.85,33.15],[-96.12,33.12],[-97.15,33.63],[-96.22,33.07],[-95.6,33.13],[-96.12,32.98],[-95.27,33.18],[-95.23,33.22],[-95.23,33.28],[-96.37,33.6],[-96.28,33.58],[-95.23,33.15],[-96.18,33.63],[-95.1,29.5],[-95.53,29.62],[-95.23,29.67],[-95.37,29.73],[-95.05,29.72],[-94.88,29.85],[-96.08,29.53],[-97.5,25.92],[-97.5,25.92],[-97.5,25.92],[-103.25,30.15],[-103.25,29.65],[-96.78,32.77],[-99.45,34.02],[-94.13,33.12],[-97.63,32.53],[-102.38,36.17],[-100.47,32.83],[-101.97,35.95],[-101.73,36.02],[-100.57,35.2],[-100.33,35.45],[-100.73,35.22],[-100.65,33.25],[-100.58,33.15],[-100.23,33.08],[-95.57,32.93],[-96.43,32.07],[-96.43,32.07],[-95.77,32.55],[-95.3,32.93],[-95.85,32.12],[-96.22,32.02],[-95.97,31.95],[-95.33,32.13],[-96.17,31.75],[-96.28,31.43],[-95.98,31.25],[-95.83,30.97],[-96.33,32.98],[-100.35,31.53],[-102.2,35.2],[-102.87,30.85],[-103.0,34.22],[-100.87,34.42],[-96.3,32.73],[-96.0,32.7],[-96.1,32.72],[-97.25,33.27],[-100.43,31.62],[-102.13,32.92],[-97.35,32.75],[-97.83,32.47],[-97.8,32.4],[-98.52,31.7],[-96.98,32.58],[-99.37,31.1],[-98.18,31.63],[-99.22,30.82],[-97.35,32.32],[-99.22,30.73],[-99.78,30.95],[-97.33,31.92],[-97.37,31.85],[-98.32,31.85],[-94.07,33.45],[-99.52,31.28],[-98.73,30.82],[-97.27,32.8],[-99.3,32.73],[-100.4,34.88],[-100.38,34.72],[-100.45,34.75],[-100.35,34.72],[-100.45,34.73],[-100.22,34.77],[-99.75,33.17],[-96.45,32.63],[-96.28,32.73],[-95.28,32.95],[-95.18,32.97],[-94.97,32.82],[-94.75,33.03],[-94.07,33.27],[-94.13,33.12],[-100.58,30.85],[-95.15,32.75],[-99.88,32.62],[-99.8,32.58],[-101.07,31.88],[-101.0,31.9],[-101.63,34.13],[-101.7,34.13],[-101.45,34.12],[-101.43,34.12],[-98.58,34.1],[-98.57,34.1],[-98.83,33.85],[-98.5,33.9],[-102.27,30.43],[-99.87,33.53],[-101.0,31.83],[-99.53,33.32],[-99.63,32.27],[-99.28,33.98],[-99.5,32.4],[-100.43,31.72],[-100.48,31.73],[-100.32,31.7],[-101.57,29.82],[-100.08,31.57],[-95.98,32.3],[-98.73,33.37],[-98.75,33.2],[-98.75,33.2],[-98.47,32.87],[-102.25,35.53],[-102.1,35.43],[-101.78,31.78],[-101.97,32.1],[-102.08,32.0],[-101.2,36.2],[-101.97,35.85],[-102.37,30.88],[-98.37,32.83],[-98.3,32.77],[-103.9,31.88],[-103.95,31.88],[-98.13,32.17],[-98.47,30.88],[-98.92,30.28],[-103.6,31.75],[-102.93,33.85],[-102.68,33.6],[-101.28,33.95],[-101.32,34.22],[-101.17,33.87],[-101.25,33.87],[-102.58,32.28],[-101.08,33.93],[-101.48,33.18],[-102.03,33.07],[-100.23,33.18],[-102.4,35.88],[-102.33,35.88],[-102.1,35.43],[-100.7,31.9],[-102.53,31.15],[-100.43,31.62],[-100.43,31.63],[-100.43,31.62],[-100.43,31.63],[-100.43,31.48],[-100.43,31.48],[-100.43,31.47],[-100.43,31.47],[-100.43,31.48],[-100.43,31.47],[-100.43,31.47],[-99.78,32.95],[-99.78,32.95],[-102.03,32.3],[-98.78,33.65],[-98.75,33.8],[-101.8,32.13],[-100.9,32.72],[-98.5,33.9],[-98.5,33.9],[-98.5,33.9],[-99.92,31.47],[-94.75,30.13],[-94.73,30.15],[-103.02,36.2],[-99.47,27.55],[-101.73,33.73],[-101.75,33.72],[-101.68,33.72],[-101.68,33.67],[-101.72,33.63],[-101.37,33.35],[-101.75,33.58],[-101.45,33.25],[-102.6,31.73],[-101.38,33.18],[-102.83,34.72],[-102.98,32.97],[-101.37,32.12],[-101.17,32.77],[-101.17,32.77],[-102.72,35.07],[-101.92,33.3],[-102.73,34.22],[-100.42,31.47],[-100.47,31.47],[-102.62,34.1],[-102.73,34.03],[-102.73,34.03],[-100.53,31.37],[-102.62,33.6],[-99.43,31.98],[-98.53,31.77],[-98.62,31.67],[-102.95,36.43],[-102.2,35.2],[-102.2,34.97],[-102.12,34.95],[-101.9,31.22],[-101.5,31.67],[-100.4,32.47],[-100.4,32.47],[-101.0,31.85],[-100.25,32.27],[-100.75,32.63],[-99.73,32.45],[-99.5,32.4],[-99.5,32.4],[-102.1,33.78],[-102.47,33.58],[-96.85,32.85],[-95.02,29.55],[-95.38,33.85],[-97.35,32.75],[-102.47,31.85],[-97.35,32.75],[-97.12,32.7],[-97.23,32.58],[-97.75,30.28],[-95.7,33.62],[-100.9,32.72],[-95.33,32.13],[-100.85,32.4],[-103.88,30.58],[-103.58,30.4],[-101.73,31.37],[-101.82,31.32],[-102.48,33.45],[-102.03,33.02],[-101.85,32.92],[-102.28,33.18],[-102.15,32.72],[-102.12,32.43],[-102.12,32.18],[-102.7,33.18],[-102.33,35.68],[-98.3,30.2],[-98.67,30.75],[-99.85,30.48],[-97.68,32.55],[-103.88,30.58],[-98.78,33.65],[-103.08,30.2],[-95.42,29.53],[-95.42,29.53],[-105.2,31.93],[-105.1,31.93],[-103.05,33.25],[-102.83,33.18],[-104.5,30.58],[-98.7,30.55],[-96.9,31.45],[-97.43,31.78],[-95.77,31.03],[-96.4,30.17],[-100.63,28.95],[-98.78,31.82],[-99.08,28.95],[-98.05,30.75],[-97.65,30.82],[-97.67,30.67],[-98.58,29.03],[-99.83,28.95],[-97.7,31.92],[-97.88,28.88],[-97.85,28.82],[-96.0,30.95],[-97.38,28.65],[-95.45,30.15],[-98.42,30.73],[-98.23,30.82],[-98.33,30.65],[-99.47,27.38],[-96.9,28.38],[-103.67,29.43],[-101.2,30.28],[-100.22,29.95],[-100.53,32.45],[-100.53,32.62],[-101.47,32.25],[-95.05,33.72],[-95.05,33.68],[-95.33,33.13],[-95.33,33.13],[-95.48,33.03],[-101.8,32.63],[-101.73,31.37],[-101.77,31.35],[-101.2,32.77],[-99.8,29.22],[-96.92,29.68],[-97.03,29.58],[-96.67,29.72],[-95.13,30.82],[-96.55,29.72],[-96.27,29.95],[-96.9,29.28],[-94.95,30.6],[-94.7,30.72],[-95.63,30.12],[-95.72,29.83],[-95.38,29.93],[-94.17,30.6],[-98.38,29.47],[-96.28,29.2],[-96.1,29.32],[-103.02,33.03],[-100.95,35.95],[-102.38,33.1],[-100.8,36.48],[-102.07,36.32],[-100.13,36.43],[-97.77,33.67],[-97.38,33.63],[-97.33,33.62],[-100.05,33.13],[-99.7,33.17],[-99.35,33.23],[-98.78,33.37],[-98.82,33.37],[-99.97,32.6],[-100.4,32.45],[-100.4,32.43],[-100.4,32.42],[-98.77,33.37],[-99.3,32.8],[-99.3,32.73],[-98.75,33.2],[-99.37,32.67],[-98.53,33.28],[-100.03,31.97],[-100.63,31.6],[-97.33,28.23],[-101.37,35.12],[-101.37,35.12],[-99.93,32.72],[-100.53,29.32],[-99.42,32.73],[-99.3,32.73],[-98.68,32.47],[-98.5,32.55],[-98.37,32.38],[-99.02,31.85],[-97.8,32.47],[-98.78,31.82],[-98.37,32.25],[-97.15,32.72],[-97.75,32.23],[-96.9,32.65],[-97.92,31.98],[-96.78,32.77],[-98.12,31.85],[-95.97,32.47],[-95.97,32.47],[-96.02,32.17],[-97.77,28.25],[-104.03,31.32],[-104.32,30.95],[-105.58,31.78],[-103.88,29.2],[-103.48,31.2],[-102.95,29.28],[-103.58,30.37],[-103.37,30.58],[-102.87,30.82],[-99.57,28.57],[-99.35,28.02],[-99.33,28.0],[-99.25,28.0],[-98.15,27.23],[-97.98,30.47],[-97.68,30.5],[-97.0,28.55],[-96.9,28.45],[-97.65,32.88],[-94.37,32.53],[-95.48,30.98],[-95.38,30.93],[-94.13,33.05],[-94.73,31.35],[-94.6,31.28],[-94.0,31.45],[-95.52,33.8],[-95.53,33.73],[-95.63,33.77],[-95.27,33.72],[-95.52,33.8],[-102.05,33.28],[-100.13,32.95],[-99.53,31.23],[-100.15,32.88],[-99.9,31.65],[-98.57,34.1],[-99.48,31.2],[-99.78,32.95],[-99.68,31.57],[-99.73,32.45],[-99.35,30.73],[-98.97,30.73],[-99.53,30.87],[-99.53,30.87],[-97.33,28.23],[-105.53,31.02],[-105.6,31.18],[-95.57,30.72],[-95.67,30.75],[-100.8,36.47],[-100.8,36.5],[-100.8,36.4],[-100.77,36.4],[-100.33,32.4],[-102.63,30.42],[-100.82,33.12],[-100.53,32.85],[-100.05,32.75],[-100.62,32.37],[-100.4,32.45],[-95.92,33.58],[-95.43,33.73],[-96.13,32.9],[-96.05,32.9],[-97.62,31.32],[-95.87,32.9],[-98.13,29.83],[-97.75,30.28],[-97.75,30.28],[-95.2,31.38],[-95.7,32.02],[-96.93,31.85],[-97.22,31.85],[-97.1,31.8],[-97.07,31.62],[-97.15,31.22],[-97.27,31.2],[-97.25,31.2],[-97.33,31.97],[-94.02,30.12],[-102.22,30.15],[-102.38,30.13],[-102.22,30.05],[-100.05,33.17],[-99.83,33.88],[-99.72,33.98],[-100.78,32.35],[-100.33,32.75],[-99.8,32.62],[-102.87,30.53],[-103.67,30.37],[-102.77,31.58],[-100.83,33.62],[-101.47,32.55],[-102.42,32.0],[-100.73,34.02],[-100.45,34.22],[-100.83,33.62],[-100.55,34.02],[-99.83,33.42],[-96.82,28.72],[-103.05,33.25],[-103.3,29.3],[-102.77,33.87],[-102.2,33.33],[-101.38,33.15],[-101.82,35.85],[-101.45,35.77],[-101.7,36.43],[-102.78,35.18],[-101.58,35.62],[-104.38,31.07],[-103.3,29.3],[-101.47,35.82],[-101.45,35.82],[-102.42,34.02],[-101.4,36.47],[-101.58,36.42],[-101.4,36.27],[-102.1,35.43],[-101.47,35.83],[-101.9,35.27],[-101.9,35.27],[-101.9,35.27],[-101.47,32.2],[-101.97,35.2],[-101.82,35.2],[-101.9,35.27],[-101.83,35.2],[-101.82,35.2],[-101.82,35.2],[-101.82,35.2],[-101.82,35.2],[-101.9,35.2],[-101.82,35.13],[-102.93,35.72],[-102.6,35.68],[-101.87,36.42],[-101.68,34.9],[-101.68,34.9],[-101.45,35.85],[-101.45,35.82],[-102.25,35.38],[-101.77,34.53],[-100.32,36.43],[-101.33,34.47],[-100.13,36.43],[-100.97,35.53],[-101.22,34.12],[-101.02,33.98],[-97.9,32.4],[-98.98,31.83],[-98.38,31.68],[-98.17,32.38],[-98.45,33.57],[-98.38,33.57],[-98.08,32.33],[-98.4,31.77],[-98.27,31.58],[-98.58,33.85],[-98.33,33.47],[-97.45,32.97],[-98.55,32.83],[-97.48,33.0],[-98.63,33.67],[-98.37,33.77],[-97.83,33.17],[-98.63,33.6],[-97.25,33.27],[-97.85,32.97],[-97.68,32.92],[-98.25,32.93],[-98.08,32.92],[-98.87,33.2],[-97.13,32.07],[-102.2,34.92],[-102.68,35.38],[-100.58,35.7],[-100.63,35.7],[-100.63,35.7],[-101.85,34.73],[-102.48,36.05],[-94.13,33.12],[-98.45,33.57],[-98.37,33.43],[-104.1,31.1],[-97.68,31.42],[-99.3,32.73],[-97.7,31.43],[-97.33,31.97],[-98.27,32.08],[-101.97,35.68],[-95.2,29.7],[-99.5,32.4],[-96.55,33.25],[-101.18,36.27],[-101.45,35.95],[-97.3,33.18],[-98.5,33.9],[-98.12,26.57],[-96.6,32.77],[-100.25,35.22],[-100.53,34.23],[-100.5,34.02],[-100.53,34.02],[-100.55,35.23],[-101.77,32.68],[-101.77,32.52],[-103.15,31.75],[-103.13,31.73],[-100.2,34.48],[-96.78,32.77],[-94.73,31.32],[-103.78,31.32],[-100.75,35.23],[-102.38,34.6],[-101.85,35.18],[-101.85,35.17],[-101.95,35.08],[-101.97,35.08],[-101.95,35.1],[-101.92,35.05],[-101.82,35.03],[-102.4,35.68],[-102.13,34.13],[-101.85,33.58],[-95.2,30.15],[-101.05,31.18],[-101.92,32.0],[-102.18,31.13],[-102.55,32.32],[-101.82,32.13],[-102.77,33.75],[-102.8,33.62],[-102.78,32.72],[-102.95,30.82],[-102.92,30.82],[-97.68,33.92],[-101.3,34.47],[-100.3,34.05],[-101.42,34.37],[-102.35,31.57],[-102.17,33.58],[-102.03,33.02],[-102.92,34.03],[-102.73,34.0],[-101.43,34.12],[-102.87,31.33],[-104.55,30.62],[-99.28,28.77],[-94.75,33.18],[-94.13,33.43],[-94.17,33.33],[-94.55,32.9],[-94.08,33.42],[-94.08,33.42],[-94.17,30.28],[-102.83,34.03],[-102.83,34.02],[-102.98,34.03],[-95.48,30.42],[-95.35,30.33],[-99.95,31.97],[-99.73,32.37],[-99.8,32.58],[-95.4,33.58],[-95.67,33.73],[-96.62,33.38],[-98.12,31.7],[-99.25,30.3],[-101.55,30.18],[-95.95,29.83],[-101.32,32.38],[-101.2,30.7],[-96.75,30.53],[-96.68,30.53],[-96.37,30.67],[-97.32,30.12],[-96.37,30.67],[-96.33,30.6],[-97.87,28.03],[-96.33,30.6],[-97.15,29.55],[-96.95,29.45],[-99.58,30.72],[-98.33,30.43],[-97.98,30.47],[-97.98,30.47],[-97.82,30.33],[-97.73,30.3],[-97.62,30.28],[-96.98,28.8],[-97.32,30.12],[-98.15,29.72],[-94.07,32.47],[-97.17,29.6],[-98.42,30.65],[-98.12,31.7],[-98.15,31.67],[-99.45,29.63],[-98.9,29.97],[-98.73,29.87],[-102.1,35.43],[-100.97,34.8],[-100.92,34.02],[-100.82,35.43],[-100.97,34.53],[-100.88,34.52],[-100.77,35.8],[-100.38,35.87],[-100.73,34.48],[-100.73,34.48],[-100.33,36.18],[-100.13,36.43],[-100.13,36.43],[-97.35,32.72],[-97.12,32.43],[-96.85,32.33],[-96.5,32.23],[-96.35,33.43],[-96.25,33.48],[-96.17,33.43],[-96.1,33.48],[-95.83,33.37],[-95.62,33.15],[-96.78,32.77],[-96.57,33.35],[-96.63,32.1],[-95.72,33.5],[-97.95,30.9],[-95.6,33.13],[-95.67,32.02],[-95.85,32.2],[-95.55,32.2],[-96.97,30.85],[-95.2,32.15],[-95.12,32.17],[-94.88,32.15],[-94.78,32.17],[-94.52,32.3],[-94.37,32.03],[-94.43,32.15],[-94.67,31.6],[-100.82,35.22],[-102.63,33.6],[-101.27,35.63],[-102.57,33.7],[-102.32,33.92],[-100.8,36.1],[-100.53,36.33],[-101.78,35.08],[-101.28,35.2],[-101.7,34.2],[-101.7,34.2],[-102.13,34.18],[-101.9,34.28],[-102.1,34.85],[-103.35,30.2],[-102.12,34.87],[-102.05,34.87],[-101.93,34.98],[-101.87,35.17],[-101.03,34.37],[-101.82,35.17],[-101.9,35.2],[-101.82,35.17],[-101.78,33.42],[-101.63,33.58],[-101.07,34.93],[-101.6,33.58],[-101.7,34.2],[-101.38,33.68],[-100.62,34.55],[-101.83,33.75],[-101.17,33.93],[-102.17,33.82],[-100.85,33.9],[-101.38,33.78],[-101.7,34.1],[-101.45,34.1],[-100.23,34.02],[-100.27,34.08],[-100.27,34.08],[-101.05,34.37],[-101.05,34.37],[-100.15,34.42],[-100.15,34.42],[-103.0,29.55],[-99.65,33.47],[-99.43,33.5],[-98.75,32.97],[-104.32,29.8],[-99.52,27.45],[-99.28,34.3],[-99.63,32.28],[-100.3,31.93],[-96.13,31.38],[-95.42,30.85],[-96.58,29.53],[-96.55,29.72],[-96.58,29.7],[-94.95,30.55],[-94.73,30.15],[-97.8,28.62],[-95.0,30.63],[-94.8,30.12],[-97.78,30.22],[-97.8,30.18],[-94.02,30.12],[-98.0,30.1],[-97.87,27.48],[-103.02,33.77],[-102.73,34.22],[-102.53,34.07],[-101.85,33.53],[-102.32,33.85],[-101.27,32.92],[-101.27,32.92],[-101.15,32.88],[-101.17,32.52],[-100.77,32.23],[-101.75,35.25],[-102.4,34.92],[-101.72,35.12],[-102.1,34.73],[-101.58,34.68],[-102.03,34.55],[-102.53,34.28],[-101.42,34.57],[-102.12,34.72],[-99.37,34.25],[-100.82,34.02],[-102.32,34.03],[-102.42,34.0],[-102.17,33.82],[-102.03,33.6],[-101.95,33.58],[-101.92,33.52],[-100.85,32.4],[-101.85,33.47],[-101.9,33.48],[-101.0,32.08],[-100.82,32.35],[-101.52,33.18],[-101.67,33.37],[-100.13,32.88],[-100.6,31.9],[-101.53,33.15],[-100.1,32.8],[-99.95,32.75],[-99.92,32.62],[-100.57,32.0],[-100.62,31.95],[-99.87,32.45],[-100.58,31.9],[-99.87,32.45],[-100.62,32.37],[-100.37,31.42],[-100.85,32.45],[-99.87,31.75],[-99.67,31.5],[-99.92,31.68],[-99.92,31.68],[-99.92,31.52],[-99.92,31.52],[-99.92,31.47],[-99.68,32.48],[-99.93,32.38],[-97.83,28.1],[-99.7,31.22],[-94.9,29.4],[-97.93,27.97],[-97.73,27.95],[-99.18,30.73],[-99.45,31.1],[-99.57,32.15],[-97.53,27.88],[-97.42,27.78],[-97.42,27.78],[-97.42,27.78],[-98.75,30.75],[-98.17,31.48],[-98.07,31.38],[-97.65,31.92],[-97.5,32.13],[-99.0,30.58],[-102.08,35.2],[-102.2,35.2],[-102.4,34.97],[-102.32,34.55],[-101.88,35.25],[-101.92,35.28],[-101.88,35.22],[-101.88,35.25],[-101.88,35.25],[-102.8,35.15],[-102.3,35.02],[-101.9,35.13],[-101.78,35.08],[-100.75,33.25],[-99.05,33.27],[-102.13,31.42],[-103.6,31.7],[-95.55,30.18],[-95.75,30.22],[-102.72,34.38],[-101.23,35.05],[-99.83,30.43],[-99.67,30.42],[-99.9,30.33],[-99.93,30.27],[-99.38,29.82],[-103.9,31.82],[-104.02,30.27],[-104.02,30.32],[-98.2,31.07],[-96.98,32.48],[-97.52,31.42],[-97.3,31.38],[-99.32,31.95],[-99.33,34.18],[-99.37,34.22],[-99.28,34.3],[-99.28,34.15],[-99.05,33.02],[-98.7,33.8],[-99.75,33.22],[-99.75,33.22],[-101.98,33.47],[-101.85,33.58],[-101.85,33.45],[-101.65,33.57],[-101.65,33.43],[-101.6,33.2],[-103.03,29.2],[-101.38,33.17],[-101.37,33.18],[-101.32,33.13],[-100.52,33.82],[-101.32,33.13],[-100.58,33.32],[-101.33,34.03],[-101.32,32.5],[-101.2,32.6],[-99.88,34.12],[-101.7,32.53],[-98.5,34.02],[-103.55,31.55],[-103.58,31.5],[-103.6,31.98],[-103.93,31.9],[-103.97,31.9],[-94.15,33.35],[-102.87,30.35],[-103.07,30.37],[-102.87,30.45],[-102.87,30.45],[-102.02,33.82],[-101.9,34.28],[-101.77,34.47],[-101.85,33.8],[-101.85,33.83],[-101.4,35.63],[-101.38,35.67],[-101.38,35.63],[-101.38,35.63],[-101.83,34.12],[-101.38,35.7],[-101.75,34.37],[-101.38,35.7],[-101.82,33.87],[-101.38,35.35],[-101.7,33.83],[-101.53,35.35],[-101.28,35.12],[-101.37,35.12],[-101.4,34.55],[-101.4,33.83],[-100.83,33.77],[-100.98,33.8],[-100.93,33.62],[-100.62,31.0],[-102.08,32.0],[-101.15,31.95],[-101.0,31.83],[-98.45,33.57],[-98.45,33.6],[-102.1,35.73],[-102.33,35.72],[-102.25,35.68],[-102.25,35.53],[-102.25,35.53],[-102.68,35.35],[-102.68,35.27],[-102.38,34.82],[-100.85,33.9],[-95.13,30.82],[-101.18,35.57],[-101.85,33.83],[-101.85,33.83],[-102.92,34.33],[-102.78,34.22],[-105.48,31.78],[-95.95,30.77],[-102.05,30.68],[-102.5,35.68],[-102.83,33.87],[-101.67,33.08],[-101.7,33.18],[-100.8,33.75],[-101.47,33.25],[-101.4,33.2],[-101.12,33.18],[-100.92,33.12],[-102.63,30.68],[-101.72,33.43],[-101.65,33.43],[-100.67,34.87],[-100.67,34.87],[-100.67,34.87],[-100.22,34.88],[-99.8,33.58],[-99.42,33.62],[-99.87,33.32],[-99.85,33.37],[-99.23,33.6],[-98.63,33.6],[-101.83,30.67],[-106.08,31.45],[-105.75,31.38],[-101.9,30.91],[-97.0,33.75],[-97.85,28.82],[-99.36,27.79],[-97.4,32.35],[-96.1,28.92],[-102.78,30.88],[-96.63,32.13],[-101.88,30.9],[-101.2,30.85],[-100.97,30.9],[-100.77,29.77],[-102.55,32.48],[-99.8,29.22],[-103.0,30.83],[-103.08,31.85],[-103.02,30.78],[-102.7,30.88],[-101.92,30.73],[-97.3,33.82],[-97.53,33.7],[-96.97,33.8],[-96.77,33.78],[-99.27,33.18],[-99.25,29.8],[-98.63,33.6],[-97.68,33.87],[-99.25,30.3],[-99.37,30.17],[-99.1,30.18],[-98.7,30.4],[-97.85,30.58],[-99.37,30.17],[-98.4,30.28],[-98.52,29.97],[-97.82,30.5],[-98.4,30.0],[-99.73,32.38],[-100.13,32.48],[-102.05,32.37],[-99.07,29.65],[-98.4,30.28],[-97.82,30.42],[-97.75,30.38],[-97.95,29.9],[-97.83,30.28],[-97.82,29.85],[-97.62,30.43],[-97.58,30.28],[-97.67,29.88],[-98.23,31.07],[-97.73,31.05],[-99.27,29.93],[-99.25,29.92],[-95.08,29.37],[-95.08,29.37],[-100.42,36.12],[-100.45,36.1],[-100.23,36.0],[-100.23,36.0],[-102.22,35.5],[-100.43,35.87],[-98.57,34.1],[-94.38,29.82],[-94.25,31.93],[-97.18,31.67],[-98.3,32.33],[-100.43,31.48],[-99.63,29.3],[-96.67,31.75],[-99.2,29.02],[-99.53,27.38],[-98.4,27.37],[-98.15,27.08],[-98.97,27.1],[-96.9,31.3],[-96.33,30.6],[-94.38,29.82],[-95.6,30.78],[-100.23,35.15],[-100.25,35.18],[-99.92,30.68],[-100.48,31.9],[-99.52,30.3],[-97.15,33.63],[-99.17,30.48],[-98.6,30.5],[-98.7,30.43],[-100.5,31.47],[-100.43,31.47],[-100.42,31.48],[-99.13,30.45],[-101.08,33.93],[-100.87,34.12],[-100.3,34.17],[-100.2,34.42],[-100.3,34.25],[-100.12,34.4],[-100.08,34.38],[-99.73,34.4],[-96.28,31.62],[-96.17,31.72],[-96.23,32.45],[-98.33,30.65],[-96.02,33.78],[-95.53,33.67],[-95.27,33.67],[-94.23,31.42],[-94.97,30.73],[-95.02,30.5],[-97.87,27.52],[-97.85,27.48],[-94.0,31.02],[-98.13,27.35],[-97.28,28.3],[-97.58,27.97],[-97.67,27.83],[-97.77,27.95],[-95.95,33.58],[-95.82,33.43],[-95.85,33.22],[-95.67,33.0],[-95.63,32.93],[-95.4,32.52],[-95.85,33.15],[-95.5,32.05],[-94.67,31.53],[-94.73,31.38],[-93.73,30.83],[-94.17,30.58],[-97.52,31.4],[-98.67,30.75],[-95.93,29.28],[-99.45,31.03],[-99.42,31.07],[-99.25,30.3],[-95.93,29.0],[-99.28,29.18],[-99.35,28.03],[-97.28,29.22],[-99.15,28.43],[-103.67,30.37],[-103.67,30.37],[-100.97,31.9],[-102.87,31.33],[-100.98,33.73],[-100.9,34.77],[-100.88,34.72],[-100.67,34.87],[-101.75,34.42],[-101.53,35.33],[-102.2,33.38],[-99.57,31.62],[-98.93,32.78],[-97.75,32.12],[-98.5,33.9],[-98.5,33.53],[-94.0,31.02],[-100.92,34.45],[-100.9,34.93],[-101.0,32.58],[-101.13,35.2],[-97.5,30.08],[-100.87,34.12],[-101.1,35.2],[-100.72,33.25],[-100.88,34.95],[-98.43,29.48],[-100.92,35.2],[-101.02,32.45],[-100.83,32.57],[-98.5,29.62],[-100.88,34.4],[-97.67,29.88],[-100.72,33.25],[-98.33,29.5],[-100.92,32.33],[-100.15,35.72],[-100.85,32.4],[-98.45,29.48],[-100.82,32.32],[-100.85,32.33],[-100.43,34.37],[-100.85,32.33],[-99.2,29.02],[-101.68,33.67],[-101.38,33.57],[-101.83,33.98],[-100.97,33.35],[-100.8,33.13],[-100.35,35.22],[-101.05,32.83],[-101.0,32.83],[-101.15,32.88],[-100.77,32.65],[-99.78,32.62],[-95.57,29.83],[-99.95,31.68],[-94.07,31.68],[-102.85,33.0],[-94.1,31.53],[-99.47,27.55],[-102.75,32.8],[-94.12,31.55],[-99.65,31.38],[-99.22,30.85],[-102.65,32.72],[-102.5,33.45],[-98.9,30.7],[-102.52,32.72],[-97.65,31.92],[-99.35,28.03],[-99.13,30.73],[-100.82,31.38],[-98.67,30.53],[-100.97,32.72],[-101.88,32.47],[-100.75,32.63],[-99.32,29.02],[-101.47,32.25],[-101.42,32.12],[-101.48,32.18],[-101.3,32.3],[-100.4,32.52],[-101.37,32.12],[-97.67,33.08],[-102.02,33.32],[-100.78,32.67],[-100.9,32.7],[-101.82,33.45],[-102.65,32.72],[-102.2,30.55],[-99.53,32.27],[-98.87,29.18],[-102.8,33.22],[-99.9,33.18],[-99.4,32.3],[-102.1,32.58],[-99.75,33.15],[-99.95,31.75],[-102.32,33.15],[-99.03,32.33],[-98.58,29.1],[-99.8,32.22],[-99.43,31.83],[-98.83,32.27],[-98.97,32.1],[-98.5,29.13],[-99.57,32.15],[-99.32,32.08],[-99.85,32.42],[-101.87,32.48],[-100.02,32.3],[-99.07,31.72],[-98.67,31.55],[-98.15,31.47],[-98.55,31.43],[-97.75,31.43],[-99.92,31.52],[-98.18,31.07],[-97.63,31.33],[-97.17,31.53],[-97.98,30.95],[-102.23,31.13],[-99.25,30.3],[-100.63,28.83],[-100.85,33.9],[-99.25,28.42],[-100.88,34.7],[-100.73,35.22],[-100.58,35.23],[-100.43,35.22],[-100.23,35.02],[-101.4,35.35],[-100.67,35.13],[-100.2,34.42],[-101.1,35.2],[-96.58,33.28],[-100.02,34.77],[-100.67,35.08],[-100.82,35.45],[-100.8,35.02],[-100.67,34.93],[-99.28,34.15],[-96.35,33.43],[-99.03,34.08],[-98.97,34.07],[-98.92,34.03],[-98.97,34.07],[-96.07,29.32],[-101.82,35.48],[-101.58,34.68],[-101.38,35.67],[-101.0,34.93],[-100.63,35.23],[-99.33,34.18],[-99.32,34.33],[-99.5,34.25],[-101.37,31.75],[-99.63,33.07],[-97.6,33.4],[-99.18,32.73],[-99.5,32.8],[-99.73,32.47],[-99.87,32.45],[-99.67,32.45],[-99.82,32.28],[-100.33,31.65],[-101.52,35.62],[-103.9,30.57],[-100.42,33.92],[-100.63,28.97],[-101.82,35.26],[-101.82,35.26],[-101.79,35.22],[-101.88,35.25],[-102.074,34.282],[-102.185,34.03],[-102.084,34.012],[-102.37,31.85],[-97.4,32.15],[-97.4,32.35],[-97.35,32.822],[-101.89,35.26],[-102.9,33.85],[-100.95,35.7],[-95.567,29.133],[-95.58,29.05],[-98.8,29.95],[-97.51,28.57],[-98.62,27.88],[-98.41,27.58],[-97.22,28.82],[-97.2,28.9],[-102.316,30.15],[-102.3,30.15],[-102.93,35.894],[-102.768,36.153],[-103.714,31.797],[-101.9,31.422],[-103.54,31.369],[-101.32,34.22],[-101.43,35.309],[-101.48,35.687],[-101.38,35.67],[-101.459,35.82],[-101.37,35.12],[-101.6,35.63],[-101.576,35.922],[-102.62,33.6],[-101.869,35.183],[-100.38,35.943],[-100.38,35.9],[-101.486,35.82],[-102.58,33.223],[-102.32,31.68],[-102.35,31.617],[-98.38,33.156],[-97.65,33.15],[-102.08,32.0],[-101.25,30.78],[-102.37,31.85],[-99.17,32.13],[-99.13,32.03],[-101.88,30.92],[-101.757,30.73],[-99.63,31.98],[-97.92,31.13],[-98.146,32.706],[-99.73,29.52],[-99.52,33.47],[-99.27,33.6],[-99.331,33.549],[-99.319,33.559],[-99.27,33.6],[-98.5,33.9],[-98.1,32.8],[-97.8,32.9],[-97.6,33.23],[-98.79,31.82],[-97.58,32.95],[-98.33,32.08],[-97.37,32.87],[-97.37,32.87],[-97.15,32.82],[-96.77,32.79],[-95.93,33.0],[-95.62,32.78],[-95.62,32.78],[-95.414,32.804],[-100.9,32.72],[-102.412,34.83],[-102.4,34.806],[-102.53,34.07],[-102.072,34.18],[-102.041,35.68],[-101.77,34.559],[-102.209,34.18],[-102.07,35.18],[-101.73,36.02],[-101.92,32.0],[-101.3,32.315],[-101.43,32.77],[-101.2,33.03],[-100.82,32.42],[-100.82,32.42],[-100.85,32.436],[-100.72,32.463],[-100.9,29.312],[-100.4,32.51],[-101.404,33.16],[-100.05,32.6],[-101.258,33.282],[-100.282,31.842],[-99.05,33.01],[-96.4,33.3],[-100.08,31.219],[-99.904,31.267],[-100.5,28.72],[-99.58,31.2],[-98.5,32.55],[-98.37,32.55],[-99.33,31.14],[-99.82,28.68],[-99.85,28.52],[-99.15,29.13],[-100.43,28.659],[-104.432,31.07],[-102.338,31.674],[-103.575,30.452],[-102.68,31.27],[-102.35,31.255],[-99.73,32.38],[-100.63,28.95],[-98.8,29.95],[-100.18,31.6],[-98.62,27.88],[-98.99,27.21],[-99.961,31.741],[-98.861,30.914],[-97.406,32.58],[-97.371,32.58],[-98.38,31.23],[-97.12,32.73],[-96.53,31.68],[-95.52,29.8],[-95.662,29.847],[-95.45,30.15],[-95.408,30.09],[-95.38,30.1],[-96.77,30.6],[-95.23,29.73],[-95.37,29.73],[-95.337,30.9],[-104.104,30.32],[-100.87,35.894],[-100.92,35.935],[-100.8,36.096],[-100.69,36.13],[-100.958,36.093],[-101.327,36.098],[-101.45,35.82],[-100.53,36.305],[-95.4,32.52],[-100.8,36.111],[-100.8,36.06],[-100.8,36.082],[-100.8,36.06],[-100.8,36.082],[-100.8,36.096],[-101.2,36.2],[-101.2,36.2],[-101.072,36.058],[-100.958,36.093],[-100.745,36.293],[-104.304,30.075],[-98.3,27.23],[-98.488,26.72],[-101.9,33.463],[-98.22,30.75],[-101.47,32.25],[-100.529,31.6],[-100.456,31.517],[-95.37,29.73],[-95.37,29.73],[-95.37,29.73],[-95.37,29.73],[-99.019,31.706],[-99.059,31.72],[-98.345,31.47],[-101.77,34.487],[-101.674,33.931],[-101.37,35.004],[-101.478,33.857],[-102.15,33.963],[-101.71,36.14],[-98.981,31.066],[-99.07,29.792],[-102.923,31.905],[-102.527,31.905],[-102.5,31.83],[-102.37,31.85],[-102.559,31.809],[-102.37,31.85],[-106.37,31.78],[-98.2,32.23],[-104.237,30.887],[-103.88,30.84],[-99.73,29.52],[-96.47,32.1],[-98.65,26.27],[-94.93,30.743],[-97.12,32.73],[-100.02,36.192],[-100.155,35.081],[-100.105,35.122],[-101.83,32.97],[-100.108,35.22],[-100.45,31.89],[-100.361,31.88],[-100.63,31.6],[-100.04,34.85],[-100.452,31.451],[-99.85,28.535],[-106.212,31.657],[-103.13,31.53],[-103.507,29.3],[-99.85,28.578],[-95.22,32.58],[-97.03,31.249],[-101.16,31.3],[-101.17,31.13],[-100.644,31.299],[-100.597,31.322],[-100.29,31.88],[-101.282,30.629],[-102.05,35.19],[-101.678,35.2],[-101.678,35.2],[-100.03,36.12],[-106.522,31.824],[-101.96,35.69],[-102.779,34.261],[-100.288,34.275],[-102.42,32.92],[-99.19,32.97],[-102.03,32.3],[-102.043,32.239],[-99.49,32.61],[-102.419,34.632],[-101.93,34.97],[-101.93,34.99],[-101.92,34.97],[-102.4,34.259],[-101.92,34.98],[-101.392,33.19],[-101.264,33.008],[-102.37,33.623],[-102.37,33.609],[-101.26,32.913],[-102.995,34.28],[-102.42,32.862],[-101.47,32.192],[-102.55,32.32],[-102.55,32.32],[-102.2,31.93],[-101.658,31.56],[-102.815,31.85],[-103.3,29.633],[-103.3,29.633],[-103.13,31.53],[-99.703,30.947],[-104.035,30.635],[-98.32,26.21],[-101.38,35.21],[-101.36,35.21],[-101.866,32.549],[-102.195,33.84],[-100.6,35.37],[-100.59,35.38],[-100.51,35.43],[-100.3,34.121],[-100.088,34.38],[-106.522,31.85],[-102.87,30.967],[-102.87,30.88],[-95.381,29.938],[-102.85,31.4],[-98.33,32.066],[-95.821,31.841],[-96.36,31.24],[-97.43,26.55],[-95.75,31.03],[-99.87,32.45],[-96.88,31.75],[-96.97,31.67],[-96.72,31.88],[-96.48,32.05],[-96.657,33.169],[-96.587,33.346],[-96.57,33.35],[-98.56,31.67],[-96.677,32.77],[-96.634,32.77],[-96.5,32.58],[-96.07,31.47],[-95.49,32.51],[-95.33,32.13],[-95.41,32.46],[-95.24,31.92],[-95.45,30.18],[-99.28,29.8],[-100.105,31.614],[-100.12,32.2],[-99.3,30.07],[-99.26,30.1],[-101.17,29.68],[-95.62,33.15],[-95.532,31.579],[-95.23,32.27],[-94.93,32.27],[-94.87,32.39],[-94.87,32.39],[-94.69,32.52],[-95.61,33.14],[-97.32,32.58],[-94.29,33.47],[-94.13,33.45],[-94.04,33.47],[-96.1,29.32],[-100.54,32.45],[-99.8,32.21],[-99.75,32.13],[-98.51,33.27],[-98.15,33.24],[-98.124,32.816],[-97.77,32.77],[-97.4,32.78],[-97.34,32.75],[-103.03,34.38],[-100.59,32.78],[-100.46,32.85],[-101.999,32.63],[-100.92,32.71],[-102.97,34.52],[-99.87,32.59],[-99.3,32.73],[-98.924,32.73],[-101.45,32.77],[-98.3,32.62],[-99.52,32.25],[-101.95,32.73],[-98.05,32.55],[-102.0,32.72],[-97.8,32.611],[-98.33,32.066],[-98.98,32.31],[-97.75,32.07],[-96.24,32.17],[-96.83,31.85],[-97.203,31.533],[-96.264,32.13],[-96.65,31.72],[-96.185,32.045],[-97.426,31.161],[-97.469,31.201],[-97.4,31.15],[-97.45,31.16],[-97.47,31.07],[-97.46,31.07],[-97.46,31.07],[-97.496,30.93],[-97.42,31.03],[-97.355,30.986],[-99.21,30.34],[-97.5,30.82],[-99.37,30.17],[-97.59,30.67],[-94.4,33.01],[-99.14,30.03],[-97.0,30.65],[-101.1,33.48],[-100.08,31.34],[-100.99,31.84],[-99.84,31.22],[-99.17,32.55],[-98.98,32.38],[-99.25,30.75],[-98.89,32.38],[-98.68,32.22],[-99.58,31.2],[-98.37,33.717],[-98.19,33.733],[-98.19,33.82],[-97.92,33.82],[-97.84,33.74],[-99.1,33.23],[-95.53,33.67],[-98.76,33.36],[-101.53,30.2],[-97.439,33.249],[-97.322,33.37],[-97.12,33.227],[-97.13,33.21],[-96.98,33.3],[-100.77,30.05],[-96.65,33.2],[-96.79,30.53],[-97.19,31.45],[-96.53,30.35],[-99.03,34.08],[-98.92,34.09],[-98.523,34.059],[-98.78,33.66],[-98.47,33.66],[-98.17,31.384],[-97.73,31.44],[-97.887,31.284],[-95.45,32.49],[-95.3,32.43],[-97.35,31.305],[-94.76,32.6],[-97.45,32.68],[-100.15,34.15],[-99.63,32.53],[-99.53,32.47],[-98.413,32.941],[-98.415,32.822],[-97.6,33.23],[-100.25,32.72],[-100.15,34.379],[-101.25,33.67],[-102.37,31.85],[-102.272,31.991],[-100.3,34.035],[-101.9,32.03],[-101.9,30.91],[-101.46,31.19],[-101.46,31.19],[-100.45,31.47],[-97.78,30.3],[-97.76,30.33],[-97.76,30.31],[-96.08,33.67],[-97.75,30.31],[-97.72,30.32],[-97.73,30.31],[-97.72,30.31],[-97.68,30.22],[-93.76,30.1],[-101.53,30.13],[-99.39,31.14],[-99.33,31.14],[-99.33,31.14],[-98.47,33.66],[-98.58,33.1],[-100.51,29.33],[-99.89,31.26],[-99.85,31.22],[-100.47,28.8],[-100.49,28.71],[-99.4,32.22],[-99.25,32.18],[-98.67,30.75],[-99.84,28.81],[-98.789,32.095],[-98.53,31.96],[-99.161,26.839],[-98.79,30.85],[-97.75,30.31],[-97.6,30.52],[-97.75,30.32],[-97.75,30.29],[-97.71,30.3],[-97.73,30.31],[-100.42,28.64],[-100.48,28.68],[-100.29,35.58],[-100.11,35.4],[-100.12,35.4],[-100.12,35.4],[-100.12,35.4],[-100.11,35.45],[-100.02,36.149],[-100.181,35.45],[-100.868,32.689],[-103.0,35.62],[-102.829,35.638],[-102.81,35.63],[-102.33,35.723],[-102.31,35.89],[-102.058,35.778],[-102.02,35.82],[-101.56,35.91],[-101.45,35.82],[-101.44,35.87],[-102.956,33.953],[-102.713,34.303],[-101.24,35.64],[-101.38,35.67],[-102.1,35.16],[-102.4,34.82],[-100.6,35.15],[-100.61,35.16],[-100.34,35.29],[-100.34,35.29],[-100.27,35.334],[-100.27,35.4],[-100.341,35.45],[-102.65,30.877],[-100.418,35.163],[-100.22,34.85],[-100.22,34.85],[-100.297,35.872],[-100.22,34.908],[-100.17,35.92],[-100.196,34.953],[-100.227,35.58],[-100.225,35.6],[-100.902,33.9],[-100.827,33.803],[-103.18,29.62],[-102.57,32.94],[-102.54,32.958],[-101.96,32.73],[-102.37,32.02],[-94.18,31.79],[-94.42,31.16],[-94.42,31.16],[-103.342,30.88],[-102.77,33.648],[-102.51,33.6],[-102.55,32.54],[-102.85,31.34],[-102.36,31.38],[-101.777,33.517],[-102.35,31.39],[-102.15,33.42],[-102.22,34.117],[-100.874,33.459],[-100.787,33.47],[-101.606,33.609],[-96.615,33.28],[-98.18,31.07],[-100.64,34.87],[-100.64,36.39],[-100.188,34.441],[-101.05,34.37],[-99.51,34.26],[-99.51,34.26],[-99.42,34.263],[-99.42,34.234],[-102.876,35.203],[-102.445,35.719],[-102.496,35.272],[-102.73,34.63],[-102.68,34.23],[-102.931,33.665],[-100.67,33.35],[-102.662,32.71],[-102.5,31.83],[-94.73,31.33],[-100.692,36.4],[-100.53,36.305],[-101.6,35.63],[-101.57,35.23],[-101.57,35.33],[-102.87,30.866],[-101.58,35.18],[-100.971,34.93],[-101.58,35.18],[-101.459,35.12],[-101.603,35.319],[-100.333,33.953],[-101.3,34.441],[-100.734,34.092],[-99.877,33.58],[-99.844,33.441],[-101.95,34.151],[-102.617,36.152],[-101.92,35.009],[-101.906,35.007],[-101.867,34.98],[-102.33,33.73],[-102.475,34.759],[-102.5,34.73],[-101.4,36.371],[-101.18,35.43],[-102.07,35.18],[-97.61,30.35],[-95.95,29.26],[-96.26,29.95],[-100.6,36.12],[-100.6,36.12],[-100.96,35.54],[-100.96,35.54],[-100.96,35.54],[-100.74,35.61],[-100.29,35.57],[-101.575,34.37],[-100.29,35.58],[-100.46,35.53],[-100.2,35.64],[-100.21,35.61],[-100.36,35.65],[-102.4,34.82],[-102.4,34.82],[-102.42,34.82],[-101.85,33.652],[-101.832,34.98],[-101.926,36.42],[-101.944,36.42],[-100.53,36.45],[-100.53,36.45],[-100.53,36.479],[-100.53,36.45],[-102.68,35.27],[-102.68,35.27],[-102.43,35.25],[-102.393,34.833],[-102.249,34.85],[-102.294,34.82],[-100.98,33.73],[-106.329,31.758],[-100.047,35.6],[-98.23,30.76],[-96.92,33.47],[-98.38,33.17],[-103.77,29.26],[-103.6,29.345],[-103.3,29.3],[-99.91,33.84],[-101.12,31.9],[-101.574,31.688],[-95.26,31.82],[-95.21,33.47],[-99.16,29.3],[-97.77,33.046],[-98.203,32.221],[-98.2,32.245],[-98.12,31.7],[-97.298,33.753],[-97.92,32.39],[-97.181,32.0],[-98.48,29.57],[-98.49,29.46],[-98.49,29.57],[-97.22,31.38],[-94.02,30.12],[-95.7,31.916],[-95.8,31.6],[-99.58,30.66],[-99.15,30.68],[-98.88,30.61],[-98.5,30.56],[-98.42,30.59],[-98.35,30.54],[-98.37,30.53],[-98.27,30.58],[-97.82,30.49],[-97.67,30.52],[-97.83,30.51],[-97.74,30.27],[-97.82,30.44],[-97.83,30.51],[-97.81,30.4],[-97.7,30.44],[-97.77,30.41],[-97.79,30.44],[-97.74,30.43],[-97.64,30.44],[-97.74,30.41],[-97.67,30.52],[-97.76,30.42],[-97.67,30.5],[-99.77,29.2],[-98.86,29.19],[-98.9,29.15],[-98.5,28.79],[-97.796,28.173],[-97.73,33.78],[-97.595,33.76],[-97.42,33.67],[-97.535,33.692],[-97.417,33.683],[-95.456,30.312],[-95.363,30.334],[-95.168,30.322],[-95.08,30.34],[-95.35,29.99],[-95.248,29.962],[-95.26,29.99],[-95.246,30.05],[-94.93,30.05],[-94.8,30.05],[-97.87,33.04],[-97.841,33.004],[-97.692,32.996],[-97.375,33.037],[-97.311,33.025],[-97.366,32.97],[-97.295,32.928],[-97.263,32.898],[-97.286,32.976],[-97.23,33.0],[-97.31,32.93],[-97.23,32.93],[-97.194,32.904],[-97.15,32.95],[-97.07,32.93],[-97.76,29.44],[-102.99,32.9],[-102.293,31.919],[-102.195,31.948],[-102.159,32.012],[-102.132,31.988],[-102.153,31.997],[-102.142,31.962],[-102.079,32.039],[-99.89,33.18],[-99.29,34.338],[-98.085,33.82],[-98.068,33.82],[-97.94,33.82],[-97.79,33.69],[-97.76,33.7],[-97.605,33.685],[-97.51,33.69],[-97.39,33.66],[-97.859,33.67],[-97.74,33.66],[-97.72,33.66],[-97.43,33.65],[-101.931,33.415],[-101.934,33.501],[-101.911,33.507],[-101.57,34.83],[-101.148,33.03],[-101.53,33.67],[-97.216,31.678],[-101.043,33.18],[-101.035,33.17],[-101.449,33.18],[-95.49,31.35],[-95.47,31.39],[-100.897,33.293],[-101.743,32.5],[-97.56,33.53],[-102.53,31.747],[-98.431,28.105],[-99.48,27.53],[-99.26,27.86],[-100.17,35.68],[-100.06,35.68],[-100.04,36.23],[-100.39,35.51],[-99.767,33.886],[-100.36,35.51],[-99.72,33.98],[-100.03,36.12],[-101.82,30.69],[-99.29,34.161],[-99.29,34.15],[-101.54,30.71],[-100.365,33.62],[-101.82,30.69],[-99.772,33.98],[-101.3,30.79],[-101.2,30.54],[-100.64,30.61],[-99.91,30.33],[-102.19,31.87],[-98.059,29.372],[-100.95,32.697],[-99.466,32.966],[-102.04,30.96],[-102.22,30.73],[-100.468,34.22],[-101.845,30.372],[-101.094,34.297],[-101.531,34.252],[-100.88,34.7],[-101.6,35.64],[-100.75,34.8],[-100.98,34.37],[-100.944,34.122],[-100.69,34.8],[-101.55,30.2],[-101.13,35.43],[-101.17,35.33],[-100.3,34.194],[-100.707,33.722],[-100.763,33.719],[-100.367,33.651],[-94.16,33.12],[-103.24,30.21],[-95.148,30.427],[-100.873,34.387],[-100.65,34.88],[-100.45,34.249],[-99.72,33.995],[-101.96,32.73],[-102.035,32.658],[-102.035,32.658],[-103.594,30.58],[-100.97,35.96],[-100.8,35.44],[-99.511,27.589],[-97.797,32.757],[-97.6,32.74],[-97.56,33.08],[-97.61,33.04],[-97.56,32.62],[-97.59,33.23],[-97.181,32.732],[-97.75,32.24],[-98.537,31.705],[-97.39,28.67],[-97.523,26.088],[-97.411,25.951],[-98.8,29.92],[-98.8,29.85],[-98.76,29.91],[-98.78,29.91],[-103.67,30.36],[-100.41,30.13],[-99.83,28.69],[-99.81,28.66],[-101.55,30.13],[-99.67,28.59],[-98.69,27.17],[-103.15,31.76],[-99.81,28.26],[-99.84,33.14],[-100.29,32.82],[-97.93,32.68],[-96.07,33.13],[-97.189,33.155],[-97.191,33.112],[-98.781,32.651],[-98.498,32.551],[-98.537,32.583],[-98.497,32.568],[-98.635,32.721],[-98.674,32.719],[-98.98,32.38],[-98.97,32.1],[-98.826,32.099],[-98.92,31.98],[-98.92,31.98],[-99.1,31.82],[-99.07,31.771],[-97.78,33.78],[-97.7,33.78],[-99.41,31.32],[-97.659,33.851],[-99.45,31.24],[-96.604,33.622],[-96.49,33.523],[-96.38,33.47],[-96.92,33.47],[-95.14,33.76],[-101.95,32.73],[-101.898,32.712],[-101.943,32.717],[-101.902,32.713],[-101.943,32.717],[-100.46,32.85],[-101.2,30.49],[-99.4,32.22],[-98.07,33.03],[-98.55,32.02],[-98.146,31.478],[-98.82,32.4],[-98.62,31.9],[-98.7,31.82],[-98.66,31.69],[-98.529,31.776],[-98.077,31.064],[-98.68,30.91],[-97.86,30.561],[-97.793,30.52],[-97.62,30.44],[-97.62,30.44],[-97.81,30.3],[-98.71,30.98],[-97.846,33.575],[-98.07,33.03],[-97.72,33.66],[-97.72,33.66],[-98.62,31.9],[-97.813,32.598],[-97.53,32.45],[-97.8,32.45],[-97.79,32.38],[-97.77,32.44],[-99.23,30.94],[-99.06,30.75],[-99.25,30.91],[-99.16,30.74],[-100.85,33.9],[-101.05,34.37],[-101.084,34.437],[-102.37,31.85],[-102.37,31.85],[-101.875,34.53],[-101.82,35.35],[-101.3,34.47],[-101.575,34.22],[-101.36,35.21],[-101.36,35.35],[-100.96,35.34],[-101.81,36.02],[-101.68,36.02],[-101.66,36.15],[-101.76,36.07],[-101.41,36.36],[-101.12,34.37],[-100.82,34.02],[-100.813,34.014],[-101.46,35.95],[-102.4,34.77],[-102.2,33.33],[-102.012,33.457],[-100.43,34.492],[-99.315,34.17],[-100.8,36.38],[-103.05,30.89],[-101.19,36.2],[-101.19,36.37],[-101.12,36.26],[-102.89,30.89],[-100.65,36.21],[-100.54,36.3],[-100.45,36.23],[-100.61,36.21],[-100.85,33.465],[-100.33,33.62],[-101.02,36.22],[-102.32,34.55],[-101.82,35.2],[-101.84,35.22],[-97.7,26.48],[-100.681,33.17],[-101.38,33.492],[-100.46,32.85],[-100.46,32.82],[-102.17,33.58],[-100.38,32.75],[-102.73,34.059],[-100.38,32.69],[-102.2,33.33],[-95.513,29.151],[-96.805,28.31],[-98.77,29.39],[-98.322,28.445],[-102.02,33.6],[-101.6,35.5],[-101.17,35.43],[-101.17,35.42],[-101.11,35.45],[-101.11,35.2],[-99.52,34.19],[-99.577,34.126],[-100.46,32.85],[-100.4,33.18],[-100.21,32.88],[-100.07,32.76],[-103.406,30.464],[-102.24,36.01],[-102.62,34.38],[-102.18,36.34],[-102.95,36.4],[-102.52,36.06],[-102.52,36.06],[-102.35,35.66],[-102.24,35.61],[-102.25,35.51],[-102.25,35.51],[-102.99,35.62],[-102.32,34.622],[-102.39,34.55],[-100.207,33.722],[-97.1,33.155],[-96.63,32.91],[-96.06,31.4],[-95.5,32.06],[-96.31,30.6],[-96.7,30.53],[-101.851,32.931],[-99.039,32.469],[-101.78,35.06],[-101.67,34.95],[-101.27,34.96],[-96.762,32.816],[-95.88,29.4],[-101.33,35.35],[-102.25,35.45],[-101.19,36.15],[-101.1,35.2],[-101.05,36.28],[-100.97,35.18],[-100.98,35.2],[-101.11,35.26],[-103.02,36.38],[-95.41,30.27],[-95.37,30.944],[-94.82,31.0],[-94.42,30.77],[-94.84,31.33],[-95.5,31.49],[-98.758,33.86],[-102.25,35.55],[-106.058,31.901],[-106.284,31.732],[-106.313,31.681],[-106.284,31.704],[-98.25,32.93],[-98.5,32.55],[-98.37,32.565],[-98.374,32.545],[-97.53,33.7],[-98.37,32.55],[-96.88,29.98],[-99.74,34.11],[-96.981,31.491],[-96.47,31.78],[-93.658,30.743],[-98.114,32.32],[-102.892,31.066],[-102.674,33.18],[-102.58,33.18],[-102.545,33.18],[-102.866,31.366],[-102.033,33.44],[-102.28,33.18],[-102.403,33.513],[-96.62,31.95],[-96.46,32.05],[-96.005,32.29],[-95.1,33.0],[-95.05,33.0],[-94.7,33.09],[-94.72,33.07],[-96.323,33.204],[-96.2,33.28],[-97.35,31.38],[-97.22,31.38],[-96.78,32.2],[-95.21,33.43],[-95.9,33.25],[-96.82,31.392],[-95.93,33.0],[-94.62,33.51],[-95.98,32.3],[-95.54,32.87],[-95.6,33.13],[-95.77,31.98],[-94.85,32.9],[-94.95,32.8],[-95.524,32.021],[-95.25,32.33],[-95.35,31.97],[-94.87,32.1],[-95.44,32.33],[-95.25,32.14],[-95.32,32.18],[-98.7,29.46],[-94.97,32.28],[-96.47,32.75],[-95.8,33.72],[-94.98,32.73],[-94.34,33.33],[-94.22,33.36],[-94.13,33.44],[-94.11,33.25],[-95.0,32.73],[-95.05,32.73],[-95.01,32.71],[-94.95,32.8],[-95.29,32.59],[-94.71,32.94],[-94.55,32.9],[-99.74,29.57],[-103.24,30.21],[-103.216,30.2],[-100.64,35.69],[-100.47,36.46],[-100.5,36.46],[-100.42,36.48],[-106.201,31.69],[-102.06,35.2],[-102.11,35.06],[-102.66,35.46],[-101.697,33.903],[-101.33,33.908],[-100.609,33.75],[-101.34,36.23],[-101.19,36.2],[-101.05,35.2],[-101.07,35.17],[-100.98,35.2],[-100.6,34.28],[-100.6,34.28],[-101.233,33.303],[-102.16,32.93],[-100.287,34.283],[-100.247,34.326],[-102.496,32.33],[-96.983,30.92],[-99.91,29.76],[-99.76,29.29],[-99.91,29.76],[-100.49,28.71],[-99.46,29.32],[-98.0,31.08],[-99.16,29.4],[-99.28,29.33],[-96.596,32.33],[-96.75,30.53],[-99.06,29.82],[-100.43,34.608],[-100.02,35.4],[-102.02,32.56],[-102.22,31.13],[-101.9,32.03],[-102.09,31.23],[-101.94,31.23],[-101.94,31.23],[-102.89,30.89],[-98.134,33.196],[-98.04,33.56],[-102.68,31.95],[-102.42,34.02],[-101.9,32.03],[-101.58,31.43],[-101.658,31.561],[-98.74,30.77],[-97.71,32.04],[-102.36,34.85],[-100.213,33.15],[-95.22,30.75],[-95.13,30.59],[-96.53,32.63],[-103.65,30.36],[-103.67,30.25],[-103.7,31.71],[-95.197,29.712],[-101.55,30.2],[-102.34,35.89],[-102.25,35.89],[-102.33,35.87],[-102.27,35.89],[-102.15,35.89],[-102.14,35.86],[-102.1,35.75],[-102.0,35.89],[-101.95,35.87],[-101.97,35.86],[-101.97,35.86],[-101.988,35.85],[-101.7,35.86],[-101.56,35.91],[-101.48,35.91],[-101.44,35.95],[-101.44,35.89],[-102.75,36.22],[-101.38,35.94],[-102.67,36.18],[-102.75,36.21],[-100.88,35.89],[-102.07,36.34],[-100.38,35.91],[-100.37,35.91],[-100.37,35.94],[-101.33,36.42],[-101.97,35.85],[-100.03,36.12],[-101.03,36.06],[-96.87,32.72],[-96.511,32.133],[-96.425,32.016],[-96.8,31.85],[-97.32,31.65],[-97.48,31.66],[-97.2,31.52],[-97.15,31.43],[-97.07,31.28],[-97.086,31.321],[-98.57,31.44],[-102.032,34.38],[-101.2,35.073],[-101.449,34.544],[-101.15,35.071],[-101.2,35.102],[-101.2,35.102],[-101.19,35.11],[-102.85,31.34],[-102.87,31.33],[-102.94,36.4],[-102.82,31.02],[-101.11,35.33],[-102.4,30.89],[-101.11,35.2],[-101.43,34.236],[-100.96,35.55],[-100.92,35.92],[-102.3,30.98],[-101.15,35.39],[-100.16,35.73],[-102.16,30.35],[-100.77,34.9],[-101.3,35.63],[-101.02,35.57],[-101.84,35.18],[-102.83,34.52],[-102.908,34.32],[-102.9,34.448],[-102.66,35.28],[-102.482,34.605],[-102.355,34.55],[-103.4,29.45],[-105.363,31.177],[-94.85,30.11],[-101.56,36.11],[-101.66,36.38],[-99.91,29.76],[-100.93,29.39],[-100.931,29.381],[-99.79,29.78],[-99.78,29.78],[-99.79,29.79],[-101.45,32.77],[-101.45,32.77],[-101.84,35.86],[-101.79,35.99],[-103.5,31.54],[-103.5,31.53],[-101.97,35.86],[-101.97,35.86],[-101.32,36.04],[-101.13,36.08],[-101.19,36.2],[-100.75,36.3],[-100.8,36.13],[-100.4,36.45],[-100.29,36.45],[-102.89,30.88],[-100.8,36.16],[-101.33,33.98],[-102.02,33.6],[-101.93,33.858],[-101.999,34.163],[-101.912,34.315],[-102.85,31.34],[-101.94,32.72],[-102.44,31.85],[-102.89,30.66],[-102.13,34.18],[-101.4,35.66],[-101.38,35.67],[-101.6,35.64],[-101.25,35.65],[-101.11,35.2],[-101.11,35.2],[-101.14,35.17],[-101.85,33.83],[-101.23,35.2],[-99.16,31.47],[-98.71,30.98],[-97.392,32.969],[-100.677,33.231],[-100.54,32.45],[-97.45,29.51],[-102.57,32.94],[-106.305,31.72],[-101.89,35.14],[-101.88,35.15],[-101.67,34.95],[-101.61,34.84],[-100.88,35.38],[-100.6,35.28],[-100.66,34.87],[-99.01,33.5],[-97.25,33.83],[-97.732,33.777],[-102.21,32.014],[-100.21,34.85],[-101.54,35.11],[-101.45,35.11],[-94.86,32.53],[-95.48,32.13],[-95.492,31.7],[-94.88,30.653],[-101.18,32.35],[-102.04,33.8],[-102.37,33.58],[-102.145,33.6],[-101.98,33.68],[-98.99,30.27],[-96.49,31.158],[-96.13,33.62],[-95.51,33.65],[-97.85,33.57],[-97.4,32.8],[-100.11,30.83],[-99.7,30.92],[-98.52,31.67],[-98.32,31.68],[-96.976,33.224],[-98.12,31.7],[-97.24,33.77],[-96.92,33.65],[-97.19,33.0],[-97.203,33.002],[-96.829,33.045],[-96.25,33.38],[-96.63,32.92],[-96.57,32.98],[-96.63,32.92],[-97.25,33.27],[-97.126,33.2],[-96.617,33.536],[-97.0,33.07],[-96.896,33.095],[-96.28,33.72],[-97.08,32.93],[-97.25,32.93],[-97.13,32.85],[-97.414,32.683],[-95.86,33.78],[-95.8,33.72],[-97.342,32.679],[-95.57,33.87],[-95.61,33.678],[-95.547,33.738],[-97.32,32.58],[-97.53,32.45],[-95.52,33.8],[-95.55,33.759],[-97.38,32.47],[-95.53,33.722],[-97.28,32.25],[-97.15,32.17],[-97.18,32.17],[-97.04,32.1],[-95.05,33.62],[-95.77,33.33],[-94.62,33.51],[-94.29,33.47],[-99.9,31.36],[-99.93,31.51],[-99.96,31.74],[-100.0,30.49],[-99.4,32.22],[-100.06,30.49],[-100.85,30.86],[-101.12,30.71],[-100.41,29.32],[-102.59,30.64],[-100.38,32.7],[-100.12,32.59],[-98.313,33.981],[-98.362,33.94],[-97.545,33.55],[-97.407,33.596],[-97.175,33.651],[-97.203,33.703],[-97.15,33.63],[-98.73,31.95],[-97.6,33.7],[-97.547,33.7],[-98.37,32.55],[-97.653,33.847],[-98.65,32.13],[-98.92,31.98],[-98.62,31.9],[-98.63,34.09],[-99.3,32.74],[-99.85,32.38],[-99.87,32.41],[-99.86,32.42],[-99.765,32.418],[-99.058,32.583],[-100.11,32.04],[-98.9,32.611],[-100.11,32.04],[-98.68,32.47],[-100.0,32.1],[-98.37,32.55],[-96.82,33.23],[-99.7,31.98],[-99.67,31.99],[-98.1,32.6],[-98.05,32.52],[-99.4,32.22],[-98.185,32.389],[-97.37,32.64],[-97.3,32.63],[-97.65,32.53],[-98.79,31.82],[-98.92,31.98],[-98.02,32.75],[-97.852,32.77],[-98.528,31.962],[-97.673,32.78],[-97.67,32.74],[-98.173,31.918],[-97.8,32.77],[-97.65,33.15],[-97.47,32.99],[-97.04,32.915],[-97.25,33.83],[-97.356,33.241],[-97.75,32.29],[-97.25,33.3],[-95.5,32.05],[-97.1,31.62],[-97.105,31.586],[-96.023,33.133],[-96.88,31.75],[-96.47,32.1],[-96.52,31.69],[-96.5,31.68],[-96.296,31.627],[-96.28,31.62],[-96.49,31.78],[-96.17,31.56],[-95.68,32.12],[-96.33,31.77],[-96.17,31.72],[-96.19,31.7],[-95.8,31.6],[-95.58,31.62],[-95.63,31.58],[-95.556,31.618],[-95.46,31.49],[-94.42,31.16],[-96.65,32.37],[-97.314,32.337],[-96.937,32.42],[-95.26,31.83],[-96.123,31.256],[-96.82,32.08],[-96.72,32.114],[-97.096,31.634],[-95.73,33.55],[-95.581,33.662],[-95.38,33.67],[-97.1,31.684],[-97.02,31.73],[-97.15,31.55],[-96.082,31.25],[-95.45,31.13],[-95.13,31.06],[-94.7,33.05],[-96.605,32.794],[-94.6,33.0],[-99.73,32.45],[-95.21,33.47],[-95.43,32.21],[-95.508,32.213],[-99.2,30.48],[-100.63,28.95],[-99.23,30.75],[-99.27,30.78],[-99.23,30.59],[-98.73,30.63],[-98.06,30.07],[-99.84,28.57],[-98.23,30.89],[-99.86,28.53],[-99.87,28.51],[-98.41,29.48],[-98.51,29.46],[-99.77,28.27],[-97.786,26.489],[-99.29,34.15],[-99.29,34.15],[-98.57,31.45],[-94.58,32.5],[-94.15,33.28],[-97.33,30.31],[-98.12,31.715],[-98.12,32.03],[-98.48,31.55],[-97.8,32.45],[-97.94,31.15],[-97.92,31.17],[-97.81,31.22],[-97.75,31.43],[-98.23,30.76],[-98.23,30.76],[-98.08,31.11],[-99.62,32.8],[-99.4,32.4],[-99.3,31.94],[-98.77,33.37],[-98.19,33.82],[-98.96,31.9],[-98.55,32.12],[-101.9,30.91],[-98.55,32.13],[-97.357,32.722],[-99.187,33.898],[-98.17,33.22],[-98.02,32.75],[-97.655,32.765],[-97.53,33.7],[-97.57,33.53],[-97.45,33.48],[-97.822,33.004],[-97.68,32.97],[-97.373,32.986],[-97.32,32.93],[-97.267,32.93],[-97.194,32.877],[-97.28,32.94],[-97.08,32.93],[-97.121,32.839],[-97.45,32.77],[-96.963,32.89],[-97.021,32.921],[-97.02,32.95],[-96.871,32.818],[-96.9,32.93],[-97.15,33.63],[-97.35,32.75],[-97.29,32.75],[-96.941,33.604],[-96.92,33.65],[-97.08,32.816],[-97.12,32.73],[-96.553,33.63],[-97.42,32.97],[-96.78,33.32],[-96.406,32.58],[-97.38,30.57],[-94.11,31.54],[-93.97,31.44],[-93.94,31.41],[-96.93,30.18],[-96.8,29.95],[-95.62,30.71],[-95.41,30.6],[-96.55,29.57],[-96.48,29.54],[-96.91,29.7],[-94.38,29.82],[-96.51,29.04],[-96.22,28.87],[-97.447,28.847],[-100.38,34.327],[-100.82,34.02],[-101.154,33.637],[-103.012,33.617],[-102.77,33.648],[-103.02,32.87],[-102.17,33.58],[-100.53,34.72],[-104.36,29.56],[-102.76,34.83],[-102.66,34.82],[-100.867,34.259],[-98.66,32.56],[-98.19,32.57],[-98.05,32.52],[-99.18,33.18],[-99.18,33.18],[-97.99,32.54],[-98.113,32.611],[-95.3,32.36],[-98.97,32.38],[-97.088,32.645],[-96.98,32.75],[-96.98,32.75],[-96.81,32.94],[-97.45,32.69],[-98.33,32.08],[-98.67,31.68],[-98.56,34.09],[-100.47,36.46],[-100.33,36.49],[-100.8,36.35],[-97.82,33.3],[-98.99,33.27],[-99.05,33.04],[-98.644,33.317],[-98.903,33.079],[-98.37,33.43],[-98.6,33.1],[-98.566,33.1],[-98.38,33.17],[-98.766,32.96],[-98.52,33.27],[-97.82,33.3],[-97.879,33.169],[-97.734,32.904],[-97.53,32.943],[-97.628,32.97],[-97.53,32.972],[-97.18,33.12],[-97.124,33.088],[-94.34,32.01],[-94.18,31.71],[-99.25,31.68],[-98.97,32.38],[-100.33,32.09],[-101.29,31.87],[-98.02,32.75],[-96.216,32.33],[-101.84,31.63],[-94.78,33.55],[-95.38,33.67],[-95.98,32.3],[-94.07,30.36],[-95.4,29.481],[-100.43,34.55],[-102.55,34.95],[-97.04,33.648],[-96.642,32.91],[-96.711,32.896],[-96.63,32.1],[-97.8,31.43],[-101.84,34.06],[-101.75,34.42],[-101.77,34.54],[-100.995,35.52],[-100.6,30.95],[-100.51,31.5],[-100.6,30.92],[-100.6,30.92],[-97.699,26.453],[-97.972,26.373],[-98.012,26.316],[-98.75,33.2],[-95.18,31.92],[-97.73,30.39],[-101.82,35.35],[-95.12,32.14],[-97.68,33.37],[-96.67,33.72],[-96.664,33.715],[-96.658,33.73],[-96.332,30.633],[-101.51,33.87],[-100.25,34.57],[-101.34,33.98],[-101.87,32.3],[-101.894,32.027],[-97.87,33.07],[-100.32,30.48],[-99.83,30.51],[-99.39,30.64],[-99.63,29.24],[-99.09,30.91],[-99.48,29.62],[-98.98,30.94],[-99.13,28.7],[-99.76,29.75],[-99.23,28.97],[-99.09,28.86],[-99.76,29.75],[-99.59,29.84],[-99.17,28.67],[-99.76,29.75],[-99.28,30.08],[-99.26,29.99],[-99.29,30.08],[-99.24,30.07],[-99.53,29.62],[-99.55,29.88],[-99.57,29.62],[-99.16,29.9],[-98.66,30.24],[-98.77,30.27],[-97.68,27.8],[-100.03,36.19],[-100.03,36.12],[-100.03,36.12],[-100.14,36.28],[-100.17,35.89],[-99.488,27.365],[-99.469,27.365],[-99.481,27.431],[-99.12,27.67],[-104.09,31.41],[-101.63,35.57],[-101.6,35.57],[-101.65,35.53],[-101.6,35.58],[-101.6,35.64],[-101.56,35.64],[-101.56,35.64],[-103.05,33.25],[-100.189,34.668],[-101.88,33.58],[-101.44,34.22],[-101.3,34.47],[-101.3,34.47],[-100.28,35.44],[-101.572,31.731],[-97.48,28.77],[-97.39,28.67],[-99.12,26.77],[-98.93,32.98],[-98.97,33.01],[-94.74,32.73],[-94.73,31.33],[-94.968,29.367],[-98.391,26.484],[-98.37,26.23],[-97.78,26.48],[-97.79,26.41],[-101.86,34.73],[-100.4,33.15],[-100.44,34.55],[-100.66,33.36],[-100.22,34.85],[-100.26,35.21],[-100.25,35.22],[-100.25,35.22],[-100.96,35.55],[-101.17,35.57],[-101.92,35.17],[-102.43,35.25],[-101.94,35.3],[-102.33,33.92],[-102.07,33.41],[-101.81,33.42],[-102.01,33.33],[-101.55,33.36],[-102.4,35.97],[-101.79,33.16],[-102.11,35.86],[-101.97,35.86],[-101.79,33.16],[-101.38,35.65],[-101.85,35.14],[-100.86,33.9],[-101.4,35.11],[-101.36,35.11],[-101.37,35.12],[-101.15,32.793],[-100.89,34.94],[-101.15,32.88],[-100.89,34.86],[-100.89,34.93],[-100.89,34.94],[-100.84,34.94],[-100.77,34.9],[-101.2,35.03],[-100.77,34.9],[-101.07,35.0],[-100.96,34.94],[-100.89,34.94],[-100.9,34.95],[-100.91,35.04],[-100.83,34.99],[-100.21,34.85],[-100.21,34.85],[-100.21,34.85],[-100.22,34.85],[-100.77,34.9],[-100.2,35.02],[-100.15,35.02],[-100.38,35.82],[-98.67,33.0],[-98.6,33.1],[-98.83,32.227],[-98.3,33.17],[-97.08,32.83],[-97.4,32.35],[-96.635,32.926],[-97.023,32.946],[-97.0,33.07],[-96.979,33.004],[-96.89,33.08],[-96.89,33.09],[-96.811,33.152],[-96.83,33.15],[-97.15,32.17],[-97.13,32.029],[-94.98,33.17],[-97.241,31.648],[-97.32,31.65],[-97.264,31.62],[-95.353,33.453],[-96.11,33.096],[-95.05,33.47],[-95.27,33.08],[-92.72,32.35],[-94.08,32.95],[-95.25,29.43],[-95.241,29.395],[-95.569,29.042],[-96.84,28.39],[-102.418,31.4],[-100.13,32.81],[-101.02,32.162],[-101.02,32.09],[-100.98,31.94],[-100.98,31.84],[-100.98,31.84],[-101.472,31.308],[-101.47,31.2],[-95.958,31.96],[-95.953,31.95],[-100.52,35.47],[-100.21,34.75],[-103.9,31.921],[-103.359,30.88],[-99.265,27.857],[-99.19,28.67],[-97.99,29.1],[-98.548,28.47],[-97.456,27.615],[-97.8,28.36],[-97.75,28.41],[-97.37,32.87],[-95.42,30.85],[-105.993,31.834],[-105.903,31.801],[-97.08,27.99],[-100.311,33.563],[-102.66,35.28],[-102.66,35.28],[-102.66,35.28],[-103.274,30.18],[-102.87,30.88],[-102.87,30.88],[-103.25,29.997],[-101.43,32.77],[-101.43,32.77],[-99.29,34.034],[-99.24,33.99],[-103.218,29.372],[-103.218,29.372],[-101.291,32.429],[-100.986,32.72],[-101.157,32.35],[-101.123,32.35],[-99.309,33.631],[-103.619,29.37],[-100.85,32.4],[-100.52,32.17],[-99.96,31.99],[-100.24,32.27],[-98.92,34.1],[-98.92,33.96],[-98.78,33.65],[-96.99,33.23],[-97.85,32.87],[-97.4,32.35],[-100.66,34.77],[-100.77,34.8],[-100.47,34.61],[-100.43,34.54],[-100.04,32.28],[-99.96,31.74],[-99.88,32.24],[-99.96,31.74],[-99.8,32.21],[-99.76,32.17],[-99.58,31.2],[-99.43,33.5],[-99.47,31.02],[-99.86,33.32],[-104.023,30.457],[-100.75,33.36],[-100.22,33.14],[-99.81,33.23],[-99.68,33.29],[-98.56,34.09],[-98.394,34.039],[-98.016,32.52],[-99.17,32.13],[-98.83,32.27],[-98.06,32.78],[-98.96,31.64],[-98.72,30.77],[-98.71,30.78],[-98.71,30.75],[-98.64,30.72],[-99.63,30.78],[-99.58,30.68],[-99.58,30.76],[-99.49,30.75],[-99.43,30.77],[-98.96,30.72],[-98.74,30.06],[-96.568,32.298],[-102.964,32.582],[-102.65,32.72],[-104.32,29.8],[-97.783,26.441],[-98.6,33.1],[-98.52,33.241],[-98.92,33.28],[-98.02,33.54],[-99.039,32.375],[-96.829,32.99],[-96.797,33.008],[-96.804,32.983],[-96.77,32.88],[-96.769,32.909],[-96.746,32.891],[-96.727,32.793],[-96.761,32.776],[-96.7,32.794],[-96.714,32.734],[-96.956,32.813],[-96.96,32.79],[-96.996,32.759],[-96.98,32.75],[-96.995,32.645],[-96.9,32.65],[-96.961,32.472],[-96.2,33.28],[-103.25,30.2],[-95.23,32.22],[-103.02,30.78],[-102.22,35.89],[-101.948,33.498],[-101.57,35.19],[-101.38,35.35],[-102.52,36.06],[-101.64,35.2],[-101.66,35.18],[-101.48,35.18],[-100.27,35.45],[-100.27,35.45],[-101.67,34.95],[-100.22,35.27],[-101.45,34.66],[-102.74,34.03],[-100.77,35.28],[-101.42,33.98],[-96.855,33.176],[-99.78,29.22],[-99.78,29.22],[-97.15,33.48],[-102.43,34.76],[-100.5,34.83],[-99.3,34.14],[-99.28,34.15],[-102.42,32.0],[-100.55,36.48],[-98.82,32.4],[-97.32,33.63],[-97.35,32.94],[-97.44,32.89],[-97.13,32.97],[-100.45,31.3],[-98.83,32.27],[-99.27,27.87],[-99.09,27.86],[-98.62,27.9],[-94.35,33.19],[-94.52,33.33],[-94.42,33.46],[-99.247,26.967],[-100.775,34.872],[-97.01,30.41],[-97.01,30.41],[-96.6,30.18],[-96.26,29.95],[-95.95,29.78],[-101.17,34.14],[-101.24,33.69],[-100.9,34.39],[-99.53,31.83],[-99.41,31.83],[-101.521,34.258],[-98.5,34.04],[-94.16,32.94],[-99.1,31.83],[-98.95,31.84],[-98.55,32.048],[-98.55,32.02],[-98.45,31.98],[-95.92,33.58],[-99.63,29.27],[-99.58,29.32],[-98.46,29.47],[-98.45,29.48],[-99.14,28.75],[-99.23,28.97],[-98.47,29.46],[-99.13,28.75],[-99.13,28.75],[-98.82,28.45],[-98.59,28.15],[-100.75,29.25],[-98.08,27.77],[-100.62,28.95],[-98.15,27.23],[-98.192,33.292],[-98.11,33.34],[-97.68,33.37],[-97.633,33.286],[-97.633,33.286],[-99.14,31.83],[-99.17,31.3],[-99.14,31.19],[-99.32,30.24],[-99.77,30.49],[-99.42,30.58],[-99.31,30.68],[-99.14,31.19],[-99.25,30.33],[-99.77,30.49],[-98.04,33.35],[-97.9,33.35],[-97.718,33.474],[-97.976,33.5],[-97.77,33.45],[-95.51,30.23],[-98.03,30.12],[-98.08,29.07],[-98.08,29.07],[-100.44,34.58],[-100.32,34.49],[-101.58,34.69],[-100.25,34.37],[-100.9,34.39],[-101.1,34.45],[-98.33,32.08],[-98.45,30.65],[-98.24,30.58],[-98.24,30.55],[-98.28,30.57],[-103.529,30.076],[-97.12,29.98],[-97.5,29.84],[-96.56,29.5],[-95.84,29.4],[-95.909,29.184],[-95.1,29.38],[-99.35,33.18],[-99.35,33.18],[-98.98,33.27],[-98.833,33.343],[-98.82,33.35],[-98.77,33.37],[-98.77,33.37],[-98.44,33.52],[-98.99,33.27],[-98.38,33.58],[-99.69,30.07],[-98.37,29.95],[-98.75,29.23],[-99.27,28.91],[-98.57,29.25],[-99.09,28.89],[-99.09,28.9],[-99.48,27.36],[-94.98,29.19],[-97.95,33.82],[-98.05,33.52],[-98.1,32.8],[-98.02,32.75],[-98.52,31.67],[-97.87,32.77],[-98.42,31.64],[-97.85,32.77],[-97.8,32.45],[-98.12,31.57],[-97.4,32.35],[-97.53,32.97],[-97.27,32.18],[-96.841,32.087],[-96.297,31.62],[-98.77,33.37],[-98.57,33.1],[-98.6,33.1],[-98.6,33.1],[-98.6,33.14],[-98.55,33.1],[-98.6,33.1],[-98.74,33.19],[-98.75,32.95],[-98.71,33.0],[-99.652,33.371],[-98.5,33.98],[-99.1,31.81],[-98.827,32.275],[-98.5,33.91],[-98.5,33.91],[-98.17,33.22],[-98.76,31.68],[-98.73,31.73],[-98.32,31.68],[-98.52,31.67],[-97.99,31.47],[-102.32,33.978],[-101.99,33.99],[-95.92,31.08],[-94.996,30.319],[-94.561,30.259],[-101.195,33.996],[-100.82,33.76],[-100.86,33.48],[-100.45,32.89],[-100.47,32.85],[-103.25,29.968],[-100.47,32.85],[-99.4,32.37],[-99.4,32.22],[-100.86,35.17],[-100.25,34.42],[-100.86,33.9],[-100.842,33.704],[-101.38,33.19],[-102.73,34.415],[-102.72,34.64],[-102.98,34.72],[-102.95,34.67],[-102.93,34.823],[-102.963,34.816],[-102.857,34.953],[-102.592,35.025],[-102.463,35.153],[-102.295,35.213],[-102.275,35.216],[-101.883,35.188],[-101.922,35.184],[-101.889,35.256],[-101.935,35.175],[-101.752,35.253],[-101.832,35.195],[-100.979,35.241],[-101.37,34.12],[-100.82,35.429],[-100.59,34.69],[-100.219,34.846],[-100.205,34.848],[-100.215,34.839],[-97.0,33.07],[-97.07,33.15],[-97.1,33.26],[-97.091,33.213],[-97.72,33.86],[-99.0,33.7],[-100.57,30.27],[-99.32,31.91],[-100.485,35.476],[-100.47,32.87],[-100.273,35.21],[-100.261,35.214],[-100.275,33.999],[-100.13,32.88],[-100.13,32.88],[-99.92,32.8],[-99.92,32.8],[-99.9,32.76],[-98.12,31.7],[-100.4,32.441],[-100.41,32.47],[-97.327,31.122],[-100.41,32.47],[-100.47,31.89],[-100.01,31.81],[-100.03,31.8],[-99.934,31.776],[-99.95,31.85],[-99.93,31.77],[-99.49,31.56],[-101.016,34.983],[-99.82,31.0],[-100.98,33.73],[-99.79,31.0],[-99.79,30.93],[-99.53,30.87],[-100.813,35.457],[-100.8,35.44],[-99.94,30.92],[-100.32,28.52],[-99.17,30.63],[-99.58,30.72],[-99.118,30.568],[-99.45,30.76],[-98.97,30.4],[-98.99,30.38],[-98.79,30.32],[-98.87,30.28],[-98.87,30.27],[-98.69,30.23],[-98.57,30.15],[-98.52,30.14],[-101.272,35.146],[-100.88,34.472],[-103.6,31.801],[-101.79,33.37],[-101.191,35.544],[-98.73,32.84],[-101.95,32.86],[-101.903,35.13],[-101.904,35.143],[-103.15,31.75],[-99.45,30.68],[-99.88,30.29],[-99.93,30.27],[-100.369,36.404],[-100.556,36.46],[-100.14,32.87],[-100.13,32.87],[-100.11,32.76],[-100.1,32.6],[-101.97,32.3],[-102.81,34.83],[-101.02,32.35],[-100.35,32.33],[-102.353,34.23],[-100.38,32.73],[-100.38,32.79],[-100.38,32.69],[-99.91,32.35],[-100.47,32.85],[-99.14,32.54],[-94.796,30.059],[-95.72,29.871],[-95.03,29.594],[-104.128,30.281],[-101.17,35.72],[-101.17,35.66],[-101.2,35.63],[-98.07,27.99],[-98.04,27.99],[-101.82,36.025],[-101.51,35.236],[-102.4,34.92],[-101.5,35.83],[-101.53,35.703],[-101.5,35.697],[-101.88,34.18],[-100.217,35.692],[-100.535,34.55],[-101.602,35.648],[-100.85,31.84],[-100.14,31.9],[-100.48,31.89],[-99.99,31.97],[-99.95,31.97],[-100.14,31.9],[-99.44,31.83],[-99.43,31.84],[-99.43,31.83],[-102.12,30.05],[-94.59,30.91],[-97.3,33.18],[-97.17,33.26],[-97.28,33.04],[-97.341,32.75],[-97.37,31.8],[-97.107,31.547],[-101.82,35.42],[-101.56,35.41],[-100.8,35.44],[-100.66,35.46],[-102.61,35.98],[-100.42,28.66],[-100.42,28.66],[-99.46,32.03],[-99.2,32.05],[-99.13,32.03],[-98.9,31.98],[-98.73,31.95],[-98.38,31.23],[-97.92,31.13],[-97.63,31.1],[-97.507,31.055],[-97.47,31.07],[-97.58,30.82],[-97.82,30.53],[-97.75,30.45],[-94.54,33.36],[-97.7,30.34],[-97.7,30.36],[-97.59,30.35],[-97.37,30.35],[-97.41,30.26],[-96.11,30.92],[-96.189,31.072],[-97.37,30.11],[-97.36,30.11],[-98.68,32.2],[-98.63,32.17],[-98.501,32.147],[-98.57,31.392],[-98.33,32.08],[-98.57,31.31],[-98.02,33.63],[-96.47,32.11],[-96.47,32.1],[-98.42,30.1],[-97.75,30.31],[-97.96,29.26],[-97.97,29.29],[-106.028,31.441],[-103.285,30.682],[-100.28,35.44],[-100.19,34.54],[-100.44,35.53],[-100.25,34.42],[-98.9,30.58],[-98.67,30.56],[-98.78,30.4],[-96.87,32.42],[-98.73,30.38],[-99.55,30.37],[-99.72,33.98],[-99.72,33.95],[-99.18,33.79],[-100.49,28.78],[-98.74,33.15],[-96.39,32.46],[-96.35,32.47],[-96.258,32.497],[-95.88,32.71],[-95.64,32.79],[-95.44,32.8],[-96.61,30.18],[-94.71,32.94],[-94.63,33.0],[-94.16,33.12],[-94.16,33.12],[-99.67,33.07],[-99.67,33.06],[-99.05,33.06],[-99.16,33.11],[-98.823,33.139],[-98.88,33.09],[-97.38,33.578],[-97.177,33.256],[-97.174,33.228],[-97.13,33.24],[-97.126,33.228],[-97.15,33.278],[-97.233,33.27],[-97.15,33.22],[-97.15,33.22],[-96.99,33.28],[-96.99,33.28],[-100.02,30.08],[-96.631,33.242],[-97.8,32.45],[-96.858,33.085],[-96.83,33.15],[-96.876,33.154],[-96.734,33.101],[-96.779,33.136],[-96.679,33.218],[-96.694,33.068],[-95.908,33.244],[-96.717,33.144],[-95.68,33.37],[-100.49,28.77],[-99.78,29.22],[-99.11,28.89],[-97.949,27.99],[-97.947,27.997],[-97.94,27.96],[-97.849,27.881],[-94.8,31.33],[-101.17,31.13],[-100.89,34.92],[-97.13,32.57],[-97.019,32.639],[-99.77,30.72],[-99.77,30.62],[-103.737,30.703],[-101.604,31.421],[-101.09,31.29],[-101.05,31.34],[-101.872,30.605],[-101.41,30.53],[-101.02,31.85],[-101.06,31.87],[-100.98,31.84],[-101.02,31.78],[-101.01,31.79],[-100.79,31.67],[-101.7,31.634],[-100.03,31.77],[-100.63,31.6],[-100.56,31.58],[-101.63,31.596],[-100.55,31.58],[-100.45,31.45],[-98.63,31.27],[-98.58,31.24],[-97.188,32.449],[-99.09,29.72],[-98.15,27.23],[-97.9,30.23],[-97.82,29.98],[-97.85,30.15],[-97.87,29.99],[-98.82,26.423],[-98.6,33.1],[-98.82,33.91],[-98.72,34.09],[-99.01,33.5],[-98.46,33.76],[-98.33,33.88],[-101.2,30.32],[-100.65,30.96],[-100.73,31.07],[-102.35,31.4],[-97.458,31.043],[-99.449,27.582],[-99.8,32.94],[-99.62,32.8],[-99.8,32.94],[-99.81,32.68],[-99.71,32.43],[-99.68,32.34],[-99.7,32.35],[-98.152,31.476],[-100.22,29.94],[-99.89,31.92],[-99.95,31.86],[-99.18,31.01],[-99.73,29.63],[-99.18,31.01],[-99.16,30.99],[-98.07,31.08],[-98.07,31.08],[-98.18,31.16],[-97.81,31.929],[-98.211,28.466],[-101.524,31.89],[-101.5,31.87],[-100.329,36.439],[-100.329,36.437],[-100.53,36.09],[-100.43,35.96],[-100.615,33.25],[-101.43,33.87],[-100.89,35.18],[-101.96,35.12],[-101.9,35.17],[-101.84,35.18],[-101.92,35.05],[-101.19,36.2],[-101.82,36.02],[-101.82,35.99],[-103.03,34.365],[-103.67,30.37],[-103.67,30.37],[-103.4,31.45],[-100.89,34.02],[-102.83,32.97],[-102.49,33.46],[-102.73,34.2],[-102.49,33.46],[-102.37,33.58],[-102.074,33.52],[-94.07,33.44],[-103.548,31.42],[-102.08,36.02],[-102.35,35.31],[-101.6,35.64],[-98.28,34.07],[-100.89,34.99],[-100.9,35.01],[-101.0,35.03],[-101.52,35.16],[-102.25,35.51],[-102.25,35.51],[-102.25,35.51],[-101.82,35.2],[-103.03,34.29],[-100.45,32.24],[-106.27,31.64],[-105.48,31.2],[-103.993,30.677],[-101.547,34.743],[-101.51,34.84],[-100.86,36.0],[-101.83,36.14],[-100.972,35.519],[-100.91,35.54],[-97.6,33.23],[-97.6,33.23],[-97.53,33.17],[-97.3,33.18],[-97.199,32.824],[-99.16,31.41],[-98.285,26.313],[-98.252,26.264],[-101.55,35.53],[-101.24,35.48],[-101.17,35.43],[-101.17,35.43],[-101.06,35.42],[-101.53,33.525],[-100.96,35.55],[-100.8,35.44],[-100.6,35.36],[-100.16,35.24],[-103.634,31.7],[-100.58,34.679],[-100.17,34.86],[-99.23,32.0],[-97.41,28.17],[-97.3,28.17],[-99.57,28.57],[-97.293,28.312],[-101.883,35.117],[-101.85,35.16],[-101.848,35.178],[-101.8,35.2],[-101.71,35.23],[-100.906,35.84],[-100.9,35.88],[-98.2,29.73],[-101.3,35.32],[-101.17,35.56],[-100.973,33.582],[-100.82,34.02],[-100.54,32.46],[-102.398,30.88],[-100.05,31.65],[-102.9,31.58],[-95.58,32.93],[-100.16,35.66],[-100.5,35.37],[-100.38,35.44],[-100.38,32.7],[-100.38,32.75],[-100.28,35.44],[-100.24,35.45],[-101.83,32.97],[-96.52,29.567],[-95.77,29.58],[-95.746,29.545],[-100.95,35.56],[-100.802,35.196],[-99.86,32.36],[-97.757,28.39],[-95.43,29.17],[-95.453,29.227],[-99.15,32.76],[-99.64,30.73],[-99.6,31.3],[-98.328,32.761],[-98.94,31.27],[-98.308,32.768],[-99.77,30.66],[-97.988,32.814],[-99.53,30.72],[-99.58,30.72],[-99.0,30.23],[-98.09,30.19],[-98.06,30.29],[-95.98,32.3],[-97.9,30.36],[-96.1,32.37],[-95.3,32.33],[-95.32,32.14],[-96.564,30.385],[-97.41,30.01],[-96.503,30.363],[-97.36,30.0],[-97.3,29.99],[-97.2,29.97],[-94.716,32.014],[-94.68,31.83],[-94.49,31.82],[-94.61,31.65],[-95.62,30.1],[-96.08,30.09],[-95.92,30.06],[-95.578,29.996],[-95.567,29.981],[-95.608,29.863],[-94.82,29.9],[-94.03,30.74],[-93.9,30.72],[-96.55,29.59],[-96.94,29.46],[-97.455,27.647],[-96.84,28.39],[-102.22,34.89],[-96.798,28.348],[-101.83,34.81],[-101.88,34.19],[-101.08,34.23],[-100.99,34.23],[-100.41,34.01],[-99.82,33.42],[-99.18,33.22],[-100.3,31.94],[-100.19,31.94],[-99.17,32.13],[-98.2,32.23],[-97.9,32.4],[-96.85,32.4],[-95.21,31.97],[-98.69,29.44],[-98.22,29.16],[-94.84,29.276],[-100.288,33.654],[-99.13,32.03],[-98.92,32.07],[-99.896,32.777],[-99.72,32.87],[-98.435,32.088],[-98.428,32.088],[-98.33,32.07],[-101.58,35.32],[-99.573,32.932],[-98.68,32.22],[-97.949,32.339],[-97.8,32.45],[-98.5,32.55],[-97.655,32.263],[-97.382,32.327],[-97.75,32.23],[-94.03,29.9],[-98.65,31.13],[-97.58,32.91],[-97.58,32.95],[-99.141,31.24],[-100.28,35.44],[-100.15,35.44],[-100.11,35.44],[-100.38,30.5],[-97.64,31.83],[-96.63,32.1],[-100.53,28.86],[-99.56,33.98],[-102.567,32.93],[-102.9,31.58],[-100.77,34.9],[-101.63,34.75],[-100.41,35.01],[-100.3,34.01],[-99.74,34.32],[-99.74,34.3],[-99.72,34.3],[-99.72,34.3],[-99.72,34.28],[-101.88,30.92],[-101.85,30.9],[-98.12,34.01],[-101.31,30.8],[-101.25,30.75],[-103.525,31.326],[-103.48,31.42],[-103.54,31.369],[-103.0,31.17],[-102.23,31.13],[-102.13,32.92],[-102.533,30.88],[-99.73,32.13],[-99.5,32.05],[-98.37,33.43],[-99.5,32.05],[-102.3,30.4],[-98.067,32.83],[-98.177,33.218],[-101.508,31.461],[-99.31,30.78],[-95.46,29.54],[-98.77,33.3],[-98.35,33.91],[-100.18,31.6],[-100.05,31.65],[-98.37,32.61],[-100.78,31.66],[-98.615,32.602],[-98.3,32.55],[-98.131,32.223],[-98.561,32.014],[-101.36,34.82],[-100.46,36.06],[-100.35,35.98],[-101.441,34.701],[-98.11,33.89],[-99.58,30.71],[-101.51,34.76],[-101.4,35.66],[-103.02,30.78],[-100.54,34.73],[-101.92,34.98],[-100.32,33.67],[-96.37,33.17],[-99.57,31.21],[-104.086,31.008],[-103.899,30.98],[-103.65,31.035],[-103.73,31.67],[-103.311,30.934],[-103.275,30.88],[-103.191,30.918],[-102.87,30.88],[-102.87,30.88],[-102.87,30.822],[-103.24,31.491],[-101.638,32.41],[-102.01,33.51],[-99.71,31.78],[-99.62,31.99],[-99.56,32.34],[-99.91,33.38],[-99.5,32.4],[-99.3,32.73],[-99.3,32.73],[-99.24,32.63],[-99.67,33.94],[-99.9,32.86],[-102.349,31.34],[-102.35,31.328],[-102.143,31.685],[-101.92,32.0],[-101.8,32.13],[-101.8,32.101],[-99.646,33.092],[-101.917,31.22],[-97.896,33.53],[-99.11,33.72],[-98.03,33.316],[-97.48,33.08],[-97.19,33.46],[-99.13,32.03],[-99.08,32.03],[-98.92,31.98],[-98.86,31.93],[-102.3,33.59],[-101.99,33.99],[-101.34,33.88],[-101.763,34.173],[-100.16,34.411],[-99.2,33.13],[-98.755,33.094],[-98.755,33.094],[-101.85,31.63],[-101.77,31.63],[-102.068,31.99],[-101.92,32.0],[-101.92,32.0],[-101.92,32.0],[-98.9,32.75],[-102.2,34.91],[-102.04,35.19],[-101.95,35.29],[-101.9,35.3],[-95.628,33.827],[-99.16,32.34],[-94.42,33.46],[-94.91,33.58],[-98.2,32.23],[-98.2,32.23],[-97.9,32.37],[-97.898,32.403],[-97.8,32.42],[-97.68,32.35],[-97.74,32.43],[-102.28,30.88],[-100.68,31.67],[-101.87,36.31],[-101.4,36.27],[-101.43,36.26],[-101.41,36.26],[-102.97,33.19],[-102.589,30.98],[-102.406,31.881],[-102.21,31.88],[-102.37,31.85],[-102.021,32.3],[-102.371,32.879],[-102.03,33.59],[-103.616,31.42],[-102.72,34.64],[-102.46,36.02],[-102.47,36.04],[-105.472,31.783],[-105.581,31.171],[-102.33,35.68],[-102.28,35.68],[-102.33,35.68],[-102.18,35.27],[-101.93,35.29],[-102.43,35.27],[-101.86,34.74],[-100.8,35.44],[-98.363,26.232],[-102.73,34.23],[-100.6,35.35],[-100.086,34.391],[-102.53,32.28],[-101.848,32.961],[-106.21,31.685],[-96.037,29.308],[-94.491,31.824],[-93.66,30.73],[-95.47,30.64],[-95.53,30.66],[-95.219,30.748],[-94.872,30.819],[-95.46,29.69],[-95.46,29.7],[-95.476,29.716],[-100.41,29.32],[-100.41,29.17],[-97.75,28.41],[-97.452,32.717],[-97.364,32.709],[-97.388,32.733],[-97.442,32.733],[-97.425,32.725],[-97.366,32.709],[-97.355,32.72],[-97.172,32.73],[-97.09,32.688],[-97.4,33.37],[-97.254,33.22],[-95.052,33.614],[-99.4,30.07],[-98.32,30.74],[-99.33,30.1],[-99.53,27.59],[-96.89,33.83],[-97.47,32.97],[-96.993,33.019],[-97.0,33.07],[-96.704,33.038],[-96.795,33.027],[-96.72,33.02],[-96.595,32.985],[-96.673,33.052],[-96.575,33.012],[-97.79,30.23],[-98.96,32.8],[-95.58,32.46],[-97.182,32.464],[-97.3,33.5],[-99.783,30.78],[-98.2,31.38],[-99.53,30.87],[-99.36,30.87],[-99.23,30.89],[-99.99,28.69],[-98.44,29.47],[-99.72,33.94],[-101.38,33.55],[-100.858,33.619],[-101.95,34.19],[-101.75,34.37],[-100.32,33.7],[-100.9,34.39],[-100.5,32.19],[-100.5,32.25],[-96.007,33.836],[-98.25,33.63],[-98.22,33.58],[-98.14,33.56],[-98.14,33.56],[-97.75,33.47],[-97.77,33.45],[-97.68,33.38],[-97.45,33.37],[-97.25,33.27],[-97.3,33.24],[-97.122,33.234],[-97.132,33.231],[-97.147,33.191],[-97.15,33.22],[-95.346,32.905],[-95.29,32.957],[-96.72,33.02],[-96.81,33.15],[-95.297,32.872],[-96.72,33.02],[-96.734,33.125],[-95.175,32.904],[-95.14,32.975],[-96.629,33.1],[-96.72,33.02],[-96.62,33.05],[-95.119,32.806],[-96.58,33.08],[-96.68,33.1],[-94.952,32.858],[-96.43,33.03],[-96.447,32.905],[-94.944,32.73],[-96.33,32.98],[-96.13,32.9],[-94.752,32.709],[-98.92,33.05],[-96.071,32.88],[-95.902,32.82],[-95.759,32.851],[-95.633,32.793],[-100.47,28.75],[-98.77,29.52],[-98.65,29.56],[-98.6,29.56],[-98.64,29.52],[-98.47,29.53],[-98.32,29.49],[-98.385,29.451],[-99.6,28.57],[-98.6,29.56],[-98.1,29.46],[-97.74,29.41],[-102.75,36.21],[-102.84,35.72],[-102.49,36.04],[-102.52,36.05],[-102.52,36.06],[-102.52,36.08],[-102.53,36.06],[-102.16,36.41],[-102.11,36.37],[-102.92,36.31],[-102.52,36.08],[-102.1,35.19],[-102.52,36.06],[-101.47,32.25],[-100.34,32.65],[-100.339,33.781],[-100.3,33.919],[-102.23,31.116],[-100.423,33.918],[-100.911,32.451],[-100.817,32.573],[-98.457,32.93],[-99.81,33.75],[-102.989,30.952],[-100.777,33.151],[-99.88,33.2],[-100.13,32.88],[-99.79,30.92],[-99.62,32.8],[-100.78,31.17],[-99.7,30.78],[-99.58,30.68],[-97.77,27.95],[-97.779,27.91],[-97.69,27.869],[-97.71,26.838],[-97.65,26.5],[-98.66,29.23],[-98.66,29.16],[-98.65,29.29],[-98.59,29.23],[-98.602,29.338],[-98.53,29.33],[-98.66,29.44],[-98.59,29.56],[-98.586,29.565],[-98.24,30.91],[-99.72,33.98],[-99.29,34.25],[-100.755,32.622],[-99.29,34.35],[-101.17,31.94],[-99.51,34.21],[-99.48,34.29],[-99.73,33.16],[-99.17,32.13],[-97.32,33.63],[-100.64,30.57],[-100.63,30.56],[-101.43,34.12],[-101.05,34.37],[-100.894,34.363],[-101.38,33.841],[-102.36,35.81],[-101.97,35.86],[-101.44,35.88],[-101.44,35.82],[-101.59,35.64],[-100.8,36.13],[-101.36,35.66],[-97.542,31.037],[-97.474,31.088],[-100.64,35.69],[-95.316,32.346],[-95.356,32.419],[-96.27,31.23],[-100.63,28.94],[-97.397,32.649],[-96.55,33.75],[-98.75,31.76],[-98.683,31.776],[-97.15,33.25],[-95.7,32.45],[-97.75,32.07],[-98.173,31.06],[-98.51,29.54],[-98.51,29.54],[-97.9,31.14],[-98.45,29.52],[-97.37,31.12],[-98.75,29.82],[-98.74,29.8],[-98.58,29.89],[-98.4,29.87],[-98.29,29.95],[-98.32,29.97],[-98.12,29.98],[-98.33,29.25],[-98.521,31.643],[-99.58,31.2],[-98.521,31.643],[-99.2,31.71],[-99.14,30.99],[-98.11,29.35],[-100.13,32.88],[-99.2,32.6],[-99.17,32.13],[-99.5,32.4],[-99.78,32.43],[-100.28,30.07],[-95.562,29.884],[-100.54,34.47],[-99.896,34.418],[-99.85,33.98],[-103.25,30.2],[-102.52,36.5],[-103.02,36.16],[-102.07,36.34],[-101.79,36.35],[-102.33,35.68],[-102.23,35.72],[-102.25,35.71],[-101.96,35.59],[-101.92,35.56],[-101.91,35.53],[-101.96,35.61],[-101.83,35.36],[-101.58,35.32],[-101.36,35.35],[-101.45,35.31],[-100.225,34.441],[-101.946,31.318],[-101.792,31.312],[-100.9,31.19],[-100.239,30.609],[-99.86,30.41],[-99.33,30.3],[-99.18,30.1],[-99.14,30.1],[-99.14,30.11],[-98.87,26.58],[-98.99,29.35],[-98.87,29.35],[-98.92,29.35],[-99.29,29.448],[-98.823,26.487],[-103.102,31.854],[-102.62,35.03],[-102.4,35.89],[-102.4,35.84],[-102.4,35.84],[-102.38,35.88],[-102.65,32.72],[-102.65,32.72],[-102.65,32.72],[-102.55,32.829],[-102.45,35.03],[-102.45,35.03],[-102.52,36.06],[-102.52,36.06],[-102.52,36.06],[-102.55,35.1],[-101.04,35.01],[-101.31,36.06],[-100.7,34.67],[-100.91,35.06],[-100.95,36.17],[-101.737,32.413],[-101.38,33.18],[-101.47,32.25],[-100.89,34.93],[-101.73,29.82],[-100.89,34.94],[-101.02,34.94],[-101.33,33.98],[-101.47,32.25],[-101.456,32.154],[-101.502,32.24],[-101.196,33.334],[-101.404,32.12],[-101.484,31.865],[-101.485,31.865],[-100.43,34.507],[-98.01,33.66],[-100.76,34.9],[-100.74,34.88],[-101.6,33.87],[-101.47,32.221],[-101.3,34.47],[-100.54,36.21],[-100.75,35.21],[-100.69,35.22],[-100.8,35.21],[-100.83,35.18],[-100.73,35.2],[-101.57,30.03],[-100.33,36.45],[-100.33,36.45],[-100.793,34.328],[-100.75,34.02],[-100.728,34.315],[-100.9,35.05],[-101.45,35.83],[-101.44,35.88],[-101.11,36.08],[-101.88,30.92],[-101.88,30.92],[-99.4,34.19],[-96.69,30.15],[-99.46,34.26],[-98.848,32.376],[-99.74,34.3],[-99.14,30.04],[-99.16,30.05],[-99.13,30.05],[-97.344,28.855],[-99.796,30.6],[-99.13,29.29],[-99.16,29.33],[-99.58,30.63],[-99.3,32.63],[-99.11,29.89],[-99.38,30.42],[-99.35,30.39],[-99.18,32.73],[-99.99,32.43],[-99.3,30.3],[-101.43,32.77],[-99.47,29.48],[-101.43,35.65],[-102.07,36.29],[-101.17,35.57],[-102.08,36.34],[-102.07,36.34],[-101.38,35.35],[-102.07,36.34],[-99.74,34.02],[-99.52,33.47],[-96.51,33.42],[-96.469,33.452],[-96.37,33.6],[-99.644,32.45],[-99.57,32.35],[-99.5,32.4],[-98.83,30.86],[-101.466,32.233],[-100.961,32.771],[-100.9,32.72],[-100.774,32.651],[-97.85,27.42],[-98.18,26.2],[-95.48,30.42],[-100.68,32.07],[-99.87,32.45],[-99.87,32.53],[-99.87,32.59],[-101.411,32.37],[-101.37,32.12],[-95.551,33.63],[-95.162,33.662],[-95.051,33.611],[-94.637,33.517],[-94.295,33.388],[-97.22,31.7],[-102.9,34.52],[-102.11,35.45],[-102.4,35.7],[-101.77,35.47],[-101.92,35.12],[-102.33,35.68],[-100.327,33.865],[-101.3,34.47],[-101.86,34.74],[-99.14,30.03],[-99.16,30.06],[-102.467,30.167],[-102.376,30.13],[-102.075,30.144],[-101.18,35.57],[-101.52,34.83],[-101.12,35.2],[-101.52,34.83],[-102.15,33.93],[-102.87,30.88],[-102.002,31.912],[-102.08,31.985],[-100.313,34.718],[-102.31,35.63],[-100.913,32.719],[-101.95,32.73],[-100.59,35.25],[-101.473,32.177],[-102.46,36.06],[-102.0,35.86],[-100.41,32.47],[-100.41,29.84],[-100.41,29.73],[-99.76,29.8],[-99.55,29.74],[-99.25,29.8],[-99.25,29.78],[-99.25,29.8],[-99.25,29.8],[-95.386,29.597],[-93.76,30.1],[-100.41,29.31],[-95.92,33.58],[-95.526,32.848],[-102.08,32.0],[-98.11,33.06],[-97.77,33.15],[-97.68,33.15],[-97.6,33.17],[-97.6,33.23],[-97.19,33.15],[-96.62,33.2],[-97.3,33.18],[-97.03,33.12],[-97.07,33.15],[-97.069,33.017],[-96.85,33.08],[-96.81,33.15],[-96.97,33.15],[-96.81,33.15],[-97.33,31.97],[-96.81,33.15],[-97.18,33.37],[-96.88,33.218],[-97.33,31.97],[-96.81,33.15],[-96.81,33.15],[-97.33,32.01],[-96.62,33.2],[-96.97,33.4],[-96.17,33.43],[-97.62,31.08],[-97.45,31.1],[-97.45,31.1],[-101.266,32.3],[-101.3,32.387],[-101.9,31.394],[-101.12,32.578],[-101.066,32.511],[-100.876,32.7],[-100.12,32.11],[-99.99,32.25],[-101.23,33.89],[-99.8,32.71],[-101.488,31.66],[-99.73,33.16],[-102.35,31.284],[-102.035,31.92],[-100.93,29.62],[-99.26,33.6],[-99.27,33.57],[-98.94,34.03],[-100.63,28.95],[-97.4,32.35],[-97.59,32.5],[-97.589,31.789],[-94.996,33.019],[-95.53,33.72],[-95.33,33.81],[-97.4,31.68],[-96.83,31.53],[-96.58,31.4],[-97.09,33.03],[-96.92,33.15],[-96.81,33.15],[-96.81,33.15],[-96.92,33.15],[-96.81,33.15],[-99.307,27.489],[-103.022,32.97],[-103.471,30.961],[-105.356,31.178],[-103.654,31.029],[-103.593,31.093],[-103.58,31.12],[-103.603,31.166],[-102.91,34.499],[-103.244,31.013],[-103.072,30.902],[-103.254,30.928],[-103.081,30.903],[-102.1,34.55],[-101.718,34.2],[-100.8,35.43],[-100.96,35.47],[-100.96,35.39],[-102.615,31.982],[-102.104,32.0],[-102.112,32.011],[-102.615,31.981],[-102.112,31.98],[-101.01,35.29],[-101.04,35.26],[-100.99,35.3],[-101.15,35.3],[-101.18,35.27],[-101.16,35.25],[-101.16,35.25],[-101.15,35.24],[-101.25,35.2],[-101.18,35.2],[-102.28,33.18],[-102.65,32.59],[-102.28,33.18],[-101.45,35.11],[-101.454,34.555],[-101.484,34.477],[-99.18,33.88],[-97.38,33.751],[-96.98,33.52],[-96.784,33.276],[-96.761,33.304],[-98.378,32.244],[-96.78,33.32],[-96.791,33.234],[-96.62,33.2],[-96.646,33.157],[-95.613,33.758],[-96.227,33.065],[-95.554,33.686],[-96.884,33.035],[-96.796,33.012],[-96.733,32.977],[-96.72,33.02],[-96.72,32.95],[-96.95,32.58],[-96.95,32.58],[-96.95,32.58],[-96.23,32.14],[-95.17,31.38],[-94.73,31.34],[-94.65,31.24],[-94.67,31.16],[-94.58,31.28],[-94.6,30.92],[-97.8,28.57],[-97.32,28.24],[-100.54,32.45],[-100.04,31.76],[-100.05,31.65],[-99.96,31.74],[-99.32,31.74],[-101.13,29.64],[-99.76,29.72],[-96.018,31.482],[-96.14,31.79],[-96.63,32.1],[-96.483,28.951],[-97.43,26.55],[-97.689,26.22],[-97.58,26.23],[-97.5,26.27],[-96.18,33.25],[-95.05,33.611],[-101.36,35.11],[-100.98,35.22],[-100.038,34.376],[-101.8,35.24],[-101.8,35.24],[-101.96,36.22],[-100.55,34.724],[-99.76,32.626],[-99.33,31.2],[-96.2,33.28],[-95.97,33.42],[-95.8,33.71],[-101.99,35.5],[-101.88,35.69],[-101.53,35.82],[-101.58,35.87],[-101.53,35.82],[-101.49,35.92],[-101.45,35.88],[-100.74,35.12],[-100.73,35.11],[-100.62,35.19],[-100.62,35.19],[-100.57,35.23],[-100.23,35.02],[-100.35,34.91],[-100.38,35.44],[-100.28,35.44],[-100.04,35.57],[-101.2,33.03],[-102.153,32.007],[-101.962,32.012],[-100.33,33.62],[-99.95,33.8],[-99.73,33.73],[-99.56,32.34],[-99.574,32.474],[-99.372,31.996],[-99.48,32.02],[-99.168,32.113],[-99.17,32.13],[-98.97,32.1],[-98.97,32.1],[-98.9,33.75],[-98.9,32.75],[-101.37,32.149],[-100.401,32.477],[-100.41,32.47],[-98.77,33.37],[-100.514,31.433],[-100.46,31.44],[-100.423,31.387],[-98.56,34.08],[-98.56,34.08],[-99.95,31.84],[-100.26,31.49],[-100.242,33.16],[-97.97,31.48],[-98.17,31.91],[-98.03,31.98],[-99.04,31.67],[-98.99,31.72],[-99.79,30.92],[-99.62,29.31],[-95.219,30.747],[-95.478,30.424],[-94.735,31.287],[-99.44,27.5],[-99.35,27.5],[-99.428,27.11],[-100.88,33.21],[-98.19,29.18],[-97.29,30.32],[-98.48,28.25],[-95.759,29.523],[-97.6,28.17],[-102.52,36.41],[-102.52,36.41],[-102.12,36.29],[-102.04,36.22],[-101.48,36.06],[-99.93,29.87],[-100.83,29.72],[-99.7,28.075],[-99.63,29.3],[-99.63,29.3],[-103.59,29.33],[-101.23,36.2],[-94.41,30.61],[-94.41,30.61],[-97.1,31.8],[-95.62,32.3],[-95.4,32.24],[-96.483,31.684],[-95.3,32.3],[-96.52,31.53],[-95.3,32.33],[-94.8,32.16],[-95.86,31.45],[-95.85,30.93],[-96.696,30.532],[-96.91,30.06],[-102.764,33.798],[-102.99,34.7],[-102.6,33.99],[-102.737,34.219],[-102.37,31.85],[-102.37,31.85],[-102.357,31.877],[-102.37,31.893],[-101.416,33.908],[-100.7,35.81],[-100.54,36.46],[-100.38,35.91],[-100.24,36.03],[-100.58,34.81],[-100.03,36.12],[-101.78,32.673],[-100.44,35.53],[-102.314,31.883],[-102.371,31.891],[-102.347,31.876],[-102.37,31.879],[-101.12,32.636],[-101.079,32.521],[-100.626,33.321],[-101.643,32.402],[-101.54,32.424],[-100.74,35.6],[-100.94,34.62],[-100.9,34.93],[-100.89,34.94],[-100.89,34.92],[-101.33,32.28],[-101.512,31.88],[-101.95,35.0],[-102.57,36.04],[-102.66,35.03],[-102.08,33.75],[-96.634,32.824],[-96.58,32.79],[-97.36,27.72],[-98.07,27.22],[-97.01,28.17],[-97.012,28.143],[-101.82,35.3],[-101.816,35.202],[-101.79,35.26],[-101.84,35.16],[-98.11,30.2],[-100.38,36.4],[-102.81,34.83],[-100.56,36.1],[-101.17,35.57],[-101.97,35.92],[-99.74,34.25],[-101.88,32.109],[-101.66,36.17],[-101.47,32.322],[-100.3,34.01],[-98.888,26.391],[-102.997,34.553],[-104.222,31.847],[-102.449,30.883],[-100.03,31.85],[-101.989,33.32],[-100.02,29.53],[-96.39,31.335],[-100.22,29.34],[-100.01,29.67],[-95.54,32.87],[-95.564,32.931],[-94.97,33.158],[-99.24,29.56],[-98.54,28.91],[-94.966,33.155],[-94.537,32.745],[-94.12,32.34],[-97.31,31.38],[-97.35,31.31],[-97.23,31.32],[-97.25,31.29],[-97.08,31.36],[-98.04,30.96],[-97.24,31.91],[-97.28,31.93],[-97.23,31.85],[-97.21,31.86],[-96.37,30.63],[-97.48,29.72],[-96.28,30.6],[-95.59,30.77],[-97.186,29.933],[-96.91,30.06],[-97.02,30.01],[-96.97,30.1],[-95.1,30.72],[-96.9,30.18],[-96.78,30.3],[-96.51,30.45],[-98.1,33.98],[-97.94,33.85],[-99.3,33.63],[-100.54,32.45],[-100.38,32.63],[-99.19,33.18],[-101.5,31.87],[-100.525,32.37],[-99.493,27.513],[-98.774,26.339],[-97.68,29.52],[-97.35,32.32],[-96.48,33.52],[-96.36,33.6],[-96.61,33.21],[-97.87,31.62],[-97.83,31.77],[-97.3,31.82],[-97.45,31.53],[-97.28,31.8],[-97.1,31.62],[-97.08,31.58],[-97.15,31.55],[-97.03,31.62],[-96.8,31.85],[-95.25,32.285],[-97.8,32.63],[-97.8,32.63],[-97.75,32.32],[-103.25,30.2],[-103.657,30.397],[-98.18,31.07],[-98.36,29.45],[-94.633,33.367],[-94.373,32.936],[-96.67,33.75],[-96.82,33.23],[-94.249,32.944],[-96.82,33.23],[-96.722,33.175],[-96.722,33.175],[-97.08,32.83],[-96.62,33.2],[-94.35,32.544],[-94.232,32.429],[-96.75,33.072],[-96.737,33.072],[-94.58,32.581],[-96.57,32.9],[-96.71,33.05],[-96.55,33.02],[-94.684,32.519],[-96.45,32.93],[-97.95,31.0],[-97.04,31.91],[-94.245,31.95],[-100.64,35.78],[-100.38,35.23],[-100.65,36.13],[-100.41,34.51],[-100.27,36.23],[-100.43,34.565],[-100.1,35.61],[-100.401,34.518],[-100.9,32.72],[-100.68,31.97],[-100.68,31.97],[-99.48,31.3],[-99.48,31.31],[-100.14,34.85],[-98.21,31.51],[-101.6,33.13],[-101.4,33.22],[-100.99,31.72],[-100.9,32.72],[-102.028,33.833],[-102.4,34.78],[-101.32,34.148],[-102.2,34.96],[-101.434,34.376],[-100.67,35.66],[-100.73,35.69],[-100.68,35.66],[-102.4,30.15],[-101.53,35.7],[-101.41,35.71],[-101.4,35.68],[-101.38,35.69],[-100.9,35.9],[-100.8,36.35],[-98.92,34.03],[-101.1,33.48],[-102.01,33.51],[-101.79,33.16],[-106.42,31.87],[-103.737,30.37],[-104.425,31.88],[-98.26,32.63],[-98.3,32.63],[-94.39,30.79],[-94.17,30.12],[-100.99,35.52],[-101.17,35.57],[-101.08,35.48],[-100.99,35.52],[-101.02,35.55],[-100.97,35.46],[-100.96,35.53],[-100.98,35.55],[-102.07,36.38],[-101.53,35.93],[-101.28,36.37],[-100.43,36.43],[-100.57,35.57],[-100.44,35.53],[-101.82,36.46],[-100.36,36.23],[-100.28,36.2],[-100.27,36.23],[-100.03,36.12],[-100.03,36.12],[-99.69,34.25],[-100.68,30.63],[-100.64,35.71],[-100.64,35.71],[-101.32,35.4],[-101.31,35.4],[-101.38,35.33],[-101.38,35.35],[-101.38,35.33],[-101.38,35.35],[-101.38,35.21],[-102.11,36.17],[-101.42,35.35],[-101.39,35.35],[-100.6,35.16],[-100.955,32.365],[-100.703,32.42],[-100.54,32.52],[-100.856,32.388],[-100.856,32.388],[-100.681,32.904],[-98.78,33.65],[-98.78,33.67],[-101.24,33.64],[-101.414,32.764],[-100.86,33.26],[-101.066,32.511],[-101.88,30.92],[-104.82,31.05],[-101.88,30.92],[-102.122,31.915],[-102.08,32.0],[-102.152,31.939],[-102.125,31.923],[-101.999,31.988],[-101.897,32.239],[-96.9,33.0],[-97.03,32.79],[-97.12,32.73],[-97.09,32.73],[-100.293,34.15],[-101.92,32.0],[-100.94,35.59],[-100.96,35.57],[-100.95,35.57],[-100.94,35.56],[-101.45,35.93],[-101.9,35.11],[-97.45,32.77],[-97.58,32.57],[-97.68,30.65],[-97.85,32.98],[-97.68,32.97],[-97.68,32.97],[-97.65,33.15],[-97.4,33.37],[-97.29,33.48],[-97.15,33.63],[-96.43,32.61],[-94.19,30.71],[-102.33,35.87],[-102.43,35.1],[-102.06,34.99],[-102.0,34.99],[-101.92,35.0],[-102.16,33.5],[-101.13,35.03],[-96.82,33.219],[-96.879,33.154],[-96.7,33.17],[-96.81,33.15],[-96.667,33.159],[-96.716,33.158],[-96.62,33.2],[-96.68,33.1],[-96.68,33.1],[-96.759,33.152],[-96.58,33.08],[-96.67,33.13],[-96.7,33.14],[-96.62,33.2],[-97.005,33.064],[-96.744,33.02],[-95.6,33.13],[-95.6,33.03],[-95.47,33.07],[-95.291,32.956],[-95.157,32.864],[-102.851,31.29],[-101.9,30.91],[-101.92,30.91],[-96.0,32.7],[-101.67,31.02],[-101.46,31.19],[-100.42,29.31],[-98.61,29.6],[-97.0,30.65],[-98.46,29.79],[-98.26,29.84],[-94.245,32.949],[-100.61,35.18],[-100.24,35.35],[-100.36,35.92],[-100.1,35.45],[-100.34,35.11],[-99.331,31.115],[-97.78,33.44],[-97.81,33.41],[-98.79,31.66],[-97.78,33.44],[-97.8,33.32],[-98.868,31.771],[-97.66,33.35],[-97.3,33.65],[-97.23,33.65],[-100.91,29.52],[-99.8,32.71],[-100.14,32.37],[-102.189,31.942],[-102.164,31.986],[-102.157,31.99],[-102.141,32.016],[-102.131,32.0],[-102.126,32.008],[-102.137,32.002],[-102.15,31.999],[-102.145,32.027],[-102.159,32.028],[-102.104,32.04],[-103.78,31.32],[-103.063,31.241],[-96.44,30.74],[-99.9,32.76],[-103.15,31.75],[-103.031,31.75],[-101.92,35.15],[-101.94,35.15],[-98.92,34.03],[-101.899,32.022],[-102.477,33.92],[-101.841,30.738],[-100.58,33.082],[-101.983,34.0],[-101.66,30.71],[-101.54,30.71],[-101.59,34.09],[-101.2,30.71],[-100.7,34.67],[-100.41,34.72],[-94.321,32.178],[-94.19,30.46],[-102.65,32.59],[-102.37,32.02],[-96.27,31.23],[-95.59,31.87],[-95.381,31.877],[-95.302,31.905],[-95.242,31.928],[-96.18,30.9],[-95.073,31.651],[-96.98,30.63],[-96.984,30.637],[-95.18,31.36],[-98.08,29.8],[-98.12,26.137],[-102.735,30.89],[-102.619,30.874],[-101.896,30.915],[-101.896,30.915],[-99.7,31.89],[-99.56,29.6],[-99.47,29.33],[-99.47,29.33],[-101.19,36.2],[-101.29,36.12],[-100.27,36.23],[-101.41,35.99],[-100.382,34.724],[-100.21,34.85],[-100.2,34.85],[-100.21,34.84],[-101.905,33.491],[-102.033,32.986],[-102.337,31.885],[-102.37,31.85],[-102.377,31.889],[-101.357,32.28],[-101.309,32.306],[-101.306,32.303],[-100.33,33.591],[-101.9,32.022],[-100.59,35.04],[-101.475,32.176],[-101.885,32.13],[-100.884,32.568],[-100.755,32.634],[-102.273,31.901],[-100.46,32.85],[-102.155,31.99],[-98.82,34.09],[-98.6,34.08],[-101.4,35.61],[-102.06,35.19],[-102.418,33.18],[-100.8,36.22],[-100.83,36.29],[-102.225,33.309],[-101.95,35.06],[-102.02,33.428],[-100.88,35.89],[-101.836,33.549],[-101.728,33.83],[-101.98,33.68],[-101.85,33.83],[-101.463,33.993],[-102.02,33.428],[-101.52,33.78],[-102.314,30.887],[-102.009,33.502],[-102.105,30.873],[-101.939,33.644],[-102.23,31.13],[-102.23,31.13],[-102.23,31.13],[-102.23,31.13],[-102.217,31.116],[-101.83,35.27],[-102.43,35.25],[-101.97,35.72],[-101.38,30.88],[-95.47,33.67],[-98.75,30.5],[-100.49,30.21],[-103.245,30.204],[-98.47,33.66],[-98.77,33.37],[-100.196,33.133],[-98.521,33.261],[-95.265,33.662],[-101.825,30.686],[-101.03,29.56],[-102.61,34.39],[-103.13,31.53],[-102.827,32.065],[-98.6,30.2],[-103.067,31.253],[-102.359,34.74],[-100.42,29.8],[-100.4,32.47],[-100.61,33.17],[-103.041,29.525],[-102.07,36.434],[-102.911,32.9],[-102.572,35.25],[-102.738,34.033],[-102.07,36.42],[-102.023,33.498],[-103.022,30.88],[-102.07,36.24],[-103.02,30.78],[-102.4,34.98],[-101.77,34.54],[-102.562,32.33],[-102.55,32.32],[-101.73,33.11],[-101.82,36.18],[-101.19,35.04],[-101.27,36.03],[-100.97,36.03],[-101.602,32.77],[-100.64,35.69],[-102.4,34.82],[-102.06,35.2],[-102.73,34.63],[-101.67,35.7],[-101.66,35.65],[-101.45,35.88],[-101.99,35.5],[-102.19,35.11],[-102.04,35.27],[-102.03,35.27],[-102.582,32.429],[-101.41,35.71],[-102.65,32.72],[-102.65,32.72],[-102.65,32.72],[-101.44,34.79],[-101.44,34.79],[-102.651,30.878],[-99.09,29.98],[-102.163,33.576],[-102.01,33.44],[-100.01,29.67],[-97.4,29.52],[-97.35,29.49],[-95.62,29.76],[-95.51,29.83],[-95.57,29.8],[-95.611,29.854],[-95.11,30.81],[-95.76,29.74],[-95.56,29.81],[-94.32,30.37],[-95.32,29.86],[-95.8,29.72],[-95.211,29.832],[-95.13,29.55],[-101.056,33.973],[-102.5,34.73],[-102.49,34.75],[-102.51,34.78],[-102.4,34.82],[-102.82,34.92],[-102.73,35.03],[-102.71,35.03],[-102.66,35.07],[-99.3,32.745],[-99.363,31.997],[-96.775,30.467],[-101.03,31.43],[-99.18,31.02],[-97.53,30.93],[-100.74,31.1],[-99.65,30.82],[-99.43,30.24],[-99.32,30.19],[-103.888,30.584],[-103.89,30.587],[-103.897,30.587],[-102.447,32.32],[-102.65,32.59],[-103.53,29.32],[-103.588,31.15],[-103.247,30.201],[-102.24,36.15],[-101.96,34.98],[-101.0,32.58],[-100.9,32.662],[-101.45,35.65],[-100.96,35.55],[-101.42,35.73],[-101.34,35.58],[-101.38,35.68],[-100.96,35.55],[-100.95,35.52],[-101.17,35.57],[-101.167,32.88],[-96.38,33.252],[-96.195,33.294],[-96.19,33.29],[-95.94,33.22],[-99.57,31.83],[-100.11,31.99],[-99.32,31.74],[-94.618,32.81],[-95.43,33.16],[-99.33,31.74],[-95.454,32.792],[-95.548,32.731],[-102.818,30.773],[-102.818,30.773],[-102.87,30.721],[-101.168,33.041],[-100.87,35.17],[-100.11,35.43],[-100.11,35.43],[-99.15,33.67],[-99.8,32.95],[-99.02,31.9],[-100.99,31.84],[-101.47,32.279],[-100.72,31.73],[-100.54,31.57],[-101.936,33.508],[-100.55,31.58],[-101.78,33.18],[-101.905,33.491],[-101.36,35.34],[-101.48,34.65],[-101.83,35.3],[-102.91,36.38],[-102.88,36.29],[-97.16,33.36],[-103.066,31.006],[-102.33,35.68],[-96.63,32.72],[-102.989,30.952],[-101.31,35.21],[-101.29,35.21],[-101.28,35.21],[-101.89,35.14],[-101.25,35.2],[-101.31,35.2],[-101.25,35.2],[-102.398,32.325],[-97.16,30.01],[-97.02,29.94],[-97.06,29.51],[-97.41,28.39],[-98.197,32.176],[-98.12,31.73],[-97.44,30.72],[-97.67,30.75],[-98.68,30.75],[-97.36,30.05],[-98.26,29.97],[-102.11,35.45],[-95.07,29.6],[-103.08,31.85],[-100.956,35.503],[-100.957,35.52],[-106.507,31.826],[-106.51,31.77],[-106.49,31.76],[-100.69,35.74],[-97.98,31.85],[-102.018,33.441],[-100.194,34.423],[-99.62,32.8],[-99.87,32.47],[-101.05,29.51],[-100.5,28.81],[-97.92,28.24],[-101.96,31.169],[-101.96,31.169],[-102.68,32.221],[-101.52,30.99],[-102.32,31.68],[-100.23,33.15],[-99.96,33.19],[-99.9,32.76],[-99.22,32.76],[-101.05,29.45],[-100.93,29.41],[-100.78,29.36],[-101.47,32.25],[-101.5,31.884],[-100.34,29.97],[-95.303,32.301],[-95.53,33.701],[-96.26,29.92],[-95.53,30.67],[-95.54,30.71],[-95.49,30.71],[-95.461,30.786],[-95.39,30.84],[-95.25,30.92],[-95.141,29.947],[-94.9,30.02],[-96.26,29.92],[-94.16,29.88],[-97.29,31.48],[-95.81,29.85],[-95.75,31.71],[-97.382,32.712],[-97.39,32.73],[-97.334,32.73],[-95.6,33.67],[-100.06,35.8],[-100.16,35.75],[-99.8,33.19],[-99.6,33.07],[-98.92,34.03],[-95.48,31.5],[-94.882,31.658],[-94.786,31.583],[-94.755,31.584],[-95.38,30.93],[-93.8,30.99],[-95.602,33.568],[-95.81,33.69],[-95.53,33.58],[-95.45,33.58],[-94.954,33.205],[-94.387,32.288],[-95.05,31.25],[-94.338,32.283],[-94.374,32.94],[-96.07,30.39],[-94.081,32.946],[-95.87,30.34],[-95.64,30.11],[-95.75,30.12],[-101.5,31.812],[-100.32,32.33],[-97.34,32.81],[-97.14,32.63],[-97.11,32.59],[-94.529,31.503],[-94.889,32.032],[-94.919,32.057],[-98.41,33.79],[-99.05,32.95],[-98.15,33.41],[-98.01,33.64],[-98.38,33.17],[-95.057,33.713],[-98.82,32.4],[-97.452,32.309],[-100.41,29.33],[-98.91,27.95],[-93.917,31.348],[-102.917,30.906],[-102.746,30.724],[-102.37,33.594],[-102.42,32.0],[-101.8,32.13],[-100.088,34.38],[-102.02,33.708],[-101.417,33.211],[-100.23,33.15],[-100.51,31.43],[-100.48,31.52],[-100.52,31.54],[-100.44,31.44],[-100.48,31.44],[-100.43,31.44],[-100.43,31.47],[-100.35,32.54],[-100.37,31.47],[-100.31,31.38],[-99.87,32.46],[-98.56,34.08],[-98.54,34.06],[-98.51,33.89],[-98.51,33.89],[-98.53,33.89],[-98.51,33.88],[-98.02,33.61],[-97.957,33.596],[-97.833,33.553],[-98.0,33.62],[-97.89,33.59],[-97.93,33.43],[-102.827,30.667],[-101.613,32.923],[-102.926,30.53],[-101.666,33.435],[-100.97,35.3],[-101.961,33.512],[-102.27,32.484],[-100.91,35.01],[-100.89,34.97],[-97.11,33.22],[-94.946,32.712],[-97.14,33.24],[-97.34,31.06],[-97.51,31.29],[-101.93,33.41],[-97.69,30.16],[-99.0,26.41],[-100.04,30.08],[-95.34,30.9],[-95.4,30.83],[-96.97,30.42],[-97.01,30.41],[-97.0,30.42],[-98.21,29.31],[-97.38,31.86],[-97.096,31.63],[-96.89,31.3],[-97.095,31.074],[-96.565,30.734],[-96.37,30.68],[-99.15,30.3],[-96.37,30.67],[-96.29,30.68],[-97.67,29.83],[-99.07,29.73],[-98.56,29.6],[-98.53,29.59],[-98.49,29.6],[-98.49,29.6],[-98.46,29.52],[-98.52,29.62],[-98.44,29.47],[-98.42,29.48],[-98.71,29.49],[-99.23,28.97],[-97.66,30.71],[-97.73,30.71],[-97.69,30.61],[-99.97,29.72],[-99.9,29.21],[-99.27,30.08],[-104.297,30.42],[-97.37,33.65],[-99.82,34.42],[-99.74,34.3],[-99.63,34.27],[-99.2,33.76],[-98.16,33.22],[-98.25,33.1],[-98.07,33.03],[-100.86,35.98],[-97.69,32.75],[-98.26,26.23],[-98.554,26.321],[-101.926,35.2],[-101.5,35.24],[-101.14,35.21],[-102.08,32.0],[-102.457,32.018],[-102.409,31.93],[-102.409,31.93],[-102.416,31.944],[-102.39,31.89],[-100.083,34.674],[-101.95,36.1],[-102.31,35.63],[-101.05,36.28],[-102.39,35.25],[-101.44,30.89],[-102.36,35.23],[-102.33,35.23],[-102.36,35.13],[-100.97,36.26],[-100.8,36.28],[-100.8,36.29],[-100.03,36.12],[-100.01,36.12],[-101.47,33.98],[-101.5,33.784],[-101.38,33.68],[-101.43,32.77],[-100.32,31.06],[-101.35,35.35],[-100.6,35.23],[-96.61,33.45],[-101.85,35.25],[-101.83,35.26],[-101.83,35.3],[-100.98,35.42],[-98.92,34.09],[-98.54,33.89],[-97.19,33.51],[-95.213,33.473],[-98.06,29.32],[-102.033,33.036],[-95.216,33.47],[-101.591,33.909],[-100.399,33.891],[-101.38,35.09],[-101.436,32.25],[-100.45,34.22],[-100.39,35.89],[-100.32,31.55],[-98.99,31.71],[-95.22,33.188],[-98.39,30.78],[-98.38,30.8],[-98.36,30.82],[-98.05,30.74],[-99.76,29.74],[-98.42,29.95],[-98.3,29.9],[-98.07,29.79],[-98.06,29.78],[-98.96,31.36],[-98.578,31.454],[-96.03,32.55],[-96.06,32.57],[-95.877,32.634],[-95.575,32.93],[-97.36,32.91],[-97.35,32.93],[-97.36,32.93],[-97.31,32.96],[-97.32,32.97],[-97.27,33.05],[-97.203,33.054],[-96.88,33.22],[-99.77,30.49],[-100.04,29.73],[-99.76,29.73],[-99.76,29.73],[-97.65,30.35],[-97.69,30.32],[-97.632,30.376],[-97.7,30.33],[-94.323,32.143],[-99.27,31.01],[-99.19,31.01],[-99.16,30.93],[-98.93,30.85],[-98.83,30.75],[-98.68,30.75],[-98.67,30.75],[-98.68,30.76],[-98.65,30.73],[-99.87,32.46],[-99.76,31.22],[-98.9,32.72],[-98.851,32.709],[-98.68,32.47],[-98.12,32.33],[-93.9,30.66],[-99.99,32.25],[-99.9,32.75],[-100.64,30.64],[-98.23,30.76],[-97.84,30.56],[-97.79,30.55],[-97.85,30.58],[-97.81,30.53],[-97.722,30.499],[-97.72,30.53],[-97.68,30.48],[-97.58,30.46],[-97.56,30.47],[-97.61,30.48],[-97.36,30.35],[-96.61,33.01],[-96.61,33.01],[-96.44,33.03],[-100.321,34.264],[-99.77,34.24],[-99.8,33.87],[-100.43,34.431],[-99.15,34.12],[-99.14,34.03],[-99.09,34.03],[-99.03,34.08],[-99.04,34.07],[-98.92,34.03],[-98.29,28.75],[-98.69,33.77],[-98.37,33.71],[-99.86,33.75],[-99.84,33.32],[-100.831,32.611],[-100.68,32.53],[-102.337,31.373],[-99.59,31.99],[-100.85,29.37],[-100.9,29.35],[-100.79,29.36],[-100.44,29.32],[-99.71,29.5],[-99.47,29.32],[-99.26,29.35],[-98.99,29.35],[-98.92,29.37],[-97.426,32.874],[-97.358,32.905],[-97.38,32.88],[-97.32,32.91],[-97.347,32.894],[-97.37,32.86],[-97.26,32.94],[-97.29,32.93],[-99.33,33.23],[-97.315,32.914],[-97.254,32.956],[-97.29,32.92],[-99.32,33.18],[-97.23,32.96],[-98.73,29.48],[-97.19,33.0],[-99.79,29.21],[-97.071,33.014],[-98.19,29.77],[-97.96,29.88],[-97.94,29.88],[-99.53,29.62],[-98.17,31.92],[-98.16,31.92],[-97.35,31.47],[-97.27,31.36],[-97.1,31.06],[-95.32,33.53],[-94.711,33.185],[-97.18,32.27],[-97.17,32.27],[-97.08,32.27],[-96.95,32.18],[-97.02,32.32],[-97.01,32.24],[-96.86,32.68],[-96.87,32.72],[-95.02,33.021],[-95.04,33.062],[-94.962,33.061],[-94.64,33.008],[-94.247,32.947],[-99.89,30.52],[-99.59,31.22],[-98.2,32.22],[-97.79,32.72],[-97.66,32.77],[-99.48,31.11],[-99.34,31.15],[-97.25,33.23],[-99.03,31.62],[-96.14,33.75],[-96.18,33.63],[-96.07,33.81],[-100.39,30.43],[-102.22,30.05],[-102.37,33.58],[-102.432,30.343],[-101.936,32.48],[-101.909,29.915],[-101.87,35.13],[-101.92,34.98],[-101.98,35.04],[-102.4,35.15],[-101.87,34.98],[-99.72,33.99],[-102.05,34.99],[-100.915,32.345],[-100.85,32.4],[-100.48,32.59],[-101.786,32.074],[-101.812,32.14],[-101.733,32.3],[-100.58,33.25],[-101.589,32.451],[-101.454,32.127],[-102.864,34.134],[-102.434,33.502],[-102.53,34.07],[-102.02,32.051],[-102.73,34.03],[-102.219,33.539],[-102.21,35.22],[-102.4,30.15],[-102.25,35.51],[-100.904,34.418],[-100.85,32.299],[-101.69,35.07],[-102.009,33.534],[-101.904,32.824],[-101.533,32.77],[-101.02,32.532],[-101.825,30.685],[-101.825,30.685],[-103.334,30.2],[-102.354,33.682],[-102.04,35.06],[-100.96,32.793],[-102.08,34.97],[-102.03,34.98],[-102.0,34.91],[-101.97,34.89],[-101.28,36.08],[-101.31,36.07],[-101.31,36.06],[-101.38,35.36],[-101.43,35.31],[-101.38,35.42],[-100.8,36.43],[-102.087,34.324],[-102.37,31.835],[-102.352,31.835],[-102.559,30.554],[-100.99,31.84],[-102.4,30.15],[-99.74,34.3],[-101.218,33.877],[-98.5,30.86],[-103.067,31.092],[-100.8,31.31],[-102.714,31.373],[-103.743,31.973],[-102.435,31.4],[-103.6,31.888],[-102.383,31.672],[-102.454,31.614],[-103.355,31.544],[-103.276,31.489],[-101.96,36.32],[-102.617,31.494],[-102.887,33.169],[-102.612,33.182],[-97.79,32.45],[-102.315,33.18],[-97.79,32.45],[-97.74,32.47],[-97.81,32.01],[-97.69,32.48],[-100.88,32.57],[-100.88,32.527],[-97.79,32.4],[-97.57,32.08],[-97.554,32.907],[-97.59,32.91],[-97.58,32.95],[-97.51,32.21],[-97.45,33.04],[-98.94,29.59],[-98.77,29.8],[-98.74,29.79],[-98.72,29.79],[-98.73,29.89],[-98.7,29.79],[-98.746,29.788],[-97.343,32.143],[-98.603,29.379],[-98.55,29.44],[-98.527,29.425],[-98.51,29.38],[-98.53,29.45],[-98.464,29.466],[-98.457,29.391],[-98.484,29.4],[-98.439,29.363],[-97.42,32.31],[-98.37,29.46],[-98.42,29.36],[-98.1,29.46],[-98.02,29.47],[-96.84,32.42],[-99.23,32.93],[-97.33,31.18],[-97.75,29.91],[-95.611,31.955],[-95.76,31.43],[-99.17,30.74],[-98.73,30.38],[-98.79,30.4],[-98.8,30.43],[-98.73,30.39],[-98.94,31.27],[-98.56,30.24],[-100.89,34.93],[-102.737,33.977],[-103.006,31.57],[-101.85,33.83],[-102.526,32.34],[-100.51,32.45],[-101.41,35.1],[-100.9,35.11],[-102.51,36.08],[-102.6,35.99],[-102.67,35.94],[-100.541,36.449],[-97.07,32.83],[-97.08,32.84],[-97.14,32.84],[-98.52,33.26],[-102.89,30.91],[-102.89,30.89],[-97.72,31.1],[-97.57,30.976],[-97.37,30.99],[-96.35,33.16],[-95.8,33.02],[-97.55,32.47],[-96.39,32.85],[-94.367,32.525],[-94.37,32.521],[-97.71,33.08],[-97.623,33.133],[-97.48,33.19],[-97.452,33.184],[-97.35,33.24],[-96.88,33.15],[-96.52,33.03],[-96.24,33.67],[-94.969,31.223],[-94.97,31.24],[-96.4,31.05],[-94.85,31.18],[-94.715,31.322],[-94.174,31.508],[-98.17,29.72],[-98.16,29.7],[-96.28,31.63],[-94.916,32.611],[-100.6,30.86],[-98.42,29.663],[-97.54,31.0],[-97.75,31.11],[-97.48,31.01],[-97.799,31.125],[-97.47,31.03],[-97.49,31.05],[-97.53,31.06],[-97.73,31.13],[-97.31,31.09],[-97.33,31.06],[-97.0,31.02],[-97.1,31.05],[-97.03,31.01],[-95.84,33.14],[-98.98,29.94],[-99.25,29.8],[-99.24,29.78],[-99.25,29.8],[-99.25,29.8],[-102.1,35.45],[-102.12,34.38],[-101.83,35.2],[-101.58,35.85],[-101.758,34.749],[-101.69,34.75],[-101.22,36.1],[-101.36,34.96],[-101.05,36.28],[-101.242,35.2],[-100.81,35.44],[-100.63,35.7],[-100.4,35.83],[-97.56,30.53],[-95.97,31.15],[-96.18,33.71],[-101.06,35.02],[-101.87,34.98],[-101.86,35.0],[-102.4,35.06],[-101.87,35.07],[-102.347,34.731],[-99.88,32.34],[-99.16,33.2],[-99.18,33.18],[-98.92,32.75],[-99.63,32.52],[-99.49,32.4],[-98.52,33.9],[-98.77,32.96],[-98.5,33.92],[-97.38,33.66],[-96.71,33.13],[-102.42,35.24],[-102.11,34.95],[-102.11,34.93],[-99.25,29.88],[-99.19,29.76],[-103.011,33.873],[-102.884,33.844],[-102.9,34.52],[-99.38,27.98],[-99.37,27.98],[-102.331,33.615],[-98.487,26.76],[-100.73,31.42],[-100.8,31.35],[-100.64,31.32],[-100.64,31.36],[-102.63,32.3],[-100.47,31.26],[-99.74,31.24],[-102.17,32.04],[-99.75,31.24],[-102.1,32.04],[-102.2,32.017],[-102.067,32.027],[-102.08,32.072],[-102.065,32.05],[-102.02,32.051],[-101.904,32.018],[-99.12,31.55],[-101.486,31.866],[-101.5,31.87],[-100.63,31.6],[-99.11,30.93],[-99.62,27.68],[-99.6,27.67],[-100.21,34.93],[-100.53,34.72],[-103.02,30.78],[-101.77,34.53],[-101.655,34.5],[-101.7,34.2],[-101.43,34.12],[-100.812,34.024],[-102.78,32.38],[-102.721,32.32],[-102.611,33.182],[-102.57,36.02],[-102.57,35.95],[-102.9,31.87],[-102.531,32.409],[-102.519,32.239],[-102.73,34.177],[-102.722,34.312],[-102.323,32.45],[-102.4,34.83],[-102.06,35.19],[-102.42,34.83],[-102.4,34.95],[-102.528,32.968],[-101.96,35.93],[-101.88,32.514],[-102.05,32.503],[-102.01,35.18],[-102.07,35.21],[-101.91,35.22],[-101.94,35.26],[-101.64,35.82],[-101.48,35.82],[-99.81,32.95],[-102.22,35.68],[-99.33,31.65],[-101.96,35.86],[-101.97,35.85],[-101.95,35.85],[-100.817,33.759],[-100.48,33.852],[-100.812,32.678],[-99.93,29.32],[-96.02,33.78],[-98.46,30.27],[-98.43,30.28],[-101.219,33.888],[-102.78,32.25],[-102.78,32.17],[-102.62,31.98],[-102.44,36.12],[-100.97,36.32],[-100.81,36.16],[-101.62,35.29],[-95.345,32.874],[-101.66,35.25],[-103.7,31.98],[-102.43,30.5],[-102.1,32.0],[-102.08,32.0],[-102.05,32.05],[-102.07,32.08],[-101.42,32.77],[-100.62,32.34],[-102.89,30.88],[-102.62,33.6],[-102.118,33.58],[-97.7,32.92],[-100.51,35.23],[-100.53,34.72],[-98.04,32.84],[-98.1,32.8],[-98.09,32.84],[-97.99,32.8],[-97.78,32.84],[-97.82,33.52],[-97.42,32.7],[-97.45,32.71],[-97.43,32.36],[-97.37,32.35],[-97.39,32.37],[-97.17,32.36],[-97.8,31.13],[-96.28,32.701],[-96.29,32.7],[-96.69,32.27],[-96.54,32.29],[-99.25,28.45],[-98.578,34.09],[-98.55,34.12],[-100.29,31.82],[-100.29,31.75],[-100.04,31.75],[-99.71,31.83],[-94.99,29.68],[-95.1,29.7],[-94.98,33.29],[-94.24,31.95],[-94.05,31.94],[-97.79,32.44],[-97.36,32.54],[-99.17,28.67],[-98.08,28.8],[-98.37,29.75],[-98.37,29.75],[-98.25,29.77],[-98.01,29.85],[-96.93,33.48],[-96.617,33.634],[-99.3,32.72],[-94.426,31.856],[-94.32,30.37],[-94.44,30.52],[-94.41,30.61],[-94.27,30.16],[-97.2,29.56],[-94.29,30.16],[-93.918,31.477],[-99.73,32.39],[-99.72,32.37],[-99.7,32.4],[-97.74,31.44],[-97.65,31.45],[-97.54,31.47],[-96.42,32.71],[-97.43,31.5],[-96.45,32.63],[-96.41,32.67],[-96.32,32.7],[-95.108,33.335],[-97.16,30.01],[-97.1,29.96],[-96.88,29.89],[-97.3,32.33],[-96.71,33.04],[-96.66,33.1],[-99.76,29.87],[-97.15,29.29],[-98.44,26.33],[-98.41,26.46],[-97.8,26.34],[-97.8,26.34],[-98.45,26.23],[-98.32,26.21],[-98.32,26.21],[-99.97,31.75],[-99.96,31.74],[-99.41,31.44],[-99.22,31.23],[-99.37,30.76],[-99.4,30.77],[-99.23,30.75],[-99.11,30.6],[-99.01,30.51],[-98.97,30.4],[-98.99,30.41],[-98.94,30.36],[-98.86,30.34],[-98.85,30.32],[-98.85,30.31],[-100.88,29.31],[-100.84,29.37],[-97.29,29.1],[-97.318,29.08],[-100.48,32.53],[-100.37,32.48],[-100.41,32.48],[-100.33,32.49],[-100.4,32.46],[-100.13,32.26],[-99.88,32.11],[-100.95,32.78],[-99.78,31.94],[-99.64,31.86],[-99.66,31.82],[-99.34,31.68],[-99.75,33.04],[-99.56,32.34],[-98.85,32.27],[-98.666,32.225],[-95.041,32.233],[-94.96,32.191],[-94.951,32.19],[-97.519,31.676],[-94.8,32.153],[-94.846,32.104],[-98.41,32.1],[-97.12,31.55],[-93.868,31.762],[-96.59,31.53],[-98.18,31.41],[-98.09,30.19],[-98.09,30.19],[-96.28,31.41],[-96.27,31.38],[-97.33,31.14],[-95.14,31.2],[-94.98,31.22],[-99.01,30.52],[-98.41,27.384],[-97.9,31.44],[-97.63,31.31],[-97.17,31.1],[-100.5,28.74],[-97.61,30.83],[-99.07,29.73],[-99.07,29.73],[-98.68,29.62],[-96.48,31.59],[-99.25,28.44],[-99.12,26.78],[-99.0,26.41],[-98.13,33.19],[-97.27,32.46],[-97.27,32.79],[-98.2,32.172],[-98.03,32.08],[-98.03,32.05],[-94.913,32.421],[-94.853,32.4],[-94.793,32.382],[-94.67,32.48],[-94.731,32.502],[-94.656,32.386],[-94.183,32.371],[-97.42,31.07],[-94.753,32.709],[-98.01,31.82],[-97.78,31.96],[-95.74,29.8],[-95.72,29.79],[-95.71,29.79],[-103.44,31.36],[-98.71,32.31],[-98.16,32.79],[-98.06,32.81],[-99.52,33.54],[-99.13,33.67],[-98.67,33.55],[-100.64,35.6],[-102.24,36.24],[-101.84,35.41],[-101.64,35.41],[-101.62,35.31],[-101.4,35.4],[-102.17,32.02],[-102.48,31.79],[-96.805,33.111],[-96.75,33.1],[-96.73,33.08],[-96.69,33.1],[-96.671,33.088],[-96.653,33.116],[-96.67,33.13],[-96.59,33.086],[-98.82,30.86],[-101.54,31.58],[-100.512,34.72],[-100.97,35.34],[-101.726,34.404],[-100.048,34.645],[-101.755,34.124],[-101.843,34.068],[-100.492,34.371],[-102.5,31.84],[-102.33,31.85],[-100.81,36.35],[-100.8,36.4],[-100.8,36.36],[-100.81,36.31],[-100.81,36.29],[-101.05,36.28],[-97.9,30.5],[-102.045,33.875],[-99.52,33.47],[-97.98,31.34],[-99.47,33.18],[-100.92,32.47],[-99.69,32.72],[-100.18,31.6],[-103.15,31.65],[-103.16,31.75],[-102.338,33.123],[-103.9,30.59],[-103.67,30.36],[-101.47,35.99],[-101.45,36.02],[-101.48,36.06],[-101.44,36.08],[-101.47,36.06],[-101.44,36.08],[-101.54,34.593],[-101.44,36.08],[-101.66,36.26],[-101.66,36.2],[-98.264,27.777],[-98.27,27.43],[-98.29,26.13],[-98.25,26.1],[-102.85,31.34],[-99.72,33.94],[-98.65,31.65],[-100.08,28.77],[-97.27,33.36],[-99.83,28.69],[-99.42,32.07],[-98.63,31.97],[-97.37,33.65],[-97.37,33.65],[-98.32,30.77],[-98.23,30.76],[-98.17,30.75],[-98.17,30.75],[-98.23,30.74],[-99.8,32.95],[-99.57,31.99],[-99.17,31.84],[-99.8,32.97],[-100.4,32.56],[-99.86,31.77],[-99.33,33.67],[-99.25,33.08],[-99.1,31.82],[-98.99,31.74],[-99.05,31.82],[-98.95,31.77],[-98.86,31.78],[-98.79,31.82],[-98.79,31.82],[-99.04,31.64],[-100.23,31.53],[-100.11,32.04],[-99.87,32.18],[-100.13,32.56],[-99.96,32.48],[-100.12,32.58],[-100.25,32.72],[-100.17,31.51],[-99.79,33.58],[-101.58,30.59],[-101.47,30.44],[-99.57,32.27],[-99.84,32.42],[-99.79,32.42],[-99.78,32.41],[-99.75,32.43],[-95.023,32.498],[-98.02,30.93],[-95.206,32.587],[-95.408,32.7],[-98.04,30.25],[-95.2,32.59],[-96.47,32.13],[-96.47,32.21],[-98.34,32.57],[-97.73,31.44],[-97.699,31.363],[-97.709,31.143],[-96.65,30.4],[-99.79,32.35],[-97.81,32.75],[-99.97,32.52],[-99.82,32.62],[-102.4,34.96],[-96.45,32.94],[-96.33,32.96],[-96.39,32.96],[-96.37,32.96],[-97.23,33.0],[-96.45,32.93],[-97.26,33.0],[-98.89,32.76],[-97.21,33.0],[-97.2,33.0],[-97.18,33.11],[-97.09,33.03],[-97.05,33.09],[-97.04,33.07],[-102.15,35.09],[-97.08,33.1],[-96.98,33.04],[-102.15,35.09],[-96.915,33.132],[-96.93,33.14],[-96.83,33.08],[-96.84,33.12],[-96.891,33.145],[-97.03,33.07],[-96.36,33.16],[-95.03,33.86],[-97.69,32.96],[-100.867,34.427],[-97.32,31.95],[-97.37,31.84],[-99.79,32.95],[-102.47,36.04],[-101.97,35.84],[-101.6,35.64],[-101.63,35.65],[-101.6,35.64],[-101.47,35.64],[-101.6,35.64],[-101.38,35.35],[-96.926,32.6],[-96.699,32.72],[-100.97,35.56],[-100.96,35.53],[-100.96,35.53],[-99.6,31.34],[-99.6,31.33],[-99.6,31.33],[-99.46,31.19],[-98.93,31.85],[-99.32,31.1],[-99.33,31.13],[-98.79,31.92],[-98.82,31.91],[-98.6,32.04],[-99.25,30.91],[-98.55,32.04],[-98.2,32.19],[-98.19,32.21],[-98.11,32.22],[-98.568,31.438],[-97.9,32.36],[-97.67,32.36],[-97.67,32.41],[-97.68,32.37],[-97.54,32.45],[-97.53,32.41],[-97.49,32.48],[-97.37,32.5],[-97.25,32.54],[-97.3,32.59],[-97.1,32.59],[-96.99,32.58],[-97.07,32.61],[-96.94,32.6],[-96.69,32.72],[-97.863,33.065],[-97.53,32.9],[-94.72,32.8],[-94.85,32.89],[-94.72,32.82],[-96.777,32.769],[-97.11,32.66],[-95.665,32.591],[-96.6,32.78],[-96.45,32.7],[-95.44,32.57],[-96.39,32.7],[-96.25,32.64],[-96.19,33.03],[-96.76,32.52],[-96.04,33.146],[-95.86,32.57],[-95.52,32.48],[-95.37,32.45],[-95.68,32.48],[-95.2,32.32],[-95.27,32.43],[-95.47,32.59],[-95.06,33.61],[-95.06,33.61],[-94.87,32.32],[-102.02,36.14],[-95.11,33.36],[-101.46,35.92],[-94.2,33.02],[-94.96,33.13],[-100.25,35.23],[-95.91,33.64],[-95.32,33.53],[-94.67,33.21],[-96.94,32.46],[-96.84,32.38],[-96.83,32.39],[-96.85,32.39],[-96.83,32.42],[-95.67,32.55],[-96.65,32.33],[-96.54,32.27],[-95.58,32.53],[-95.57,32.5],[-96.626,32.29],[-100.23,35.79],[-100.03,36.12],[-97.24,33.77],[-96.61,33.46],[-96.57,33.42],[-96.4,33.3],[-96.06,32.89],[-96.96,33.4],[-96.65,33.2],[-96.5,33.17],[-96.85,33.8],[-95.7,32.52],[-95.47,32.3],[-95.33,32.14],[-95.28,32.01],[-95.29,32.01],[-95.26,31.98],[-97.12,31.45],[-97.13,31.49],[-97.91,31.25],[-97.14,31.34],[-98.46,30.86],[-97.114,31.203],[-97.84,30.49],[-99.77,30.49],[-100.699,33.158],[-100.02,32.56],[-99.4,31.8],[-99.87,32.69],[-98.81,33.86],[-100.64,35.69],[-100.37,35.52],[-99.14,30.05],[-99.12,30.01],[-99.34,30.07],[-99.37,30.07],[-99.26,30.08],[-99.48,30.78],[-99.38,31.48],[-99.37,31.49],[-100.48,31.17],[-101.47,36.02],[-101.44,35.82],[-99.89,34.32],[-99.73,34.12],[-99.72,33.98],[-96.75,33.45],[-96.78,33.404],[-102.22,31.13],[-101.65,33.416],[-95.33,29.74],[-95.33,29.73],[-101.532,33.33],[-95.4,29.8],[-95.64,29.867],[-95.65,29.89],[-94.31,33.46],[-94.31,33.45],[-99.61,32.39],[-102.89,31.02],[-102.58,30.79],[-102.52,30.73],[-102.53,30.74],[-102.78,32.26],[-102.07,32.0],[-102.26,30.02],[-102.36,30.09],[-99.22,31.31],[-99.04,30.92],[-101.31,31.51],[-101.57,35.24],[-101.46,30.93],[-97.611,26.155],[-97.59,26.02],[-97.57,25.96],[-97.54,25.95],[-97.51,26.22],[-103.74,30.98],[-104.83,31.04],[-102.89,30.59],[-102.69,30.18],[-102.67,30.17],[-98.44,29.74],[-100.35,35.98],[-100.61,35.71],[-100.35,35.63],[-97.86,33.58],[-100.33,36.47],[-99.26,33.59],[-99.17,32.12],[-102.4,34.23],[-100.055,34.435],[-99.756,34.295],[-99.54,33.98],[-98.98,33.05],[-98.68,32.73],[-98.5,32.57],[-97.21,33.26],[-97.25,33.27],[-96.71,32.94],[-96.71,32.93],[-96.63,32.94],[-96.66,32.94],[-96.7,32.96],[-96.62,32.94],[-95.715,31.779],[-96.83,32.42],[-96.78,32.2],[-96.74,32.17],[-96.72,32.1],[-97.71,30.63],[-97.71,30.69],[-97.68,30.63],[-97.72,30.53],[-97.68,30.63],[-97.67,30.53],[-97.75,30.56],[-97.74,30.55],[-97.7,30.49],[-96.89,32.47],[-97.68,30.49],[-97.694,30.479],[-97.72,30.52],[-100.397,33.987],[-97.69,30.41],[-96.81,32.5],[-97.68,30.41],[-97.71,30.35],[-97.73,30.31],[-97.754,30.271],[-97.69,30.36],[-97.716,30.295],[-97.73,30.299],[-97.7,30.32],[-97.7,30.3],[-97.73,30.33],[-97.74,30.27],[-97.74,30.3],[-97.73,30.34],[-97.7,30.3],[-99.33,30.1],[-102.88,36.28],[-102.39,30.14],[-102.72,32.66],[-96.45,33.21],[-98.41,30.03],[-98.63,33.03],[-99.66,31.79],[-95.45,31.69],[-96.61,30.6],[-98.02,28.98],[-97.07,29.82],[-93.93,29.861],[-98.68,29.09],[-94.32,30.38],[-93.89,30.65],[-97.68,29.52],[-97.62,29.5],[-97.47,29.57],[-97.5,29.51],[-101.2,30.72],[-96.37,32.03],[-95.4,32.24],[-95.41,32.24],[-95.34,32.31],[-95.3,32.32],[-94.86,32.4],[-94.36,32.49],[-94.1,32.48],[-97.02,29.94],[-94.66,31.7],[-94.18,30.69],[-97.18,33.12],[-97.06,33.09],[-97.06,33.12],[-96.89,33.18],[-96.89,33.18],[-96.84,33.15],[-96.74,33.28],[-96.31,33.42],[-95.03,33.85],[-99.95,31.74],[-99.71,31.78],[-100.11,30.99],[-96.28,29.95],[-96.26,29.95],[-96.26,29.95],[-95.81,29.48],[-95.41,29.2],[-96.0,29.45],[-95.835,29.402],[-95.84,29.4],[-98.55,28.6],[-98.64,29.52],[-98.589,29.469],[-98.6,29.52],[-95.09,30.22],[-100.8,36.38],[-98.49,33.91],[-98.03,33.97],[-98.55,32.88],[-99.742,34.178],[-99.68,34.262],[-98.35,31.58],[-98.38,31.54],[-98.51,29.73],[-98.49,29.69],[-98.4,29.72],[-100.739,33.35],[-97.31,32.77],[-97.11,32.71],[-95.01,33.06],[-98.892,33.913],[-100.47,32.85],[-100.6,32.36],[-98.67,33.95],[-99.96,33.08],[-95.68,31.2],[-95.99,30.91],[-102.24,30.99],[-101.99,30.81],[-101.01,32.36],[-98.67,33.0],[-98.98,32.39],[-97.69,32.97],[-97.56,33.08],[-97.61,33.03],[-97.54,33.0],[-97.56,33.05],[-97.42,33.08],[-97.48,33.0],[-97.32,33.09],[-97.47,33.05],[-97.254,33.1],[-97.22,33.1],[-97.23,33.1],[-97.16,33.157],[-98.66,30.24],[-98.66,30.24],[-98.41,30.27],[-98.89,29.43],[-101.318,33.197],[-96.75,32.09],[-96.65,32.36],[-100.63,32.64],[-100.55,32.63],[-97.15,33.04],[-99.79,32.99],[-96.98,33.3],[-97.13,33.62],[-98.89,32.75],[-98.91,32.76],[-98.39,33.23],[-97.45,33.13],[-98.42,32.87],[-98.91,32.76],[-99.9,33.19],[-97.74,30.37],[-97.75,30.35],[-97.75,30.35],[-97.71,30.39],[-97.76,30.35],[-97.75,30.35],[-97.68,30.37],[-97.78,30.37],[-98.47,30.88],[-99.01,30.58],[-98.23,30.94],[-98.19,30.91],[-94.43,30.82],[-98.33,30.55],[-98.27,30.58],[-98.338,30.561],[-98.24,30.57],[-97.39,30.36],[-97.43,30.56],[-97.34,30.12],[-99.57,28.09],[-100.43,31.77],[-100.43,31.74],[-100.03,31.75],[-99.96,31.76],[-98.57,31.47],[-97.72,31.43],[-97.48,31.03],[-97.46,31.07],[-97.35,31.07],[-97.33,31.14],[-94.7,29.89],[-94.32,29.88],[-93.93,29.94],[-93.82,30.69],[-100.42,29.31],[-96.98,28.83],[-96.97,28.83],[-99.6,27.68],[-99.67,27.69],[-98.85,27.55],[-98.38,26.51],[-98.18,27.42],[-98.16,26.3],[-101.737,34.169],[-101.219,33.888],[-99.357,33.96],[-100.92,32.71],[-102.42,31.88],[-102.37,31.85],[-99.24,30.75],[-99.25,29.8],[-98.2,26.14],[-97.36,31.99],[-99.33,31.74],[-99.13,31.72],[-99.13,31.72],[-100.29,31.93],[-96.98,33.04],[-99.42,31.83],[-98.08,32.75],[-100.92,32.38],[-100.52,31.42],[-100.5,31.42],[-100.11,32.04],[-100.23,31.37],[-95.24,32.94],[-100.5,31.23],[-97.19,31.05],[-97.1,32.704],[-95.65,33.19],[-95.341,33.691],[-100.2,34.666],[-100.52,31.46],[-100.23,34.75],[-100.48,31.45],[-100.5,31.44],[-100.48,31.4],[-96.72,31.31],[-96.63,31.31],[-97.012,33.575],[-96.94,33.56],[-96.91,33.56],[-96.73,33.62],[-96.38,33.51],[-96.24,33.38],[-96.31,32.05],[-96.38,32.18],[-96.9,32.43],[-100.41,32.15],[-99.74,32.14],[-99.74,32.14],[-99.21,32.08],[-98.99,32.13],[-99.34,32.11],[-98.44,33.58],[-97.17,33.54],[-99.84,31.22],[-96.85,32.78],[-96.86,32.73],[-96.69,32.64],[-96.64,32.46],[-97.23,33.02],[-97.13,33.06],[-96.625,32.433],[-98.57,31.4],[-97.2,32.9],[-97.18,32.84],[-97.15,32.85],[-97.15,32.82],[-97.16,32.86],[-97.1,32.82],[-97.18,32.84],[-97.14,32.84],[-97.12,32.87],[-97.11,32.71],[-97.13,32.69],[-97.01,32.67],[-97.12,32.57],[-97.11,32.61],[-97.1,32.61],[-97.1,32.61],[-95.273,29.684],[-95.13,29.56],[-95.12,29.58],[-102.865,34.134],[-102.5,34.82],[-102.761,33.846],[-102.76,35.26],[-101.84,35.0],[-102.33,35.68],[-102.4,35.89],[-102.66,35.86],[-102.33,33.788],[-102.51,36.04],[-103.04,36.23],[-101.21,32.63],[-102.77,33.763],[-102.02,33.514],[-101.762,33.331],[-99.17,29.74],[-102.88,31.3],[-96.84,32.44],[-103.02,33.62],[-102.08,32.0],[-102.15,32.01],[-97.54,30.53],[-97.53,30.55],[-102.0,31.77],[-102.82,33.43],[-102.2,30.05],[-102.65,32.85],[-97.39,30.46],[-102.54,32.72],[-102.823,32.964],[-102.56,32.74],[-102.01,31.43],[-102.39,32.71],[-100.24,35.05],[-100.11,32.05],[-95.09,29.46],[-95.09,29.5],[-95.1,29.44],[-96.22,28.87],[-99.156,31.0],[-99.15,30.99],[-102.91,30.75],[-100.937,34.542],[-100.75,34.89],[-101.23,36.28],[-101.988,33.511],[-101.12,36.28],[-101.05,36.28],[-100.8,36.3],[-100.62,36.39],[-100.03,31.85],[-100.03,31.83],[-100.03,31.81],[-99.934,31.812],[-99.465,34.048],[-101.2,32.89],[-100.68,32.07],[-101.108,33.049],[-100.7,31.92],[-101.069,33.488],[-100.35,31.71],[-100.83,33.62],[-100.41,31.53],[-100.39,31.46],[-100.33,31.39],[-100.39,31.47],[-102.29,35.59],[-99.95,30.87],[-99.87,30.6],[-101.05,32.73],[-101.04,32.73],[-102.95,30.92],[-102.99,30.9],[-100.32,32.09],[-99.8,32.21],[-102.68,30.65],[-102.61,30.6],[-102.57,30.57],[-99.17,31.92],[-99.76,31.41],[-99.76,31.41],[-99.7,31.49],[-95.54,33.85],[-95.58,33.87],[-96.11,33.04],[-95.84,33.14],[-95.67,33.07],[-98.87,33.3],[-98.5,33.26],[-98.38,33.26],[-98.51,33.98],[-97.85,33.28],[-97.8,33.34],[-97.96,33.56],[-98.74,32.6],[-98.25,32.45],[-97.17,33.68],[-96.7,33.67],[-97.79,32.44],[-96.6,33.59],[-96.54,33.57],[-96.566,33.599],[-96.616,33.634],[-95.71,33.47],[-96.39,33.52],[-96.36,33.6],[-97.67,32.36],[-96.18,33.58],[-99.33,31.12],[-95.21,33.47],[-99.34,31.14],[-99.31,31.09],[-99.34,31.12],[-96.61,33.6],[-97.75,31.84],[-99.26,31.0],[-97.83,31.78],[-97.09,32.08],[-96.56,31.51],[-98.39,30.24],[-98.41,30.28],[-94.83,31.0],[-98.13,30.04],[-98.05,30.02],[-98.15,30.05],[-98.06,30.01],[-97.94,29.88],[-94.77,31.23],[-97.96,29.88],[-97.93,29.88],[-94.6,30.97],[-97.41,30.57],[-94.99,30.86],[-94.43,30.97],[-96.94,30.18],[-102.4,31.94],[-102.409,31.93],[-102.28,33.18],[-102.3,31.91],[-102.32,31.87],[-102.491,32.999],[-103.03,30.79],[-96.72,33.81],[-96.73,33.82],[-96.13,32.24],[-96.104,32.205],[-96.01,32.17],[-95.73,31.88],[-97.09,33.65],[-97.38,33.03],[-102.89,30.89],[-102.9,30.88],[-101.84,35.4],[-101.62,35.75],[-101.59,35.72],[-98.03,31.98],[-100.65,30.66],[-100.97,35.43],[-102.353,34.539],[-96.82,33.11],[-96.84,33.04],[-98.389,34.076],[-102.891,30.896],[-98.33,33.74],[-96.95,31.55],[-97.47,33.05],[-97.65,28.26],[-98.27,27.77],[-97.31,27.89],[-97.21,27.88],[-97.32,28.93],[-97.235,27.886],[-97.8,27.22],[-97.8,27.01],[-97.8,27.13],[-96.33,30.62],[-96.31,30.62],[-96.34,30.63],[-96.3,30.66],[-96.33,30.63],[-96.31,30.63],[-99.3,30.3],[-96.23,32.13],[-99.15,30.09],[-96.61,31.95],[-99.14,30.05],[-99.14,30.04],[-99.02,29.96],[-99.04,29.94],[-95.46,32.08],[-97.4,32.37],[-96.75,32.75],[-97.06,32.77],[-96.61,33.65],[-96.59,33.64],[-96.48,33.52],[-96.64,33.09],[-96.21,33.34],[-96.64,33.08],[-96.61,33.06],[-96.61,33.1],[-96.37,33.6],[-98.42,32.51],[-98.37,31.98],[-97.2,32.76],[-97.22,32.74],[-95.27,31.96],[-95.07,31.91],[-94.98,31.93],[-95.08,31.9],[-95.04,31.95],[-94.74,31.92],[-94.4,31.91],[-98.84,29.53],[-98.7,29.45],[-98.7,29.43],[-98.66,29.45],[-98.7,29.45],[-98.66,29.44],[-98.71,29.44],[-97.32,32.56],[-97.1,32.58],[-101.48,31.19],[-100.84,31.74],[-101.48,31.24],[-100.7,31.79],[-100.55,31.87],[-99.01,32.77],[-100.64,31.61],[-100.68,31.64],[-100.26,31.75],[-98.01,32.75],[-99.48,31.89],[-102.84,30.83],[-102.83,30.81],[-100.901,34.74],[-102.63,30.61],[-103.08,31.86],[-102.83,33.18],[-102.54,30.49],[-102.48,30.46],[-102.06,30.51],[-102.326,33.972],[-97.65,30.59],[-102.75,33.052],[-102.171,33.926],[-97.38,30.75],[-101.237,33.647],[-99.76,29.33],[-101.5,36.32],[-102.246,34.489],[-100.11,32.04],[-101.393,33.562],[-101.19,36.19],[-101.18,36.1],[-102.829,34.028],[-102.9,34.83],[-102.82,34.96],[-102.213,33.841],[-102.73,34.22],[-102.636,34.102],[-103.5,31.39],[-103.5,31.42],[-103.07,30.95],[-102.95,30.895],[-102.89,30.89],[-102.89,30.89],[-102.89,30.88],[-103.13,31.55],[-101.95,31.53],[-99.501,34.217],[-99.51,34.26],[-102.57,32.72],[-102.79,31.1],[-101.676,33.18],[-102.02,33.471],[-101.33,33.98],[-99.81,33.413],[-101.9,30.91],[-99.242,33.616],[-98.92,33.36],[-99.272,33.58],[-101.33,32.04],[-100.78,32.66],[-98.54,28.91],[-97.92,31.11],[-96.18,31.75],[-97.994,28.663],[-97.53,30.56],[-97.43,30.55],[-99.99,32.76],[-99.92,32.79],[-99.9,32.76],[-99.18,33.18],[-98.75,33.37],[-98.51,33.26],[-98.98,32.39],[-99.01,32.45],[-98.99,32.44],[-98.87,32.54],[-98.79,32.56],[-98.27,33.18],[-94.289,33.321],[-100.99,31.84],[-99.79,32.94],[-98.567,33.869],[-97.53,32.5],[-98.44,31.22],[-97.37,32.54],[-97.01,32.41],[-96.66,32.35],[-98.26,30.69],[-97.65,31.94],[-97.86,30.6],[-97.87,30.58],[-97.88,30.57],[-97.87,30.59],[-97.91,30.62],[-96.09,32.13],[-96.06,32.16],[-97.21,32.37],[-96.45,32.63],[-97.38,33.65],[-100.14,36.33],[-99.8,32.21],[-98.69,32.59],[-98.04,32.66],[-98.14,32.59],[-97.94,33.82],[-98.23,33.67],[-97.97,33.77],[-97.72,33.67],[-97.74,33.66],[-97.71,33.67],[-97.66,33.8],[-97.52,33.7],[-97.43,33.8],[-97.52,33.74],[-97.8,33.5],[-97.16,33.68],[-98.56,34.09],[-98.64,30.66],[-98.46,30.75],[-98.83,33.27],[-97.87,29.92],[-97.84,29.84],[-97.83,29.94],[-97.8,29.98],[-98.66,30.24],[-97.79,29.96],[-98.66,30.34],[-97.69,30.06],[-101.53,32.2],[-100.19,33.134],[-99.82,33.05],[-101.056,33.468],[-99.83,32.99],[-101.47,31.72],[-100.06,31.1],[-101.39,31.71],[-100.55,31.5],[-100.47,31.26],[-99.05,30.6],[-101.04,35.36],[-98.96,30.09],[-98.88,30.29],[-98.87,30.27],[-98.87,30.28],[-98.87,30.27],[-98.96,30.08],[-98.96,30.11],[-100.91,35.04],[-100.618,34.72],[-98.67,29.57],[-98.79,29.62],[-102.353,33.119],[-103.3,29.27],[-98.56,31.12],[-98.06,30.7],[-97.84,30.5],[-97.85,30.54],[-97.87,30.51],[-100.36,36.45],[-102.28,33.18],[-102.11,32.81],[-99.99,32.26],[-99.96,31.96],[-96.61,33.68],[-97.91,31.15],[-97.9,31.11],[-96.54,31.07],[-99.2,30.69],[-98.37,30.76],[-98.39,30.78],[-98.35,30.76],[-98.35,30.77],[-98.12,31.01],[-96.17,31.78],[-96.39,31.28],[-100.42,29.46],[-104.02,31.98],[-101.79,32.13],[-102.35,31.39],[-96.78,29.7],[-97.865,28.015],[-98.66,26.56],[-98.72,26.48],[-98.22,26.24],[-98.24,26.27],[-98.2,26.25],[-98.19,26.26],[-98.23,26.28],[-98.16,26.27],[-98.04,26.18],[-94.97,30.6],[-101.219,33.888],[-102.02,33.428],[-100.17,36.17],[-97.44,32.26],[-97.37,32.66],[-97.37,32.67],[-97.29,32.63],[-97.21,32.67],[-97.19,32.67],[-97.23,32.69],[-97.2,32.68],[-97.2,32.67],[-97.18,32.69],[-97.19,32.69],[-97.11,32.71],[-97.99,32.71],[-97.0,32.68],[-97.99,32.68],[-97.91,32.72],[-97.8,32.76],[-97.8,32.74],[-97.81,32.72],[-97.78,32.76],[-97.78,32.76],[-97.7,32.75],[-97.7,32.76],[-98.288,33.642],[-102.4,35.04],[-101.69,34.98],[-101.77,34.53],[-102.92,30.87],[-102.89,30.78],[-103.57,31.4],[-103.61,31.46],[-101.983,33.563],[-101.98,33.68],[-101.658,33.546],[-101.686,33.942],[-101.87,33.62],[-101.914,33.602],[-101.83,33.73],[-102.62,33.513],[-102.375,33.551],[-102.102,33.437],[-100.731,33.269],[-101.913,33.356],[-101.53,33.67],[-101.38,33.18],[-101.22,36.17],[-102.43,35.25],[-103.0,35.68],[-102.43,35.25],[-101.96,35.04],[-101.53,33.67],[-102.87,36.3],[-101.31,36.1],[-101.44,35.82],[-102.68,36.01],[-100.896,34.706],[-94.22,31.75],[-101.44,35.83],[-100.12,34.2],[-100.842,33.61],[-100.328,33.963],[-100.986,33.426],[-100.912,33.364],[-100.138,33.94],[-102.101,32.001],[-100.767,33.259],[-101.94,32.0],[-101.511,32.241],[-101.45,32.26],[-101.3,32.3],[-101.02,32.36],[-99.05,33.02],[-99.4,32.39],[-99.49,32.41],[-99.82,32.39],[-99.46,32.42],[-101.94,32.22],[-101.91,32.23],[-101.79,32.12],[-101.78,32.13],[-102.33,31.7],[-100.13,36.17],[-101.38,35.353],[-101.89,35.48],[-101.91,35.24],[-101.89,35.18],[-101.99,35.058],[-95.54,30.0],[-103.03,36.38],[-96.55,33.57],[-97.17,33.43],[-96.59,33.49],[-96.58,33.48],[-96.57,33.42],[-96.55,33.36],[-96.55,33.31],[-99.14,33.67],[-96.9,33.66],[-102.5,36.06],[-100.73,36.23],[-100.14,36.44],[-100.84,35.89]]}},{"type":"Feature","properties":{"kind":"hail","size":3},"geometry":{"type":"MultiPoint","coordinates":[[-100.83,35.7],[-100.27,36.2],[-100.13,36.38],[-96.75,32.77],[-96.63,32.92],[-97.7,31.1],[-96.68,30.53],[-97.9,29.95],[-96.93,30.18],[-94.17,32.3],[-101.97,31.53],[-97.13,32.0],[-97.53,30.93],[-97.37,32.85],[-97.4,32.8],[-97.33,32.77],[-98.63,29.47],[-95.33,32.12],[-94.37,32.53],[-101.58,31.4],[-100.82,31.27],[-99.72,33.93],[-99.0,33.27],[-99.0,33.27],[-98.6,33.18],[-97.45,32.77],[-94.07,32.5],[-100.68,33.9],[-99.78,32.95],[-99.78,32.95],[-99.78,32.93],[-100.52,33.82],[-100.32,33.83],[-100.32,33.82],[-100.08,34.93],[-99.3,33.28],[-97.58,31.78],[-99.02,32.05],[-100.38,35.32],[-102.47,33.22],[-101.83,32.97],[-101.88,33.0],[-102.43,34.65],[-101.92,35.13],[-101.9,35.13],[-101.92,35.03],[-101.48,35.02],[-99.18,33.3],[-99.0,33.27],[-98.45,33.5],[-98.45,33.37],[-98.37,33.43],[-95.45,30.32],[-97.9,32.37],[-96.85,32.4],[-96.95,32.58],[-96.45,32.93],[-98.38,29.47],[-100.38,35.75],[-101.38,35.62],[-101.38,35.62],[-102.05,32.7],[-98.47,32.87],[-95.53,29.62],[-100.32,31.37],[-101.38,35.35],[-101.88,33.7],[-101.83,33.73],[-98.78,33.65],[-97.95,29.23],[-98.78,27.45],[-97.68,30.5],[-98.73,29.78],[-100.33,29.32],[-98.92,34.03],[-101.3,34.47],[-100.82,35.43],[-99.58,34.25],[-103.03,35.17],[-102.97,35.17],[-99.73,32.45],[-102.72,35.08],[-100.38,34.37],[-100.2,34.42],[-102.2,33.28],[-97.92,31.1],[-97.77,31.13],[-97.95,31.08],[-98.5,29.42],[-96.73,33.0],[-98.87,32.53],[-97.8,33.8],[-95.22,32.68],[-101.52,34.0],[-101.42,33.98],[-100.3,34.02],[-98.9,32.95],[-98.75,33.17],[-99.4,32.4],[-99.35,32.2],[-96.52,29.05],[-97.0,30.42],[-98.33,29.3],[-99.8,29.22],[-99.47,29.32],[-99.15,29.35],[-98.82,32.4],[-97.6,32.7],[-96.3,29.18],[-102.12,32.58],[-101.93,33.02],[-97.88,32.77],[-97.77,33.15],[-97.65,33.15],[-97.6,33.23],[-100.9,29.37],[-100.78,29.37],[-99.28,29.03],[-96.55,29.72],[-103.0,31.17],[-102.87,30.93],[-101.4,33.93],[-101.28,33.98],[-100.6,35.73],[-101.22,36.18],[-100.77,35.8],[-100.88,35.9],[-99.8,33.67],[-100.32,32.47],[-99.95,31.97],[-102.15,33.42],[-100.48,31.73],[-99.92,31.52],[-101.25,33.62],[-99.67,31.33],[-99.55,31.28],[-99.4,31.32],[-99.22,31.3],[-100.72,32.48],[-100.62,32.43],[-100.58,32.47],[-98.38,31.23],[-100.67,32.42],[-101.92,34.77],[-102.32,33.92],[-100.67,34.77],[-101.5,31.78],[-100.47,32.25],[-98.95,31.98],[-101.18,35.35],[-99.87,32.45],[-99.88,32.35],[-100.58,34.02],[-101.33,33.98],[-102.37,33.58],[-101.38,33.68],[-101.07,33.7],[-101.38,33.18],[-101.5,31.92],[-101.7,34.47],[-101.2,33.87],[-102.42,34.02],[-100.43,34.02],[-94.43,31.28],[-94.22,31.52],[-101.2,30.33],[-98.7,32.03],[-98.47,32.07],[-96.55,29.77],[-96.58,29.68],[-100.32,33.22],[-99.8,32.22],[-100.23,33.08],[-100.05,33.07],[-99.9,33.08],[-99.08,33.02],[-98.92,33.28],[-99.05,33.02],[-98.6,33.1],[-98.35,32.93],[-98.25,33.0],[-98.75,33.0],[-97.37,32.87],[-97.35,32.75],[-97.25,32.93],[-96.78,32.77],[-96.45,32.93],[-96.72,33.02],[-95.6,33.08],[-96.92,33.65],[-96.58,33.62],[-95.23,33.27],[-93.9,29.77],[-100.7,29.37],[-100.92,29.32],[-97.5,25.92],[-97.5,25.92],[-97.5,25.92],[-99.17,33.87],[-97.02,33.7],[-96.92,33.65],[-94.35,33.33],[-97.4,32.35],[-101.38,35.67],[-100.5,35.23],[-96.3,32.02],[-95.3,31.8],[-96.45,31.03],[-95.77,31.03],[-95.88,30.95],[-100.72,35.63],[-100.85,35.63],[-100.82,35.6],[-100.97,35.53],[-95.88,32.92],[-101.43,34.18],[-97.3,33.18],[-97.9,32.4],[-97.25,32.83],[-97.72,32.38],[-99.22,30.73],[-99.6,31.4],[-99.62,31.42],[-99.38,31.17],[-100.52,33.82],[-100.23,33.37],[-99.75,33.1],[-99.75,33.07],[-97.77,33.22],[-94.35,32.75],[-99.2,32.42],[-101.83,30.73],[-101.73,30.7],[-102.27,30.43],[-99.68,33.32],[-102.25,35.53],[-102.13,34.28],[-102.1,35.43],[-98.7,33.8],[-101.82,33.67],[-102.82,34.7],[-101.33,32.12],[-100.45,31.45],[-100.45,31.45],[-102.68,33.87],[-98.93,31.85],[-101.38,33.68],[-99.77,32.57],[-97.4,32.35],[-101.15,32.65],[-102.73,34.03],[-101.88,32.8],[-97.4,30.88],[-96.97,30.85],[-98.08,27.65],[-95.45,31.32],[-95.68,30.17],[-95.75,30.22],[-97.03,29.68],[-100.8,36.33],[-99.67,33.17],[-100.02,35.22],[-99.53,32.73],[-99.38,32.73],[-99.3,32.73],[-99.63,31.85],[-99.02,26.42],[-104.02,31.12],[-104.02,31.12],[-103.78,29.28],[-103.0,32.72],[-99.82,28.68],[-98.28,27.58],[-98.2,27.55],[-98.48,27.27],[-103.33,30.98],[-102.92,29.43],[-98.67,31.55],[-96.68,30.53],[-99.0,30.58],[-100.8,36.48],[-100.85,32.47],[-101.72,32.3],[-101.17,29.68],[-100.93,29.42],[-100.98,33.43],[-102.83,33.67],[-101.82,35.2],[-101.85,35.12],[-101.92,35.12],[-101.88,35.15],[-101.82,35.17],[-101.92,35.05],[-101.92,34.98],[-98.17,33.38],[-98.38,33.22],[-97.62,32.92],[-98.37,33.17],[-101.92,34.85],[-98.43,33.65],[-98.43,33.65],[-99.22,32.73],[-100.05,35.78],[-100.25,35.25],[-100.25,35.22],[-100.5,34.2],[-100.4,34.88],[-100.35,33.98],[-100.3,33.87],[-100.32,33.82],[-100.33,33.83],[-100.5,35.22],[-101.92,35.02],[-101.92,35.03],[-99.95,31.75],[-102.87,30.72],[-101.98,33.68],[-101.92,32.97],[-100.23,31.37],[-95.45,30.37],[-95.4,30.35],[-99.83,32.37],[-101.87,30.57],[-101.9,30.5],[-98.95,30.03],[-96.03,30.95],[-94.45,32.25],[-94.35,32.15],[-98.12,31.7],[-100.63,35.7],[-100.63,35.7],[-97.33,32.4],[-95.6,33.13],[-97.62,30.8],[-95.58,32.08],[-95.42,32.07],[-95.4,32.18],[-101.37,35.12],[-101.82,34.18],[-101.43,34.25],[-101.32,34.25],[-101.65,34.37],[-101.32,34.22],[-101.9,35.13],[-101.87,35.17],[-101.05,34.4],[-101.83,33.73],[-100.13,34.02],[-100.13,34.02],[-101.05,34.38],[-101.05,34.38],[-103.0,29.55],[-94.02,30.12],[-102.3,34.82],[-101.23,34.07],[-100.73,34.02],[-99.98,32.6],[-100.42,31.5],[-100.42,31.45],[-100.28,31.4],[-100.2,31.27],[-100.48,31.9],[-99.83,32.18],[-100.07,32.12],[-99.2,30.75],[-98.82,30.75],[-97.65,31.92],[-102.22,34.97],[-101.37,34.95],[-99.2,32.37],[-99.2,32.37],[-101.73,33.35],[-100.52,33.82],[-94.1,33.43],[-101.55,35.12],[-101.38,35.67],[-101.8,33.87],[-101.78,33.88],[-101.65,34.2],[-101.68,34.22],[-101.37,35.12],[-101.6,33.93],[-102.9,34.38],[-102.83,34.22],[-101.72,33.43],[-100.65,34.87],[-99.1,29.9],[-98.92,29.97],[-97.12,33.72],[-96.73,33.7],[-98.77,33.37],[-97.87,30.38],[-97.97,29.83],[-99.4,30.0],[-97.75,31.52],[-101.63,31.35],[-96.92,33.65],[-98.8,32.82],[-97.3,33.18],[-95.67,33.73],[-97.63,27.67],[-97.52,28.03],[-100.5,28.72],[-99.52,27.68],[-100.9,34.93],[-101.03,32.48],[-101.03,32.48],[-101.03,35.22],[-101.07,32.32],[-100.92,32.33],[-100.85,32.33],[-99.15,29.13],[-100.97,33.35],[-95.53,30.03],[-101.0,31.68],[-102.55,32.72],[-100.9,31.63],[-100.82,31.35],[-98.7,30.33],[-100.98,32.72],[-99.4,32.4],[-100.53,31.17],[-98.73,29.97],[-101.47,32.25],[-101.4,32.3],[-100.4,32.47],[-101.92,33.32],[-101.82,33.35],[-102.67,32.73],[-102.4,33.33],[-102.57,32.72],[-102.62,32.72],[-100.6,32.78],[-102.52,32.72],[-99.33,32.13],[-102.07,32.48],[-99.92,32.63],[-99.78,32.62],[-101.77,30.35],[-99.3,32.58],[-99.17,31.75],[-98.12,31.48],[-97.63,31.22],[-98.35,30.87],[-98.47,31.17],[-102.35,31.62],[-102.32,31.68],[-102.37,31.75],[-100.88,34.7],[-100.63,34.63],[-100.28,35.05],[-100.43,34.5],[-100.2,34.42],[-99.55,34.25],[-99.5,34.25],[-101.984,34.113],[-102.28,30.837],[-101.538,34.79],[-101.643,35.2],[-101.644,35.183],[-101.443,35.299],[-101.57,35.33],[-100.476,36.45],[-100.745,35.213],[-100.6,35.201],[-100.6,35.215],[-100.6,35.23],[-100.82,35.43],[-100.058,29.619],[-100.02,29.53],[-99.27,33.6],[-97.34,32.75],[-97.15,32.88],[-99.8,29.55],[-102.13,34.18],[-102.072,34.18],[-101.79,34.57],[-100.4,32.47],[-99.558,28.58],[-98.98,27.47],[-99.02,27.07],[-99.093,30.647],[-97.45,32.68],[-100.8,36.111],[-100.8,36.06],[-101.948,34.0],[-101.664,36.042],[-98.789,30.852],[-102.789,31.906],[-102.805,31.947],[-102.37,31.85],[-102.43,31.799],[-103.758,30.834],[-97.67,30.731],[-97.224,33.691],[-103.52,29.13],[-102.42,32.833],[-102.4,32.88],[-102.2,33.33],[-101.43,32.915],[-102.42,32.92],[-97.85,30.58],[-95.33,32.159],[-95.35,32.23],[-100.72,30.84],[-97.06,33.09],[-94.25,33.47],[-94.07,33.46],[-98.08,32.83],[-101.815,32.487],[-98.37,32.55],[-98.369,32.517],[-102.045,32.697],[-101.96,32.72],[-101.96,32.73],[-99.19,32.33],[-98.34,32.12],[-97.75,32.07],[-97.75,32.06],[-97.468,31.201],[-97.45,31.16],[-97.47,31.07],[-97.0,30.65],[-98.89,32.38],[-98.47,33.689],[-98.23,33.598],[-98.19,33.762],[-98.76,33.28],[-97.22,33.7],[-97.59,33.23],[-99.14,34.13],[-98.47,33.66],[-99.52,32.56],[-97.709,33.169],[-97.709,33.169],[-100.86,32.4],[-99.844,31.21],[-99.69,32.34],[-99.56,32.34],[-99.54,32.26],[-97.7,30.53],[-97.69,30.3],[-97.69,30.3],[-97.71,30.29],[-100.02,36.12],[-100.68,35.07],[-100.62,35.09],[-100.6,35.2],[-100.34,35.29],[-100.45,34.88],[-102.588,30.865],[-103.603,30.37],[-102.78,31.28],[-101.844,33.529],[-102.13,34.166],[-101.02,32.495],[-100.01,36.11],[-102.73,34.63],[-102.68,34.23],[-102.855,34.38],[-102.73,34.22],[-102.931,33.665],[-102.83,33.18],[-102.65,32.836],[-102.65,32.72],[-102.636,32.582],[-101.58,35.18],[-100.956,34.557],[-100.722,34.65],[-102.4,34.82],[-100.04,35.63],[-97.725,33.787],[-97.808,33.873],[-99.01,30.58],[-97.83,30.51],[-97.76,30.429],[-97.73,30.41],[-97.377,33.65],[-96.705,33.744],[-96.611,33.671],[-95.185,30.32],[-97.68,32.97],[-97.314,32.933],[-97.288,32.956],[-97.15,32.95],[-101.056,33.08],[-101.75,32.5],[-100.18,35.92],[-101.82,30.69],[-101.88,30.74],[-102.1,30.44],[-101.85,30.44],[-100.955,34.571],[-101.55,30.08],[-101.17,35.33],[-99.755,33.98],[-100.96,35.66],[-100.96,35.59],[-100.96,35.55],[-100.8,35.44],[-98.76,29.82],[-99.29,28.77],[-99.9,33.18],[-99.91,33.12],[-99.91,33.09],[-98.593,32.602],[-98.322,32.42],[-98.667,32.663],[-98.66,32.67],[-98.97,32.1],[-97.75,33.78],[-96.485,33.522],[-98.98,32.38],[-98.52,31.67],[-98.183,31.065],[-98.13,31.06],[-101.05,34.37],[-101.74,35.96],[-101.04,34.99],[-102.819,30.88],[-100.65,36.21],[-100.56,36.21],[-100.93,36.15],[-100.65,36.21],[-100.75,33.17],[-101.204,33.241],[-100.38,32.75],[-102.52,36.06],[-96.3,30.53],[-96.588,30.209],[-101.1,35.2],[-101.19,36.08],[-101.1,35.2],[-102.59,36.41],[-95.03,33.05],[-96.744,32.169],[-96.5,32.23],[-96.213,32.321],[-95.22,32.187],[-94.95,32.73],[-101.062,34.24],[-101.19,36.2],[-100.91,35.18],[-101.0,35.2],[-101.233,33.303],[-96.97,30.922],[-103.61,30.26],[-103.67,30.19],[-103.67,30.25],[-102.35,35.84],[-102.36,35.85],[-102.29,35.89],[-101.99,35.88],[-101.58,35.93],[-101.44,35.94],[-101.44,35.91],[-96.47,32.1],[-96.418,32.008],[-97.05,31.71],[-101.2,35.102],[-101.2,35.117],[-101.19,35.12],[-100.77,35.02],[-102.845,34.3],[-101.82,36.16],[-101.81,35.97],[-101.79,36.02],[-101.81,35.94],[-101.7,36.02],[-101.81,35.94],[-101.72,36.01],[-100.58,36.27],[-100.65,36.21],[-100.26,36.39],[-100.27,36.45],[-100.28,36.43],[-101.08,35.05],[-98.69,30.96],[-101.67,34.95],[-100.8,35.44],[-101.963,33.68],[-96.0,33.58],[-96.82,33.23],[-95.53,33.679],[-95.38,33.67],[-97.4,32.35],[-97.148,32.162],[-97.16,32.07],[-100.07,31.4],[-100.0,31.4],[-99.86,30.49],[-99.92,32.65],[-97.23,33.65],[-97.15,33.659],[-98.717,32.03],[-98.747,31.95],[-99.751,32.403],[-99.73,32.43],[-99.73,32.45],[-99.68,32.43],[-99.73,32.42],[-97.87,33.07],[-95.46,32.51],[-97.1,31.62],[-97.143,31.647],[-98.02,32.22],[-98.151,31.478],[-98.0,31.18],[-98.16,31.73],[-97.98,31.22],[-97.95,30.88],[-98.23,30.76],[-98.23,30.76],[-98.23,30.79],[-98.23,30.76],[-99.3,32.73],[-98.465,33.559],[-98.44,33.594],[-98.207,33.82],[-98.92,31.91],[-98.92,31.98],[-99.051,33.764],[-98.1,32.785],[-97.68,33.0],[-97.58,32.92],[-97.42,32.97],[-97.403,32.975],[-97.253,32.934],[-97.246,32.957],[-96.57,33.63],[-96.92,32.82],[-96.757,32.857],[-97.35,32.736],[-97.15,32.674],[-96.45,32.62],[-96.32,32.594],[-95.22,30.31],[-95.1,30.379],[-95.08,30.34],[-96.67,29.49],[-104.45,30.58],[-104.66,30.02],[-98.37,32.56],[-100.33,36.33],[-98.38,33.098],[-98.25,32.93],[-101.854,33.932],[-101.84,34.06],[-99.36,30.02],[-100.03,36.12],[-98.244,26.279],[-101.67,35.58],[-98.314,26.287],[-98.213,26.218],[-102.35,33.68],[-101.94,33.51],[-102.27,33.02],[-101.79,33.33],[-101.97,35.86],[-101.38,33.22],[-101.247,32.923],[-101.15,32.793],[-100.84,33.59],[-100.77,34.93],[-100.64,34.91],[-97.048,32.833],[-97.052,32.894],[-97.08,32.83],[-97.02,32.95],[-96.92,32.9],[-96.971,32.98],[-96.45,32.83],[-96.475,32.802],[-96.349,32.9],[-95.279,29.399],[-101.02,32.162],[-101.02,32.162],[-101.2,31.65],[-95.809,31.85],[-103.769,31.843],[-103.634,31.7],[-98.23,28.23],[-99.384,27.945],[-101.054,32.35],[-98.92,33.94],[-98.83,33.85],[-98.78,33.65],[-100.8,35.45],[-100.3,34.19],[-99.99,32.25],[-100.07,31.92],[-99.96,31.74],[-99.75,31.53],[-99.76,31.41],[-100.387,34.02],[-99.85,33.75],[-99.72,31.41],[-100.3,33.81],[-100.32,33.63],[-99.58,31.2],[-99.57,31.19],[-99.18,33.44],[-99.32,30.72],[-103.821,30.631],[-98.528,34.101],[-98.77,32.94],[-98.733,33.15],[-98.58,33.32],[-102.75,33.46],[-96.731,32.825],[-96.774,32.868],[-97.01,32.829],[-96.98,32.75],[-97.032,32.721],[-96.998,32.695],[-96.992,32.699],[-97.016,32.676],[-96.25,33.38],[-96.62,33.05],[-96.994,32.495],[-101.57,35.13],[-99.05,28.72],[-99.85,28.78],[-98.6,28.04],[-98.54,27.95],[-98.61,27.89],[-98.41,27.6],[-98.44,27.6],[-97.633,33.286],[-98.29,30.51],[-95.019,29.348],[-98.72,33.41],[-99.09,28.93],[-99.11,28.91],[-97.95,33.82],[-98.1,32.8],[-98.48,31.55],[-97.71,33.37],[-97.8,32.45],[-98.22,31.61],[-98.6,33.1],[-98.75,33.2],[-98.58,33.12],[-99.58,33.36],[-100.29,33.08],[-100.39,34.38],[-102.11,35.15],[-101.94,35.174],[-100.638,34.619],[-100.47,32.88],[-99.93,31.78],[-99.48,31.55],[-99.7,30.92],[-99.67,30.92],[-99.07,30.44],[-98.88,30.28],[-101.197,35.132],[-101.84,33.73],[-102.54,33.512],[-103.958,29.411],[-100.13,32.87],[-100.12,32.87],[-102.73,34.63],[-100.75,32.63],[-98.17,33.22],[-98.17,33.21],[-101.17,35.43],[-102.44,35.97],[-97.481,31.094],[-97.47,31.07],[-94.06,32.48],[-100.25,34.42],[-95.927,32.602],[-95.88,32.7],[-96.93,30.21],[-96.93,30.23],[-94.13,33.12],[-99.18,33.09],[-97.13,33.227],[-97.131,33.286],[-97.15,33.22],[-97.15,33.22],[-96.98,33.3],[-98.013,27.968],[-102.214,30.538],[-101.88,30.92],[-101.572,31.931],[-98.67,31.35],[-97.236,32.469],[-98.045,27.776],[-98.31,33.87],[-100.92,30.64],[-100.85,32.4],[-99.74,32.64],[-99.69,32.49],[-99.76,32.49],[-99.7,32.48],[-99.66,32.5],[-99.71,32.47],[-99.71,30.56],[-99.66,30.61],[-99.95,31.85],[-99.58,30.58],[-99.6,30.61],[-102.06,35.15],[-103.653,30.37],[-101.327,34.207],[-102.66,35.28],[-97.6,33.23],[-101.276,35.69],[-100.59,35.623],[-100.07,35.63],[-96.044,30.304],[-94.16,32.31],[-95.613,30.048],[-102.0,34.83],[-101.86,34.74],[-100.4,33.84],[-99.82,33.49],[-99.67,33.32],[-100.35,31.79],[-99.17,32.05],[-99.55,32.95],[-99.5,32.9],[-98.677,32.105],[-98.67,32.12],[-98.296,32.08],[-98.97,32.1],[-98.2,32.23],[-98.139,32.281],[-98.33,32.08],[-98.34,32.07],[-98.115,32.158],[-97.47,32.97],[-99.88,34.28],[-99.74,34.3],[-99.74,34.3],[-99.74,34.18],[-99.68,32.56],[-102.209,30.732],[-102.351,30.733],[-98.3,33.43],[-98.27,33.42],[-100.18,31.6],[-101.36,34.89],[-101.892,34.019],[-103.208,31.086],[-103.282,31.005],[-101.55,34.79],[-103.226,31.012],[-102.16,33.78],[-101.41,34.84],[-101.24,33.57],[-99.71,31.78],[-102.35,31.4],[-99.73,33.1],[-101.92,32.0],[-97.48,33.09],[-98.6,32.27],[-99.02,32.02],[-98.92,31.94],[-101.81,33.45],[-98.99,32.36],[-98.82,32.4],[-101.38,36.26],[-102.298,31.911],[-102.136,33.433],[-102.33,35.68],[-102.33,35.58],[-101.92,34.76],[-101.848,34.749],[-99.18,31.01],[-99.15,30.98],[-99.21,30.95],[-98.47,33.66],[-98.04,33.56],[-97.85,33.57],[-97.71,33.44],[-97.68,33.37],[-97.112,33.216],[-97.163,33.208],[-97.07,33.16],[-96.97,33.15],[-95.298,32.831],[-95.067,32.866],[-94.98,32.813],[-96.481,32.867],[-96.55,33.02],[-96.495,33.018],[-96.55,33.02],[-96.543,33.017],[-96.45,32.93],[-95.64,32.74],[-98.67,29.55],[-98.66,29.54],[-98.69,29.57],[-98.47,29.47],[-98.624,29.499],[-98.459,29.496],[-99.86,28.55],[-98.39,29.46],[-98.36,29.45],[-98.46,29.48],[-98.43,29.49],[-97.695,27.869],[-98.58,29.54],[-98.4,29.87],[-99.23,32.04],[-101.93,35.54],[-101.92,35.52],[-101.96,35.55],[-99.193,27.688],[-99.224,27.649],[-100.24,30.57],[-99.25,30.12],[-99.24,30.08],[-99.16,29.44],[-98.92,29.3],[-101.596,33.086],[-101.38,33.18],[-101.569,32.194],[-102.265,30.431],[-100.72,35.2],[-100.8,36.26],[-100.81,36.16],[-99.13,29.3],[-102.08,36.34],[-100.3,34.19],[-102.312,34.645],[-97.85,27.42],[-99.81,32.61],[-99.78,32.68],[-95.67,33.73],[-100.962,34.552],[-100.61,35.27],[-99.72,33.98],[-102.586,31.98],[-99.76,29.81],[-99.76,29.72],[-99.25,29.8],[-99.25,29.8],[-97.258,33.114],[-97.18,33.12],[-97.13,33.1],[-97.07,33.15],[-97.07,33.18],[-97.02,33.09],[-97.03,33.12],[-101.45,30.38],[-102.835,34.542],[-102.622,34.526],[-102.32,34.565],[-101.24,35.25],[-101.25,35.2],[-97.15,33.63],[-97.151,33.611],[-96.79,33.236],[-96.655,33.2],[-100.05,31.72],[-99.55,31.75],[-99.33,31.72],[-97.58,26.23],[-97.58,26.23],[-101.07,35.07],[-100.45,34.22],[-100.896,34.684],[-101.49,35.84],[-100.61,35.19],[-100.35,34.9],[-100.21,34.85],[-100.09,35.02],[-99.776,31.875],[-98.83,33.86],[-99.897,31.496],[-99.265,31.733],[-99.16,27.48],[-101.47,36.06],[-100.68,29.79],[-100.02,30.07],[-101.712,34.19],[-101.694,33.974],[-100.42,35.98],[-100.03,36.05],[-102.283,31.906],[-102.273,31.901],[-102.309,31.894],[-102.294,31.902],[-102.309,31.894],[-102.309,31.894],[-102.309,31.894],[-102.309,31.894],[-102.292,31.919],[-102.262,31.906],[-102.228,31.98],[-102.56,36.02],[-102.59,36.0],[-100.226,34.419],[-102.52,34.08],[-102.18,33.82],[-97.391,28.664],[-101.82,35.69],[-102.73,33.922],[-99.95,31.85],[-94.24,32.521],[-98.02,30.97],[-97.5,32.02],[-96.683,30.546],[-96.7,30.53],[-96.34,30.62],[-97.41,29.79],[-97.28,29.87],[-97.22,29.92],[-97.17,29.98],[-100.72,32.29],[-96.8,33.32],[-94.216,32.405],[-97.413,31.453],[-100.39,36.07],[-101.25,33.67],[-101.49,32.21],[-101.65,33.43],[-101.882,33.463],[-100.27,35.67],[-98.519,32.169],[-98.63,31.89],[-100.96,35.55],[-100.95,35.52],[-101.55,36.26],[-101.51,36.34],[-100.6,35.59],[-100.28,35.44],[-100.28,35.44],[-100.28,35.44],[-100.85,32.4],[-101.391,33.682],[-100.85,33.48],[-97.0,32.97],[-97.02,32.95],[-96.94,33.03],[-96.9,32.95],[-97.45,32.77],[-97.15,33.63],[-103.487,31.53],[-103.472,31.511],[-102.4,34.82],[-96.767,33.152],[-96.716,33.152],[-96.709,33.144],[-96.716,33.159],[-98.87,29.56],[-98.68,29.57],[-96.879,33.084],[-98.62,29.65],[-98.62,29.61],[-98.614,29.653],[-98.62,29.65],[-98.52,29.68],[-102.159,31.989],[-102.143,31.989],[-100.55,33.23],[-100.4,33.21],[-101.65,30.71],[-101.2,30.71],[-95.48,31.49],[-95.48,31.49],[-95.963,30.922],[-95.074,31.653],[-100.33,34.79],[-100.23,34.75],[-100.22,34.85],[-100.22,34.85],[-101.78,32.055],[-100.54,32.86],[-101.04,35.66],[-102.029,33.639],[-99.68,34.27],[-102.832,31.27],[-102.23,31.13],[-95.38,33.67],[-98.7,30.54],[-98.977,33.433],[-100.98,29.56],[-103.068,31.32],[-103.064,31.238],[-101.487,32.774],[-101.602,32.77],[-101.487,32.774],[-100.61,35.64],[-101.6,35.64],[-101.66,35.65],[-102.87,31.083],[-102.794,31.098],[-102.651,30.88],[-100.44,30.62],[-94.0,30.92],[-94.06,31.06],[-95.11,30.81],[-94.53,30.28],[-102.56,34.82],[-100.96,35.55],[-101.39,35.65],[-99.58,31.85],[-99.43,31.83],[-95.51,33.14],[-100.87,35.22],[-100.18,31.33],[-101.88,33.09],[-99.382,27.951],[-101.67,33.48],[-101.83,33.73],[-101.6,33.87],[-102.84,36.26],[-98.2,32.14],[-98.67,30.75],[-99.61,28.35],[-102.421,31.253],[-100.92,29.39],[-100.89,29.37],[-100.94,29.39],[-100.9,29.35],[-100.91,29.37],[-100.82,29.37],[-100.42,29.31],[-95.53,30.67],[-95.5,30.71],[-95.28,30.92],[-95.55,33.64],[-98.44,33.57],[-98.432,28.488],[-101.857,33.481],[-100.42,31.47],[-100.43,31.45],[-100.51,31.43],[-100.43,31.49],[-100.49,31.57],[-100.36,31.52],[-98.68,34.12],[-98.56,34.08],[-98.56,34.08],[-98.4,34.07],[-98.23,34.01],[-101.3,34.47],[-97.68,30.63],[-100.31,34.72],[-99.88,34.49],[-99.51,34.16],[-99.38,34.08],[-99.41,34.05],[-99.2,33.75],[-99.08,33.69],[-99.03,33.71],[-98.72,33.56],[-98.75,33.4],[-98.55,33.35],[-98.51,33.26],[-98.29,33.27],[-102.37,31.85],[-102.4,31.931],[-102.38,35.23],[-101.4,35.33],[-98.26,30.83],[-98.25,30.81],[-97.374,32.923],[-97.34,32.96],[-99.84,30.53],[-99.81,30.45],[-99.2,30.99],[-99.25,30.99],[-99.18,31.01],[-99.21,31.01],[-98.75,30.77],[-98.79,30.75],[-98.81,30.77],[-99.55,31.35],[-99.9,32.75],[-99.01,30.56],[-98.05,30.75],[-99.8,33.85],[-99.66,33.86],[-99.73,34.15],[-99.13,34.13],[-99.19,34.12],[-98.55,33.83],[-98.58,33.76],[-100.336,33.811],[-100.82,29.33],[-100.01,29.42],[-99.86,29.27],[-100.241,33.167],[-99.254,29.331],[-99.144,29.342],[-99.15,29.35],[-99.14,29.35],[-97.425,32.881],[-97.322,32.904],[-97.217,32.931],[-97.27,32.968],[-96.38,30.6],[-96.28,30.58],[-94.766,32.099],[-94.766,32.1],[-97.12,32.43],[-96.88,32.18],[-99.88,30.53],[-99.86,30.61],[-99.78,30.62],[-99.77,30.71],[-97.3,33.18],[-100.85,32.4],[-100.9,32.72],[-100.866,32.72],[-101.83,33.983],[-100.769,33.268],[-101.48,32.18],[-101.37,32.12],[-101.418,32.161],[-101.65,34.94],[-101.02,32.02],[-102.32,31.68],[-101.3,36.06],[-101.31,36.07],[-101.35,36.34],[-101.36,36.36],[-102.578,31.595],[-97.39,32.25],[-98.81,29.78],[-98.527,29.425],[-98.527,29.406],[-98.34,29.36],[-98.39,29.39],[-98.44,29.4],[-98.415,29.356],[-100.47,32.85],[-95.91,32.91],[-97.54,30.95],[-97.54,30.96],[-97.5,31.02],[-99.2,29.39],[-99.14,29.14],[-98.84,32.75],[-102.43,35.24],[-99.23,32.93],[-100.8,31.35],[-100.75,31.33],[-100.63,31.31],[-100.63,31.31],[-102.163,32.026],[-102.158,32.05],[-100.69,30.17],[-100.493,34.689],[-101.3,34.47],[-102.37,33.58],[-102.978,33.014],[-102.833,31.027],[-102.786,31.054],[-102.2,34.99],[-102.883,31.019],[-101.81,35.28],[-101.83,32.984],[-99.12,31.55],[-100.4,29.17],[-100.808,34.03],[-100.91,36.32],[-103.5,31.41],[-102.072,33.6],[-97.817,32.798],[-97.36,32.71],[-99.25,28.448],[-98.6,34.07],[-99.21,28.71],[-98.7,28.82],[-94.31,30.24],[-99.73,32.38],[-96.45,32.66],[-96.74,33.03],[-98.41,26.46],[-98.45,26.23],[-99.96,31.74],[-101.894,34.632],[-100.37,32.47],[-99.99,32.2],[-100.04,32.23],[-99.88,32.1],[-99.75,31.92],[-101.31,34.114],[-100.98,33.73],[-98.686,32.222],[-98.44,32.23],[-97.46,31.66],[-97.45,31.65],[-94.798,32.153],[-98.33,32.08],[-98.2,32.18],[-98.54,32.12],[-97.2,31.62],[-97.116,31.55],[-97.75,32.06],[-96.95,31.54],[-95.08,31.25],[-98.27,31.64],[-98.01,31.83],[-100.49,32.74],[-101.98,33.738],[-103.02,33.62],[-101.44,36.1],[-99.83,28.68],[-98.23,30.76],[-98.93,31.84],[-99.05,31.59],[-99.06,31.59],[-100.47,32.86],[-100.18,31.57],[-99.55,32.25],[-102.51,34.91],[-102.76,35.2],[-102.68,35.27],[-96.33,32.98],[-97.096,33.014],[-97.16,33.05],[-101.85,34.75],[-97.13,33.05],[-101.873,34.731],[-97.06,33.07],[-97.206,33.084],[-97.16,33.09],[-96.85,33.08],[-96.86,33.15],[-101.266,34.537],[-101.4,35.66],[-100.96,35.54],[-99.43,31.19],[-99.34,31.13],[-97.67,32.37],[-98.427,31.465],[-97.34,32.53],[-97.12,32.58],[-97.08,32.6],[-97.11,32.58],[-96.99,32.61],[-97.08,32.58],[-97.06,32.56],[-96.99,32.6],[-95.28,32.42],[-102.54,36.47],[-94.8,32.16],[-94.46,32.07],[-100.97,35.53],[-100.34,35.23],[-100.78,35.42],[-100.6,35.35],[-100.34,35.23],[-96.83,32.43],[-95.66,32.55],[-95.6,32.53],[-96.55,32.267],[-97.2,33.38],[-97.17,33.36],[-99.01,30.18],[-97.21,31.38],[-100.161,32.978],[-100.05,32.6],[-99.84,32.91],[-98.66,31.56],[-98.65,31.46],[-101.19,35.16],[-100.82,34.02],[-100.58,33.25],[-99.65,33.53],[-101.969,33.471],[-102.22,30.63],[-101.95,30.58],[-101.83,30.68],[-101.24,30.35],[-103.02,36.38],[-102.75,34.575],[-96.71,32.09],[-97.68,30.56],[-97.727,30.517],[-97.69,30.54],[-97.67,30.48],[-97.68,30.53],[-97.62,30.42],[-97.68,30.53],[-97.69,30.52],[-97.737,30.343],[-100.55,31.58],[-96.98,29.81],[-93.74,30.85],[-93.75,30.85],[-97.55,29.51],[-95.39,32.25],[-94.73,32.5],[-97.26,33.0],[-97.09,33.06],[-97.13,33.09],[-95.83,29.39],[-99.907,33.42],[-99.82,32.61],[-99.68,32.65],[-97.62,33.02],[-97.33,33.05],[-97.29,33.09],[-97.207,33.077],[-97.56,33.05],[-98.3,30.94],[-98.23,30.89],[-98.23,30.93],[-98.01,30.94],[-98.36,30.55],[-98.24,30.55],[-98.28,30.55],[-97.53,30.95],[-99.58,29.02],[-99.43,27.05],[-98.36,26.46],[-101.77,31.36],[-101.18,31.22],[-100.08,35.8],[-99.33,31.74],[-100.29,32.03],[-95.49,33.15],[-100.49,31.41],[-100.514,31.433],[-100.51,31.44],[-100.48,31.42],[-100.49,31.42],[-100.27,32.89],[-97.08,33.49],[-97.13,32.86],[-97.16,32.82],[-97.09,32.83],[-97.1,32.71],[-96.57,33.17],[-102.57,33.806],[-102.154,33.326],[-103.02,36.38],[-102.525,33.702],[-101.78,33.18],[-102.35,32.02],[-102.19,31.94],[-102.147,31.979],[-102.25,31.97],[-102.07,31.91],[-102.862,32.96],[-102.162,31.985],[-102.65,32.83],[-97.38,30.46],[-97.31,30.48],[-102.56,32.74],[-102.07,31.41],[-102.76,32.76],[-95.083,29.472],[-99.15,30.99],[-99.18,31.01],[-100.98,34.95],[-100.961,34.553],[-99.94,31.74],[-99.886,31.729],[-99.7,31.55],[-99.71,31.55],[-99.74,31.44],[-99.57,31.55],[-99.7,31.54],[-99.86,32.68],[-99.82,32.61],[-99.81,32.59],[-99.81,32.59],[-101.15,32.89],[-100.29,31.83],[-100.38,31.45],[-100.31,31.38],[-100.25,31.32],[-100.25,31.32],[-101.05,34.37],[-101.05,32.73],[-103.02,31.85],[-102.59,30.59],[-102.55,30.52],[-97.92,32.39],[-97.92,32.39],[-97.66,32.36],[-97.55,32.252],[-97.449,32.321],[-99.36,31.07],[-99.29,31.05],[-99.19,31.01],[-97.19,32.14],[-97.21,32.11],[-99.27,30.98],[-97.12,32.13],[-98.399,30.273],[-98.29,30.19],[-98.23,30.17],[-98.41,30.28],[-98.13,30.08],[-98.0,29.9],[-96.01,32.17],[-103.2,30.26],[-103.12,30.21],[-102.87,30.87],[-101.547,34.661],[-101.045,34.431],[-97.3,27.92],[-97.31,27.89],[-97.1,27.79],[-97.84,27.37],[-99.17,30.07],[-95.54,31.86],[-100.84,31.75],[-101.8,31.23],[-100.63,31.6],[-102.45,30.36],[-102.32,34.478],[-102.25,35.81],[-102.06,35.8],[-101.241,34.259],[-101.37,35.99],[-100.917,33.985],[-102.456,33.903],[-102.175,33.631],[-102.91,30.89],[-102.843,30.838],[-101.536,33.18],[-100.293,33.501],[-100.663,33.362],[-99.817,33.429],[-98.55,28.9],[-98.0,28.636],[-99.9,32.75],[-97.38,32.46],[-97.64,31.99],[-97.89,30.58],[-97.9,30.6],[-97.88,30.61],[-97.99,33.09],[-97.88,33.16],[-100.03,35.95],[-98.2,33.74],[-97.52,33.8],[-97.57,33.73],[-97.55,33.71],[-97.52,33.75],[-98.66,33.28],[-97.79,29.96],[-98.63,30.33],[-98.66,30.24],[-100.979,33.989],[-100.986,33.905],[-100.847,33.777],[-102.13,34.166],[-99.82,30.93],[-99.8,30.93],[-100.54,31.24],[-100.56,31.24],[-100.5,31.21],[-100.49,31.19],[-100.49,31.23],[-100.359,31.15],[-98.92,30.28],[-98.93,30.29],[-98.57,30.23],[-98.92,30.28],[-98.774,29.519],[-98.24,31.57],[-98.63,31.21],[-100.17,36.43],[-100.13,36.32],[-102.315,33.269],[-101.47,32.24],[-97.92,31.11],[-98.43,30.86],[-101.34,30.36],[-98.37,30.81],[-99.6,30.59],[-99.6,30.59],[-99.44,27.04],[-98.91,26.94],[-98.24,26.25],[-97.32,32.61],[-97.29,32.63],[-97.79,32.75],[-97.85,32.76],[-97.72,32.79],[-102.11,34.95],[-102.899,33.826],[-102.644,33.767],[-102.17,33.719],[-102.823,33.541],[-101.77,36.48],[-101.817,33.32],[-100.21,35.61],[-100.37,32.86],[-101.36,35.02],[-100.96,31.28],[-100.81,30.87],[-100.79,36.39],[-100.8,36.1],[-100.8,35.44]]}},{"type":"Feature","properties":{"kind":"wind","size":1},"geometry":{"type":"MultiPoint","coordinates":[[-97.82,29.8],[-97.8,29.93],[-97.12,30.22],[-97.05,30.32],[-102.95,33.87],[-102.73,34.63],[-102.75,34.22],[-101.95,32.73],[-101.38,33.78],[-100.2,34.58],[-97.4,32.35],[-96.27,29.95],[-96.15,29.73],[-96.17,30.1],[-96.27,29.95],[-98.17,29.28],[-95.8,29.55],[-95.63,29.62],[-95.37,29.73],[-95.37,29.73],[-95.37,29.73],[-99.32,29.02],[-95.45,30.15],[-95.2,29.7],[-97.47,29.5],[-99.22,30.73],[-98.5,29.42],[-99.33,27.75],[-98.12,31.07],[-98.92,29.15],[-98.5,29.42],[-98.18,29.3],[-98.27,29.57],[-98.27,29.57],[-97.82,29.85],[-97.3,29.93],[-96.33,29.87],[-96.43,30.23],[-96.33,29.58],[-96.6,30.48],[-96.4,30.17],[-96.37,30.67],[-96.03,30.27],[-95.88,30.95],[-96.0,30.55],[-95.68,30.38],[-96.0,30.55],[-96.0,30.2],[-95.45,29.83],[-96.03,29.27],[-95.63,30.67],[-95.5,30.53],[-94.82,30.8],[-95.8,29.8],[-95.55,30.23],[-95.67,30.63],[-95.37,29.73],[-95.35,29.47],[-95.35,31.25],[-95.15,31.07],[-95.23,30.75],[-95.12,30.63],[-94.63,30.63],[-95.22,31.02],[-94.8,30.07],[-94.82,30.8],[-96.15,29.32],[-94.32,30.37],[-94.0,30.92],[-93.73,30.83],[-93.57,30.83],[-98.57,34.1],[-98.67,30.25],[-97.08,33.68],[-97.15,33.22],[-97.2,31.95],[-98.08,31.43],[-97.38,32.22],[-96.32,33.13],[-96.65,33.07],[-97.05,32.28],[-95.43,29.17],[-97.13,32.85],[-94.6,30.92],[-94.0,30.92],[-97.28,29.35],[-97.3,29.32],[-93.63,31.0],[-96.63,31.3],[-97.47,30.95],[-97.05,30.93],[-97.63,29.12],[-97.63,29.1],[-96.95,30.68],[-96.17,30.33],[-93.63,31.0],[-93.88,30.88],[-100.9,32.73],[-102.85,33.02],[-102.92,33.0],[-102.02,32.28],[-100.83,32.57],[-101.0,31.83],[-98.05,32.58],[-97.33,32.12],[-95.43,31.13],[-95.45,31.32],[-95.88,30.95],[-95.25,30.93],[-94.42,30.93],[-94.95,30.6],[-94.18,30.35],[-94.07,30.35],[-93.73,30.1],[-98.22,30.75],[-98.4,30.0],[-97.3,31.02],[-97.8,30.83],[-97.1,31.08],[-97.13,31.12],[-98.08,30.2],[-97.97,29.57],[-97.73,31.13],[-98.5,33.98],[-96.93,33.13],[-101.85,31.8],[-99.73,32.45],[-96.68,33.1],[-95.68,33.37],[-96.12,33.13],[-97.83,31.43],[-96.77,32.33],[-96.47,32.33],[-97.07,31.28],[-102.42,32.32],[-102.37,31.85],[-99.85,34.32],[-99.0,33.27],[-99.43,31.83],[-98.7,33.8],[-98.5,33.9],[-98.35,34.07],[-98.23,34.07],[-98.45,32.25],[-98.25,32.93],[-97.22,32.4],[-97.68,30.5],[-96.2,29.35],[-95.95,28.98],[-95.8,29.53],[-100.72,30.77],[-100.33,33.77],[-101.85,33.58],[-99.52,33.17],[-99.35,33.18],[-99.72,33.98],[-99.18,33.28],[-101.6,33.13],[-101.38,33.18],[-98.6,33.05],[-97.7,33.15],[-99.72,33.98],[-99.43,31.83],[-98.95,31.75],[-95.15,30.6],[-95.85,30.03],[-96.33,29.58],[-95.08,30.02],[-94.27,30.68],[-95.1,29.5],[-93.63,30.73],[-93.92,30.65],[-94.4,29.57],[-95.4,29.02],[-96.08,33.15],[-95.77,32.6],[-95.27,30.2],[-94.42,30.93],[-96.62,33.02],[-95.97,33.42],[-98.27,30.57],[-95.87,32.45],[-96.37,30.67],[-95.98,30.48],[-97.0,30.42],[-101.45,33.25],[-100.85,33.48],[-102.28,33.18],[-100.38,34.37],[-99.57,28.95],[-95.32,29.9],[-95.07,29.9],[-94.93,30.02],[-94.8,30.07],[-95.82,29.17],[-95.77,29.08],[-94.88,30.05],[-101.83,32.97],[-100.67,33.35],[-100.58,33.62],[-100.33,33.62],[-101.68,31.93],[-101.47,32.25],[-99.28,34.15],[-98.57,34.1],[-98.57,33.85],[-96.33,33.0],[-101.2,30.7],[-99.57,31.48],[-96.08,33.15],[-95.6,33.13],[-95.68,33.37],[-95.77,33.33],[-97.75,30.28],[-103.0,31.17],[-95.25,31.18],[-98.62,29.32],[-96.6,30.6],[-96.68,30.53],[-96.47,30.48],[-96.37,30.67],[-96.78,29.7],[-95.37,29.73],[-96.08,29.53],[-95.92,29.25],[-96.07,29.62],[-95.75,29.58],[-95.97,29.6],[-95.83,29.4],[-95.28,29.57],[-95.25,29.42],[-95.25,30.0],[-95.07,29.9],[-95.05,29.72],[-95.1,29.5],[-95.77,29.08],[-94.98,29.47],[-94.32,30.37],[-96.85,32.4],[-95.37,29.73],[-95.37,29.73],[-97.25,32.83],[-96.63,32.33],[-95.2,30.15],[-96.68,30.53],[-95.37,29.73],[-95.88,30.95],[-96.28,29.2],[-96.4,30.17],[-102.17,33.82],[-102.17,33.65],[-102.15,33.6],[-101.85,33.58],[-101.98,33.63],[-101.85,33.58],[-101.97,33.58],[-101.85,33.58],[-102.02,33.5],[-101.85,33.58],[-101.85,33.58],[-101.85,33.58],[-98.98,31.72],[-97.67,32.02],[-95.5,32.05],[-102.73,34.03],[-101.6,33.93],[-101.88,33.28],[-102.07,34.0],[-102.1,33.95],[-102.02,33.83],[-101.98,33.82],[-98.52,34.0],[-98.5,33.9],[-95.52,30.37],[-93.87,30.22],[-95.45,30.15],[-94.17,30.13],[-94.8,30.2],[-95.62,30.08],[-94.65,30.03],[-95.37,29.73],[-95.37,29.73],[-95.63,29.62],[-94.62,29.7],[-94.92,29.48],[-95.08,29.37],[-95.02,29.35],[-95.25,29.42],[-96.52,29.97],[-94.82,29.3],[-96.55,29.72],[-96.6,30.02],[-95.33,28.95],[-96.28,29.2],[-96.2,28.93],[-96.63,28.62],[-98.07,29.27],[-99.7,30.92],[-99.33,31.13],[-99.22,30.73],[-99.03,30.28],[-97.17,29.43],[-98.23,30.82],[-95.57,30.72],[-97.9,29.9],[-96.78,29.7],[-93.97,30.43],[-94.05,33.43],[-94.18,30.35],[-94.3,29.85],[-93.88,30.1],[-94.0,30.92],[-95.37,29.73],[-95.23,29.67],[-96.1,29.32],[-93.7,31.05],[-94.0,30.92],[-94.42,30.93],[-99.15,29.35],[-95.9,30.62],[-96.02,30.72],[-95.45,31.32],[-95.48,30.42],[-95.23,30.7],[-95.15,31.07],[-95.87,32.55],[-97.98,26.23],[-95.37,29.73],[-95.37,29.73],[-94.5,30.77],[-98.17,26.3],[-98.17,26.3],[-101.47,32.25],[-98.57,34.1],[-98.38,33.57],[-96.78,32.77],[-100.62,30.85],[-96.08,32.38],[-95.15,30.6],[-95.45,29.05],[-95.4,30.28],[-98.67,30.75],[-98.78,30.28],[-95.25,30.0],[-100.42,29.32],[-99.83,28.95],[-99.62,28.95],[-99.82,28.68],[-95.68,33.37],[-95.8,33.03],[-94.07,30.35],[-94.43,30.4],[-94.73,30.15],[-94.38,30.13],[-95.75,30.22],[-95.45,30.15],[-95.32,29.9],[-96.88,32.15],[-95.58,31.6],[-95.22,31.53],[-96.07,31.47],[-94.0,30.85],[-93.75,30.3],[-93.87,30.22],[-97.68,30.5],[-97.48,30.43],[-96.93,30.18],[-93.77,30.17],[-93.98,29.98],[-97.37,30.35],[-96.52,29.97],[-96.3,29.88],[-96.15,29.92],[-94.27,30.15],[-96.93,31.48],[-94.63,29.85],[-94.63,29.85],[-94.68,29.72],[-95.3,30.9],[-95.27,30.9],[-94.63,29.85],[-94.67,29.77],[-94.68,29.77],[-95.2,29.7],[-98.87,30.28],[-95.45,30.32],[-95.62,30.1],[-95.33,28.95],[-94.3,30.07],[-94.93,30.7],[-96.83,33.08],[-99.13,30.05],[-96.72,32.95],[-99.33,31.0],[-99.38,29.12],[-96.97,33.08],[-97.45,31.62],[-97.48,31.63],[-99.33,31.13],[-98.92,29.97],[-98.22,30.75],[-97.15,31.55],[-98.25,29.8],[-99.15,29.35],[-97.43,30.72],[-96.37,30.67],[-96.4,30.17],[-97.0,30.65],[-95.95,30.93],[-96.08,30.38],[-96.08,30.15],[-95.27,31.48],[-95.47,31.48],[-95.42,30.83],[-95.53,30.75],[-95.57,30.72],[-95.45,31.32],[-95.45,30.32],[-95.12,30.63],[-95.15,31.08],[-95.45,30.32],[-95.48,30.42],[-94.42,30.93],[-94.83,30.45],[-94.8,30.2],[-93.88,30.1],[-94.0,30.72],[-94.4,30.33],[-100.08,29.72],[-99.98,29.73],[-97.53,30.93],[-96.95,29.45],[-99.07,29.72],[-96.18,33.52],[-94.22,30.68],[-95.02,30.5],[-93.62,30.93],[-94.18,30.38],[-94.18,30.68],[-93.92,30.65],[-93.82,30.68],[-95.47,30.33],[-95.42,30.08],[-94.6,30.57],[-95.23,30.1],[-94.63,30.15],[-94.63,30.12],[-94.0,30.92],[-94.07,30.35],[-93.63,31.0],[-99.8,29.22],[-99.07,31.72],[-98.05,33.32],[-98.98,31.72],[-98.33,32.73],[-97.77,33.22],[-97.68,33.37],[-97.47,33.47],[-97.68,32.97],[-97.35,32.75],[-97.37,32.87],[-97.35,32.82],[-97.45,32.68],[-97.35,32.75],[-97.25,32.83],[-97.02,33.7],[-96.9,32.95],[-96.67,33.77],[-96.75,33.65],[-96.92,33.47],[-96.12,33.13],[-96.5,33.17],[-96.57,32.98],[-96.85,32.4],[-95.83,33.75],[-94.68,30.03],[-94.42,30.03],[-101.7,34.2],[-100.9,32.72],[-99.8,33.42],[-99.88,32.35],[-99.88,32.75],[-98.5,33.98],[-97.75,30.28],[-97.42,30.57],[-95.98,30.48],[-96.08,30.77],[-95.68,30.33],[-95.5,30.53],[-95.45,30.32],[-95.23,30.75],[-95.95,29.87],[-95.37,29.73],[-95.37,29.73],[-95.12,29.53],[-95.28,29.57],[-95.95,29.27],[-95.95,29.27],[-94.18,30.73],[-95.25,29.42],[-95.08,29.37],[-95.45,29.83],[-94.82,29.3],[-93.93,29.9],[-101.85,33.58],[-99.17,32.55],[-95.57,30.22],[-95.0,30.35],[-100.37,31.52],[-98.57,33.85],[-99.78,30.92],[-99.95,31.75],[-99.22,31.23],[-97.68,33.37],[-95.6,33.38],[-99.75,29.87],[-95.37,29.73],[-95.75,29.58],[-95.57,29.62],[-95.37,29.73],[-95.73,29.5],[-98.83,32.27],[-98.68,32.47],[-98.37,32.62],[-98.07,29.27],[-95.43,30.12],[-102.9,34.52],[-102.38,34.5],[-102.4,34.55],[-102.2,34.55],[-102.3,34.35],[-102.1,34.55],[-102.58,34.1],[-101.95,34.18],[-101.82,33.67],[-101.3,34.47],[-101.43,34.12],[-99.42,34.35],[-99.28,34.3],[-100.7,34.67],[-99.5,34.25],[-100.43,34.55],[-100.45,34.22],[-98.92,34.03],[-100.2,34.42],[-98.38,28.75],[-98.87,30.43],[-97.6,29.83],[-98.48,30.82],[-98.22,30.75],[-97.92,30.67],[-97.62,30.43],[-96.6,30.48],[-102.55,36.02],[-96.08,30.77],[-98.73,29.78],[-95.35,31.25],[-98.47,29.73],[-94.68,30.57],[-98.08,27.75],[-98.57,27.05],[-98.68,26.88],[-98.15,27.23],[-100.07,29.75],[-100.0,29.73],[-99.15,29.62],[-98.42,30.65],[-100.0,29.73],[-99.75,29.35],[-99.83,28.95],[-99.23,28.43],[-99.15,29.35],[-99.23,28.43],[-97.15,33.63],[-97.5,28.98],[-96.55,29.72],[-94.1,30.08],[-93.73,30.1],[-97.68,33.37],[-95.93,33.42],[-95.35,31.25],[-95.88,30.95],[-100.32,34.47],[-99.5,34.25],[-99.65,34.32],[-99.73,32.45],[-102.63,33.92],[-100.3,31.88],[-99.95,31.97],[-99.43,31.83],[-102.33,33.73],[-102.33,33.72],[-102.32,33.92],[-102.12,33.58],[-102.1,33.6],[-102.05,33.57],[-101.93,33.58],[-102.02,33.5],[-102.08,33.48],[-102.03,33.48],[-101.9,33.42],[-98.98,31.72],[-101.73,33.32],[-96.38,33.68],[-102.8,33.72],[-97.15,33.22],[-99.33,31.18],[-97.3,32.15],[-97.18,32.18],[-97.28,32.25],[-99.85,28.52],[-96.88,32.18],[-96.78,29.7],[-95.5,30.52],[-97.72,31.47],[-96.88,28.65],[-96.63,28.62],[-97.77,30.97],[-97.53,30.93],[-97.53,30.93],[-97.33,30.93],[-97.0,30.85],[-98.63,29.47],[-95.88,30.95],[-95.43,31.13],[-97.97,27.43],[-100.6,32.48],[-100.4,32.47],[-100.03,32.88],[-99.4,27.0],[-99.35,28.03],[-99.75,28.45],[-95.38,30.93],[-95.98,30.48],[-95.23,29.73],[-96.37,30.67],[-97.42,30.57],[-97.75,28.4],[-97.75,28.4],[-98.12,28.33],[-101.47,31.2],[-99.23,26.9],[-101.85,33.58],[-95.1,30.37],[-95.37,29.73],[-94.83,30.1],[-94.42,30.73],[-93.87,30.22],[-99.33,31.13],[-95.37,29.73],[-97.22,28.1],[-97.42,27.78],[-98.12,27.68],[-95.08,29.37],[-95.33,30.5],[-102.22,34.0],[-93.63,31.0],[-93.73,30.1],[-99.8,33.42],[-97.82,33.3],[-96.2,32.42],[-95.45,33.48],[-95.53,33.65],[-95.4,29.75],[-95.23,29.73],[-99.75,29.35],[-95.78,29.35],[-94.78,29.38],[-97.87,27.52],[-94.02,30.12],[-97.08,31.58],[-95.37,29.73],[-95.37,29.73],[-95.37,29.73],[-95.57,29.88],[-96.15,29.72],[-96.33,29.58],[-102.32,33.92],[-97.6,33.23],[-97.5,33.15],[-100.08,31.57],[-100.43,31.47],[-100.43,31.47],[-95.1,29.5],[-100.32,33.82],[-100.33,33.75],[-99.57,33.63],[-95.45,29.58],[-95.57,29.67],[-95.37,29.73],[-95.37,29.73],[-99.88,32.75],[-99.77,32.42],[-95.48,31.32],[-96.3,29.92],[-94.05,30.1],[-95.2,29.77],[-97.75,30.28],[-97.73,33.78],[-98.1,32.77],[-98.13,32.53],[-97.42,27.78],[-97.42,27.78],[-96.35,33.43],[-98.48,33.48],[-97.82,30.5],[-96.33,29.58],[-97.73,29.75],[-102.82,32.72],[-94.1,30.08],[-94.02,30.12],[-93.97,30.43],[-93.75,30.45],[-93.73,30.17],[-93.98,29.98],[-102.92,32.97],[-102.85,32.97],[-98.97,32.38],[-98.1,29.73],[-97.78,29.88],[-96.32,29.82],[-96.08,30.1],[-97.67,30.2],[-97.2,29.47],[-96.93,30.18],[-98.67,29.42],[-98.33,29.62],[-97.38,28.67],[-97.1,28.92],[-95.48,29.7],[-95.43,29.17],[-94.17,30.28],[-94.0,30.92],[-93.73,30.1],[-93.93,29.9],[-96.93,30.18],[-97.07,29.45],[-94.0,30.92],[-93.93,29.9],[-94.02,30.12],[-95.07,29.53],[-95.07,29.5],[-100.45,31.45],[-100.43,31.42],[-99.18,31.02],[-100.42,29.38],[-98.95,31.32],[-98.58,31.47],[-99.75,29.35],[-99.62,28.95],[-98.23,31.47],[-99.15,29.35],[-99.32,29.02],[-97.75,31.43],[-98.5,29.45],[-97.33,31.97],[-97.32,31.65],[-98.8,29.23],[-98.12,31.7],[-98.07,29.18],[-97.13,32.0],[-96.47,32.1],[-97.95,29.57],[-97.87,29.9],[-98.02,30.08],[-96.63,31.3],[-97.6,29.83],[-97.32,30.08],[-97.97,30.32],[-100.02,28.67],[-95.85,32.23],[-96.68,30.53],[-96.1,30.92],[-96.12,31.03],[-94.0,30.92],[-93.92,30.92],[-93.63,31.08],[-93.63,30.73],[-99.63,32.32],[-96.9,31.3],[-97.15,31.55],[-96.28,31.62],[-95.98,31.25],[-96.27,31.23],[-96.15,31.37],[-96.33,29.58],[-96.15,29.78],[-96.08,29.4],[-95.1,29.5],[-98.77,29.63],[-98.57,34.1],[-98.7,33.8],[-102.32,33.92],[-96.85,32.4],[-100.4,34.1],[-99.75,32.22],[-99.58,32.33],[-98.1,32.8],[-98.6,33.1],[-98.52,33.17],[-99.73,32.45],[-100.9,29.37],[-99.95,31.97],[-100.42,29.32],[-98.12,33.75],[-97.85,30.08],[-96.63,32.33],[-96.78,29.7],[-96.4,30.17],[-95.45,30.32],[-95.42,31.38],[-99.83,28.95],[-94.35,30.77],[-94.13,30.22],[-95.42,29.53],[-93.97,30.43],[-96.92,29.68],[-93.63,31.0],[-93.93,30.92],[-94.07,30.35],[-94.02,30.12],[-93.75,30.82],[-95.95,28.98],[-95.58,29.05],[-95.1,29.15],[-94.82,29.3],[-95.07,29.1],[-102.53,33.73],[-98.5,29.42],[-98.5,29.42],[-97.53,29.38],[-95.65,28.83],[-95.58,28.98],[-94.17,29.88],[-99.15,29.35],[-97.9,27.8],[-97.8,27.58],[-97.87,27.52],[-100.02,32.25],[-99.83,32.25],[-99.95,31.88],[-99.83,31.85],[-101.37,33.67],[-101.3,34.47],[-100.62,32.42],[-97.72,32.42],[-101.62,35.85],[-97.35,32.32],[-101.7,34.13],[-100.27,31.47],[-98.27,30.57],[-97.85,30.78],[-98.85,29.88],[-96.97,28.82],[-97.62,28.93],[-96.9,28.45],[-98.03,28.33],[-97.42,32.32],[-97.15,32.17],[-96.5,32.23],[-96.63,32.33],[-96.0,32.7],[-99.4,31.32],[-99.23,31.23],[-100.58,32.47],[-98.1,32.8],[-97.68,32.97],[-100.32,32.4],[-102.62,34.48],[-102.32,34.58],[-100.82,31.27],[-100.63,31.33],[-101.98,35.87],[-100.43,34.58],[-101.05,34.38],[-100.32,34.47],[-100.13,34.02],[-99.8,33.42],[-98.7,33.8],[-99.28,33.97],[-100.45,34.22],[-99.27,33.6],[-99.0,33.27],[-99.37,32.78],[-99.3,32.73],[-101.32,34.0],[-98.25,32.93],[-101.25,33.52],[-100.23,33.15],[-97.12,32.73],[-98.98,31.72],[-98.28,30.73],[-99.43,31.83],[-97.42,30.57],[-97.75,30.28],[-97.37,30.35],[-96.53,30.35],[-96.68,30.53],[-96.37,30.67],[-97.12,30.22],[-97.1,30.23],[-96.43,30.23],[-96.6,30.18],[-95.5,30.53],[-95.92,30.05],[-95.47,30.33],[-96.25,29.32],[-95.6,29.72],[-95.7,29.05],[-95.75,29.28],[-97.07,31.28],[-97.42,30.57],[-97.85,30.58],[-97.17,30.42],[-97.75,30.28],[-102.65,32.75],[-101.93,32.72],[-95.43,29.15],[-95.63,29.67],[-95.45,29.83],[-95.75,30.22],[-95.2,30.15],[-96.08,30.1],[-95.58,30.72],[-95.88,30.93],[-97.2,28.9],[-102.87,30.88],[-100.08,34.72],[-101.7,34.03],[-101.47,34.0],[-101.52,34.0],[-99.03,33.5],[-101.98,33.68],[-101.85,33.58],[-102.03,33.6],[-102.4,33.78],[-102.37,33.58],[-102.37,33.53],[-101.7,34.2],[-97.8,32.38],[-100.9,32.72],[-99.5,32.38],[-100.5,31.37],[-96.07,33.7],[-95.92,33.58],[-94.0,30.92],[-93.63,30.73],[-100.37,31.42],[-99.87,32.47],[-99.75,32.13],[-103.4,30.98],[-103.38,30.88],[-104.37,29.55],[-93.73,30.83],[-93.92,30.65],[-94.18,30.68],[-94.4,30.48],[-96.12,31.03],[-95.88,30.97],[-95.88,30.95],[-95.45,31.32],[-96.33,29.58],[-96.47,30.48],[-96.52,30.55],[-96.67,33.75],[-96.15,33.77],[-96.0,33.57],[-95.7,33.62],[-94.67,29.42],[-100.85,33.48],[-95.73,33.55],[-93.63,31.0],[-93.97,30.5],[-93.88,30.3],[-93.9,31.27],[-94.1,30.08],[-94.38,29.82],[-95.2,31.3],[-94.87,31.22],[-94.42,30.93],[-93.63,31.0],[-94.0,30.92],[-94.18,30.68],[-93.92,30.92],[-93.73,30.83],[-94.02,30.12],[-94.18,30.35],[-94.1,30.08],[-94.4,30.13],[-94.88,30.05],[-94.67,29.42],[-102.72,34.63],[-96.57,28.98],[-96.22,28.7],[-96.65,28.88],[-95.68,29.65],[-95.37,29.73],[-96.52,29.72],[-95.45,29.83],[-95.02,30.5],[-96.28,29.17],[-94.6,30.03],[-95.37,29.73],[-95.45,31.32],[-99.88,33.58],[-99.78,32.75],[-99.8,32.4],[-100.47,32.85],[-98.37,27.4],[-96.2,28.93],[-96.63,29.13],[-97.52,27.62],[-94.32,30.37],[-93.72,30.83],[-94.18,30.35],[-98.03,27.8],[-97.42,27.78],[-97.33,27.87],[-97.42,27.78],[-97.87,27.52],[-94.43,30.4],[-94.43,30.77],[-94.0,30.97],[-98.55,28.45],[-98.12,28.33],[-97.07,27.83],[-101.82,35.25],[-101.85,33.58],[-94.0,30.92],[-93.62,30.93],[-97.92,30.67],[-102.13,34.1],[-93.8,30.48],[-101.75,34.55],[-102.17,33.73],[-102.2,31.93],[-103.48,31.4],[-93.92,30.65],[-94.18,30.35],[-98.1,31.7],[-98.32,31.42],[-94.17,30.28],[-97.02,33.63],[-97.02,33.7],[-96.78,32.77],[-93.73,30.1],[-96.82,32.95],[-97.73,28.18],[-95.13,30.82],[-93.63,30.73],[-96.28,31.22],[-95.27,30.5],[-97.2,28.9],[-96.32,29.85],[-96.08,30.08],[-95.25,29.42],[-94.42,30.77],[-95.2,29.7],[-94.17,30.28],[-93.92,30.65],[-93.75,30.3],[-93.92,29.95],[-98.3,32.77],[-98.27,27.45],[-98.33,32.08],[-98.35,33.83],[-98.18,31.07],[-98.1,31.87],[-98.12,31.55],[-97.32,31.65],[-96.63,32.33],[-96.65,32.28],[-95.4,33.05],[-96.6,30.88],[-96.68,30.53],[-94.42,30.77],[-95.48,29.7],[-95.42,29.83],[-94.03,30.73],[-93.73,30.83],[-99.23,28.43],[-99.5,34.15],[-97.32,33.78],[-98.3,32.67],[-100.78,29.37],[-93.97,30.42],[-99.22,28.45],[-95.42,30.08],[-94.1,30.08],[-97.63,27.67],[-95.95,28.98],[-100.9,32.57],[-102.4,34.82],[-102.73,34.05],[-101.9,33.58],[-102.15,33.42],[-95.95,29.27],[-94.6,30.92],[-97.67,30.2],[-94.02,30.12],[-96.97,30.7],[-96.12,33.1],[-94.22,30.85],[-93.55,31.0],[-93.63,31.0],[-94.53,30.47],[-100.87,33.48],[-101.05,34.37],[-100.88,34.42],[-100.2,34.42],[-96.08,33.37],[-96.62,33.2],[-96.55,33.75],[-95.47,31.48],[-95.13,31.08],[-97.25,32.93],[-93.63,31.0],[-94.42,30.93],[-93.92,30.92],[-95.43,31.2],[-96.1,30.85],[-93.92,30.58],[-95.25,30.55],[-96.52,29.6],[-101.15,33.58],[-97.18,33.37],[-95.1,30.82],[-99.47,27.55],[-99.23,28.43],[-95.68,30.33],[-94.93,30.77],[-96.33,30.6],[-95.37,29.73],[-95.42,29.53],[-95.45,29.03],[-95.52,29.8],[-96.9,31.3],[-96.37,30.67],[-96.77,30.6],[-96.62,30.22],[-96.4,30.17],[-96.33,30.05],[-96.1,29.53],[-95.75,30.22],[-94.02,30.12],[-94.18,30.78],[-93.92,30.65],[-93.63,31.0],[-104.8,31.83],[-97.65,31.52],[-97.35,31.1],[-102.82,31.33],[-102.38,31.08],[-95.68,33.37],[-96.33,32.98],[-97.42,27.78],[-97.8,30.32],[-101.58,31.43],[-97.0,30.65],[-95.6,33.13],[-95.6,33.13],[-94.17,30.28],[-97.13,32.57],[-97.07,31.95],[-96.63,32.1],[-95.5,31.98],[-101.1,35.2],[-102.73,34.63],[-99.75,33.32],[-96.68,33.1],[-96.22,33.07],[-95.75,32.87],[-96.0,32.67],[-96.0,32.7],[-96.3,32.02],[-95.5,32.05],[-95.7,31.88],[-94.17,30.28],[-93.92,30.67],[-93.85,30.65],[-100.1,31.6],[-97.63,31.1],[-97.62,31.08],[-94.1,30.08],[-94.17,30.27],[-94.02,30.12],[-97.75,27.78],[-101.53,33.1],[-100.52,33.82],[-98.9,32.75],[-97.0,30.65],[-96.92,30.88],[-97.95,31.8],[-97.23,33.65],[-97.92,32.87],[-98.1,32.8],[-98.17,32.38],[-98.1,32.95],[-97.92,32.62],[-93.9,30.1],[-94.08,30.1],[-100.83,33.62],[-100.42,33.92],[-96.55,33.75],[-96.2,33.58],[-96.07,33.68],[-96.17,33.6],[-95.53,33.75],[-93.93,29.9],[-102.75,33.73],[-97.47,31.07],[-97.08,30.75],[-97.1,28.92],[-102.6,33.37],[-97.85,33.57],[-100.6,35.23],[-101.9,31.22],[-101.42,32.75],[-97.2,31.17],[-96.78,32.77],[-96.83,32.52],[-96.65,32.37],[-97.15,33.22],[-97.18,33.12],[-96.78,32.72],[-96.85,32.58],[-97.28,31.2],[-95.85,32.23],[-97.65,31.92],[-96.32,32.58],[-101.15,32.88],[-97.52,31.42],[-96.92,33.62],[-97.4,32.35],[-98.3,32.3],[-95.87,32.55],[-95.85,32.2],[-96.72,32.1],[-101.47,32.23],[-96.98,32.48],[-96.28,32.72],[-95.53,33.65],[-95.53,33.65],[-95.82,32.87],[-97.33,32.4],[-102.37,31.67],[-96.18,33.58],[-96.13,33.33],[-98.07,32.93],[-98.03,32.78],[-98.1,32.8],[-98.02,32.75],[-97.87,32.5],[-97.42,32.47],[-96.98,32.48],[-94.65,32.48],[-103.4,31.43],[-103.58,31.12],[-95.85,32.2],[-96.47,31.78],[-96.5,31.68],[-96.43,31.63],[-96.13,31.15],[-95.73,33.55],[-102.75,33.73],[-102.75,33.73],[-102.75,33.73],[-95.37,29.73],[-103.4,31.45],[-97.28,32.97],[-95.53,31.62],[-96.6,30.88],[-96.6,30.88],[-97.83,28.65],[-97.87,28.45],[-102.37,31.37],[-95.68,30.27],[-95.25,30.0],[-95.85,33.15],[-95.95,33.15],[-96.32,32.52],[-102.37,31.85],[-98.4,26.48],[-96.57,30.92],[-93.75,30.3],[-101.53,33.1],[-98.38,33.42],[-96.48,32.97],[-97.15,33.22],[-97.35,32.75],[-97.12,32.73],[-94.33,30.03],[-95.1,30.35],[-96.63,32.92],[-97.67,32.27],[-95.12,29.7],[-101.05,34.67],[-100.85,33.9],[-101.43,32.77],[-101.25,32.92],[-97.53,33.08],[-96.45,32.63],[-97.75,32.28],[-95.72,32.67],[-96.57,33.63],[-96.57,33.42],[-96.25,33.32],[-96.5,33.18],[-95.93,33.0],[-96.58,32.77],[-96.52,32.92],[-96.57,32.9],[-95.65,29.68],[-96.08,29.4],[-104.02,30.32],[-102.5,32.84],[-97.35,31.09],[-95.75,32.28],[-97.54,33.11],[-96.83,29.6],[-95.63,31.75],[-97.8,32.45],[-96.57,33.73],[-101.78,33.88],[-97.02,31.73],[-95.68,32.88],[-95.6,33.2],[-96.13,32.9],[-98.0,31.08],[-97.92,31.13],[-97.35,31.1],[-96.97,30.85],[-96.98,31.08],[-96.55,29.72],[-96.48,29.9],[-95.63,31.68],[-95.75,30.22],[-95.25,29.42],[-95.05,29.47],[-95.08,29.37],[-103.53,29.32],[-93.75,30.3],[-101.2,30.32],[-98.42,32.87],[-97.52,31.37],[-97.68,32.97],[-97.35,31.32],[-96.88,31.75],[-96.33,30.6],[-96.6,30.88],[-95.98,30.33],[-94.42,30.77],[-93.9,31.27],[-93.75,30.82],[-94.37,30.33],[-94.25,29.85],[-93.83,30.0],[-101.82,33.67],[-93.63,30.73],[-93.73,30.1],[-100.05,31.65],[-95.95,33.15],[-95.62,32.3],[-93.98,30.42],[-96.27,31.23],[-96.65,30.98],[-95.13,29.6],[-97.8,27.8],[-97.63,27.87],[-101.78,33.88],[-102.28,30.88],[-101.98,31.78],[-101.42,32.22],[-98.47,27.77],[-95.32,33.52],[-101.48,32.08],[-101.53,33.1],[-98.73,32.9],[-97.82,32.25],[-101.08,32.35],[-100.85,32.4],[-100.42,33.92],[-100.92,32.35],[-97.2,33.65],[-97.9,32.4],[-97.45,32.68],[-95.75,32.82],[-99.72,31.77],[-98.05,31.42],[-99.73,32.45],[-98.2,32.23],[-99.85,31.22],[-96.87,31.37],[-97.0,30.65],[-96.97,30.8],[-96.6,30.88],[-95.35,29.98],[-101.72,30.4],[-97.35,31.1],[-95.53,33.65],[-95.38,33.5],[-95.25,29.85],[-95.07,29.9],[-95.55,29.47],[-95.65,29.15],[-101.52,32.22],[-100.07,35.38],[-101.2,32.77],[-101.5,32.0],[-98.9,32.75],[-98.17,33.22],[-98.6,33.1],[-98.97,32.1],[-98.55,31.92],[-97.3,33.18],[-97.15,32.17],[-96.9,31.3],[-101.4,36.27],[-95.15,30.6],[-95.85,29.67],[-97.5,27.8],[-97.48,27.75],[-97.55,27.58],[-102.77,32.72],[-100.5,33.57],[-94.3,29.85],[-95.05,29.47],[-97.47,31.07],[-99.35,28.03],[-101.78,33.18],[-96.18,33.58],[-97.58,33.08],[-99.53,32.27],[-96.67,33.2],[-96.92,33.47],[-97.13,32.97],[-97.25,32.83],[-98.25,32.93],[-97.88,33.35],[-93.73,30.1],[-95.75,32.87],[-96.28,32.73],[-96.87,32.55],[-96.87,32.55],[-96.62,33.2],[-96.62,33.2],[-96.8,32.52],[-97.25,32.83],[-100.42,33.92],[-95.53,33.65],[-97.3,32.77],[-96.72,33.02],[-96.78,32.77],[-101.92,32.0],[-102.08,32.0],[-93.92,30.65],[-94.42,30.77],[-94.22,30.38],[-95.73,33.55],[-96.9,31.3],[-96.83,33.15],[-98.17,26.3],[-102.17,33.82],[-97.35,32.764],[-97.23,32.82],[-97.228,32.922],[-96.841,32.821],[-96.02,32.17],[-97.366,27.738],[-96.43,32.02],[-94.58,32.6],[-94.16,32.56],[-93.747,30.83],[-93.9,30.66],[-96.54,28.561],[-94.06,30.77],[-94.367,30.13],[-100.187,34.447],[-95.95,29.27],[-96.19,30.01],[-96.28,29.2],[-95.84,29.4],[-96.255,29.039],[-96.32,32.58],[-97.85,33.57],[-96.1,32.37],[-100.22,34.85],[-102.2,31.93],[-101.5,31.986],[-97.65,31.92],[-96.53,32.049],[-95.53,33.65],[-96.67,31.75],[-98.146,32.706],[-97.42,31.43],[-98.2,32.23],[-96.332,32.73],[-96.044,32.9],[-93.999,30.128],[-98.91,32.76],[-98.17,33.22],[-98.08,32.82],[-98.73,31.5],[-96.669,33.109],[-96.45,32.973],[-97.92,31.13],[-96.28,32.73],[-95.94,33.0],[-95.48,33.06],[-95.832,30.991],[-98.02,32.32],[-97.75,32.24],[-96.63,32.33],[-96.72,32.028],[-95.65,32.23],[-97.75,32.23],[-97.61,32.38],[-97.518,32.91],[-96.75,33.45],[-96.68,33.1],[-96.2,33.28],[-97.757,32.733],[-97.53,32.95],[-96.62,33.2],[-97.18,32.27],[-95.73,33.55],[-95.98,30.48],[-95.42,30.08],[-97.4,32.15],[-100.893,34.373],[-97.7,32.45],[-97.35,32.75],[-99.45,27.05],[-95.12,29.7],[-95.08,29.37],[-96.02,33.78],[-97.15,33.63],[-96.05,32.88],[-96.18,33.58],[-96.17,33.43],[-96.97,33.4],[-96.05,32.88],[-96.744,33.0],[-97.199,33.179],[-97.32,32.53],[-95.75,32.812],[-94.827,31.975],[-94.41,30.68],[-95.88,30.95],[-96.28,31.62],[-98.99,31.81],[-98.714,31.573],[-98.43,31.937],[-98.03,31.879],[-97.789,32.441],[-97.35,32.75],[-97.79,32.44],[-97.33,32.53],[-97.17,32.26],[-96.82,32.08],[-97.135,32.472],[-97.13,32.85],[-96.98,32.75],[-97.02,32.69],[-97.07,32.93],[-96.84,32.96],[-96.98,33.04],[-96.63,32.934],[-96.669,33.109],[-96.22,33.07],[-96.63,32.33],[-96.33,32.98],[-96.669,33.159],[-96.83,33.15],[-95.8,33.03],[-98.7,32.37],[-97.098,33.63],[-97.624,33.25],[-96.77,33.47],[-96.597,33.63],[-102.68,31.27],[-102.08,32.0],[-97.03,31.249],[-97.75,31.62],[-95.7,29.97],[-98.25,32.93],[-96.67,33.75],[-100.93,35.55],[-100.86,35.17],[-100.91,35.19],[-98.75,33.2],[-98.329,33.353],[-98.97,32.38],[-97.68,32.97],[-94.73,32.596],[-101.305,34.0],[-97.43,33.05],[-95.45,31.32],[-95.155,31.65],[-95.08,31.97],[-94.67,31.6],[-101.85,34.73],[-100.78,29.37],[-95.68,33.07],[-96.1,32.37],[-102.09,32.3],[-98.83,32.27],[-101.95,32.73],[-97.746,33.107],[-97.15,32.82],[-97.274,32.91],[-96.6,32.77],[-96.57,33.63],[-96.62,33.5],[-95.546,32.11],[-96.158,32.069],[-95.898,31.889],[-94.112,31.006],[-94.42,30.76],[-93.991,31.076],[-93.562,31.156],[-93.899,30.658],[-94.191,30.689],[-93.959,30.439],[-93.87,30.61],[-97.08,32.93],[-98.131,28.47],[-97.83,28.1],[-97.67,27.97],[-97.695,27.95],[-97.3,27.93],[-95.63,31.75],[-96.43,31.891],[-96.92,33.65],[-96.57,32.98],[-102.87,30.909],[-97.52,32.26],[-97.515,31.646],[-93.81,30.97],[-94.27,30.05],[-94.16,30.04],[-96.754,33.02],[-95.628,32.768],[-97.12,32.759],[-98.18,31.06],[-102.12,30.05],[-95.03,29.55],[-96.71,32.97],[-96.15,33.72],[-102.21,33.74],[-101.3,34.47],[-98.6,31.9],[-97.75,32.07],[-96.542,31.678],[-96.06,31.42],[-95.5,32.05],[-97.92,32.62],[-98.114,32.623],[-97.287,32.756],[-96.5,31.68],[-96.849,33.66],[-94.22,30.77],[-93.67,30.85],[-96.12,33.13],[-95.73,31.68],[-95.898,33.254],[-97.388,27.684],[-95.55,33.02],[-98.6,33.1],[-97.51,31.39],[-96.582,31.655],[-96.48,31.68],[-95.79,32.15],[-95.61,32.3],[-93.81,30.98],[-93.79,30.17],[-96.5,31.68],[-98.109,32.431],[-98.351,32.063],[-97.8,32.77],[-97.82,32.48],[-97.58,32.58],[-97.735,32.175],[-97.58,31.78],[-97.808,32.99],[-97.2,33.2],[-96.77,32.79],[-96.84,32.87],[-96.61,33.55],[-97.13,32.019],[-96.82,32.95],[-96.8,31.85],[-96.47,32.08],[-96.29,32.73],[-95.69,33.37],[-95.53,33.65],[-96.17,31.72],[-95.88,32.7],[-97.435,32.816],[-97.27,32.8],[-95.92,33.58],[-96.7,30.77],[-96.98,30.86],[-95.194,29.692],[-98.2,32.23],[-97.72,32.27],[-97.108,32.536],[-97.22,32.65],[-97.668,32.367],[-96.88,32.18],[-96.47,32.1],[-96.23,32.13],[-96.8,31.85],[-96.8,31.85],[-96.67,31.75],[-97.28,30.67],[-96.73,30.02],[-97.82,33.4],[-94.0,30.98],[-96.593,33.753],[-94.32,30.37],[-94.2,30.26],[-97.15,31.55],[-95.85,32.2],[-98.49,29.5],[-97.53,30.93],[-95.53,32.31],[-99.34,31.13],[-98.97,32.1],[-98.135,26.936],[-99.02,26.42],[-97.007,30.42],[-96.67,31.141],[-96.98,32.48],[-96.98,32.48],[-96.03,31.26],[-94.54,30.92],[-93.99,31.13],[-93.76,30.31],[-99.487,27.641],[-93.9,30.66],[-103.5,31.41],[-97.68,33.37],[-96.47,32.1],[-96.1,32.15],[-99.3,29.01],[-100.49,33.565],[-98.8,33.78],[-97.72,33.67],[-96.97,31.53],[-96.63,33.81],[-95.58,31.62],[-95.53,31.63],[-96.09,31.43],[-98.67,30.66],[-98.48,30.69],[-98.47,30.88],[-98.41,30.6],[-98.4,30.59],[-96.94,29.21],[-97.186,29.018],[-100.49,33.565],[-95.48,33.1],[-95.33,33.18],[-96.78,33.32],[-96.75,33.05],[-97.18,32.73],[-96.801,32.828],[-96.47,32.75],[-96.45,32.93],[-96.67,32.43],[-95.64,32.51],[-96.05,32.17],[-96.13,32.05],[-95.85,32.2],[-95.65,31.76],[-96.17,31.72],[-95.58,31.63],[-93.9,30.66],[-93.9,30.68],[-93.76,30.85],[-95.57,30.72],[-93.947,30.781],[-94.05,30.2],[-93.89,29.73],[-102.743,34.193],[-102.295,34.571],[-100.38,35.9],[-98.17,33.22],[-97.77,33.08],[-97.48,33.05],[-97.121,32.553],[-95.6,29.92],[-95.77,29.91],[-102.13,34.115],[-102.017,33.711],[-98.33,32.08],[-98.33,32.08],[-98.12,31.7],[-97.752,30.216],[-102.77,33.72],[-97.58,26.26],[-94.077,30.044],[-97.27,32.82],[-100.49,33.565],[-98.67,33.0],[-97.25,33.313],[-96.779,33.336],[-95.68,33.37],[-95.34,29.98],[-97.11,29.69],[-102.5,33.45],[-97.12,32.01],[-97.47,31.07],[-97.75,31.62],[-98.35,29.55],[-97.68,33.37],[-97.15,33.22],[-97.83,31.07],[-97.9,31.28],[-97.09,31.64],[-97.02,31.73],[-102.28,33.18],[-101.78,33.18],[-97.681,32.971],[-102.13,34.093],[-99.42,34.35],[-100.85,33.943],[-96.47,32.75],[-97.667,32.965],[-102.12,34.38],[-98.49,29.25],[-97.121,32.838],[-97.75,31.43],[-98.27,30.58],[-97.8,32.77],[-93.67,31.0],[-94.03,30.92],[-93.97,31.62],[-94.42,30.91],[-95.75,32.28],[-97.48,31.65],[-97.15,31.55],[-98.33,32.08],[-96.35,33.43],[-97.474,26.092],[-96.06,29.53],[-95.544,32.305],[-97.52,30.82],[-98.17,33.22],[-98.9,32.72],[-98.413,29.219],[-98.43,31.98],[-98.82,32.4],[-96.92,33.47],[-94.23,31.08],[-94.191,30.134],[-102.92,30.92],[-102.21,33.74],[-101.82,35.301],[-98.1,32.8],[-97.76,30.44],[-95.51,30.166],[-94.41,30.68],[-93.97,30.43],[-99.03,28.89],[-98.5,28.79],[-96.229,30.752],[-97.7,29.41],[-94.889,30.044],[-96.118,32.334],[-97.77,29.27],[-96.92,28.85],[-95.482,29.834],[-95.407,29.73],[-100.5,28.72],[-96.79,33.16],[-101.887,33.56],[-100.49,33.565],[-102.22,30.05],[-101.626,33.45],[-100.12,28.84],[-98.38,26.48],[-97.163,26.088],[-100.01,29.9],[-97.33,31.97],[-98.094,31.113],[-96.78,32.6],[-95.689,33.374],[-96.797,31.848],[-94.103,31.065],[-96.728,33.32],[-95.555,33.663],[-101.57,29.82],[-102.4,34.82],[-99.4,32.22],[-97.323,32.861],[-97.05,32.7],[-95.63,31.75],[-97.097,32.76],[-97.442,32.876],[-96.29,32.18],[-97.93,29.88],[-98.07,32.78],[-100.49,33.565],[-101.72,35.22],[-102.07,35.18],[-101.82,35.215],[-101.76,33.22],[-101.1,35.2],[-97.175,31.557],[-101.72,35.22],[-100.361,34.553],[-96.98,28.82],[-100.92,32.71],[-102.28,33.151],[-101.17,29.68],[-96.651,33.02],[-97.91,28.76],[-96.82,30.14],[-99.07,29.7],[-98.16,29.14],[-97.05,32.7],[-96.381,32.934],[-102.754,33.725],[-102.62,33.397],[-98.85,29.97],[-97.73,31.13],[-98.76,29.31],[-97.49,31.16],[-97.485,31.104],[-97.75,30.28],[-96.33,30.6],[-95.331,29.552],[-95.83,29.4],[-101.72,35.22],[-101.64,35.2],[-96.1,33.12],[-101.48,36.07],[-95.549,33.009],[-96.413,32.309],[-97.212,32.798],[-97.757,32.688],[-96.88,29.39],[-97.34,30.38],[-97.31,30.11],[-97.48,30.19],[-97.98,30.64],[-95.325,30.973],[-95.503,32.206],[-95.63,30.4],[-96.08,30.59],[-96.91,29.62],[-97.18,29.42],[-97.3,29.29],[-97.32,29.28],[-95.41,31.63],[-97.559,29.079],[-96.675,31.47],[-97.86,30.37],[-97.213,32.396],[-97.59,29.59],[-98.03,30.67],[-97.12,30.22],[-97.15,33.64],[-100.75,36.41],[-98.21,32.215],[-102.28,33.151],[-95.689,31.09],[-95.73,31.05],[-95.85,30.55],[-95.99,30.08],[-96.83,31.53],[-97.244,32.816],[-102.743,34.193],[-95.93,32.957],[-95.592,33.173],[-95.5,33.147],[-98.67,32.21],[-97.28,29.1],[-97.4,30.88],[-99.47,29.32],[-97.115,31.552],[-97.387,32.848],[-96.76,33.05],[-96.466,32.116],[-95.06,33.61],[-97.56,28.098],[-97.82,27.42],[-97.75,32.07],[-101.72,34.17],[-99.73,32.48],[-96.563,32.646],[-97.42,31.43],[-97.361,31.31],[-97.45,31.16],[-97.992,26.163],[-97.521,25.909],[-101.0,29.47],[-100.9,29.38],[-94.99,32.28],[-95.3,32.33],[-95.42,29.78],[-97.387,32.678],[-101.7,34.2],[-100.52,29.75],[-99.76,29.72],[-100.97,35.96],[-101.76,33.22],[-100.573,33.237],[-97.6,33.23],[-97.675,33.01],[-102.24,35.2],[-98.67,30.75],[-97.32,33.06],[-99.15,30.05],[-98.8,29.95],[-99.62,28.36],[-99.272,28.349],[-99.24,28.44],[-98.47,29.52],[-99.49,27.53],[-97.7,29.4],[-97.31,30.11],[-98.69,27.32],[-95.7,31.75],[-97.85,28.82],[-98.62,27.881],[-98.155,27.23],[-106.421,31.896],[-102.408,34.03],[-98.07,29.68],[-94.73,32.57],[-94.38,32.76],[-96.25,33.38],[-96.47,32.75],[-95.948,33.132],[-95.82,33.6],[-98.46,29.55],[-97.047,32.785],[-94.003,30.927],[-100.912,34.389],[-95.63,29.62],[-98.452,29.535],[-98.63,29.11],[-97.42,29.96],[-97.96,29.86],[-97.669,30.209],[-97.51,29.7],[-97.281,29.69],[-100.996,35.614],[-100.93,34.92],[-100.912,34.389],[-98.531,29.396],[-98.487,29.306],[-98.16,29.14],[-98.16,29.14],[-98.47,29.46],[-102.55,36.03],[-100.518,34.73],[-99.82,29.2],[-99.76,29.22],[-97.45,29.51],[-100.345,34.37],[-95.588,31.619],[-94.168,30.133],[-97.56,30.35],[-102.12,30.05],[-97.153,32.849],[-97.03,32.9],[-96.83,32.97],[-96.58,33.28],[-95.53,33.65],[-96.475,32.093],[-95.656,31.744],[-97.456,32.321],[-94.76,32.52],[-97.299,32.835],[-96.92,33.57],[-98.45,30.66],[-97.3,31.215],[-99.57,29.81],[-99.14,30.04],[-99.12,29.34],[-97.988,31.07],[-98.51,29.46],[-97.94,29.58],[-97.85,30.22],[-97.31,30.11],[-97.45,29.49],[-96.88,29.91],[-96.82,30.35],[-96.55,29.7],[-96.635,28.618],[-95.8,29.55],[-96.1,29.32],[-95.485,29.833],[-98.14,27.22],[-98.25,26.83],[-97.747,30.339],[-97.85,30.78],[-96.67,33.72],[-94.86,29.97],[-96.63,29.14],[-101.575,34.37],[-100.94,29.48],[-103.07,31.24],[-97.77,33.263],[-97.93,32.68],[-98.6,33.1],[-96.18,33.58],[-97.298,32.836],[-97.1,32.67],[-96.8,31.85],[-102.81,34.93],[-94.07,30.36],[-94.2,30.26],[-93.974,30.142],[-95.509,29.488],[-98.12,29.74],[-99.83,28.95],[-94.02,30.5],[-95.48,32.67],[-95.705,32.658],[-96.219,32.362],[-93.7,31.0],[-101.737,34.541],[-96.992,28.851],[-97.75,28.41],[-99.17,32.55],[-100.53,34.72],[-96.38,33.68],[-98.67,29.43],[-97.56,31.78],[-97.796,27.807],[-97.85,30.77],[-96.47,32.1],[-99.09,30.43],[-98.19,30.79],[-97.51,28.03],[-97.56,29.93],[-96.99,30.18],[-97.52,29.86],[-96.95,29.48],[-98.29,29.89],[-99.273,26.909],[-96.06,29.6],[-96.06,29.53],[-99.75,32.4],[-98.43,30.76],[-98.21,30.76],[-98.025,26.2],[-98.226,26.195],[-95.22,30.75],[-97.31,28.19],[-102.4,34.02],[-100.6,34.27],[-100.21,34.88],[-96.112,33.141],[-96.352,32.128],[-95.85,32.26],[-95.49,31.882],[-95.64,31.673],[-94.008,30.132],[-99.53,30.71],[-97.28,30.47],[-98.94,29.15],[-96.953,30.302],[-96.971,30.117],[-96.571,30.392],[-96.276,30.654],[-97.15,29.288],[-95.116,29.401],[-96.08,30.38],[-95.852,32.399],[-97.02,30.814],[-96.985,30.628],[-96.82,31.12],[-96.762,30.811],[-97.97,28.23],[-97.85,28.17],[-97.778,28.391],[-97.677,27.885],[-97.648,27.858],[-99.002,27.438],[-102.05,33.6],[-102.15,33.85],[-102.33,33.58],[-97.33,27.69],[-93.886,30.073],[-93.63,31.0],[-95.6,33.13],[-100.163,34.667],[-97.15,33.63],[-98.12,28.98],[-97.942,29.11],[-97.83,30.46],[-98.477,29.537],[-101.34,29.7],[-97.645,26.15],[-98.812,33.82],[-98.49,33.99],[-97.8,32.77],[-96.85,32.85],[-97.15,33.623],[-98.5,33.98],[-100.49,28.71],[-97.4,32.35],[-98.78,29.9],[-98.198,33.233],[-98.45,30.68],[-98.12,30.71],[-95.53,33.65],[-94.48,30.85],[-94.44,30.52],[-97.35,31.1],[-96.85,30.7],[-96.97,30.88],[-97.05,30.32],[-97.239,30.287],[-96.98,30.12],[-102.36,33.52],[-100.43,33.91],[-101.5,33.08],[-94.16,30.806],[-100.43,33.91],[-93.78,30.27],[-102.14,34.18],[-101.76,33.86],[-97.23,30.93],[-97.19,29.76],[-96.89,29.71],[-97.97,28.71],[-98.46,29.0],[-98.48,29.07],[-98.65,29.08],[-99.86,28.53],[-100.97,35.96],[-93.92,30.65],[-96.629,33.086],[-96.0,32.7],[-97.817,30.428],[-98.582,29.562],[-98.74,29.8],[-99.141,30.041],[-97.23,31.62],[-97.94,30.43],[-97.47,31.07],[-99.78,29.22],[-100.49,28.71],[-97.078,32.827],[-94.82,31.0],[-93.73,30.1],[-98.275,28.632],[-97.02,33.084],[-96.974,33.11],[-96.754,32.992],[-97.67,30.52],[-97.76,30.48],[-98.03,29.24],[-98.25,29.96],[-95.67,30.37],[-98.12,29.7],[-96.462,30.172],[-98.51,29.46],[-95.99,30.12],[-93.96,30.44],[-95.824,29.889],[-100.11,30.11],[-97.48,32.9],[-97.69,30.65],[-96.341,32.968],[-97.734,32.452],[-97.53,33.7],[-97.3,29.93],[-100.93,34.38],[-101.8,33.64],[-100.48,33.57],[-96.82,30.25],[-96.97,30.85],[-97.221,33.268],[-95.585,33.587],[-96.332,30.644],[-97.32,31.65],[-98.2,30.76],[-98.9,29.15],[-102.65,32.72],[-99.17,28.67],[-102.03,33.59],[-100.98,29.46],[-98.166,28.472],[-98.11,28.58],[-97.16,29.44],[-95.504,31.48],[-102.7,34.66],[-102.42,35.24],[-100.423,33.918],[-98.135,27.226],[-98.99,31.71],[-95.477,31.49],[-97.45,32.77],[-96.62,33.53],[-96.839,33.041],[-97.487,31.104],[-96.039,31.349],[-102.99,34.89],[-102.99,34.89],[-102.43,34.83],[-101.4,35.7],[-102.2,33.73],[-95.15,30.672],[-95.31,30.254],[-102.43,34.83],[-98.13,28.99],[-97.61,28.61],[-98.229,26.196],[-98.12,28.31],[-97.87,28.33],[-98.53,29.49],[-98.65,29.55],[-98.66,29.55],[-101.84,33.54],[-102.0,33.16],[-100.85,33.943],[-100.14,33.88],[-97.74,30.01],[-97.5,30.08],[-97.98,29.67],[-98.57,30.82],[-98.57,29.25],[-98.76,29.32],[-97.365,30.36],[-100.848,32.72],[-100.47,32.47],[-100.14,32.49],[-96.63,32.934],[-94.12,29.7],[-99.757,33.183],[-101.72,35.22],[-101.92,35.2],[-101.85,35.19],[-101.72,35.22],[-101.72,35.22],[-101.72,35.22],[-101.66,35.25],[-97.006,32.803],[-97.019,32.885],[-98.58,29.82],[-99.78,30.16],[-97.99,29.83],[-97.65,29.68],[-98.1,29.46],[-97.79,29.96],[-102.295,34.571],[-96.68,33.1],[-102.74,33.73],[-102.99,34.89],[-102.55,32.32],[-101.17,35.57],[-98.158,32.407],[-102.66,35.28],[-97.512,27.774],[-98.18,30.02],[-100.13,36.42],[-100.39,36.16],[-100.05,31.65],[-102.13,34.093],[-102.562,32.92],[-102.2,31.93],[-100.848,32.72],[-98.91,32.76],[-99.95,32.18],[-94.42,30.91],[-94.0,30.92],[-94.2,30.26],[-99.49,27.53],[-97.396,27.772],[-98.315,26.226],[-99.85,29.54],[-97.357,32.741],[-97.79,28.39],[-102.2,33.73],[-97.53,30.65],[-99.37,31.13],[-102.03,33.59],[-101.89,35.22],[-96.777,32.339],[-97.164,32.963],[-96.63,32.92],[-96.587,32.9],[-102.99,34.89],[-98.2,32.259],[-98.132,31.71],[-95.477,30.18],[-97.864,33.478],[-96.51,33.368],[-102.385,33.58],[-100.93,34.92],[-97.63,27.67],[-95.46,29.69],[-97.82,30.19],[-97.41,30.57],[-101.79,35.07],[-99.85,33.45],[-98.945,32.759],[-98.6,32.955],[-98.1,32.8],[-97.51,33.16],[-97.53,33.17],[-97.3,33.08],[-97.49,33.14],[-97.453,33.036],[-97.23,32.82],[-97.309,33.07],[-97.153,33.207],[-96.58,33.42],[-98.17,31.24],[-97.168,33.229],[-97.649,32.995],[-96.733,33.115],[-96.57,32.98],[-96.02,33.78],[-96.6,32.77],[-96.28,32.73],[-96.28,32.73],[-95.597,33.106],[-96.58,32.03],[-96.69,31.81],[-96.56,31.94],[-96.17,31.72],[-93.96,30.44],[-94.0,30.92],[-93.73,30.1],[-97.41,32.69],[-97.12,32.73],[-97.12,32.73],[-97.12,32.73],[-97.397,32.47],[-96.766,32.857],[-97.206,32.73],[-97.13,32.57],[-96.814,32.742],[-96.63,32.92],[-96.462,32.926],[-96.13,32.9],[-96.37,33.156],[-95.907,33.243],[-95.53,33.65],[-96.27,32.78],[-95.72,32.67],[-95.733,32.87],[-96.449,32.68],[-96.865,31.862],[-96.23,32.45],[-97.48,31.59],[-97.163,31.528],[-97.45,31.53],[-97.15,31.55],[-96.23,32.13],[-97.15,31.55],[-97.2,31.52],[-97.15,31.55],[-95.5,31.87],[-96.194,31.741],[-96.82,31.3],[-96.98,31.08],[-97.47,31.07],[-97.35,31.057],[-96.571,31.09],[-94.03,30.907],[-93.75,30.85],[-95.54,30.099],[-95.362,30.037],[-95.54,29.72],[-95.54,29.72],[-95.39,29.8],[-97.86,27.51],[-97.693,27.332],[-98.42,29.38],[-98.45,29.38],[-97.28,29.1],[-97.45,29.49],[-95.208,29.668],[-94.02,29.95],[-96.97,30.97],[-94.42,30.77],[-94.31,30.81],[-94.03,30.74],[-93.9,30.66],[-93.75,30.85],[-98.02,30.16],[-99.61,28.95],[-95.62,30.7],[-94.363,30.67],[-97.734,30.287],[-96.62,33.2],[-97.5,30.16],[-97.18,30.03],[-96.91,29.94],[-100.7,34.699],[-99.77,30.5],[-97.03,32.9],[-97.7,30.39],[-96.094,31.469],[-95.237,29.808],[-98.04,27.74],[-97.215,28.817],[-100.78,29.36],[-97.92,30.87],[-98.18,31.13],[-98.05,29.7],[-98.351,26.217],[-98.17,26.3],[-98.32,26.22],[-98.371,26.233],[-97.162,26.088],[-96.85,29.69],[-99.76,32.49],[-98.31,30.65],[-98.62,27.88],[-106.578,31.863],[-102.7,34.66],[-95.38,29.93],[-101.76,35.32],[-101.8,35.11],[-97.348,32.681],[-97.103,31.587],[-98.38,33.27],[-102.01,35.19],[-101.02,35.87],[-101.68,35.2],[-101.87,35.07],[-100.42,35.74],[-100.93,34.92],[-100.912,34.389],[-102.705,34.651],[-96.9,33.328],[-95.962,33.248],[-95.53,33.13],[-96.612,33.129],[-96.871,33.121],[-102.55,36.03],[-102.55,36.03],[-98.58,29.47],[-101.41,36.34],[-95.63,31.75],[-99.467,27.543],[-97.32,33.6],[-97.13,33.24],[-95.085,30.344],[-95.826,29.747],[-98.53,33.97],[-94.95,30.32],[-96.107,31.021],[-103.15,31.75],[-102.516,32.32],[-97.36,29.72],[-100.97,35.96],[-98.17,33.22],[-102.33,34.86],[-102.94,33.01],[-97.45,29.73],[-98.62,27.88],[-97.94,27.96],[-98.04,29.553],[-97.644,30.13],[-94.016,30.732],[-93.741,30.864],[-103.48,31.391],[-102.705,34.651],[-97.798,32.648],[-97.37,32.87],[-97.331,32.77],[-97.184,32.802],[-97.068,32.957],[-97.039,33.129],[-97.151,33.64],[-97.09,33.13],[-96.992,33.001],[-96.993,33.157],[-96.72,32.95],[-96.845,32.376],[-96.67,33.75],[-96.31,33.6],[-95.92,33.58],[-95.73,33.55],[-97.67,29.86],[-97.176,33.417],[-95.596,31.691],[-97.6,33.23],[-97.25,33.27],[-97.292,33.184],[-98.45,29.57],[-97.15,32.17],[-97.223,31.526],[-97.679,31.46],[-96.905,32.681],[-96.57,33.63],[-95.869,32.205],[-95.7,32.45],[-96.684,33.163],[-99.68,32.43],[-99.62,32.5],[-93.99,31.13],[-98.58,34.09],[-103.089,29.13],[-98.241,26.191],[-97.234,27.584],[-95.49,30.136],[-97.08,29.83],[-96.88,29.91],[-100.45,31.45],[-98.05,29.01],[-97.35,29.08],[-97.753,28.411],[-96.145,28.997],[-95.184,29.553],[-95.57,29.62],[-98.25,32.93],[-98.55,32.12],[-98.067,32.705],[-97.45,32.68],[-97.81,30.43],[-97.744,30.273],[-97.75,30.27],[-96.4,30.16],[-94.18,30.69],[-93.87,30.61],[-95.908,30.948],[-97.65,26.23],[-96.106,29.798],[-95.69,29.98],[-94.2,30.26],[-95.12,29.7],[-96.53,30.35],[-94.63,30.4],[-94.0,30.92],[-94.42,30.77],[-93.96,30.43],[-94.0,30.13],[-93.75,30.85],[-98.21,29.36],[-101.76,33.86],[-97.4,32.35],[-97.4,32.35],[-97.126,32.955],[-97.113,32.957],[-97.508,32.994],[-97.68,31.77],[-97.0,32.04],[-96.7,32.27],[-94.36,32.77],[-95.56,31.69],[-96.82,30.22],[-97.957,28.073],[-98.664,26.314],[-97.96,26.091],[-96.636,28.631],[-98.52,30.1],[-99.615,28.952],[-97.781,26.496],[-98.82,32.4],[-98.1,32.8],[-98.066,32.756],[-98.08,32.77],[-98.08,32.77],[-98.105,32.756],[-97.86,32.82],[-97.68,32.91],[-96.55,33.75],[-100.45,31.27],[-100.48,31.35],[-101.55,33.263],[-99.23,26.9],[-102.894,30.901],[-96.88,32.53],[-97.016,32.658],[-95.605,29.922],[-94.02,30.51],[-100.11,32.04],[-98.52,33.27],[-97.706,33.154],[-97.976,31.589],[-96.58,31.4],[-97.303,32.416],[-96.45,32.47],[-96.0,32.7],[-96.28,32.73],[-96.18,33.59],[-95.599,33.156],[-95.77,33.18],[-96.452,31.613],[-96.632,31.319],[-95.48,31.88],[-95.62,33.15],[-94.35,30.4],[-94.18,30.69],[-93.962,30.683],[-94.32,30.37],[-93.794,30.587],[-94.329,30.604],[-94.18,30.58],[-93.634,30.732],[-98.67,32.72],[-97.046,32.697],[-98.2,32.23],[-96.9,32.65],[-94.43,30.89],[-94.0,30.92],[-94.42,30.77],[-93.75,30.85],[-93.76,30.1],[-98.076,32.175],[-97.9,32.4],[-101.905,33.592],[-101.91,33.59],[-101.37,33.67],[-98.92,34.03],[-98.21,33.19],[-98.05,31.42],[-99.489,27.609],[-98.32,26.22],[-100.882,29.361],[-100.897,29.377],[-97.01,30.41],[-98.02,33.3],[-97.451,33.184],[-97.48,33.11],[-97.05,33.71],[-97.87,33.17],[-96.99,33.23],[-98.309,30.657],[-94.43,33.43],[-97.4,32.35],[-98.12,29.2],[-98.48,29.66],[-98.47,29.57],[-95.551,30.122],[-99.66,31.51],[-101.96,35.86],[-102.705,34.651],[-99.28,34.23],[-97.4,27.77],[-98.13,27.75],[-100.95,29.48],[-100.63,31.6],[-101.95,34.99],[-98.359,26.252],[-99.02,33.5],[-96.569,32.908],[-94.0,30.92],[-97.453,31.167],[-97.436,31.14],[-95.409,30.122],[-98.68,32.47],[-100.79,35.44],[-101.82,36.02],[-103.064,31.286],[-98.47,29.53],[-97.163,31.534],[-97.378,27.887],[-101.07,34.45],[-98.33,26.37],[-97.854,33.546],[-99.94,34.34],[-101.63,31.621],[-97.453,32.722],[-97.328,32.676],[-97.674,28.027],[-93.76,30.1],[-97.05,33.6],[-96.704,33.791],[-97.09,33.03],[-97.299,32.835],[-97.35,31.2],[-95.37,32.471],[-95.411,32.278],[-95.399,32.214],[-101.93,35.42],[-101.83,35.2],[-96.55,33.02],[-99.26,29.99],[-96.776,29.702],[-96.741,29.7],[-96.409,29.743],[-95.607,30.04],[-97.65,26.23],[-97.521,25.927],[-97.85,33.5],[-101.06,35.36],[-98.771,33.356],[-97.748,33.828],[-95.423,29.762],[-94.32,30.37],[-94.11,31.06],[-94.0,30.92],[-93.9,30.66],[-93.92,29.95],[-96.76,33.34],[-93.932,30.59],[-95.423,30.424],[-97.37,31.85],[-96.401,32.696],[-101.4,35.7],[-98.92,34.04],[-101.519,32.186],[-96.47,30.451],[-98.05,32.52],[-94.48,30.72],[-94.44,30.52],[-94.19,30.97],[-94.0,30.98],[-101.12,35.36],[-101.85,35.15],[-101.829,33.685],[-98.23,26.17],[-102.2,31.93],[-96.346,32.961],[-95.049,29.581],[-102.558,36.039],[-101.78,34.98],[-96.802,32.804],[-96.789,32.815],[-97.164,26.087],[-102.33,34.86],[-102.516,32.32],[-102.12,30.05],[-99.85,33.45],[-97.0,33.07],[-102.002,32.311],[-97.138,33.204],[-96.71,32.398],[-96.5,32.23],[-94.04,30.11],[-103.5,31.38],[-100.57,35.24],[-93.76,31.0],[-99.63,32.56],[-100.59,35.25],[-98.5,33.98],[-97.621,27.921],[-97.912,26.465],[-95.374,29.819],[-95.07,29.48],[-104.8,31.88],[-97.132,27.93],[-95.434,29.706],[-97.0,30.65],[-97.016,30.648],[-96.57,31.73],[-96.28,31.52],[-96.65,31.28],[-95.63,31.75],[-96.327,32.589],[-94.11,30.12],[-102.06,34.97],[-102.4,34.82],[-94.29,30.09],[-97.58,33.08],[-97.75,31.43],[-101.06,31.83],[-97.44,32.89],[-97.491,32.427],[-97.299,32.835],[-97.35,33.22],[-97.15,33.22],[-96.63,32.33],[-96.86,33.01],[-96.98,33.257],[-96.697,32.928],[-96.97,30.85],[-96.417,33.501],[-95.497,29.678],[-95.451,29.693],[-94.42,30.87],[-94.13,31.03],[-94.06,30.89],[-94.14,30.09],[-97.45,31.77],[-96.87,31.498],[-96.606,33.65],[-93.98,30.91],[-102.19,33.73],[-97.07,32.756],[-99.48,27.55],[-99.081,26.411],[-98.968,26.406],[-95.47,31.38],[-95.18,31.36],[-96.715,30.528],[-95.614,30.695],[-98.232,26.194],[-97.073,27.84],[-94.32,30.37],[-93.73,31.04],[-102.1,32.037],[-100.39,34.34],[-100.53,32.35],[-99.86,32.42],[-101.99,35.5],[-104.8,31.88],[-101.486,31.195],[-93.98,29.94],[-98.49,33.86],[-97.19,33.6],[-97.81,26.39],[-101.737,34.541],[-101.71,35.23],[-96.18,33.59],[-101.186,34.431],[-100.28,35.92],[-101.82,33.67],[-102.74,33.73],[-102.36,33.53],[-101.82,33.67],[-102.13,32.92],[-101.98,35.22],[-98.51,33.95],[-97.37,32.8],[-95.161,31.418],[-95.61,32.01],[-96.47,32.1],[-96.53,32.02],[-96.4,33.3],[-95.85,32.43],[-96.85,33.71],[-100.28,35.92],[-101.82,33.67],[-100.6,34.27],[-94.0,30.92],[-102.61,33.39],[-97.89,33.3],[-98.07,32.71],[-97.41,32.34],[-102.05,33.61],[-95.58,31.62],[-95.25,29.42],[-94.802,29.306],[-96.63,32.92],[-96.842,32.776],[-98.9,32.75],[-102.08,32.0],[-96.528,32.661],[-98.902,32.765],[-98.9,32.75],[-98.63,33.15],[-98.27,32.7],[-96.75,32.77],[-96.55,30.86],[-97.444,32.459],[-95.626,33.705],[-96.03,29.218],[-97.62,31.31],[-96.14,31.04],[-97.9,33.36],[-97.32,33.15],[-95.539,30.71],[-95.402,30.737],[-95.702,29.775],[-95.25,29.43],[-95.14,29.37],[-95.33,29.65],[-94.782,29.299],[-94.855,32.105],[-94.829,32.119],[-97.33,32.95],[-97.87,31.62],[-96.02,32.17],[-93.762,30.083],[-98.25,32.93],[-93.66,30.99],[-95.4,33.17],[-100.924,32.7],[-98.18,31.51],[-98.21,31.7],[-96.64,33.75],[-98.21,31.51],[-98.16,31.47],[-98.07,31.17],[-102.705,34.651],[-101.72,35.22],[-101.6,35.63],[-96.62,33.2],[-94.03,30.19],[-94.04,30.19],[-94.57,30.75],[-99.67,33.34],[-98.77,33.37],[-98.17,33.21],[-97.8,32.73],[-96.67,33.72],[-97.34,32.75],[-99.57,29.63],[-96.331,32.02],[-101.12,34.82],[-100.3,34.43],[-94.87,31.745],[-102.37,33.522],[-97.09,33.03],[-97.096,33.013],[-97.15,32.97],[-100.28,35.92],[-101.0,35.61],[-100.39,35.08],[-101.39,35.33],[-101.89,35.15],[-100.518,34.73],[-100.3,34.43],[-101.19,36.2],[-101.38,33.67],[-93.92,30.13],[-95.484,30.536],[-96.35,30.569],[-103.24,31.569],[-99.98,32.31],[-99.85,32.43],[-96.64,33.22],[-97.08,32.83],[-102.01,35.86],[-93.93,29.89],[-100.78,29.36],[-99.24,28.44],[-93.71,30.87],[-97.28,28.3],[-96.57,32.02],[-96.36,31.4],[-97.55,31.78],[-102.19,33.73],[-102.19,33.73],[-96.9,31.31],[-94.01,30.13],[-97.42,25.92],[-97.5,26.076],[-101.11,35.2],[-101.76,33.88],[-97.5,33.8],[-98.13,32.75],[-96.92,32.82],[-96.75,33.066],[-96.72,33.34],[-96.5,33.22],[-96.687,32.986],[-96.327,30.843],[-97.58,33.07],[-97.61,33.08],[-98.04,27.74],[-97.34,32.57],[-95.32,33.52],[-97.5,33.02],[-98.712,32.014],[-97.47,32.75],[-98.461,31.987],[-96.386,32.998],[-96.24,33.16],[-96.753,33.111],[-100.51,28.86],[-93.99,30.5],[-97.579,32.859],[-95.278,30.501],[-96.041,29.289],[-95.09,29.37],[-93.72,30.07],[-97.44,32.903],[-97.03,32.9],[-96.28,33.22],[-96.2,33.28],[-95.807,33.199],[-102.4,34.02],[-101.913,32.761],[-101.52,33.08],[-101.398,32.759],[-101.518,32.209],[-99.66,33.35],[-98.97,32.11],[-98.38,33.17],[-98.07,32.8],[-97.65,32.76],[-97.53,32.45],[-96.593,33.178],[-102.99,34.89],[-96.1,32.49],[-96.02,32.16],[-102.12,34.09],[-102.05,33.42],[-96.6,32.77],[-95.785,32.478],[-95.707,32.478],[-100.99,31.84],[-96.47,32.24],[-96.52,31.41],[-96.37,30.67],[-96.52,31.6],[-96.47,32.1],[-95.523,31.605],[-95.8,31.83],[-96.47,32.24],[-97.9,31.13],[-96.7,30.77],[-95.7,31.88],[-97.48,32.9],[-98.06,27.73],[-98.23,26.17],[-97.228,27.613],[-97.074,28.847],[-95.62,29.62],[-93.94,29.97],[-94.4,30.14],[-94.27,30.16],[-94.16,29.88],[-94.82,31.0],[-94.14,30.09],[-94.2,30.21],[-94.04,29.96],[-94.0,29.97],[-93.99,30.12],[-94.09,30.84],[-94.0,30.93],[-98.48,29.3],[-97.316,32.977],[-96.83,32.96],[-96.68,33.1],[-96.887,33.0],[-96.492,32.376],[-95.7,33.27],[-95.766,33.252],[-95.871,32.931],[-95.38,32.993],[-94.19,31.07],[-93.9,30.66],[-101.769,33.858],[-96.662,33.315],[-101.0,35.61],[-99.5,32.41],[-97.309,32.91],[-96.12,33.13],[-97.825,33.59],[-96.93,31.48],[-98.0,31.802],[-95.408,29.805],[-98.15,27.23],[-95.768,31.989],[-95.757,32.44],[-94.0,29.96],[-101.11,35.32],[-96.546,33.754],[-102.55,36.03],[-101.769,33.858],[-95.8,33.04],[-96.041,33.081],[-97.2,31.52],[-97.01,31.11],[-100.137,33.903],[-100.193,33.181],[-96.48,33.51],[-98.105,32.667],[-96.8,32.52],[-97.23,31.32],[-98.133,26.451],[-98.227,26.249],[-98.031,26.147],[-96.586,33.716],[-96.57,33.63],[-96.734,33.204],[-96.85,32.4],[-96.13,31.23],[-96.833,32.224],[-96.57,31.73],[-97.215,33.259],[-98.14,33.27],[-96.52,32.12],[-98.96,32.8],[-102.43,34.83],[-102.33,34.86],[-101.82,33.67],[-102.08,34.99],[-101.7,34.185],[-97.987,27.91],[-98.38,26.48],[-98.36,26.29],[-97.044,33.05],[-96.91,33.03],[-96.83,32.97],[-97.44,32.89],[-96.81,33.09],[-97.01,32.8],[-96.21,32.33],[-98.17,31.92],[-98.66,30.78],[-97.57,30.44],[-97.38,33.65],[-97.282,33.485],[-97.117,33.147],[-97.09,33.03],[-97.028,32.823],[-97.82,32.43],[-95.909,30.946],[-101.18,36.36],[-96.58,31.4],[-100.93,35.54],[-97.16,28.851],[-102.01,35.86],[-103.504,31.399],[-95.15,29.66],[-95.371,29.758],[-95.398,29.743],[-94.0,30.78],[-101.72,35.22],[-97.65,26.23],[-96.38,30.59],[-96.3,30.5],[-101.5,34.98],[-101.39,35.33],[-101.068,34.413],[-102.28,33.151],[-93.68,31.0],[-96.375,30.644],[-95.17,30.0],[-95.39,29.77],[-94.18,30.1],[-94.14,30.09],[-94.09,30.1],[-94.01,30.1],[-93.98,30.09],[-93.76,30.1],[-97.287,33.487],[-95.523,30.823],[-95.445,30.67],[-95.753,30.144],[-95.55,30.13],[-95.365,30.85],[-95.357,30.213],[-95.543,30.133],[-95.44,30.152],[-95.431,29.628],[-95.245,30.207],[-95.22,29.57],[-94.61,30.93],[-93.68,30.77],[-93.7,30.99],[-101.49,32.21],[-97.811,33.233],[-96.65,33.713],[-98.25,33.1],[-95.71,31.796],[-96.68,30.75],[-96.72,31.88],[-96.401,32.028],[-96.02,32.17],[-96.586,32.768],[-95.59,31.62],[-99.267,26.907],[-97.179,33.361],[-97.11,33.251],[-96.786,33.109],[-97.03,32.9],[-95.9,33.26],[-96.268,32.709],[-96.76,32.81],[-94.0,30.13],[-97.91,28.06],[-97.07,27.84],[-97.6,27.74],[-97.16,26.071],[-97.931,31.078],[-95.611,29.95],[-102.193,31.939],[-100.57,31.36],[-97.97,30.21],[-97.79,32.44],[-93.89,30.04],[-98.51,33.89],[-100.9,35.23],[-101.486,31.206],[-100.493,31.359],[-97.3,31.47],[-94.34,30.05],[-95.747,33.159],[-101.926,32.709],[-102.127,32.927],[-97.02,32.89],[-97.36,33.24],[-102.27,35.53],[-100.5,31.37],[-100.492,31.357],[-101.45,35.84],[-101.92,33.32],[-101.233,32.924],[-97.739,32.399],[-97.15,32.73],[-100.3,34.43],[-97.73,33.798],[-97.319,32.99],[-96.68,32.84],[-102.14,36.36],[-101.93,35.42],[-99.71,33.98],[-96.57,33.76],[-97.374,32.872],[-96.84,32.42],[-101.82,33.67],[-99.32,31.18],[-100.912,34.389],[-101.57,34.133],[-101.18,36.36],[-96.75,33.45],[-96.67,33.11],[-96.72,32.98],[-96.61,33.62],[-97.19,32.82],[-97.1,32.44],[-98.55,33.86],[-97.24,33.14],[-97.35,33.08],[-102.96,35.57],[-97.3,32.83],[-97.215,32.875],[-101.07,34.41],[-101.058,33.077],[-94.14,30.09],[-101.19,35.03],[-96.114,32.369],[-96.17,33.43],[-97.13,33.22],[-96.96,32.33],[-101.398,32.759],[-97.72,26.176],[-95.08,29.65],[-94.85,29.84],[-94.0,30.13],[-97.41,25.92],[-98.49,33.82],[-96.63,32.86],[-97.08,31.88],[-95.88,32.54],[-95.38,29.44],[-100.28,35.92],[-97.35,32.09],[-96.062,33.008],[-96.7,33.03],[-93.87,30.61],[-93.9,30.66],[-97.38,31.45],[-97.754,28.411],[-95.52,33.81],[-94.64,29.46],[-94.03,29.94],[-102.2,31.93],[-99.89,33.19],[-97.31,32.93],[-96.794,33.276],[-98.33,31.96],[-94.09,31.0],[-96.33,30.56],[-95.95,30.79],[-96.35,30.66],[-95.45,31.27],[-94.39,30.8],[-98.011,33.317],[-96.79,29.6],[-96.6,29.54],[-95.84,29.79],[-95.7,30.32],[-95.64,29.67],[-95.58,29.76],[-95.38,30.33],[-95.43,29.74],[-95.42,29.72],[-95.28,29.85],[-95.3,29.83],[-95.43,29.18],[-94.6,30.03],[-100.14,34.79],[-102.36,35.25],[-101.63,32.12],[-97.904,30.436],[-102.83,33.223],[-102.517,32.325],[-95.85,29.75],[-95.82,29.73],[-95.77,29.72],[-95.7,29.78],[-95.37,29.67],[-95.24,29.41],[-98.644,32.367],[-96.41,33.639],[-98.56,34.08],[-103.01,35.58],[-101.03,35.9],[-96.65,31.75],[-95.75,31.44],[-95.75,31.43],[-94.12,31.06],[-96.46,30.66],[-95.37,29.76],[-95.25,29.76],[-95.76,29.41],[-95.95,30.79],[-96.08,30.6],[-102.08,34.99],[-101.62,35.65],[-100.28,35.92],[-101.398,32.759],[-95.2,30.17],[-96.7,30.53],[-96.29,30.15],[-93.892,30.664],[-93.972,30.685],[-96.496,31.686],[-95.714,31.779],[-95.6,31.75],[-102.356,31.413],[-95.54,30.65],[-97.349,32.785],[-102.08,34.99],[-100.21,34.85],[-97.66,31.06],[-97.77,33.45],[-97.27,32.81],[-103.03,34.38],[-104.8,31.808],[-101.0,35.62],[-97.652,32.26],[-101.72,35.22],[-96.81,33.79],[-99.89,33.18],[-97.52,31.15],[-97.36,31.1],[-96.321,32.109],[-96.69,30.53],[-96.539,31.529],[-96.34,30.64],[-96.22,30.76],[-96.33,30.63],[-96.11,30.97],[-96.4,30.18],[-96.39,30.62],[-95.48,31.33],[-95.8,30.37],[-95.62,30.39],[-95.46,30.24],[-95.46,30.24],[-95.63,30.4],[-95.38,29.84],[-95.58,29.58],[-95.52,29.59],[-95.06,29.58],[-95.09,29.55],[-93.67,31.0],[-96.93,33.37],[-96.91,33.22],[-97.394,32.285],[-97.7,32.75],[-93.98,29.98],[-98.07,32.78],[-98.21,32.6],[-98.21,32.6],[-98.01,32.77],[-97.43,32.77],[-97.1,32.906],[-96.99,31.07],[-96.64,33.6],[-96.778,33.053],[-96.32,29.5],[-96.3,29.44],[-95.4,29.04],[-96.14,32.33],[-95.307,30.349],[-95.529,29.714],[-100.94,29.48],[-96.31,32.55],[-95.788,32.889],[-95.56,31.29],[-95.37,31.38],[-95.15,31.41],[-98.144,27.229],[-98.745,26.475],[-98.841,26.396],[-96.92,32.49],[-96.36,32.31],[-96.15,32.43],[-102.685,34.648],[-101.0,35.61],[-102.13,34.093],[-100.423,33.918],[-100.137,33.903],[-99.96,33.99],[-101.54,35.3],[-97.23,31.61],[-96.66,31.75],[-102.732,33.734],[-100.285,34.431],[-94.816,29.317],[-94.71,32.38],[-99.18,29.36],[-97.9,30.1],[-98.47,29.34],[-97.343,28.86],[-97.22,28.82],[-97.385,28.644],[-96.09,29.33],[-97.343,28.352],[-95.44,29.45],[-94.0,29.97],[-97.34,26.16],[-102.02,35.85],[-101.4,35.69],[-98.09,32.59],[-96.69,31.96],[-96.24,33.68],[-94.69,32.23],[-96.24,33.68],[-95.26,31.97],[-94.14,32.33],[-103.02,36.41],[-96.55,33.02],[-102.55,36.02],[-100.51,28.86],[-101.56,31.619],[-99.09,32.76],[-101.03,35.88],[-101.62,35.65],[-101.19,35.03],[-100.284,34.43],[-99.08,29.97],[-96.85,32.56],[-96.87,32.35],[-96.93,28.87],[-97.47,33.56],[-97.38,33.67],[-95.582,33.388],[-97.37,32.36],[-97.53,33.89],[-101.186,34.431],[-97.72,32.39],[-97.72,32.39],[-97.24,33.499],[-95.902,29.803],[-97.44,31.415],[-97.09,31.8],[-103.52,29.15],[-96.63,32.45],[-97.0,32.37],[-98.11,32.61],[-103.53,29.15],[-101.875,33.552],[-101.78,33.18],[-105.198,31.949],[-101.48,34.65],[-101.317,34.007],[-102.562,32.92],[-101.847,32.97],[-100.876,33.481],[-102.28,33.151],[-95.95,33.16],[-97.19,32.28],[-96.68,32.99],[-97.33,32.75],[-96.74,32.95],[-96.74,32.89],[-96.76,32.83],[-97.06,32.83],[-97.054,32.493],[-97.85,32.51],[-94.94,30.54],[-97.64,27.97],[-95.896,30.203],[-102.2,31.95],[-101.317,34.007],[-98.578,33.858],[-95.38,32.33],[-101.94,35.18],[-94.03,29.99],[-94.0,29.89],[-96.458,32.931],[-101.62,35.65],[-99.88,34.34],[-100.86,32.72],[-99.89,33.19],[-96.59,33.18],[-97.04,32.9],[-96.618,32.859],[-96.63,32.91],[-95.46,32.36],[-95.05,29.67],[-98.08,30.22],[-100.5,31.36],[-97.094,32.666],[-98.08,30.22],[-97.67,30.19],[-98.47,29.53],[-98.04,29.7],[-97.75,29.65],[-96.67,30.4],[-96.29,30.68],[-96.34,30.64],[-97.85,28.82],[-95.21,31.53],[-95.68,32.05],[-98.807,26.39],[-98.708,26.337],[-101.62,35.65],[-94.93,30.46],[-95.9,30.61],[-96.61,30.6],[-96.32,30.6],[-98.23,29.86],[-95.37,30.03],[-95.42,29.59],[-98.27,26.22],[-99.48,27.58],[-99.49,27.53],[-99.43,27.57],[-99.47,27.55],[-97.207,26.078],[-94.59,30.94],[-94.21,30.93],[-94.19,30.8],[-97.42,31.11],[-96.36,30.66],[-96.37,30.68],[-96.3,30.57],[-96.31,30.53],[-96.36,30.65],[-96.34,30.66],[-96.3,30.57],[-96.4,30.17],[-95.46,30.8],[-96.4,30.17],[-98.56,26.3],[-98.49,26.24],[-97.98,26.16],[-103.02,36.41],[-101.3,29.6],[-97.287,27.637],[-99.17,29.36],[-95.1,29.44],[-95.34,29.99],[-101.95,34.98],[-101.24,35.4],[-101.24,35.4],[-100.45,31.45],[-97.76,31.43],[-97.74,31.43],[-97.52,31.42],[-100.15,34.15],[-95.57,30.72],[-95.57,30.73],[-95.5,30.39],[-95.42,30.3],[-95.47,30.33],[-95.48,30.37],[-101.7,34.185],[-102.28,33.151],[-102.35,35.24],[-101.93,35.42],[-102.64,32.75],[-97.66,33.22],[-97.7,33.35],[-97.23,31.61],[-94.439,30.524],[-97.72,33.79],[-97.82,32.45],[-97.149,32.564],[-94.18,30.14],[-93.77,30.1],[-94.14,30.1],[-95.42,30.05],[-95.36,29.98],[-96.4,32.03],[-95.21,30.0],[-95.36,29.98],[-96.28,30.55],[-94.62,29.47],[-97.42,32.78],[-99.242,32.745],[-97.32,31.95],[-96.22,33.5],[-95.6,33.35],[-94.14,32.22],[-95.826,30.973],[-95.24,29.52],[-99.859,32.425],[-100.46,35.69],[-99.94,34.344],[-102.53,32.33],[-98.47,29.34],[-94.71,32.38],[-96.09,30.78],[-96.24,30.68],[-96.36,30.67],[-95.98,30.48],[-95.75,30.21],[-95.38,29.76],[-95.36,29.72],[-94.96,30.31],[-95.39,29.761],[-101.03,35.89],[-99.791,33.742],[-93.74,30.09],[-96.51,29.04],[-93.88,30.61],[-95.555,33.697],[-99.94,34.344],[-102.13,34.093],[-102.27,35.53],[-101.737,34.541],[-101.78,36.14],[-100.38,31.37],[-102.55,36.02],[-97.765,28.18],[-97.67,28.03],[-95.142,30.046],[-95.181,29.812],[-98.59,31.91],[-97.82,31.78],[-97.22,31.61],[-96.05,31.46],[-96.41,31.35],[-101.61,35.65],[-100.57,35.24],[-100.93,34.92],[-102.64,32.75],[-98.68,27.32],[-97.34,33.28],[-97.32,33.25],[-96.87,32.41],[-96.07,30.38],[-95.27,29.68],[-95.93,29.05],[-96.41,33.55],[-100.27,31.38],[-93.98,30.73],[-94.19,30.36],[-94.11,30.08],[-97.52,32.92],[-97.2,32.75],[-98.6,31.92],[-102.705,34.651],[-102.2,31.95],[-101.2,32.91],[-101.6,31.65],[-100.96,30.47],[-97.8,32.45],[-97.72,32.25],[-97.589,32.978],[-97.36,31.11],[-97.18,33.3],[-99.192,33.17],[-96.25,33.38],[-98.702,32.359],[-96.954,28.822],[-95.44,31.32],[-94.4,30.59],[-93.98,30.72],[-103.05,30.83],[-94.42,30.92],[-94.61,30.25],[-93.96,30.47],[-93.72,30.73],[-94.6,30.36],[-95.51,30.6],[-101.571,34.139],[-96.79,33.24],[-95.67,29.55],[-94.19,30.17],[-94.18,30.01],[-96.27,29.2],[-94.18,30.38],[-94.13,30.35],[-94.0,30.13],[-93.92,29.9],[-101.94,32.71],[-99.68,32.41],[-99.892,33.632],[-95.108,31.109],[-94.35,30.96],[-94.22,30.85],[-94.47,30.56],[-98.429,32.927],[-95.94,32.15],[-98.59,29.4],[-99.86,32.42],[-94.02,29.95],[-94.04,30.89],[-94.05,31.07],[-93.78,30.85],[-102.21,33.74],[-101.953,33.733],[-95.02,30.704],[-94.42,30.78],[-94.1,31.01],[-94.53,30.41],[-94.08,30.31],[-94.04,30.36],[-93.75,30.72],[-93.96,30.43],[-93.91,30.27],[-93.97,30.44],[-94.85,29.8],[-94.54,30.28],[-93.76,30.55],[-94.25,30.4],[-97.24,31.31],[-96.55,33.58],[-96.54,33.57],[-97.23,32.81],[-98.31,26.23],[-97.09,32.67],[-96.72,32.58],[-95.4,32.35],[-94.99,31.96],[-95.12,30.64],[-94.75,31.23],[-94.41,30.47],[-94.32,30.38],[-99.42,27.25],[-98.67,27.31],[-101.2,32.91],[-96.065,29.526],[-94.17,30.36],[-96.65,31.75],[-94.99,31.97],[-102.3,31.98],[-94.42,30.91],[-94.29,30.68],[-101.164,33.521],[-102.58,32.93],[-100.85,33.943],[-97.73,29.54],[-99.75,29.22],[-98.35,26.23],[-100.78,29.37],[-101.76,36.14],[-103.05,30.83],[-101.78,36.14],[-96.828,33.865],[-99.74,33.17],[-96.9,33.56],[-94.891,30.049],[-94.31,30.69],[-97.43,32.35],[-102.99,34.77],[-100.73,36.4],[-104.07,31.07],[-94.42,30.91],[-99.534,32.416],[-101.62,35.65],[-97.09,32.82],[-96.81,32.82],[-93.99,30.91],[-101.28,35.67],[-102.55,36.02],[-102.705,34.651],[-101.63,32.1],[-102.2,31.95],[-100.97,30.23],[-100.94,29.93],[-98.21,29.88],[-96.08,29.88],[-95.62,30.44],[-95.59,30.05],[-95.48,30.55],[-95.54,30.73],[-95.42,30.13],[-95.1,30.36],[-95.21,30.05],[-93.75,30.16],[-93.73,30.45],[-93.76,30.13],[-101.94,32.71],[-97.32,27.88],[-97.336,27.883],[-95.01,29.68],[-96.27,32.71],[-99.71,32.48],[-96.87,32.68],[-94.96,33.1],[-94.326,30.884],[-94.187,30.799],[-93.97,30.92],[-93.78,30.86],[-97.72,33.692],[-98.15,31.67],[-95.67,31.34],[-97.76,33.17],[-100.73,36.4],[-98.493,33.979],[-96.44,32.93],[-99.19,33.17],[-99.24,32.75],[-99.52,31.8],[-98.96,31.8],[-102.2,31.95],[-102.13,34.093],[-97.1,32.67],[-96.49,31.59],[-98.24,30.75],[-95.12,30.02],[-94.39,31.02],[-95.17,29.5],[-94.19,30.26],[-93.67,31.0],[-93.76,30.85],[-93.6,31.16],[-97.48,25.99],[-94.31,29.86],[-102.2,31.95],[-102.3,31.98],[-100.86,32.72],[-104.0,30.03],[-103.18,29.66],[-99.96,29.98],[-98.15,26.45],[-97.97,26.18],[-103.89,30.15],[-99.865,33.446],[-102.02,33.413],[-102.76,35.25],[-96.25,33.568],[-96.01,32.71],[-95.86,32.55],[-101.737,34.541],[-102.55,36.02],[-101.82,33.67],[-101.753,33.863],[-100.46,35.71],[-101.72,35.22],[-98.09,32.89],[-96.99,32.99],[-96.58,32.9],[-98.56,31.97],[-98.36,31.85],[-98.27,31.99],[-102.02,33.413],[-101.48,34.65],[-101.47,31.2],[-102.53,32.33],[-103.27,31.6],[-93.99,31.13],[-101.37,32.28],[-100.92,32.45],[-102.2,31.95],[-102.99,34.89],[-101.82,33.67],[-102.57,32.94],[-101.72,35.22],[-101.82,33.67],[-101.953,33.733],[-102.13,34.093],[-101.03,35.89],[-102.743,34.193],[-99.712,33.983],[-102.76,35.25],[-96.86,32.61],[-99.94,34.344],[-99.712,33.983],[-98.6,31.92],[-99.712,33.983],[-102.2,31.95],[-103.24,30.51],[-97.72,31.1],[-97.33,31.12],[-97.1,32.91],[-96.68,33.2],[-97.38,33.65],[-100.81,31.3],[-93.78,30.1],[-98.072,33.032],[-97.5,33.2],[-97.2,33.2]]}},{"type":"Feature","properties":{"kind":"wind","size":2},"geometry":{"type":"MultiPoint","coordinates":[[-103.08,31.9],[-97.2,31.55],[-97.12,32.73],[-102.77,32.62],[-102.38,34.83],[-101.7,34.2],[-101.37,33.2],[-101.9,35.27],[-101.82,35.13],[-101.1,35.2],[-100.3,34.43],[-100.47,34.88],[-100.5,35.37],[-100.53,35.28],[-100.1,35.22],[-99.42,33.73],[-99.3,33.87],[-100.27,36.23],[-98.58,31.47],[-102.05,33.6],[-98.63,29.4],[-95.55,30.73],[-95.27,31.95],[-94.18,31.85],[-95.05,33.62],[-98.75,26.58],[-94.88,31.47],[-97.03,32.9],[-101.23,33.98],[-100.45,34.88],[-100.77,35.8],[-100.3,34.43],[-100.22,34.85],[-100.25,35.22],[-100.45,34.88],[-95.3,32.35],[-96.52,33.02],[-96.43,33.03],[-96.63,33.02],[-97.75,31.43],[-96.23,32.3],[-97.03,32.9],[-96.92,32.82],[-94.5,31.82],[-94.58,31.6],[-94.47,31.38],[-97.7,26.18],[-98.37,27.4],[-98.13,27.37],[-97.15,27.9],[-97.05,28.02],[-97.42,27.68],[-97.42,27.78],[-97.28,27.45],[-98.47,26.72],[-98.12,26.68],[-97.97,26.3],[-97.88,26.07],[-93.88,31.75],[-102.82,32.38],[-101.5,31.67],[-97.9,32.4],[-97.75,32.23],[-97.13,32.02],[-96.87,32.25],[-96.67,31.75],[-96.13,31.72],[-95.23,30.75],[-95.15,30.6],[-95.02,30.5],[-97.53,30.93],[-96.98,31.08],[-96.57,31.08],[-95.52,33.8],[-94.52,33.35],[-97.35,32.75],[-96.13,32.9],[-95.82,32.85],[-94.27,32.62],[-95.28,32.87],[-95.17,32.87],[-94.93,32.73],[-95.05,33.62],[-95.03,33.63],[-101.93,34.98],[-101.85,35.23],[-101.82,35.08],[-101.72,35.22],[-101.72,35.22],[-101.72,35.2],[-102.0,36.05],[-101.37,35.12],[-101.63,35.25],[-101.6,35.18],[-101.62,35.12],[-101.57,35.37],[-101.23,35.2],[-101.0,35.62],[-101.07,35.48],[-100.67,34.87],[-100.27,35.45],[-100.12,35.4],[-99.73,32.45],[-100.32,36.43],[-99.27,33.6],[-98.5,33.98],[-99.22,27.55],[-94.37,32.43],[-96.78,32.77],[-94.67,31.67],[-94.78,31.73],[-96.63,32.33],[-98.0,31.08],[-97.75,30.28],[-97.12,33.37],[-97.03,32.9],[-100.62,30.85],[-95.1,33.37],[-94.95,33.35],[-94.5,31.82],[-94.08,31.68],[-94.27,31.3],[-101.4,36.27],[-100.47,35.52],[-100.92,35.53],[-102.77,33.72],[-100.25,35.22],[-99.87,33.32],[-98.75,33.2],[-97.8,32.77],[-98.2,33.52],[-99.37,34.08],[-99.02,34.15],[-98.17,33.32],[-98.22,33.22],[-97.5,33.07],[-97.37,32.87],[-93.93,29.9],[-94.03,29.92],[-95.62,32.78],[-95.0,31.83],[-95.85,31.83],[-95.15,31.88],[-94.88,31.72],[-94.88,31.65],[-95.78,31.25],[-95.6,33.13],[-94.62,33.5],[-95.22,32.58],[-95.3,32.8],[-94.82,32.83],[-94.67,32.8],[-94.8,32.73],[-95.4,32.52],[-95.3,32.35],[-94.37,32.53],[-94.5,32.83],[-94.75,32.58],[-95.27,31.95],[-94.82,32.05],[-101.7,34.2],[-101.32,34.12],[-100.3,34.43],[-95.32,33.82],[-95.27,33.8],[-94.93,32.62],[-94.57,32.52],[-94.42,32.53],[-101.45,36.27],[-101.82,33.67],[-102.23,31.43],[-99.72,33.98],[-102.08,32.0],[-101.93,32.05],[-101.8,32.13],[-96.55,33.75],[-97.77,33.22],[-97.33,32.98],[-96.83,33.15],[-99.43,31.83],[-96.35,33.43],[-96.58,33.42],[-96.25,33.38],[-96.55,33.02],[-95.97,33.42],[-95.43,32.8],[-95.4,32.52],[-94.93,32.73],[-95.1,32.58],[-97.75,32.07],[-94.75,33.18],[-94.75,33.03],[-94.73,32.48],[-94.88,32.38],[-98.18,31.07],[-94.97,32.15],[-95.27,31.95],[-94.38,32.15],[-94.35,32.15],[-94.68,31.6],[-94.5,32.08],[-94.68,31.6],[-94.25,31.93],[-94.25,31.93],[-94.67,31.6],[-97.75,30.28],[-99.18,28.48],[-99.27,28.43],[-96.33,30.6],[-93.85,31.27],[-93.85,31.27],[-98.13,27.37],[-95.02,32.48],[-95.28,32.63],[-94.73,32.48],[-95.13,32.58],[-96.33,31.77],[-97.35,32.75],[-94.85,31.75],[-98.27,29.57],[-96.9,31.3],[-94.12,31.42],[-94.33,31.15],[-103.03,34.38],[-101.85,33.58],[-106.43,31.78],[-100.38,35.9],[-95.28,32.95],[-95.17,32.8],[-95.0,32.78],[-100.9,34.85],[-103.48,31.42],[-100.8,36.4],[-102.35,31.4],[-101.32,36.33],[-101.2,36.2],[-101.38,35.62],[-101.38,35.62],[-101.38,35.2],[-101.37,35.12],[-102.52,36.47],[-102.77,36.47],[-102.23,36.32],[-101.4,35.7],[-94.68,31.62],[-101.97,35.85],[-98.5,33.98],[-98.5,33.98],[-99.23,33.98],[-97.37,33.37],[-94.72,31.57],[-102.22,35.5],[-95.17,33.67],[-95.05,33.67],[-95.57,29.88],[-97.58,28.53],[-97.75,28.4],[-99.15,29.35],[-97.65,26.5],[-98.23,26.2],[-97.47,28.67],[-99.2,26.9],[-94.38,29.82],[-95.53,33.65],[-94.22,31.78],[-94.33,32.58],[-94.57,32.65],[-99.65,27.38],[-94.33,32.58],[-106.6,31.85],[-97.8,28.1],[-101.72,35.22],[-96.22,33.03],[-96.28,32.73],[-96.08,32.38],[-97.07,32.05],[-97.45,31.53],[-97.35,31.1],[-99.88,32.35],[-95.85,32.2],[-94.6,33.0],[-96.15,31.37],[-97.05,31.63],[-94.77,29.53],[-99.02,32.67],[-94.2,32.9],[-95.53,33.65],[-96.78,33.32],[-94.4,32.57],[-98.7,31.9],[-98.27,32.95],[-97.98,33.17],[-97.75,32.23],[-101.22,30.72],[-97.38,32.23],[-97.18,33.48],[-97.15,32.7],[-96.98,32.48],[-96.93,33.12],[-96.62,33.2],[-97.35,32.75],[-96.73,32.77],[-97.15,32.17],[-96.98,32.48],[-96.67,32.43],[-96.33,32.98],[-95.77,33.48],[-97.82,30.5],[-97.62,30.43],[-97.68,30.5],[-95.85,33.15],[-97.2,30.62],[-96.68,30.53],[-96.65,30.98],[-96.27,29.95],[-95.3,32.42],[-94.58,31.6],[-94.1,30.08],[-97.67,30.2],[-100.83,34.88],[-93.9,31.8],[-94.97,33.02],[-101.85,35.2],[-101.38,34.92],[-98.2,32.23],[-98.55,32.12],[-97.67,33.45],[-97.38,33.77],[-97.33,32.98],[-97.37,33.65],[-97.18,33.37],[-97.12,32.73],[-97.0,33.07],[-96.18,33.6],[-101.77,35.23],[-99.73,32.45],[-99.13,33.67],[-99.3,32.73],[-99.05,32.97],[-99.2,32.2],[-98.9,32.75],[-99.65,31.87],[-98.97,32.1],[-98.1,32.8],[-98.22,32.6],[-98.1,32.87],[-97.73,33.78],[-97.8,32.77],[-97.98,32.77],[-97.58,32.95],[-97.6,33.23],[-97.53,32.9],[-97.18,33.07],[-97.3,33.08],[-97.15,33.63],[-97.25,33.27],[-97.27,33.37],[-97.25,33.27],[-97.12,32.73],[-97.38,32.23],[-97.3,33.18],[-97.15,33.22],[-97.17,33.48],[-97.13,32.57],[-97.15,33.22],[-96.55,33.75],[-96.57,33.63],[-96.85,32.4],[-96.78,32.77],[-96.63,32.92],[-96.6,32.77],[-96.02,33.78],[-96.08,33.6],[-95.97,33.42],[-96.08,33.6],[-95.92,33.58],[-94.52,32.75],[-94.18,31.78],[-95.05,29.47],[-94.9,29.4],[-93.9,29.77],[-102.17,33.77],[-99.73,32.45],[-98.67,32.72],[-98.82,32.4],[-98.68,32.47],[-101.53,35.82],[-101.55,35.63],[-101.4,36.27],[-100.12,32.05],[-100.42,35.22],[-100.25,35.22],[-98.83,32.27],[-98.5,32.55],[-98.67,32.72],[-98.67,31.55],[-97.28,33.63],[-97.77,33.45],[-97.8,32.58],[-98.28,32.08],[-97.3,33.18],[-97.67,32.27],[-96.97,33.4],[-96.9,33.8],[-98.12,31.7],[-97.32,32.53],[-97.6,31.92],[-97.4,32.15],[-97.13,32.57],[-96.9,32.65],[-96.95,32.58],[-95.4,33.33],[-94.68,33.2],[-94.13,33.05],[-95.5,29.73],[-101.47,32.25],[-101.82,33.67],[-101.78,33.88],[-97.82,33.3],[-98.3,32.72],[-97.32,33.65],[-97.77,33.22],[-98.18,26.88],[-102.98,35.17],[-102.55,36.02],[-102.67,35.05],[-102.07,36.42],[-102.07,35.18],[-101.97,35.68],[-101.97,35.97],[-101.95,35.0],[-101.97,35.8],[-101.92,35.03],[-101.72,35.22],[-101.6,35.82],[-101.38,35.35],[-101.4,36.27],[-101.78,33.88],[-101.45,35.82],[-101.38,35.35],[-101.65,35.82],[-100.8,36.4],[-101.18,35.43],[-101.38,34.53],[-101.87,35.2],[-100.8,36.4],[-100.63,35.7],[-100.9,34.93],[-100.9,34.93],[-100.27,36.23],[-103.13,31.53],[-103.02,31.57],[-103.48,31.42],[-101.82,33.67],[-101.37,35.12],[-100.9,34.85],[-100.3,34.43],[-100.2,34.42],[-100.93,34.22],[-98.67,33.95],[-98.67,33.95],[-98.67,33.95],[-98.5,33.98],[-98.5,33.9],[-98.35,33.87],[-100.88,35.9],[-100.77,35.8],[-100.13,35.7],[-97.55,31.63],[-97.75,30.28],[-97.68,30.5],[-97.62,30.43],[-96.88,30.73],[-102.07,36.42],[-96.52,31.03],[-101.4,36.27],[-101.97,35.85],[-101.4,35.7],[-94.73,31.35],[-98.12,26.73],[-97.68,27.22],[-98.32,26.22],[-97.15,33.63],[-101.95,32.73],[-102.05,32.65],[-101.8,32.35],[-101.02,33.17],[-101.12,33.18],[-101.07,32.35],[-99.57,33.63],[-98.5,33.98],[-99.03,34.08],[-98.67,33.95],[-97.85,33.57],[-96.55,33.75],[-98.35,33.73],[-96.57,33.63],[-95.92,33.58],[-96.25,33.38],[-98.63,33.6],[-98.17,33.22],[-97.58,33.1],[-96.62,33.2],[-97.17,33.2],[-95.53,33.65],[-97.48,33.0],[-95.68,33.37],[-95.53,33.65],[-96.12,33.13],[-97.68,32.97],[-95.77,33.33],[-95.75,32.87],[-96.28,32.73],[-95.6,33.13],[-95.23,33.18],[-96.85,32.58],[-96.95,32.13],[-96.47,32.1],[-96.5,31.68],[-96.28,31.62],[-96.15,31.37],[-94.5,31.15],[-94.0,31.22],[-102.78,35.85],[-101.38,34.4],[-99.73,32.45],[-100.45,32.27],[-102.55,34.08],[-102.75,33.73],[-102.4,33.85],[-101.85,33.58],[-101.85,33.58],[-101.83,33.68],[-102.37,33.53],[-101.83,32.98],[-101.63,33.45],[-97.7,32.45],[-97.32,32.58],[-97.53,32.45],[-97.15,33.63],[-96.67,33.75],[-96.57,33.63],[-96.2,33.58],[-102.6,31.73],[-102.75,33.73],[-96.88,32.53],[-96.9,32.65],[-96.73,32.38],[-98.23,31.62],[-97.75,31.43],[-97.4,32.12],[-97.13,32.0],[-96.5,32.23],[-97.13,31.38],[-96.65,32.28],[-94.37,32.48],[-96.9,31.3],[-97.47,31.07],[-97.7,31.1],[-97.47,31.07],[-97.23,30.93],[-96.72,32.95],[-97.13,30.87],[-96.15,31.37],[-97.4,32.35],[-96.47,32.93],[-94.62,33.63],[-96.45,32.93],[-96.45,32.83],[-96.93,33.78],[-94.62,33.63],[-96.47,32.75],[-94.3,32.75],[-94.32,33.2],[-94.25,33.02],[-98.08,27.75],[-98.08,27.75],[-99.02,33.5],[-99.02,33.5],[-94.18,31.78],[-100.17,35.22],[-100.9,32.72],[-100.72,32.42],[-100.6,32.48],[-97.38,33.65],[-97.38,33.65],[-97.53,33.7],[-97.25,33.27],[-96.85,33.6],[-96.57,33.63],[-96.55,33.75],[-97.48,32.9],[-98.22,32.25],[-97.15,33.22],[-97.13,33.22],[-96.57,33.22],[-96.97,33.22],[-96.15,33.72],[-96.62,33.2],[-97.35,32.75],[-96.1,33.15],[-97.45,32.68],[-97.25,32.83],[-96.08,33.15],[-97.35,32.75],[-96.63,32.92],[-95.68,33.37],[-95.6,33.13],[-97.12,32.73],[-95.05,33.65],[-96.63,32.92],[-95.1,33.37],[-95.6,33.25],[-97.4,32.4],[-94.62,33.5],[-94.75,33.03],[-95.23,33.18],[-95.28,32.95],[-95.38,32.8],[-94.93,32.73],[-94.25,33.35],[-94.35,33.33],[-94.48,32.75],[-94.33,32.67],[-101.45,36.0],[-97.53,32.9],[-97.65,32.72],[-96.33,31.87],[-96.55,28.55],[-101.87,35.93],[-101.37,33.67],[-100.32,35.9],[-98.7,27.33],[-99.33,27.0],[-98.82,26.67],[-98.82,26.55],[-98.23,26.2],[-102.4,34.03],[-100.98,35.53],[-101.83,32.98],[-106.43,31.85],[-97.13,32.85],[-97.35,32.75],[-97.73,31.13],[-97.92,31.13],[-97.8,32.77],[-97.52,31.42],[-97.1,31.8],[-100.3,36.23],[-100.33,36.18],[-100.27,36.15],[-98.08,27.75],[-102.4,34.03],[-101.65,35.2],[-100.92,35.17],[-102.0,34.03],[-102.0,33.42],[-101.75,33.22],[-94.95,30.63],[-94.4,31.9],[-94.18,31.78],[-97.23,30.93],[-94.37,32.03],[-94.07,32.48],[-94.17,32.67],[-94.17,32.7],[-101.85,33.58],[-98.02,27.73],[-98.08,27.75],[-102.52,36.08],[-97.85,33.57],[-97.8,33.5],[-97.68,33.37],[-97.5,33.15],[-97.53,33.17],[-97.3,33.03],[-97.37,32.87],[-97.12,32.73],[-96.9,32.65],[-100.0,31.4],[-96.32,32.58],[-100.3,34.02],[-101.95,32.85],[-100.33,33.72],[-100.38,32.75],[-100.38,32.75],[-99.73,32.5],[-98.82,32.4],[-98.62,31.9],[-94.8,31.18],[-94.67,31.18],[-97.8,32.4],[-97.8,32.45],[-97.7,32.45],[-99.83,32.37],[-94.37,32.47],[-98.18,32.57],[-98.05,32.52],[-97.8,32.45],[-97.75,32.23],[-98.42,32.5],[-98.37,32.55],[-97.38,32.47],[-97.32,32.58],[-94.08,33.43],[-97.8,27.07],[-102.47,31.77],[-102.08,32.0],[-96.47,32.1],[-96.32,32.58],[-95.4,32.52],[-97.48,26.07],[-101.8,32.18],[-101.58,31.4],[-103.07,32.38],[-102.73,34.63],[-102.98,32.9],[-102.83,33.18],[-102.7,36.18],[-101.82,35.08],[-101.73,35.13],[-101.75,35.15],[-101.68,35.35],[-101.58,35.32],[-101.53,35.23],[-101.07,35.53],[-97.9,33.35],[-96.98,33.3],[-95.53,33.65],[-102.5,31.8],[-94.83,32.12],[-94.67,31.92],[-95.95,30.77],[-93.88,31.75],[-96.77,30.6],[-96.55,29.57],[-96.1,29.32],[-96.07,29.62],[-96.1,29.32],[-95.9,29.68],[-95.37,29.73],[-95.63,29.62],[-95.37,29.73],[-95.93,29.5],[-95.37,29.73],[-95.38,29.93],[-96.22,28.7],[-94.8,30.07],[-94.88,29.85],[-97.52,32.68],[-97.6,32.7],[-97.35,32.75],[-96.95,32.13],[-96.72,31.88],[-96.87,32.25],[-97.27,32.18],[-95.98,32.42],[-95.05,33.72],[-95.62,32.37],[-97.0,30.65],[-95.62,32.3],[-98.8,26.58],[-95.22,32.23],[-94.32,33.2],[-98.15,27.23],[-98.4,26.48],[-98.4,26.22],[-98.12,26.72],[-94.37,32.53],[-96.03,29.37],[-96.28,29.27],[-95.75,30.22],[-95.35,30.33],[-94.4,31.9],[-95.45,29.05],[-94.82,29.3],[-94.82,29.3],[-98.67,31.55],[-98.18,31.07],[-98.4,31.85],[-97.08,31.58],[-98.13,29.7],[-97.0,30.42],[-95.3,32.35],[-95.35,32.52],[-94.93,32.83],[-94.57,32.63],[-94.63,32.48],[-97.13,30.87],[-96.97,30.85],[-99.75,33.02],[-95.95,31.48],[-94.45,32.25],[-98.67,33.95],[-98.78,33.65],[-98.65,33.58],[-97.72,33.67],[-97.38,33.65],[-97.6,33.23],[-102.07,31.55],[-97.75,32.07],[-96.98,32.43],[-97.05,32.9],[-97.03,32.9],[-96.85,32.32],[-96.12,32.65],[-96.12,33.13],[-100.3,34.43],[-100.02,34.77],[-102.37,30.95],[-102.28,31.02],[-99.65,32.28],[-99.4,32.53],[-98.9,32.9],[-97.98,33.17],[-97.85,33.12],[-97.98,33.17],[-97.73,33.23],[-97.68,32.97],[-97.6,33.25],[-97.6,33.23],[-97.18,33.38],[-96.88,33.43],[-97.65,31.92],[-97.38,32.23],[-97.33,31.97],[-97.4,32.02],[-97.15,32.17],[-96.63,32.92],[-97.47,31.2],[-97.0,32.28],[-94.6,31.55],[-94.12,31.62],[-95.87,32.55],[-102.9,29.3],[-102.97,32.32],[-102.67,35.03],[-102.4,35.88],[-100.8,36.4],[-100.18,35.73],[-97.72,33.23],[-100.57,35.75],[-100.38,35.9],[-100.32,35.85],[-100.05,35.6],[-98.62,27.88],[-94.87,32.53],[-94.35,32.15],[-98.08,27.75],[-97.8,27.5],[-97.88,27.42],[-97.7,26.18],[-101.4,35.7],[-100.77,35.8],[-99.57,34.25],[-99.68,32.45],[-102.6,31.73],[-101.83,35.18],[-101.18,35.43],[-94.18,31.8],[-101.18,34.47],[-99.88,32.35],[-99.83,32.62],[-97.9,32.4],[-97.8,32.45],[-101.85,33.9],[-101.58,35.2],[-97.38,32.23],[-97.13,32.0],[-99.42,31.32],[-96.72,31.88],[-96.17,31.72],[-100.48,31.9],[-98.73,31.2],[-98.1,32.15],[-100.32,31.37],[-97.62,30.88],[-102.4,30.92],[-97.27,27.7],[-97.28,27.67],[-97.28,27.78],[-97.23,27.58],[-102.47,32.25],[-97.65,26.5],[-98.4,26.48],[-97.58,26.3],[-102.23,32.0],[-97.58,26.3],[-102.32,31.68],[-97.48,26.07],[-97.58,26.32],[-102.35,31.4],[-93.85,30.02],[-97.7,32.27],[-96.23,32.45],[-100.85,32.48],[-100.72,32.42],[-97.15,32.77],[-103.53,29.32],[-102.97,30.88],[-102.38,33.92],[-101.55,34.78],[-100.9,34.83],[-100.9,34.83],[-100.67,34.73],[-101.42,31.87],[-100.72,32.42],[-97.35,32.75],[-97.35,32.75],[-96.62,33.5],[-97.27,32.85],[-101.27,35.97],[-101.2,36.2],[-100.8,36.4],[-102.3,34.57],[-101.85,34.73],[-102.47,33.27],[-101.18,34.47],[-97.6,33.23],[-97.35,32.75],[-101.95,32.72],[-101.77,32.58],[-101.8,32.22],[-101.83,32.98],[-102.08,31.88],[-101.62,32.13],[-101.67,32.25],[-101.5,31.87],[-103.03,30.88],[-102.87,30.88],[-101.5,31.67],[-101.85,31.63],[-100.82,31.45],[-106.15,31.5],[-101.32,36.33],[-101.2,36.1],[-101.45,35.82],[-100.38,36.0],[-100.15,35.65],[-101.57,35.33],[-101.37,35.12],[-100.9,34.98],[-100.22,34.85],[-100.7,34.77],[-100.53,34.72],[-100.02,34.77],[-100.63,34.55],[-100.67,34.4],[-99.5,34.3],[-100.3,34.02],[-99.13,34.13],[-99.03,34.08],[-98.57,34.1],[-98.5,33.9],[-98.67,33.95],[-98.5,33.9],[-100.33,33.62],[-98.5,33.9],[-98.5,33.9],[-100.15,34.15],[-99.75,33.27],[-98.63,33.7],[-99.62,33.08],[-98.63,33.6],[-98.77,33.37],[-99.18,33.18],[-98.2,33.82],[-98.17,33.22],[-98.75,33.2],[-97.87,33.82],[-98.9,32.75],[-98.5,32.67],[-98.1,32.8],[-98.82,32.4],[-98.75,32.33],[-97.65,33.22],[-97.6,32.7],[-97.68,32.43],[-98.17,32.38],[-98.6,33.1],[-97.25,32.93],[-97.68,32.43],[-98.5,31.85],[-100.13,32.88],[-97.32,32.53],[-97.65,31.92],[-98.57,31.45],[-97.05,32.0],[-96.8,32.4],[-98.37,31.12],[-97.92,31.13],[-97.15,31.55],[-100.5,31.37],[-97.42,30.57],[-95.15,31.87],[-95.3,31.8],[-95.15,31.8],[-95.12,31.65],[-94.85,31.63],[-95.68,29.7],[-95.0,29.67],[-101.6,35.63],[-101.6,35.63],[-101.6,35.6],[-101.97,35.63],[-101.82,35.55],[-101.63,35.35],[-101.82,35.43],[-102.07,35.4],[-103.5,29.3],[-105.2,31.93],[-97.27,32.8],[-97.83,28.1],[-96.58,33.42],[-100.27,35.45],[-97.67,30.63],[-100.27,35.45],[-100.27,35.45],[-100.27,35.45],[-97.0,30.65],[-97.75,30.28],[-101.18,35.43],[-102.43,35.25],[-97.23,28.7],[-101.85,33.58],[-101.85,33.58],[-101.83,32.98],[-101.75,33.22],[-100.6,31.8],[-100.73,31.67],[-100.43,31.63],[-102.05,33.63],[-101.78,33.88],[-101.33,33.98],[-102.87,35.27],[-102.07,33.6],[-101.98,33.65],[-102.47,35.27],[-102.07,35.18],[-102.07,35.18],[-102.07,35.18],[-102.17,33.58],[-101.97,35.2],[-101.93,35.2],[-101.88,35.15],[-101.82,35.2],[-101.9,35.2],[-101.82,35.22],[-102.1,34.95],[-100.83,33.62],[-97.75,33.8],[-97.72,33.67],[-97.38,33.65],[-102.65,32.75],[-102.47,32.87],[-102.05,32.3],[-103.02,30.78],[-102.72,32.78],[-102.65,33.92],[-101.98,33.75],[-101.92,33.83],[-100.82,34.02],[-94.53,31.45],[-94.58,31.6],[-93.85,31.47],[-93.98,31.3],[-97.15,33.22],[-100.3,34.43],[-94.08,31.75],[-98.12,31.7],[-96.67,32.43],[-93.92,29.95],[-100.85,35.7],[-94.37,32.58],[-94.67,31.6],[-94.73,31.55],[-102.4,34.03],[-101.45,36.07],[-101.6,35.63],[-101.45,36.08],[-101.3,35.73],[-101.38,35.18],[-101.37,35.12],[-100.12,32.88],[-99.8,32.58],[-100.48,31.5],[-102.07,36.42],[-101.82,36.22],[-100.38,31.43],[-101.58,31.57],[-97.35,32.75],[-106.43,31.9],[-105.1,31.93],[-103.68,30.38],[-96.12,31.03],[-100.8,36.4],[-101.5,32.05],[-102.28,31.68],[-102.37,31.75],[-101.5,31.92],[-101.58,31.58],[-101.9,31.38],[-96.85,33.8],[-96.65,33.83],[-96.55,33.75],[-97.75,32.07],[-98.03,31.98],[-94.57,32.48],[-95.3,31.8],[-94.67,31.6],[-94.65,32.15],[-103.67,30.37],[-101.38,33.17],[-102.58,32.45],[-103.98,30.68],[-101.38,35.67],[-100.8,36.27],[-96.18,33.67],[-96.17,33.43],[-97.03,33.47],[-96.92,33.47],[-96.55,33.75],[-97.07,33.15],[-95.9,33.25],[-96.75,32.87],[-96.78,33.32],[-96.78,32.77],[-96.77,32.87],[-96.32,32.58],[-94.62,33.5],[-94.62,33.5],[-95.8,32.68],[-95.3,32.38],[-94.18,33.12],[-97.22,32.65],[-100.13,36.43],[-98.57,34.1],[-99.28,34.15],[-98.5,33.98],[-98.5,33.9],[-98.67,33.95],[-98.2,33.83],[-98.53,32.75],[-97.75,33.8],[-97.38,33.65],[-98.22,33.25],[-97.82,33.3],[-96.92,33.65],[-97.15,33.63],[-97.03,33.53],[-97.27,32.8],[-96.88,33.08],[-96.18,33.58],[-96.97,33.15],[-96.62,33.2],[-97.25,32.93],[-97.12,32.73],[-96.72,32.95],[-95.75,32.87],[-95.53,33.08],[-95.43,32.8],[-95.4,32.52],[-95.23,33.18],[-94.87,32.53],[-94.88,32.38],[-94.93,32.73],[-94.8,32.05],[-94.5,32.03],[-94.5,31.82],[-94.55,31.6],[-94.78,31.6],[-94.67,31.6],[-94.67,31.6],[-94.18,31.78],[-94.78,31.32],[-95.0,29.67],[-95.12,29.53],[-101.53,33.1],[-102.25,35.48],[-102.08,35.47],[-102.72,34.65],[-102.73,34.63],[-102.08,32.0],[-102.42,32.0],[-102.55,32.32],[-106.38,31.8],[-106.43,31.9],[-95.4,32.35],[-97.35,31.1],[-96.92,28.85],[-94.88,32.38],[-94.88,32.38],[-94.15,32.32],[-94.18,31.7],[-94.68,29.77],[-100.4,36.43],[-101.4,36.27],[-102.03,35.85],[-101.73,36.02],[-101.97,35.85],[-101.97,35.85],[-101.97,35.73],[-103.02,30.78],[-103.72,31.8],[-103.08,31.85],[-101.42,32.75],[-104.37,29.55],[-102.25,32.0],[-102.55,32.17],[-103.47,31.4],[-102.08,32.0],[-102.37,31.85],[-102.23,32.13],[-102.33,32.03],[-101.87,32.3],[-101.75,33.22],[-101.53,33.1],[-101.23,32.93],[-104.37,29.55],[-99.52,33.63],[-99.2,33.65],[-99.2,33.65],[-101.23,32.93],[-102.08,32.0],[-101.8,32.13],[-95.85,32.2],[-95.3,32.38],[-95.3,32.3],[-97.02,28.1],[-97.92,26.3],[-97.83,26.22],[-97.77,26.35],[-95.73,33.55],[-96.0,33.57],[-96.78,32.77],[-101.57,35.37],[-101.57,35.33],[-101.5,35.25],[-101.67,35.2],[-101.67,35.2],[-101.65,35.2],[-95.33,28.95],[-96.0,29.45],[-106.43,31.9],[-96.6,30.88],[-96.37,30.67],[-95.85,30.33],[-102.08,32.0],[-102.2,31.82],[-102.42,34.02],[-97.8,32.77],[-94.1,30.08],[-83.53,35.83],[-97.97,26.1],[-95.45,31.32],[-95.13,30.82],[-95.07,30.73],[-95.07,31.65],[-94.85,31.8],[-95.2,29.7],[-96.37,30.67],[-96.33,30.6],[-99.23,28.43],[-101.38,35.35],[-102.4,34.82],[-101.38,35.35],[-101.78,35.1],[-101.33,33.98],[-100.98,34.22],[-101.33,34.02],[-101.53,33.67],[-100.68,34.67],[-101.25,33.87],[-101.33,33.98],[-100.53,34.72],[-101.25,33.67],[-101.15,33.58],[-100.82,34.02],[-100.22,34.85],[-100.22,34.83],[-100.3,34.07],[-100.38,34.02],[-100.22,33.88],[-100.15,34.38],[-100.3,34.07],[-99.6,34.17],[-99.5,34.3],[-99.5,34.27],[-99.92,33.75],[-99.28,34.15],[-99.28,34.03],[-99.63,33.47],[-99.13,33.6],[-100.3,34.12],[-100.43,34.02],[-99.6,34.17],[-94.35,31.5],[-100.45,32.27],[-99.8,33.7],[-98.2,32.23],[-97.75,32.23],[-97.4,32.3],[-97.47,32.35],[-97.33,32.4],[-97.02,32.32],[-95.85,33.15],[-95.62,32.78],[-94.83,32.63],[-100.13,32.9],[-103.25,30.2],[-102.28,33.27],[-102.0,33.6],[-101.85,33.58],[-101.75,33.22],[-101.43,32.6],[-102.15,32.3],[-101.82,35.25],[-100.85,32.72],[-101.47,32.25],[-101.02,32.3],[-100.4,32.47],[-100.02,32.47],[-100.12,32.05],[-99.95,31.83],[-100.1,32.17],[-98.78,31.82],[-97.87,33.22],[-96.85,32.4],[-97.37,32.87],[-97.35,32.75],[-98.47,33.68],[-97.15,33.63],[-95.6,33.13],[-94.45,32.28],[-95.6,33.12],[-98.85,26.45],[-97.3,26.1],[-103.98,30.68],[-94.2,33.45],[-96.75,31.95],[-102.52,36.02],[-100.9,32.72],[-102.0,36.05],[-101.97,35.68],[-100.25,35.22],[-100.22,35.22],[-100.25,35.22],[-100.12,35.4],[-99.85,33.75],[-99.28,34.07],[-99.13,34.13],[-99.03,34.23],[-99.02,33.5],[-98.92,33.98],[-97.77,33.57],[-98.37,33.82],[-98.05,33.55],[-95.2,33.45],[-95.43,32.55],[-95.0,33.0],[-95.43,32.77],[-94.73,33.03],[-94.2,33.3],[-94.4,32.75],[-94.52,32.3],[-94.37,32.53],[-95.45,31.32],[-95.83,30.95],[-98.25,33.38],[-100.18,32.27],[-100.12,32.05],[-98.27,27.13],[-101.82,35.25],[-101.15,33.58],[-101.53,33.1],[-102.72,34.65],[-95.85,33.15],[-102.17,33.73],[-96.37,33.17],[-100.88,34.4],[-96.33,32.98],[-96.6,33.2],[-100.52,34.55],[-96.33,32.98],[-99.73,34.32],[-96.02,32.17],[-96.78,32.77],[-96.65,32.7],[-103.18,31.78],[-95.93,33.0],[-101.83,31.92],[-102.28,33.13],[-101.92,32.0],[-101.8,32.13],[-97.35,32.75],[-97.4,31.57],[-97.45,31.53],[-97.12,31.47],[-97.07,31.38],[-96.57,31.53],[-95.88,30.95],[-96.27,31.23],[-96.12,31.03],[-95.73,31.77],[-95.77,30.85],[-94.25,33.52],[-95.15,31.07],[-99.25,31.13],[-100.3,34.02],[-95.17,32.87],[-99.83,32.57],[-99.68,32.62],[-99.42,34.35],[-99.33,34.3],[-99.42,34.35],[-98.5,29.42],[-95.07,31.03],[-94.95,31.15],[-94.87,31.47],[-95.23,32.4],[-94.85,31.8],[-94.37,32.03],[-101.7,34.15],[-94.17,32.62],[-94.13,32.13],[-94.55,32.68],[-94.17,32.82],[-99.8,33.42],[-94.05,33.43],[-99.78,32.95],[-97.15,33.6],[-98.17,33.22],[-98.0,33.22],[-95.05,33.72],[-95.53,33.65],[-94.05,33.43],[-99.87,33.32],[-99.35,33.92],[-99.22,33.98],[-100.45,30.85],[-100.1,30.93],[-99.02,33.5],[-99.73,32.43],[-99.75,32.43],[-99.3,33.28],[-99.32,31.95],[-98.75,33.23],[-100.05,31.65],[-99.02,31.85],[-99.43,31.83],[-99.48,31.55],[-99.13,31.72],[-98.17,33.22],[-98.1,32.8],[-98.98,31.72],[-98.03,33.22],[-97.82,33.3],[-97.68,32.97],[-97.6,33.3],[-97.35,32.75],[-97.8,32.5],[-97.02,33.05],[-96.72,32.95],[-98.12,31.87],[-96.83,33.15],[-97.58,31.78],[-97.32,31.65],[-96.42,33.45],[-96.32,32.58],[-96.18,33.58],[-95.63,31.97],[-95.43,32.77],[-96.82,32.08],[-94.42,31.63],[-96.17,31.72],[-96.5,31.68],[-96.9,31.3],[-95.45,31.32],[-95.45,31.32],[-94.33,31.35],[-94.03,31.52],[-96.37,30.82],[-96.37,30.82],[-96.12,31.03],[-95.15,31.08],[-95.88,31.1],[-95.6,30.78],[-95.95,30.77],[-94.82,30.8],[-95.12,30.63],[-95.48,30.42],[-95.0,30.63],[-95.1,30.35],[-101.47,32.25],[-97.75,30.28],[-97.6,29.83],[-97.43,30.78],[-97.43,30.78],[-101.82,31.32],[-97.32,30.12],[-96.87,29.9],[-96.93,30.18],[-96.6,30.18],[-100.45,36.08],[-96.68,30.53],[-96.52,30.18],[-96.75,30.43],[-99.82,28.68],[-96.27,30.78],[-96.52,29.97],[-102.35,31.13],[-99.22,28.45],[-99.35,28.03],[-98.58,29.03],[-98.5,29.42],[-102.28,30.88],[-98.55,28.45],[-102.4,34.82],[-99.0,27.97],[-102.73,34.18],[-102.4,34.03],[-97.6,28.73],[-97.5,28.98],[-97.42,28.87],[-97.2,28.9],[-97.23,28.8],[-97.05,28.02],[-102.55,32.32],[-99.23,26.9],[-96.57,32.9],[-94.32,32.15],[-98.37,32.55],[-102.83,31.3],[-102.77,31.2],[-97.62,32.02],[-98.17,31.92],[-98.73,29.78],[-97.22,31.85],[-97.1,31.8],[-96.67,31.75],[-99.13,30.05],[-102.55,36.02],[-102.33,35.68],[-102.83,33.23],[-102.32,33.92],[-102.6,33.75],[-102.25,33.85],[-102.32,33.92],[-104.33,30.43],[-102.12,34.43],[-103.85,30.32],[-101.7,34.2],[-100.3,34.43],[-102.6,32.32],[-101.97,36.33],[-102.75,33.73],[-102.4,34.03],[-102.6,31.73],[-101.47,32.25],[-102.73,34.22],[-102.17,33.82],[-102.02,33.6],[-101.85,33.58],[-101.98,33.68],[-101.93,30.42],[-102.63,31.27],[-101.75,34.55],[-100.43,31.62],[-100.43,31.47],[-100.42,31.47],[-99.77,31.55],[-99.68,31.55],[-100.27,31.37],[-102.02,32.55],[-102.03,32.3],[-99.85,31.22],[-100.42,33.92],[-99.58,31.2],[-101.8,32.13],[-99.87,33.53],[-101.03,32.48],[-100.38,32.75],[-101.0,31.87],[-99.28,34.15],[-99.13,34.13],[-99.95,31.75],[-100.9,31.92],[-98.5,31.4],[-94.77,30.45],[-94.63,30.12],[-98.13,29.7],[-97.93,29.93],[-94.6,30.03],[-94.88,29.85],[-99.47,27.55],[-98.73,29.85],[-103.25,30.2],[-98.5,28.92],[-102.55,31.57],[-102.57,31.87],[-101.53,33.1],[-102.2,31.93],[-101.42,32.75],[-101.23,32.93],[-101.15,32.88],[-98.62,27.88],[-101.35,32.77],[-101.02,32.85],[-100.85,32.4],[-100.4,32.47],[-102.73,34.03],[-99.23,26.9],[-100.35,31.4],[-102.62,33.63],[-99.95,31.75],[-99.85,31.22],[-99.02,31.85],[-100.1,30.83],[-99.95,31.73],[-99.85,31.22],[-100.48,31.9],[-99.33,31.13],[-99.77,30.42],[-99.22,30.9],[-98.73,31.2],[-100.75,33.17],[-98.42,30.65],[-98.73,29.78],[-97.7,32.45],[-99.33,30.07],[-96.27,30.78],[-96.32,30.75],[-96.27,30.87],[-102.1,34.95],[-101.77,34.53],[-101.7,34.18],[-101.7,34.2],[-101.75,34.37],[-101.32,34.0],[-101.33,33.98],[-100.98,33.73],[-101.53,33.1],[-100.98,33.73],[-100.87,33.48],[-102.55,32.93],[-100.85,33.48],[-100.75,33.25],[-101.13,32.63],[-102.03,32.63],[-101.9,31.22],[-100.53,32.43],[-100.85,32.4],[-100.38,32.75],[-101.8,32.13],[-100.9,32.72],[-101.47,31.2],[-101.48,32.08],[-101.92,32.0],[-100.48,31.9],[-100.43,31.65],[-100.82,31.27],[-100.43,31.65],[-99.95,31.75],[-100.82,31.27],[-98.87,31.23],[-98.17,31.3],[-102.07,36.42],[-100.12,36.45],[-100.38,35.9],[-100.1,36.45],[-101.95,34.98],[-102.72,34.65],[-102.83,34.63],[-102.9,34.52],[-102.67,34.38],[-102.73,34.18],[-102.42,34.02],[-101.7,34.2],[-103.9,31.87],[-102.83,33.23],[-100.5,33.62],[-102.65,32.75],[-101.8,32.37],[-101.85,32.65],[-102.58,31.73],[-101.9,31.22],[-97.35,26.13],[-100.25,32.27],[-100.3,31.88],[-100.32,32.08],[-98.95,31.8],[-98.57,31.45],[-98.57,31.45],[-105.37,31.18],[-102.75,33.73],[-102.77,33.73],[-102.87,31.33],[-102.9,31.58],[-103.42,29.5],[-102.5,31.85],[-102.57,32.92],[-101.8,32.13],[-102.43,33.05],[-101.88,31.95],[-102.02,32.55],[-101.55,31.87],[-101.47,32.25],[-101.63,32.6],[-101.0,32.4],[-101.13,32.63],[-101.0,29.5],[-100.43,31.65],[-96.28,32.73],[-93.88,31.75],[-94.07,31.92],[-94.0,31.75],[-94.77,31.68],[-94.67,31.63],[-95.15,31.8],[-95.58,31.62],[-95.02,29.55],[-95.28,33.07],[-94.4,31.9],[-94.18,31.78],[-103.57,31.7],[-95.28,29.65],[-95.45,29.53],[-95.43,29.62],[-97.25,33.12],[-96.35,33.43],[-97.35,32.75],[-97.35,32.75],[-97.35,32.75],[-95.63,31.75],[-95.45,31.32],[-96.35,31.27],[-96.97,30.58],[-97.0,30.42],[-98.4,30.28],[-100.05,30.48],[-98.8,29.95],[-98.98,29.6],[-100.42,29.32],[-100.9,29.37],[-102.37,30.88],[-96.35,29.15],[-97.07,29.37],[-97.5,28.98],[-94.57,32.67],[-96.6,32.77],[-96.23,32.13],[-96.02,32.17],[-95.15,31.07],[-95.38,30.92],[-95.42,30.85],[-94.13,33.12],[-94.5,33.47],[-94.47,33.45],[-96.4,30.18],[-95.4,32.52],[-97.0,30.42],[-94.13,33.12],[-95.27,32.38],[-94.35,32.75],[-96.67,29.9],[-98.13,29.7],[-94.57,32.7],[-97.32,30.12],[-97.9,29.9],[-98.3,29.53],[-94.57,32.57],[-96.87,29.9],[-96.37,30.67],[-97.47,29.6],[-97.05,29.3],[-98.22,32.6],[-95.78,33.33],[-95.93,33.0],[-95.77,32.87],[-97.07,33.15],[-97.27,32.8],[-97.23,32.58],[-97.75,30.28],[-97.4,32.35],[-98.37,32.55],[-97.5,25.92],[-97.8,26.15],[-97.35,32.97],[-97.25,32.93],[-97.35,32.75],[-96.87,32.68],[-96.8,32.97],[-98.5,33.98],[-98.5,33.9],[-95.38,30.3],[-94.18,31.78],[-96.92,33.65],[-94.35,32.15],[-94.35,32.15],[-94.6,31.6],[-95.27,31.95],[-95.35,32.2],[-95.15,32.3],[-95.12,32.15],[-95.73,33.55],[-95.7,33.62],[-95.92,33.63],[-97.13,30.03],[-97.65,29.68],[-99.73,32.45],[-100.9,32.72],[-98.57,31.45],[-98.12,31.7],[-98.98,31.72],[-98.12,26.18],[-97.23,31.32],[-97.27,31.27],[-97.23,31.32],[-100.32,32.08],[-100.32,32.08],[-96.72,33.02],[-96.72,33.02],[-102.32,31.68],[-96.85,32.58],[-97.3,32.75],[-96.08,33.35],[-95.32,33.52],[-96.9,32.95],[-96.13,32.92],[-95.88,32.72],[-96.62,33.2],[-96.85,32.4],[-96.83,33.15],[-97.8,32.77],[-95.88,32.7],[-96.67,33.75],[-96.32,32.9],[-97.87,31.98],[-95.27,32.02],[-98.12,32.67],[-98.12,32.67],[-98.15,32.67],[-95.9,30.62],[-102.88,30.9],[-102.73,34.18],[-100.43,31.47],[-100.5,31.37],[-101.95,34.92],[-100.78,35.22],[-100.25,35.32],[-100.42,35.22],[-100.6,35.23],[-100.93,34.93],[-94.45,32.15],[-94.48,32.1],[-94.8,32.08],[-94.47,32.05],[-96.47,30.48],[-99.65,30.58],[-97.75,30.28],[-96.4,30.17],[-96.92,30.05],[-97.38,30.47],[-98.5,29.42],[-97.42,30.18],[-96.55,29.72],[-97.07,29.65],[-97.65,29.68],[-97.47,29.65],[-98.25,29.9],[-100.93,36.5],[-98.2,33.82],[-96.38,29.77],[-95.5,29.73],[-97.75,32.23],[-97.4,32.35],[-100.62,36.52],[-102.43,30.57],[-100.38,35.08],[-98.47,30.73],[-99.35,30.73],[-100.9,29.37],[-95.83,29.4],[-97.07,27.83],[-96.07,31.37],[-102.43,32.32],[-102.08,32.0],[-102.5,33.45],[-102.28,33.18],[-101.85,31.63],[-102.33,35.67],[-102.33,35.68],[-102.55,36.02],[-102.3,35.68],[-98.08,30.2],[-100.85,32.4],[-100.45,32.27],[-100.05,30.48],[-98.3,29.53],[-98.55,32.05],[-98.98,31.72],[-99.95,31.75],[-94.73,30.72],[-95.28,29.57],[-95.1,29.5],[-102.93,31.57],[-102.87,30.88],[-96.05,32.28],[-96.1,32.38],[-103.78,31.32],[-102.95,31.92],[-102.5,31.83],[-101.83,31.92],[-101.95,32.73],[-96.97,28.8],[-96.97,30.85],[-97.5,30.08],[-96.07,32.28],[-96.62,30.88],[-96.6,30.87],[-99.92,31.52],[-99.43,31.83],[-99.33,31.73],[-99.13,31.72],[-94.12,31.52],[-98.57,32.12],[-98.97,32.1],[-97.47,31.0],[-96.87,29.9],[-96.98,28.8],[-96.37,30.67],[-96.02,30.38],[-96.77,29.13],[-96.98,28.8],[-96.0,29.98],[-95.93,30.92],[-95.38,30.93],[-96.2,29.35],[-94.95,31.07],[-95.47,30.33],[-98.68,27.27],[-95.7,29.82],[-94.82,30.8],[-94.8,30.07],[-94.8,30.2],[-95.1,29.5],[-95.05,29.72],[-94.85,29.27],[-94.68,29.77],[-94.38,29.82],[-93.82,30.1],[-95.05,30.73],[-102.62,31.98],[-102.08,32.0],[-101.97,32.3],[-100.48,31.9],[-100.18,31.6],[-99.27,33.6],[-99.75,32.13],[-98.9,33.73],[-99.73,32.45],[-98.5,33.9],[-99.4,32.23],[-99.37,31.78],[-98.82,32.4],[-99.2,32.37],[-99.17,32.13],[-99.13,31.72],[-98.2,33.82],[-98.1,32.68],[-98.33,32.08],[-97.8,32.55],[-97.8,32.45],[-97.75,32.23],[-99.82,31.0],[-97.38,32.47],[-97.4,32.35],[-97.17,32.27],[-97.02,32.32],[-96.85,32.25],[-96.63,32.33],[-96.3,32.02],[-95.85,32.2],[-94.73,30.22],[-97.67,27.77],[-96.75,31.98],[-95.33,33.13],[-95.33,33.13],[-95.48,33.03],[-97.8,32.42],[-101.4,33.53],[-94.55,31.5],[-101.83,30.67],[-101.75,30.37],[-101.2,30.7],[-101.0,31.83],[-100.6,31.57],[-100.72,32.42],[-100.43,31.47],[-100.3,31.88],[-100.32,31.37],[-100.67,30.85],[-100.63,30.57],[-99.92,31.52],[-99.77,30.48],[-99.85,31.22],[-99.78,30.92],[-99.18,31.02],[-99.22,30.73],[-98.98,31.72],[-99.43,31.83],[-99.6,31.3],[-98.97,32.08],[-98.92,33.45],[-99.22,30.73],[-98.9,32.75],[-98.73,31.2],[-98.68,32.28],[-98.63,33.6],[-98.57,31.53],[-98.92,34.03],[-98.38,33.17],[-98.12,31.68],[-98.23,34.03],[-98.3,32.65],[-98.25,33.38],[-98.17,33.22],[-98.05,31.63],[-98.35,33.87],[-98.27,32.8],[-97.93,32.77],[-98.1,32.8],[-97.98,31.08],[-97.73,32.4],[-97.77,33.03],[-97.75,32.07],[-97.58,31.78],[-97.73,31.13],[-97.37,31.85],[-97.6,33.23],[-97.85,33.57],[-97.4,32.35],[-97.35,32.75],[-97.48,31.65],[-97.53,33.7],[-97.47,31.43],[-97.52,31.43],[-97.45,31.53],[-97.13,32.0],[-97.25,33.27],[-97.1,32.67],[-97.15,33.63],[-96.85,32.85],[-97.0,31.67],[-97.1,31.83],[-96.38,33.03],[-96.53,32.63],[-96.43,32.62],[-96.88,32.18],[-96.73,32.38],[-96.67,32.43],[-96.37,33.17],[-96.35,32.63],[-96.35,33.43],[-96.08,33.15],[-96.12,33.13],[-96.08,33.37],[-95.9,33.25],[-95.63,32.93],[-96.0,32.65],[-96.0,32.7],[-95.83,32.83],[-95.68,33.37],[-95.62,32.78],[-95.6,33.25],[-95.67,33.6],[-95.23,33.18],[-95.22,33.47],[-95.22,33.47],[-94.5,33.18],[-94.75,33.03],[-94.68,33.2],[-94.42,33.57],[-94.93,32.73],[-94.8,32.15],[-94.57,32.5],[-94.35,32.22],[-97.23,30.78],[-97.65,29.68],[-97.15,29.58],[-95.05,29.72],[-96.95,29.45],[-98.75,33.37],[-98.75,33.2],[-97.02,33.63],[-98.48,28.95],[-98.17,29.13],[-96.8,29.48],[-102.87,35.27],[-102.43,35.25],[-99.37,34.23],[-99.3,34.17],[-102.07,35.18],[-102.07,35.18],[-102.03,35.08],[-101.92,35.07],[-101.92,34.98],[-101.92,35.07],[-101.92,35.07],[-101.83,35.05],[-101.78,35.08],[-99.72,33.98],[-99.5,34.22],[-97.6,32.7],[-98.62,31.83],[-97.37,32.75],[-97.23,32.67],[-96.62,32.53],[-96.28,32.73],[-96.32,32.58],[-95.75,32.83],[-95.37,32.95],[-95.02,32.97],[-103.58,31.12],[-102.92,29.43],[-99.13,31.72],[-98.7,30.4],[-97.0,28.55],[-96.9,28.45],[-96.75,28.47],[-97.3,33.08],[-94.27,32.97],[-93.88,31.75],[-101.7,33.48],[-101.85,33.58],[-95.35,29.98],[-96.77,29.13],[-95.88,30.95],[-96.95,29.45],[-96.65,28.98],[-101.67,36.02],[-94.93,30.7],[-96.1,30.92],[-95.77,31.03],[-95.33,30.73],[-95.15,30.6],[-94.83,30.1],[-93.97,30.43],[-98.7,26.32],[-98.7,26.32],[-98.68,27.32],[-97.87,27.52],[-99.23,26.9],[-97.67,29.88],[-104.37,29.55],[-95.45,30.15],[-95.57,30.8],[-94.73,31.42],[-102.52,36.07],[-100.85,32.4],[-101.3,32.3],[-101.5,31.12],[-100.02,32.57],[-101.18,31.13],[-99.17,32.13],[-98.82,32.47],[-98.93,31.98],[-98.3,32.7],[-101.17,29.68],[-98.02,32.75],[-97.8,32.77],[-98.2,32.23],[-98.33,32.08],[-97.22,32.47],[-97.32,32.48],[-95.53,33.65],[-95.43,32.87],[-94.6,32.75],[-94.35,32.75],[-95.97,31.95],[-95.88,30.95],[-95.6,30.78],[-95.57,30.73],[-94.98,33.12],[-94.9,33.17],[-94.77,33.05],[-94.6,33.03],[-94.42,33.45],[-94.42,33.45],[-95.42,30.0],[-95.15,29.95],[-101.97,33.6],[-101.85,33.58],[-101.85,33.58],[-101.63,33.45],[-100.2,33.15],[-100.73,32.15],[-102.4,30.15],[-100.53,32.78],[-100.5,33.62],[-100.38,32.75],[-99.78,32.95],[-99.78,32.72],[-99.75,33.17],[-99.62,33.45],[-99.8,33.42],[-99.18,33.18],[-99.27,33.6],[-99.27,33.6],[-99.43,32.73],[-99.05,33.02],[-98.92,33.45],[-98.77,33.37],[-98.5,33.9],[-98.7,33.8],[-98.5,33.9],[-98.4,33.97],[-98.57,34.1],[-94.8,32.15],[-103.65,31.02],[-103.02,36.38],[-102.07,36.42],[-102.85,34.97],[-102.83,33.67],[-101.5,35.73],[-102.15,33.42],[-101.38,35.72],[-101.18,34.47],[-101.45,35.82],[-101.53,33.08],[-101.38,35.67],[-100.83,33.57],[-100.75,33.25],[-103.48,31.42],[-95.05,33.62],[-94.78,33.55],[-96.62,33.5],[-102.73,34.18],[-102.9,33.85],[-102.53,34.07],[-102.32,34.38],[-101.5,36.35],[-96.82,32.95],[-96.9,32.93],[-96.78,32.77],[-96.63,32.72],[-95.35,32.67],[-94.35,32.22],[-94.67,31.6],[-94.75,31.35],[-102.23,31.87],[-95.67,33.73],[-102.07,35.18],[-101.9,35.27],[-99.42,31.32],[-101.73,36.02],[-101.65,34.9],[-102.07,36.42],[-101.83,34.73],[-101.9,35.23],[-101.85,35.27],[-101.72,35.22],[-101.63,35.2],[-101.57,35.2],[-101.6,35.18],[-100.97,35.53],[-101.1,35.2],[-102.12,34.43],[-100.93,34.93],[-100.52,34.73],[-100.3,34.43],[-100.2,34.42],[-99.37,34.08],[-99.72,34.1],[-99.58,34.25],[-99.32,34.12],[-94.5,31.6],[-97.9,32.4],[-98.62,27.88],[-97.15,29.58],[-102.42,32.83],[-95.38,30.93],[-95.15,31.12],[-97.75,30.28],[-94.4,31.9],[-98.55,32.15],[-94.07,32.48],[-98.57,31.43],[-98.17,31.37],[-98.12,31.48],[-98.12,31.48],[-97.87,31.33],[-98.05,31.63],[-97.92,31.23],[-98.63,33.67],[-98.63,33.6],[-98.17,31.35],[-97.72,33.08],[-95.6,33.25],[-97.68,32.97],[-97.15,33.63],[-97.57,32.87],[-97.35,32.75],[-97.77,32.77],[-98.15,33.23],[-97.35,32.75],[-97.4,32.8],[-97.1,32.67],[-96.85,32.85],[-96.78,32.77],[-97.02,32.33],[-97.02,32.32],[-97.32,32.5],[-97.32,32.53],[-97.32,32.48],[-97.2,32.5],[-97.4,32.35],[-96.32,32.58],[-96.72,32.67],[-96.28,32.73],[-96.82,32.08],[-97.22,32.4],[-95.62,32.78],[-95.62,32.73],[-96.32,32.58],[-96.47,32.1],[-95.48,32.67],[-96.85,32.4],[-96.47,32.1],[-96.12,32.33],[-96.23,32.32],[-96.85,32.32],[-96.63,32.33],[-96.28,31.62],[-95.22,32.58],[-96.18,32.37],[-95.87,32.55],[-95.1,32.58],[-95.97,31.95],[-95.73,31.77],[-95.4,32.52],[-94.93,32.5],[-94.92,32.38],[-95.22,32.23],[-94.87,32.53],[-96.52,31.53],[-95.27,31.95],[-96.07,31.47],[-94.8,32.15],[-94.85,31.73],[-94.37,32.53],[-94.35,32.15],[-94.35,32.75],[-94.73,31.35],[-94.18,31.78],[-94.37,32.53],[-94.27,31.3],[-94.43,31.15],[-93.98,31.25],[-96.85,33.8],[-95.52,33.8],[-95.53,33.65],[-102.55,36.02],[-95.05,33.62],[-100.22,34.85],[-96.55,33.75],[-100.3,34.43],[-96.18,33.52],[-95.23,33.33],[-97.38,33.65],[-94.98,33.17],[-98.23,34.03],[-95.2,33.47],[-102.33,35.68],[-95.23,33.12],[-94.98,33.17],[-102.25,35.53],[-102.25,35.53],[-94.12,33.15],[-94.13,33.12],[-94.75,33.03],[-94.97,33.0],[-94.35,32.75],[-102.43,35.25],[-99.28,34.22],[-96.28,32.73],[-94.88,32.93],[-101.9,35.13],[-94.13,33.43],[-94.22,33.43],[-95.48,32.67],[-94.73,32.48],[-101.87,35.17],[-101.92,34.98],[-101.82,35.27],[-98.92,34.03],[-94.93,32.73],[-94.73,32.48],[-94.07,32.48],[-95.3,32.35],[-98.5,33.9],[-99.75,33.17],[-99.3,32.73],[-94.35,32.15],[-98.58,33.37],[-94.8,32.15],[-99.17,33.18],[-98.9,32.75],[-94.18,31.78],[-97.6,33.4],[-94.67,31.6],[-94.12,31.52],[-93.85,31.33],[-97.15,33.02],[-94.73,31.35],[-97.8,32.72],[-99.3,32.73],[-104.37,29.55],[-104.32,29.8],[-103.02,36.35],[-104.43,30.53],[-101.53,35.77],[-101.88,35.25],[-101.85,35.22],[-102.3,34.82],[-102.12,34.87],[-101.92,34.98],[-101.92,35.02],[-98.67,31.55],[-98.95,31.75],[-101.37,35.12],[-102.62,34.7],[-98.82,31.17],[-98.18,31.07],[-98.27,31.18],[-97.8,31.13],[-97.92,31.13],[-97.73,31.13],[-97.62,31.08],[-104.05,30.58],[-100.38,36.43],[-102.1,35.43],[-104.02,30.37],[-101.82,35.05],[-95.98,32.3],[-102.83,34.82],[-101.73,35.13],[-100.23,35.95],[-100.05,36.02],[-96.05,32.28],[-101.63,33.45],[-101.53,33.1],[-100.47,32.85],[-99.88,32.75],[-99.75,33.17],[-99.88,32.75],[-99.18,33.18],[-97.17,33.23],[-96.92,33.47],[-104.03,30.58],[-97.42,32.92],[-97.37,32.87],[-95.63,31.75],[-95.4,32.27],[-95.3,32.35],[-95.28,32.33],[-95.3,32.35],[-94.85,32.58],[-96.18,33.43],[-104.32,29.87],[-93.85,31.4],[-94.43,32.15],[-101.85,35.23],[-100.87,36.08],[-98.63,29.4],[-98.5,29.48],[-97.35,32.97],[-97.0,33.07],[-97.33,32.98],[-96.6,32.77],[-102.65,32.75],[-100.27,35.45],[-100.25,35.22],[-96.15,31.58],[-96.97,31.8],[-100.42,33.92],[-100.32,33.82],[-98.62,34.1],[-98.6,34.12],[-98.57,34.1],[-98.5,33.98],[-98.37,33.87],[-98.02,33.63],[-97.33,33.78],[-97.72,33.67],[-97.85,33.57],[-96.57,33.63],[-96.62,33.5],[-101.6,33.87],[-103.37,29.47],[-98.5,33.98],[-102.53,34.07],[-102.32,33.92],[-102.62,33.4],[-102.17,33.73],[-102.02,33.6],[-101.85,33.58],[-101.82,33.67],[-101.85,33.58],[-101.9,33.58],[-101.25,33.67],[-101.02,32.85],[-101.32,32.77],[-100.58,33.25],[-100.87,32.4],[-99.28,34.22],[-99.28,34.22],[-98.5,33.98],[-94.73,31.28],[-102.77,35.27],[-100.23,35.7],[-100.25,35.62],[-100.27,35.45],[-100.58,36.48],[-100.53,36.45],[-100.23,36.0],[-95.3,32.4],[-96.97,30.85],[-96.82,30.35],[-97.17,30.0],[-96.95,29.9],[-96.2,30.02],[-95.97,29.6],[-101.98,35.03],[-103.92,31.93],[-103.4,31.45],[-103.48,31.42],[-106.38,31.8],[-94.07,31.97],[-94.47,32.05],[-96.28,31.62],[-96.48,31.03],[-96.65,30.98],[-102.62,33.4],[-99.18,31.02],[-101.1,31.27],[-101.67,31.57],[-97.97,29.57],[-102.75,32.8],[-102.08,32.0],[-102.95,30.82],[-101.18,34.47],[-101.47,32.25],[-100.62,30.85],[-102.2,30.05],[-95.48,30.08],[-95.43,30.15],[-101.2,32.6],[-102.28,32.0],[-102.12,35.45],[-94.35,31.5],[-94.12,31.52],[-94.78,31.18],[-102.32,34.98],[-100.5,31.52],[-101.53,33.1],[-97.18,33.37],[-97.15,33.63],[-95.85,32.2],[-102.18,31.93],[-100.5,31.37],[-106.43,31.9],[-102.28,33.15],[-102.87,31.33],[-100.33,33.52],[-99.5,34.25],[-99.22,28.65],[-99.17,28.65],[-98.62,27.97],[-98.13,27.33],[-98.05,27.23],[-98.1,27.18],[-100.77,36.43],[-100.53,36.45],[-94.55,33.33],[-94.95,32.8],[-94.2,33.43],[-94.68,33.2],[-94.32,33.2],[-94.07,33.43],[-96.68,30.53],[-95.45,31.32],[-96.33,30.57],[-96.27,29.95],[-95.2,29.97],[-95.75,29.93],[-95.13,29.93],[-95.2,29.7],[-97.2,26.07],[-97.27,27.7],[-94.73,33.23],[-94.35,33.33],[-95.22,32.23],[-94.73,32.48],[-94.83,31.43],[-94.25,32.07],[-102.9,32.38],[-102.87,35.67],[-102.02,35.85],[-101.4,36.27],[-99.15,29.35],[-99.18,29.35],[-98.8,29.23],[-98.22,29.13],[-95.65,29.65],[-95.45,30.32],[-97.47,27.58],[-96.1,29.32],[-94.85,29.27],[-97.42,30.32],[-99.72,31.77],[-99.57,31.83],[-103.18,31.78],[-97.67,30.2],[-95.73,32.43],[-96.47,30.48],[-94.95,32.25],[-94.97,32.25],[-94.97,30.73],[-103.78,31.72],[-103.05,31.77],[-95.2,29.7],[-95.28,29.65],[-95.2,29.7],[-95.2,29.7],[-97.18,33.37],[-95.83,33.43],[-95.6,33.13],[-94.73,31.42],[-101.92,35.12],[-101.92,34.87],[-102.12,34.43],[-101.75,34.55],[-100.9,34.82],[-100.42,33.92],[-99.92,34.32],[-95.6,33.13],[-93.98,31.28],[-96.62,33.18],[-96.78,32.08],[-96.42,32.07],[-96.42,32.07],[-95.53,33.65],[-95.6,33.13],[-95.6,33.13],[-96.42,32.07],[-95.15,31.88],[-95.47,31.38],[-102.85,32.97],[-102.97,32.97],[-103.0,32.83],[-102.77,33.72],[-102.37,33.58],[-101.85,33.58],[-102.05,33.6],[-101.85,33.83],[-102.32,34.55],[-102.13,34.18],[-101.9,35.2],[-101.78,33.52],[-101.42,33.68],[-99.8,33.58],[-99.52,33.5],[-102.37,31.85],[-101.92,32.0],[-101.97,35.68],[-100.13,36.43],[-95.62,32.78],[-95.4,32.47],[-96.33,32.05],[-95.42,32.25],[-95.27,32.02],[-95.22,31.53],[-102.68,31.27],[-100.3,32.02],[-102.65,32.7],[-101.95,32.73],[-103.18,31.78],[-103.13,31.53],[-103.48,31.42],[-102.35,31.4],[-95.63,31.75],[-98.7,30.98],[-97.5,28.98],[-95.95,28.98],[-98.08,27.75],[-95.28,29.57],[-95.42,29.53],[-95.1,29.5],[-95.37,29.73],[-101.33,32.85],[-101.0,32.6],[-101.55,34.78],[-101.2,35.43],[-99.37,34.22],[-100.58,33.23],[-99.87,33.32],[-99.8,33.42],[-99.8,33.42],[-99.9,33.33],[-99.65,33.53],[-99.43,33.5],[-99.35,33.18],[-100.43,31.62],[-99.18,33.18],[-99.5,32.4],[-100.18,31.6],[-99.32,30.32],[-98.18,31.07],[-97.73,31.45],[-97.2,31.55],[-97.35,31.1],[-96.9,31.3],[-96.63,31.3],[-96.48,31.03],[-96.5,31.68],[-96.3,31.18],[-95.98,31.3],[-96.15,31.37],[-96.17,31.72],[-96.28,31.62],[-96.07,31.47],[-95.68,31.75],[-95.7,31.88],[-95.65,31.75],[-95.98,32.3],[-95.63,31.75],[-95.15,31.8],[-96.25,29.32],[-95.75,29.62],[-95.65,29.72],[-95.7,29.68],[-96.98,28.88],[-95.83,29.4],[-95.75,29.28],[-95.45,29.2],[-98.67,31.58],[-95.37,29.73],[-97.93,27.97],[-95.1,29.5],[-95.05,29.47],[-95.08,29.37],[-97.87,32.83],[-97.53,27.88],[-94.9,29.4],[-94.82,29.3],[-97.5,27.77],[-97.05,28.02],[-100.32,32.02],[-101.9,35.13],[-101.92,35.2],[-101.97,35.2],[-101.37,34.92],[-101.88,35.15],[-102.42,34.83],[-98.5,33.98],[-97.35,33.53],[-98.77,33.37],[-98.07,33.03],[-98.08,32.92],[-97.8,32.77],[-97.8,32.83],[-97.9,32.4],[-103.5,31.4],[-103.57,31.73],[-95.48,29.7],[-94.62,33.5],[-94.32,33.2],[-100.87,33.92],[-100.83,33.62],[-94.8,31.95],[-94.8,31.95],[-100.13,36.43],[-94.07,33.43],[-93.92,29.9],[-104.32,29.8],[-102.75,33.73],[-101.37,33.67],[-99.37,31.17],[-99.33,31.13],[-98.78,30.75],[-97.35,31.1],[-97.35,32.75],[-97.25,32.93],[-102.97,32.97],[-102.65,32.58],[-102.18,32.65],[-102.83,33.23],[-102.28,33.15],[-103.02,31.57],[-102.97,32.97],[-102.42,32.0],[-102.73,34.18],[-102.75,33.73],[-102.45,31.43],[-101.87,32.3],[-102.13,31.42],[-102.78,30.88],[-102.37,33.53],[-101.53,33.1],[-97.78,33.07],[-98.9,33.73],[-98.57,34.1],[-98.35,33.87],[-99.82,28.68],[-96.63,33.72],[-103.03,29.2],[-100.33,33.62],[-100.75,33.3],[-101.53,32.37],[-101.43,32.77],[-102.17,32.68],[-98.65,33.85],[-101.27,32.92],[-101.83,32.98],[-101.83,32.98],[-100.58,33.23],[-100.58,33.23],[-94.18,31.68],[-94.18,31.8],[-94.1,31.93],[-102.97,36.35],[-95.33,32.13],[-102.07,36.42],[-102.13,36.37],[-94.13,33.43],[-102.75,33.73],[-102.9,33.95],[-102.32,34.03],[-100.98,35.18],[-100.93,35.15],[-100.93,35.15],[-94.35,32.15],[-94.35,32.08],[-94.7,32.02],[-95.15,31.87],[-101.38,35.67],[-102.87,30.37],[-102.82,30.2],[-102.63,30.17],[-100.92,35.23],[-100.7,35.53],[-100.98,35.48],[-100.87,35.43],[-101.18,35.57],[-100.1,35.6],[-100.42,33.92],[-100.35,34.0],[-102.27,31.78],[-95.25,30.0],[-96.78,32.77],[-96.6,32.77],[-106.38,31.8],[-100.78,34.9],[-94.73,32.48],[-94.73,32.48],[-100.13,36.43],[-95.37,29.73],[-95.1,31.8],[-93.98,31.25],[-95.45,30.32],[-97.43,30.78],[-98.23,34.03],[-94.77,32.73],[-94.8,32.55],[-96.28,32.73],[-96.32,32.58],[-97.28,29.1],[-96.63,32.33],[-98.22,32.23],[-96.75,32.48],[-95.97,33.03],[-96.5,33.13],[-96.7,32.77],[-96.85,32.42],[-95.55,30.35],[-100.48,32.3],[-103.2,31.78],[-102.38,31.68],[-100.53,32.43],[-95.25,28.95],[-100.13,36.43],[-97.6,32.62],[-98.95,32.78],[-101.53,33.1],[-102.73,34.18],[-101.03,32.48],[-100.85,33.48],[-100.15,32.77],[-101.07,33.52],[-96.1,30.92],[-98.98,32.75],[-101.4,35.7],[-101.47,35.42],[-94.93,32.25],[-94.67,31.92],[-94.35,32.15],[-94.18,32.15],[-94.18,31.78],[-93.88,31.75],[-96.42,31.62],[-96.4,31.53],[-102.4,30.15],[-100.73,31.67],[-100.73,31.67],[-100.5,31.9],[-100.47,31.48],[-100.43,31.53],[-98.45,33.6],[-101.65,31.57],[-101.93,31.7],[-102.0,31.68],[-102.12,31.38],[-99.3,32.73],[-102.4,34.03],[-102.4,34.03],[-102.32,33.85],[-102.17,33.82],[-101.93,33.58],[-101.75,33.22],[-102.75,33.73],[-95.23,33.18],[-95.18,33.22],[-101.9,35.13],[-102.13,34.2],[-102.37,33.53],[-101.9,33.58],[-100.85,32.72],[-99.87,33.32],[-103.18,31.78],[-95.02,29.67],[-95.02,29.67],[-102.68,35.27],[-102.68,35.25],[-102.72,35.27],[-100.53,34.72],[-101.18,34.47],[-101.18,34.47],[-95.47,31.48],[-95.4,29.02],[-95.27,32.05],[-94.93,31.48],[-94.73,31.35],[-94.85,31.75],[-96.07,28.95],[-95.95,28.98],[-94.73,30.15],[-99.27,30.08],[-98.27,30.42],[-95.2,29.7],[-97.7,30.67],[-98.4,30.32],[-97.58,30.37],[-97.35,30.35],[-98.25,29.87],[-96.93,30.18],[-97.82,29.87],[-97.93,29.57],[-102.55,32.27],[-100.48,31.9],[-100.43,31.62],[-97.1,29.58],[-94.77,32.45],[-101.7,34.18],[-94.05,31.78],[-93.77,31.33],[-95.22,31.85],[-95.13,30.82],[-94.07,32.48],[-95.22,31.98],[-101.38,35.67],[-101.38,35.67],[-101.02,35.5],[-106.43,31.78],[-102.55,36.02],[-94.6,33.0],[-94.7,32.92],[-94.95,33.0],[-94.52,32.18],[-94.93,32.53],[-94.07,31.97],[-94.2,31.78],[-95.3,32.35],[-95.12,32.17],[-94.12,31.52],[-93.85,31.33],[-101.52,33.18],[-94.43,31.15],[-101.53,33.1],[-102.92,35.27],[-106.43,31.78],[-98.17,26.3],[-98.37,30.67],[-102.37,31.92],[-95.17,32.5],[-95.25,32.5],[-95.22,32.23],[-94.67,31.6],[-94.67,31.6],[-96.57,33.0],[-94.37,31.1],[-97.35,32.75],[-96.12,33.13],[-98.5,33.9],[-94.67,32.42],[-94.62,33.5],[-94.07,32.48],[-94.23,32.53],[-99.75,29.73],[-100.03,34.8],[-100.42,33.92],[-100.52,33.82],[-99.8,33.78],[-99.77,33.88],[-99.73,33.73],[-99.72,33.98],[-99.8,33.68],[-99.52,33.63],[-99.8,33.75],[-99.52,33.63],[-101.13,33.57],[-96.6,32.77],[-97.9,32.4],[-101.32,34.0],[-96.23,33.48],[-95.7,33.52],[-95.68,33.37],[-99.78,31.08],[-97.78,30.46],[-96.82,30.56],[-96.4,30.13],[-96.44,30.14],[-96.27,30.15],[-95.47,30.04],[-94.97,29.18],[-95.38,29.13],[-101.7,34.2],[-96.1,29.32],[-94.6,30.03],[-94.53,30.28],[-95.17,30.1],[-93.85,31.33],[-98.23,30.75],[-98.22,30.75],[-96.68,30.46],[-96.73,30.53],[-96.58,31.4],[-94.5,32.63],[-95.02,31.22],[-101.9,30.91],[-94.18,31.78],[-94.12,31.52],[-94.42,30.77],[-104.8,31.8],[-97.23,33.61],[-97.43,29.95],[-98.23,26.2],[-97.5,25.92],[-97.63,26.13],[-95.45,31.32],[-96.53,30.35],[-94.13,33.12],[-95.57,31.02],[-96.83,33.15],[-99.82,29.73],[-99.13,29.35],[-96.88,28.85],[-97.8,27.58],[-103.38,31.45],[-103.08,31.85],[-102.55,31.57],[-102.38,31.68],[-97.98,33.82],[-95.73,33.55],[-95.5,33.62],[-102.37,33.53],[-101.82,33.67],[-94.92,33.58],[-94.78,33.55],[-95.28,31.95],[-94.98,33.17],[-94.42,33.45],[-94.67,31.92],[-94.8,32.15],[-94.63,31.6],[-94.67,31.6],[-94.35,32.15],[-94.37,32.03],[-94.12,31.47],[-93.98,31.25],[-102.3,34.57],[-99.85,28.52],[-96.97,32.85],[-99.32,30.82],[-97.82,29.85],[-98.08,30.87],[-97.68,31.1],[-97.5,31.12],[-97.83,30.7],[-96.37,30.67],[-97.85,30.38],[-96.27,30.78],[-96.3,30.8],[-96.1,29.32],[-95.83,29.08],[-95.42,30.08],[-95.45,30.15],[-95.35,29.98],[-95.05,29.47],[-95.02,30.68],[-95.13,29.47],[-93.97,29.67],[-103.12,29.13],[-102.55,32.93],[-98.68,27.32],[-95.15,31.8],[-99.43,32.73],[-100.03,31.97],[-99.53,30.87],[-97.15,33.63],[-96.77,33.47],[-100.43,31.5],[-98.18,31.07],[-98.27,30.57],[-97.95,32.92],[-97.73,33.15],[-97.68,32.97],[-98.02,31.22],[-100.78,29.37],[-97.45,31.18],[-100.42,29.32],[-97.4,26.13],[-97.55,25.97],[-95.87,32.53],[-95.72,32.43],[-95.63,31.75],[-96.27,30.15],[-94.38,29.82],[-100.3,34.43],[-99.88,34.35],[-99.28,34.23],[-98.38,34.07],[-98.57,34.1],[-98.18,34.07],[-97.58,27.95],[-98.17,26.3],[-98.27,26.1],[-97.82,27.3],[-98.17,26.3],[-95.63,32.77],[-95.25,29.42],[-95.38,29.93],[-97.92,30.83],[-95.45,29.05],[-95.43,29.17],[-95.33,28.95],[-95.32,29.0],[-95.4,29.02],[-95.28,28.97],[-99.23,28.43],[-99.52,27.68],[-100.1,28.52],[-98.32,26.22],[-98.17,26.3],[-98.23,26.2],[-97.98,26.17],[-101.85,33.58],[-101.47,34.52],[-101.77,33.22],[-101.68,33.67],[-101.93,35.1],[-101.85,35.2],[-101.87,33.6],[-101.6,35.63],[-101.83,32.98],[-102.88,30.9],[-100.23,35.25],[-98.5,33.98],[-98.53,33.87],[-101.18,33.55],[-101.53,33.1],[-100.67,33.35],[-101.6,35.32],[-101.85,34.68],[-102.12,34.38],[-101.9,34.28],[-102.13,34.1],[-100.22,34.85],[-100.6,34.28],[-99.88,34.35],[-100.3,34.13],[-102.22,33.48],[-102.2,33.38],[-97.9,32.4],[-97.75,32.15],[-102.35,31.4],[-100.88,34.4],[-100.92,32.33],[-98.8,29.23],[-98.88,29.35],[-100.88,31.77],[-100.33,33.62],[-100.95,32.35],[-100.6,31.6],[-99.77,31.52],[-99.95,30.92],[-99.05,31.77],[-98.62,32.0],[-97.85,33.57],[-98.2,32.23],[-102.17,33.73],[-101.82,33.67],[-101.6,33.85],[-100.77,33.15],[-101.33,33.93],[-100.92,29.37],[-100.2,33.18],[-100.1,35.4],[-99.85,33.0],[-99.8,33.42],[-99.68,33.38],[-99.18,30.72],[-99.02,30.48],[-97.75,30.28],[-97.67,30.2],[-97.67,29.88],[-99.88,32.77],[-101.48,33.22],[-102.42,33.03],[-99.83,32.62],[-98.62,31.9],[-97.28,31.55],[-96.58,31.4],[-97.53,30.67],[-96.57,30.67],[-97.73,31.13],[-97.23,30.93],[-97.75,31.48],[-96.57,33.53],[-100.3,34.43],[-96.08,33.57],[-94.08,33.42],[-101.37,33.67],[-101.05,34.43],[-101.25,33.75],[-102.03,36.03],[-95.1,29.5],[-101.82,35.48],[-101.73,34.55],[-101.38,35.2],[-101.4,35.18],[-101.13,34.98],[-101.07,35.48],[-100.93,35.53],[-100.58,35.23],[-101.07,35.0],[-100.42,35.6],[-100.38,35.53],[-100.1,35.6],[-100.27,35.45],[-100.67,35.13],[-102.02,31.85],[-100.3,34.43],[-100.23,35.37],[-100.93,32.68],[-100.95,33.0],[-100.05,34.72],[-100.72,32.28],[-100.4,32.47],[-101.83,30.67],[-102.4,30.15],[-99.68,32.42],[-100.33,33.62],[-99.87,33.02],[-99.18,33.23],[-98.72,33.1],[-99.73,32.47],[-99.52,32.42],[-101.2,30.7],[-99.58,31.2],[-97.13,32.0],[-100.13,36.43],[-106.38,31.8],[-101.82,35.1],[-101.48,35.12],[-100.98,36.4],[-101.08,33.8],[-101.7,33.65],[-101.63,33.45],[-101.38,33.18],[-101.5,33.08],[-101.83,32.98],[-102.77,36.27],[-102.58,36.05],[-102.52,36.03],[-102.52,36.22],[-102.4,35.88],[-102.4,35.88],[-102.07,36.22],[-102.07,36.0],[-102.68,35.27],[-100.75,36.4],[-100.95,35.95],[-100.95,35.95],[-102.13,34.1],[-101.77,33.87],[-95.63,31.75],[-94.52,32.15],[-97.73,27.65],[-94.18,31.78],[-100.58,35.23],[-94.25,33.47],[-95.03,33.63],[-94.22,33.47],[-94.8,33.18],[-94.33,33.02],[-94.35,32.75],[-94.37,32.62],[-94.23,32.53],[-102.22,33.05],[-101.18,34.43],[-102.4,34.03],[-101.5,35.82],[-99.28,34.23],[-100.32,34.03],[-99.8,33.42],[-102.18,33.5],[-99.02,34.08],[-99.57,33.63],[-95.3,32.52],[-94.58,31.53],[-95.63,31.75],[-94.58,31.28],[-96.18,33.68],[-95.68,29.68],[-99.73,32.5],[-99.75,32.48],[-93.85,31.33],[-94.18,31.72],[-94.12,31.52],[-94.67,31.6],[-94.67,31.98],[-97.5,30.03],[-97.72,30.73],[-95.32,29.93],[-101.82,33.67],[-102.28,33.15],[-98.17,26.3],[-97.3,32.77],[-102.12,34.72],[-96.57,33.63],[-101.5,33.08],[-96.98,33.23],[-97.6,32.7],[-102.87,30.88],[-99.28,34.15],[-98.47,33.65],[-98.53,32.75],[-98.5,33.88],[-101.5,33.08],[-99.02,34.08],[-95.15,31.07],[-95.9,30.98],[-95.75,30.88],[-94.88,32.43],[-94.88,32.38],[-94.88,32.38],[-94.93,32.45],[-100.38,35.9],[-94.43,32.53],[-95.6,33.13],[-97.35,32.97],[-96.98,32.75],[-95.37,29.73],[-96.13,32.9],[-95.75,33.15],[-95.57,32.93],[-95.52,32.73],[-96.75,32.6],[-103.2,31.78],[-103.15,31.75],[-102.88,32.02],[-102.88,32.02],[-100.85,33.9],[-97.35,32.75],[-101.7,33.87],[-106.15,31.5],[-101.6,35.63],[-101.65,35.2],[-101.58,35.22],[-101.63,35.2],[-101.65,35.15],[-101.58,35.18],[-102.72,34.65],[-102.17,32.07],[-102.08,32.0],[-101.5,33.08],[-102.08,31.95],[-101.27,35.03],[-100.38,35.22],[-96.32,32.97],[-98.5,29.42],[-96.83,31.53],[-97.27,33.37],[-96.37,30.67],[-95.92,32.58],[-96.47,30.48],[-96.48,30.32],[-100.42,33.92],[-99.65,33.53],[-100.05,35.93],[-94.97,29.18],[-98.27,30.57],[-94.13,32.7],[-98.23,26.2],[-102.13,34.12],[-102.17,33.95],[-102.27,33.58],[-102.12,34.423],[-97.13,32.0],[-95.25,30.0],[-94.88,30.05],[-101.97,34.84],[-101.36,35.24],[-96.11,30.85],[-94.73,31.33],[-94.42,31.16],[-93.97,31.25],[-94.17,31.22],[-95.1,30.35],[-100.713,34.777],[-100.67,34.87],[-94.7,32.02],[-94.37,32.53],[-100.718,34.849],[-102.145,30.88],[-100.541,31.889],[-98.47,29.33],[-97.28,29.1],[-96.78,29.7],[-95.83,29.4],[-95.48,29.657],[-97.95,29.23],[-96.98,32.75],[-95.39,29.77],[-98.28,27.46],[-97.86,27.51],[-97.05,28.04],[-96.094,29.6],[-95.427,29.7],[-95.111,29.491],[-95.072,29.451],[-104.082,30.754],[-102.62,34.68],[-102.795,33.85],[-102.32,33.92],[-104.8,31.8],[-100.92,35.07],[-100.9,34.93],[-100.655,35.17],[-100.6,35.23],[-100.25,35.22],[-104.8,31.8],[-100.27,35.45],[-101.85,33.508],[-99.23,26.857],[-97.75,28.4],[-99.23,26.857],[-101.656,35.255],[-100.988,34.93],[-103.057,32.97],[-100.63,35.7],[-100.367,35.91],[-102.12,34.423],[-102.17,33.82],[-101.37,35.12],[-101.75,34.37],[-101.37,35.12],[-101.38,33.18],[-102.23,31.13],[-101.5,31.971],[-96.67,31.75],[-99.17,32.13],[-98.68,32.34],[-99.88,32.75],[-99.02,33.5],[-98.2,33.777],[-97.819,33.179],[-96.33,32.98],[-96.62,33.02],[-99.15,29.35],[-96.95,29.392],[-96.58,29.53],[-96.98,28.829],[-96.069,29.309],[-95.9,29.68],[-95.75,29.58],[-95.37,29.73],[-95.63,29.663],[-94.12,30.07],[-95.15,31.771],[-102.558,36.039],[-102.052,35.18],[-101.855,35.2],[-101.855,35.2],[-101.643,35.2],[-101.032,34.37],[-101.767,35.2],[-100.912,34.389],[-101.891,35.2],[-101.661,35.2],[-101.873,35.2],[-101.643,35.2],[-101.873,35.2],[-101.678,35.2],[-101.82,35.301],[-101.643,35.2],[-101.53,35.227],[-101.468,35.278],[-101.468,35.278],[-101.48,35.268],[-101.38,35.278],[-101.37,35.077],[-97.6,33.056],[-97.13,32.69],[-102.19,33.5],[-97.75,30.28],[-95.13,32.97],[-95.067,32.73],[-95.12,32.15],[-100.863,32.427],[-100.848,32.72],[-98.99,31.71],[-98.98,31.75],[-98.2,32.23],[-97.789,32.441],[-97.1,32.43],[-96.98,32.48],[-96.8,32.52],[-96.09,32.27],[-101.362,35.35],[-101.587,34.749],[-102.07,35.18],[-101.2,35.03],[-101.317,34.007],[-101.368,33.67],[-100.9,34.93],[-100.78,29.37],[-100.01,32.47],[-98.53,32.83],[-98.15,33.22],[-96.77,32.79],[-97.03,32.9],[-95.8,33.72],[-98.08,32.82],[-98.6,31.9],[-97.714,32.199],[-97.4,32.78],[-96.98,32.48],[-96.4,33.242],[-96.28,32.73],[-96.2,33.28],[-96.506,30.511],[-96.529,30.531],[-96.316,30.17],[-96.08,30.17],[-96.32,29.95],[-95.75,30.22],[-95.75,30.37],[-95.78,30.45],[-95.45,30.15],[-95.45,30.121],[-94.58,31.28],[-99.18,33.08],[-101.921,31.673],[-101.991,31.68],[-100.5,31.38],[-99.961,31.741],[-99.07,29.648],[-98.5,29.434],[-98.68,28.16],[-95.37,29.73],[-99.95,31.97],[-99.961,31.741],[-99.961,31.741],[-94.27,31.387],[-96.72,33.02],[-99.23,26.9],[-99.23,26.9],[-95.17,32.5],[-95.4,32.35],[-95.303,31.8],[-97.12,32.73],[-95.4,29.98],[-95.512,29.78],[-96.65,28.98],[-96.55,28.83],[-95.351,29.69],[-104.8,31.8],[-95.05,33.62],[-94.05,33.43],[-94.099,33.471],[-94.2,32.673],[-104.097,30.657],[-103.88,30.58],[-102.968,33.18],[-101.4,36.27],[-98.47,33.65],[-101.216,35.725],[-102.1,34.979],[-100.63,35.873],[-99.85,28.52],[-97.649,30.489],[-94.82,29.3],[-100.8,36.02],[-100.8,36.096],[-100.69,36.13],[-100.8,36.096],[-100.65,36.21],[-100.65,36.21],[-101.45,35.82],[-101.45,35.82],[-95.4,32.491],[-95.293,32.641],[-95.48,32.67],[-100.8,36.111],[-101.845,35.85],[-100.53,36.276],[-100.269,36.389],[-100.468,35.972],[-96.58,33.42],[-97.68,31.095],[-104.082,30.754],[-100.92,29.37],[-98.215,27.611],[-98.45,26.72],[-104.813,31.827],[-103.15,31.765],[-101.38,33.166],[-96.08,33.37],[-96.82,32.95],[-95.08,33.72],[-94.962,33.37],[-94.42,33.45],[-94.35,32.75],[-95.3,32.495],[-95.27,31.95],[-98.32,31.47],[-98.345,31.47],[-98.38,31.23],[-102.83,33.223],[-102.0,34.0],[-102.58,33.18],[-100.85,33.943],[-100.423,33.918],[-102.38,31.92],[-102.279,31.902],[-102.31,31.901],[-101.5,31.67],[-100.989,31.839],[-100.72,31.67],[-100.55,31.62],[-100.553,31.627],[-100.29,31.86],[-100.18,31.6],[-100.29,31.73],[-99.96,31.89],[-99.96,31.8],[-99.37,31.5],[-99.55,31.75],[-99.32,31.5],[-99.12,31.55],[-99.16,31.47],[-98.74,31.9],[-98.6,31.9],[-98.149,32.23],[-97.4,32.15],[-97.22,32.4],[-97.35,32.75],[-97.44,32.66],[-97.41,32.35],[-97.169,32.261],[-96.95,32.13],[-97.287,32.899],[-97.13,32.69],[-97.02,32.69],[-96.77,32.79],[-96.75,33.05],[-96.75,33.05],[-97.12,32.57],[-96.72,33.02],[-96.82,32.08],[-96.05,32.28],[-96.65,33.2],[-99.62,28.95],[-95.61,33.14],[-95.02,32.65],[-96.37,30.58],[-96.204,30.958],[-96.68,30.53],[-95.329,30.93],[-95.087,31.65],[-94.88,31.598],[-94.706,31.631],[-98.805,26.375],[-98.7,26.32],[-98.82,26.38],[-95.97,29.6],[-100.13,36.43],[-101.2,30.7],[-97.796,33.167],[-96.57,33.659],[-96.57,33.63],[-99.769,27.711],[-99.35,28.03],[-102.65,32.749],[-101.95,32.73],[-102.23,31.13],[-101.45,31.667],[-101.5,31.653],[-100.444,31.441],[-98.47,33.65],[-98.35,33.73],[-94.93,32.73],[-100.262,30.977],[-97.294,29.653],[-104.8,31.8],[-99.28,34.15],[-95.1,29.5],[-95.22,32.58],[-95.519,30.72],[-95.424,29.767],[-95.483,29.77],[-95.63,29.62],[-100.573,33.237],[-99.23,30.08],[-99.52,27.62],[-94.42,33.45],[-94.153,33.083],[-102.76,35.12],[-104.8,31.8],[-102.62,34.68],[-102.42,34.84],[-102.469,34.673],[-100.54,36.46],[-100.26,36.01],[-100.64,35.69],[-100.93,35.55],[-100.93,35.55],[-100.93,35.55],[-101.17,35.43],[-100.44,35.53],[-100.37,35.53],[-101.38,35.35],[-100.58,35.23],[-100.28,35.44],[-100.25,35.22],[-100.58,35.23],[-100.6,35.23],[-100.25,35.22],[-100.6,35.36],[-100.58,35.23],[-100.25,35.22],[-100.3,34.43],[-99.5,34.25],[-99.28,34.15],[-100.3,34.035],[-99.05,34.15],[-98.92,34.03],[-100.23,33.15],[-98.67,33.95],[-98.5,33.9],[-98.5,33.9],[-98.57,34.1],[-98.5,33.98],[-100.141,32.871],[-99.05,33.01],[-98.2,33.82],[-99.901,32.758],[-99.28,32.72],[-99.3,32.73],[-98.07,32.78],[-100.12,32.05],[-99.17,32.13],[-97.175,33.65],[-100.277,31.407],[-104.8,31.8],[-105.2,31.93],[-106.353,31.742],[-95.53,33.65],[-94.257,32.959],[-95.23,33.18],[-95.029,33.129],[-94.97,33.0],[-94.93,32.73],[-94.75,33.18],[-94.35,33.33],[-94.129,33.47],[-94.05,33.43],[-94.667,32.582],[-94.73,32.33],[-102.42,34.84],[-102.637,32.747],[-100.45,31.37],[-100.443,31.393],[-95.3,32.35],[-105.113,31.938],[-101.89,35.14],[-101.77,35.16],[-102.28,33.18],[-101.95,32.73],[-102.039,33.18],[-102.424,32.276],[-103.2,31.78],[-104.8,31.8],[-102.37,31.85],[-101.95,32.73],[-101.47,32.134],[-102.55,32.32],[-102.92,30.92],[-103.48,31.42],[-101.13,31.37],[-100.82,31.26],[-102.204,30.05],[-104.8,31.8],[-95.525,30.627],[-95.35,29.98],[-94.8,32.15],[-100.405,35.88],[-99.894,33.98],[-99.75,34.08],[-99.65,33.501],[-99.716,33.417],[-99.62,33.45],[-98.57,34.1],[-98.5,33.98],[-98.401,34.072],[-102.754,33.725],[-102.439,33.58],[-99.17,32.55],[-102.02,33.471],[-100.465,33.508],[-99.8,33.42],[-102.408,34.03],[-102.262,33.459],[-101.02,32.35],[-101.44,35.82],[-101.59,35.65],[-101.95,32.73],[-101.97,32.48],[-101.5,32.087],[-102.103,32.188],[-101.82,33.67],[-100.042,34.091],[-100.01,34.08],[-100.0,34.32],[-97.07,33.15],[-98.02,32.35],[-97.03,32.9],[-97.13,32.85],[-97.13,31.928],[-95.39,32.181],[-95.3,32.35],[-95.22,32.23],[-95.21,32.001],[-95.168,31.95],[-94.8,32.15],[-94.67,31.6],[-94.67,31.6],[-94.67,31.6],[-94.73,31.35],[-94.73,31.35],[-94.35,32.15],[-94.12,31.52],[-94.434,31.428],[-94.58,31.28],[-94.18,31.78],[-93.85,31.33],[-100.551,31.342],[-100.5,31.16],[-99.77,30.5],[-99.77,30.49],[-99.6,30.63],[-99.369,30.42],[-98.365,30.652],[-99.33,30.07],[-99.13,30.45],[-97.32,30.12],[-99.28,29.63],[-97.9,29.9],[-97.782,30.347],[-98.5,29.42],[-98.25,29.9],[-97.78,29.88],[-97.97,29.57],[-96.78,29.7],[-96.55,29.72],[-96.1,29.32],[-94.57,33.32],[-94.12,33.15],[-103.2,31.78],[-99.22,28.45],[-97.42,27.78],[-96.802,28.123],[-95.3,32.35],[-101.6,33.188],[-101.55,33.35],[-101.626,33.45],[-101.95,34.18],[-100.848,32.72],[-99.47,27.55],[-95.1,33.37],[-101.38,33.68],[-101.503,33.083],[-102.88,31.37],[-102.608,31.502],[-102.32,31.723],[-94.811,32.38],[-94.8,32.15],[-102.439,32.093],[-102.481,32.077],[-106.38,31.8],[-106.38,31.85],[-104.37,29.55],[-97.87,27.52],[-98.79,26.57],[-106.38,31.8],[-106.428,31.841],[-97.666,33.08],[-102.92,30.92],[-100.277,31.385],[-97.43,26.55],[-102.743,34.193],[-101.77,33.858],[-101.223,32.944],[-94.75,33.194],[-94.784,33.18],[-100.709,36.439],[-102.66,35.46],[-102.77,33.72],[-101.85,34.73],[-100.55,35.75],[-100.54,35.75],[-102.708,34.38],[-102.295,34.57],[-102.55,32.32],[-101.738,34.541],[-101.305,34.0],[-101.368,33.67],[-101.82,33.67],[-104.5,30.58],[-95.234,30.6],[-106.43,31.78],[-101.57,35.18],[-100.75,36.41],[-106.15,31.5],[-100.657,34.86],[-98.321,33.389],[-101.63,35.86],[-101.41,36.26],[-101.39,36.0],[-103.013,30.757],[-102.05,33.6],[-100.1,35.8],[-94.93,32.13],[-95.17,33.67],[-94.48,31.57],[-94.5,31.6],[-94.35,31.5],[-95.436,31.38],[-95.426,31.34],[-94.85,33.18],[-94.794,33.05],[-100.382,33.62],[-94.775,32.73],[-94.73,32.48],[-94.88,32.351],[-99.87,33.045],[-106.584,31.872],[-106.522,31.85],[-95.42,30.037],[-96.5,31.738],[-94.663,33.2],[-101.588,34.315],[-101.626,33.45],[-100.6,35.23],[-100.6,35.23],[-100.52,35.29],[-100.6,35.23],[-100.6,35.23],[-100.58,35.23],[-100.6,35.13],[-100.6,35.23],[-100.88,34.4],[-100.6,34.28],[-100.3,34.43],[-101.878,33.262],[-102.596,33.58],[-102.137,34.581],[-102.848,30.861],[-102.28,33.151],[-101.95,32.73],[-98.5,33.972],[-102.42,34.84],[-94.19,33.01],[-96.55,31.68],[-95.903,31.846],[-95.74,31.84],[-95.5,32.06],[-95.39,32.08],[-97.19,31.45],[-96.55,33.75],[-96.54,33.57],[-96.85,32.4],[-96.871,33.561],[-95.026,29.563],[-96.4,29.11],[-97.4,32.15],[-96.066,31.934],[-95.85,32.2],[-95.4,32.17],[-95.15,29.66],[-95.4,30.85],[-95.48,30.54],[-94.93,30.7],[-94.2,31.81],[-94.12,31.74],[-95.1,29.38],[-95.57,29.05],[-95.62,33.15],[-95.27,33.66],[-95.06,33.6],[-94.79,32.16],[-97.739,28.188],[-97.801,28.081],[-97.679,28.058],[-97.669,27.972],[-97.648,27.934],[-97.5,27.77],[-97.8,27.58],[-97.535,27.586],[-99.75,32.45],[-99.268,29.827],[-100.29,31.97],[-96.94,32.92],[-95.2,31.91],[-94.35,33.19],[-99.7,30.55],[-94.68,32.05],[-94.93,32.27],[-94.87,32.39],[-94.87,32.39],[-94.76,32.52],[-98.55,28.922],[-94.34,32.3],[-94.11,31.53],[-97.79,32.44],[-97.18,31.96],[-97.18,31.57],[-97.321,31.379],[-96.54,31.74],[-95.609,32.377],[-95.584,31.704],[-95.75,32.28],[-95.41,32.51],[-95.32,32.69],[-95.24,31.92],[-95.26,31.95],[-95.26,31.94],[-94.9,33.0],[-94.91,33.14],[-94.73,33.17],[-94.76,32.55],[-95.26,31.94],[-95.311,30.41],[-97.5,27.77],[-99.6,31.28],[-99.43,31.83],[-99.13,31.71],[-98.99,31.71],[-98.822,32.402],[-98.62,31.9],[-98.37,32.55],[-98.05,32.52],[-98.08,32.82],[-98.025,31.998],[-97.424,32.779],[-97.37,32.85],[-97.37,32.87],[-97.35,32.82],[-97.35,32.75],[-97.4,32.35],[-97.08,32.85],[-97.04,32.9],[-96.9,32.95],[-96.75,32.6],[-97.18,31.57],[-96.65,33.2],[-96.862,32.39],[-97.347,31.102],[-96.119,33.764],[-95.51,32.85],[-95.06,33.61],[-94.68,33.2],[-95.09,32.95],[-95.3,32.33],[-94.97,33.0],[-95.11,32.59],[-94.95,32.73],[-94.48,32.81],[-94.54,33.17],[-94.16,33.12],[-97.36,32.58],[-97.35,32.956],[-97.13,32.57],[-96.999,32.621],[-97.352,32.309],[-96.81,32.52],[-96.233,29.188],[-102.21,33.74],[-101.45,32.77],[-100.6,35.23],[-100.582,35.23],[-100.92,32.71],[-100.9,32.72],[-100.83,32.71],[-100.92,32.71],[-99.9,32.76],[-99.9,32.8],[-99.877,32.798],[-99.81,32.61],[-99.62,32.8],[-98.136,32.52],[-97.83,32.49],[-97.736,32.301],[-97.83,31.77],[-97.8,32.45],[-97.402,32.353],[-97.33,32.32],[-97.75,32.23],[-97.75,32.23],[-97.12,32.43],[-96.84,32.54],[-97.13,32.0],[-97.27,32.18],[-97.6,31.62],[-97.44,31.65],[-95.38,33.78],[-96.18,33.55],[-95.55,33.67],[-95.27,33.66],[-97.13,33.21],[-97.118,33.226],[-95.6,33.13],[-94.68,31.91],[-94.65,31.61],[-94.59,32.76],[-95.4,32.52],[-94.12,33.4],[-94.76,32.55],[-98.017,32.957],[-101.9,31.22],[-100.28,32.24],[-100.45,31.45],[-99.83,32.28],[-100.27,31.47],[-94.95,33.0],[-96.62,33.69],[-95.22,33.17],[-95.09,33.07],[-94.85,33.17],[-94.79,33.03],[-95.31,32.91],[-99.33,31.14],[-98.59,33.07],[-99.77,30.49],[-95.014,33.442],[-97.707,31.122],[-96.28,31.63],[-98.21,30.74],[-97.53,30.93],[-97.52,30.98],[-97.469,31.085],[-97.37,30.98],[-97.23,30.93],[-97.12,31.12],[-97.495,30.963],[-96.45,30.53],[-95.5,30.53],[-95.48,30.54],[-95.189,30.632],[-100.86,32.4],[-99.85,31.22],[-99.32,31.18],[-99.83,32.28],[-99.25,32.18],[-98.18,31.07],[-98.18,31.07],[-98.35,30.6],[-98.604,31.895],[-99.29,26.9],[-97.53,30.93],[-98.87,26.57],[-98.83,26.721],[-99.14,30.04],[-96.11,30.92],[-95.91,30.95],[-95.393,33.002],[-95.393,33.002],[-97.75,30.31],[-95.95,30.78],[-96.37,30.67],[-97.72,30.29],[-95.37,30.94],[-95.45,31.13],[-94.88,32.78],[-94.75,33.03],[-94.97,31.22],[-95.05,31.29],[-94.53,31.5],[-95.23,30.1],[-94.11,31.53],[-94.18,31.79],[-93.96,31.39],[-99.978,28.09],[-98.434,27.583],[-98.195,27.597],[-98.339,26.37],[-102.06,33.42],[-102.62,33.41],[-102.19,33.5],[-102.02,33.6],[-94.29,32.59],[-94.18,33.4],[-94.04,33.45],[-100.38,35.9],[-103.5,31.47],[-103.39,31.46],[-102.33,35.68],[-101.99,35.84],[-102.662,32.71],[-102.37,33.522],[-102.743,34.193],[-102.32,33.92],[-102.62,34.409],[-102.32,34.579],[-102.4,34.82],[-102.33,34.86],[-102.1,34.95],[-101.92,34.98],[-102.12,34.87],[-102.1,34.95],[-102.1,34.95],[-101.85,34.73],[-101.92,34.98],[-101.82,35.1],[-101.88,35.15],[-101.93,35.16],[-101.65,35.1],[-101.92,35.17],[-101.92,34.95],[-101.88,35.15],[-101.82,35.29],[-101.82,35.13],[-101.82,35.2],[-101.71,35.2],[-101.72,35.22],[-101.82,35.2],[-101.75,35.2],[-101.64,35.2],[-101.38,35.39],[-100.62,35.57],[-100.82,35.43],[-100.582,35.23],[-102.87,30.446],[-94.95,33.0],[-94.89,32.91],[-94.63,33.01],[-94.74,33.18],[-94.63,33.0],[-94.87,32.47],[-94.77,32.39],[-94.97,32.28],[-94.36,33.01],[-94.46,32.24],[-95.52,30.78],[-95.55,30.71],[-95.81,30.95],[-96.07,30.69],[-95.56,30.36],[-95.7,30.46],[-95.63,30.21],[-101.85,33.594],[-101.25,33.67],[-95.47,30.25],[-100.83,33.62],[-101.15,33.371],[-101.147,33.374],[-102.19,32.24],[-101.926,32.709],[-101.87,34.15],[-101.891,33.021],[-95.87,32.55],[-102.377,34.73],[-102.21,33.74],[-102.28,33.18],[-102.278,32.92],[-101.83,33.028],[-101.25,33.67],[-101.317,34.007],[-100.3,34.43],[-98.781,33.384],[-98.19,33.82],[-96.58,33.42],[-95.78,31.7],[-95.73,31.68],[-95.15,31.8],[-95.28,31.97],[-94.94,32.45],[-95.48,31.49],[-94.84,31.81],[-94.75,31.81],[-94.68,32.52],[-96.69,31.31],[-95.32,31.55],[-95.41,31.49],[-94.35,32.54],[-94.33,32.54],[-94.3,31.69],[-94.53,31.51],[-93.92,31.79],[-94.14,31.53],[-97.75,31.43],[-97.9,29.18],[-101.24,31.84],[-101.48,31.87],[-101.04,32.71],[-100.49,33.565],[-95.06,33.87],[-94.96,33.81],[-101.501,35.164],[-100.754,34.563],[-99.933,34.34],[-101.368,33.67],[-99.74,34.3],[-99.03,34.08],[-99.29,34.034],[-98.903,34.03],[-99.785,33.73],[-99.13,33.786],[-99.13,33.728],[-102.51,32.32],[-100.875,34.133],[-100.73,33.75],[-100.58,33.25],[-99.8,32.94],[-102.143,32.022],[-100.46,32.82],[-97.02,32.92],[-96.75,33.05],[-96.65,33.2],[-97.15,32.82],[-97.289,32.75],[-96.28,32.73],[-96.28,32.73],[-96.85,32.357],[-96.12,33.13],[-95.64,32.79],[-95.29,32.96],[-95.3,32.33],[-94.95,32.73],[-95.26,31.97],[-95.48,31.49],[-95.47,31.39],[-95.46,31.32],[-95.15,31.8],[-95.35,31.32],[-94.18,31.79],[-94.95,31.22],[-94.18,31.79],[-94.18,31.79],[-102.754,33.725],[-101.22,32.59],[-102.686,32.689],[-101.123,32.336],[-101.43,32.3],[-102.55,32.32],[-101.88,32.31],[-102.38,31.92],[-101.48,31.87],[-101.94,31.23],[-102.4,35.938],[-102.4,35.88],[-95.39,29.77],[-100.8,36.4],[-100.53,36.378],[-100.56,36.21],[-100.56,36.21],[-100.228,35.777],[-99.933,34.34],[-99.51,34.26],[-97.929,33.087],[-97.929,33.087],[-98.0,32.82],[-97.82,33.09],[-97.53,32.9],[-95.2,29.7],[-95.31,29.71],[-101.72,35.22],[-95.28,29.65],[-101.71,35.2],[-101.795,35.221],[-101.745,35.139],[-101.58,35.18],[-101.57,35.402],[-96.1,29.32],[-100.3,33.948],[-101.43,34.12],[-101.203,33.507],[-99.82,33.42],[-100.49,33.565],[-100.867,33.48],[-101.98,33.723],[-101.072,33.074],[-100.23,33.15],[-100.38,32.75],[-102.224,33.481],[-101.757,33.225],[-99.8,32.94],[-100.47,32.47],[-101.387,33.167],[-99.69,32.42],[-99.86,32.42],[-102.37,33.522],[-102.05,33.6],[-99.4,32.4],[-102.28,33.18],[-99.4,32.22],[-101.999,32.689],[-95.19,32.8],[-101.489,36.444],[-101.4,36.415],[-101.4,36.371],[-101.4,36.27],[-101.387,36.26],[-101.2,36.185],[-101.45,35.95],[-101.45,35.82],[-101.38,35.699],[-101.38,35.67],[-101.216,35.43],[-94.73,31.33],[-94.63,31.59],[-94.94,30.71],[-99.16,29.36],[-95.54,29.57],[-95.28,29.56],[-102.425,34.84],[-102.4,34.82],[-102.4,34.82],[-102.12,34.423],[-101.246,35.452],[-102.912,34.51],[-102.311,35.88],[-102.15,33.92],[-102.182,33.83],[-102.017,33.711],[-101.503,33.083],[-93.83,31.34],[-102.695,35.53],[-102.925,34.499],[-102.349,33.18],[-102.62,32.83],[-102.53,34.07],[-101.317,34.007],[-94.73,31.33],[-95.34,30.22],[-95.33,30.22],[-94.35,32.16],[-95.08,30.34],[-94.39,32.54],[-94.39,32.55],[-94.3,32.61],[-102.803,32.781],[-102.57,32.94],[-101.45,35.95],[-101.45,35.936],[-98.49,33.99],[-98.49,34.005],[-99.78,33.16],[-97.07,33.15],[-96.92,33.22],[-97.15,33.22],[-94.58,32.65],[-94.35,32.78],[-94.35,32.76],[-94.22,32.81],[-94.58,32.5],[-94.58,32.5],[-95.1,32.58],[-94.06,32.48],[-94.24,32.23],[-94.26,32.09],[-96.08,29.53],[-96.088,29.438],[-95.66,29.72],[-95.64,29.69],[-95.4,29.02],[-99.74,34.3],[-100.274,33.454],[-99.14,34.13],[-100.23,33.15],[-99.255,34.15],[-99.86,33.29],[-100.46,32.85],[-100.72,32.463],[-100.4,32.47],[-98.92,34.03],[-100.847,32.397],[-98.56,34.09],[-98.56,34.105],[-98.77,33.37],[-100.58,35.45],[-100.23,36.0],[-100.902,35.07],[-100.28,35.08],[-101.626,33.45],[-101.55,33.35],[-101.068,33.076],[-100.406,33.22],[-94.46,33.23],[-94.54,33.17],[-94.72,33.03],[-94.36,33.01],[-94.16,33.04],[-94.15,33.16],[-94.16,33.12],[-94.25,32.97],[-94.87,32.59],[-94.58,32.5],[-97.1,31.64],[-96.89,32.75],[-96.97,33.4],[-105.098,31.93],[-97.6,29.64],[-94.35,32.54],[-100.8,36.4],[-100.912,34.389],[-100.645,34.02],[-100.85,33.943],[-101.72,35.22],[-101.643,35.2],[-101.72,35.22],[-101.643,35.2],[-101.678,35.2],[-101.78,35.132],[-101.688,34.95],[-100.53,34.72],[-98.03,32.8],[-102.396,31.915],[-97.65,33.01],[-97.52,30.95],[-94.71,32.23],[-104.03,30.37],[-102.4,31.92],[-102.507,36.06],[-106.413,31.867],[-102.7,34.23],[-102.414,34.012],[-98.129,26.442],[-100.53,36.45],[-100.32,36.43],[-100.181,35.895],[-102.2,35.123],[-102.2,35.065],[-100.1,35.62],[-102.5,34.73],[-100.1,35.6],[-100.103,35.675],[-100.518,34.73],[-101.85,34.73],[-101.68,34.22],[-101.82,33.67],[-101.305,34.001],[-101.368,33.67],[-100.867,33.48],[-100.573,33.237],[-100.193,33.181],[-100.848,32.72],[-96.758,30.43],[-102.68,35.27],[-102.68,35.27],[-100.85,33.48],[-98.36,29.54],[-106.196,31.685],[-97.35,31.071],[-95.3,32.33],[-97.68,29.87],[-96.826,32.889],[-101.92,34.98],[-100.92,35.056],[-94.62,33.51],[-101.938,31.231],[-95.31,30.74],[-95.44,30.29],[-95.47,30.32],[-93.78,31.41],[-94.08,31.32],[-94.14,31.27],[-94.42,31.16],[-94.82,30.81],[-95.13,31.06],[-94.0,29.97],[-94.81,31.66],[-95.45,31.13],[-95.47,31.48],[-94.63,29.858],[-94.87,32.31],[-96.836,31.701],[-94.51,32.57],[-94.59,32.53],[-96.52,29.05],[-96.778,28.508],[-102.65,32.67],[-102.64,32.74],[-104.81,31.83],[-97.113,27.889],[-97.52,32.62],[-97.427,27.256],[-97.517,26.808],[-97.43,26.55],[-97.18,26.08],[-94.73,31.33],[-94.34,32.15],[-94.73,31.33],[-98.251,32.052],[-97.18,33.37],[-97.307,32.59],[-97.995,31.24],[-97.992,31.232],[-94.17,33.41],[-97.977,31.07],[-94.95,32.73],[-97.79,30.84],[-97.79,30.85],[-97.225,31.772],[-97.6,30.83],[-96.27,31.22],[-96.12,31.03],[-103.67,29.91],[-99.87,32.45],[-99.87,32.59],[-97.254,31.38],[-95.41,32.51],[-95.33,32.13],[-95.32,32.51],[-95.32,32.13],[-95.42,32.67],[-94.76,32.52],[-94.76,32.52],[-94.8,32.15],[-94.42,33.46],[-94.36,33.01],[-94.06,33.41],[-94.25,33.36],[-94.25,33.36],[-94.35,32.54],[-94.35,32.15],[-97.753,27.801],[-93.85,31.34],[-96.25,29.863],[-94.174,31.032],[-93.99,31.122],[-99.23,31.33],[-97.77,33.046],[-98.97,32.1],[-98.99,31.67],[-98.713,31.625],[-97.375,33.653],[-98.4,31.85],[-98.216,31.67],[-98.12,31.65],[-98.12,31.7],[-97.238,33.262],[-97.249,33.37],[-97.232,33.37],[-98.177,31.065],[-98.08,30.76],[-97.98,30.87],[-97.79,32.4],[-97.78,31.44],[-97.75,31.43],[-97.409,31.444],[-96.957,32.789],[-97.031,32.789],[-97.23,31.62],[-96.62,33.5],[-97.53,30.93],[-98.26,29.88],[-98.47,29.5],[-97.15,31.55],[-97.25,31.31],[-96.739,31.59],[-97.66,30.34],[-96.55,33.02],[-96.461,32.087],[-96.4,32.03],[-96.537,31.714],[-96.62,30.87],[-96.276,31.91],[-96.128,33.13],[-96.929,30.788],[-96.081,33.106],[-96.05,32.28],[-96.14,31.362],[-95.68,32.12],[-96.97,29.93],[-96.07,31.47],[-95.7,31.923],[-95.63,31.75],[-95.47,32.3],[-95.98,31.25],[-95.3,32.33],[-96.384,30.583],[-95.58,31.62],[-95.42,32.78],[-95.15,31.8],[-96.349,30.063],[-94.95,32.87],[-94.87,32.39],[-94.8,32.16],[-95.47,31.483],[-95.46,31.32],[-95.281,31.32],[-95.37,30.94],[-94.65,31.61],[-94.46,32.24],[-94.4,32.29],[-94.35,32.36],[-95.457,30.007],[-95.656,29.621],[-94.05,31.97],[-94.18,31.95],[-94.14,31.55],[-93.97,31.25],[-102.92,30.92],[-102.934,33.01],[-103.02,33.62],[-102.73,34.63],[-102.4,34.75],[-102.319,34.848],[-102.13,34.18],[-102.2,34.92],[-102.07,35.18],[-101.82,35.084],[-102.07,35.18],[-101.87,35.241],[-101.895,35.261],[-101.82,35.215],[-101.874,35.093],[-101.93,35.43],[-101.72,35.22],[-101.678,35.2],[-97.413,32.934],[-97.302,33.039],[-97.317,32.973],[-96.82,33.23],[-96.11,32.285],[-94.06,32.51],[-94.18,31.79],[-94.53,31.5],[-94.21,31.79],[-94.11,31.41],[-94.11,31.56],[-95.35,30.34],[-95.08,30.34],[-95.08,30.34],[-98.7,28.86],[-98.61,28.78],[-93.984,31.148],[-95.088,30.343],[-102.988,32.97],[-102.962,33.009],[-102.383,31.897],[-102.06,32.73],[-102.099,32.036],[-101.48,32.06],[-94.81,32.15],[-94.71,31.96],[-94.18,32.68],[-101.43,32.3],[-96.4,30.16],[-96.95,31.049],[-96.49,31.02],[-96.31,29.26],[-95.03,29.55],[-95.08,29.66],[-94.921,29.479],[-98.699,30.301],[-100.64,30.57],[-97.43,30.78],[-97.4,30.88],[-96.524,32.083],[-96.22,32.44],[-97.617,29.062],[-95.345,29.721],[-94.061,30.882],[-93.797,30.601],[-93.633,30.742],[-99.615,34.26],[-99.562,34.26],[-99.42,34.35],[-94.19,32.96],[-94.16,33.12],[-101.38,35.35],[-100.387,34.02],[-96.934,33.163],[-93.883,30.433],[-94.58,32.5],[-94.23,32.64],[-103.02,29.625],[-101.75,34.37],[-101.92,34.92],[-101.71,34.81],[-100.66,34.78],[-100.3,34.43],[-100.65,34.88],[-100.28,35.06],[-95.22,33.17],[-94.62,33.61],[-94.62,33.51],[-94.62,33.51],[-94.42,33.46],[-94.95,32.73],[-95.06,33.44],[-94.23,33.14],[-94.16,33.12],[-94.78,33.44],[-94.28,33.33],[-94.07,33.44],[-102.02,33.6],[-102.224,33.481],[-101.01,34.373],[-100.93,35.55],[-100.96,35.55],[-100.8,35.44],[-100.63,35.2],[-100.58,35.23],[-100.58,35.23],[-100.6,35.23],[-98.49,33.99],[-98.58,29.39],[-98.58,29.38],[-97.69,26.2],[-97.565,28.1],[-97.798,26.483],[-99.8,29.64],[-99.16,29.36],[-94.74,32.59],[-94.57,32.59],[-93.524,31.064],[-101.76,33.73],[-97.41,32.36],[-97.453,32.437],[-97.01,33.567],[-96.92,33.57],[-98.53,31.77],[-98.545,31.702],[-98.55,32.12],[-96.67,33.75],[-98.12,31.7],[-97.18,32.27],[-98.75,33.2],[-97.75,32.24],[-98.1,32.8],[-97.53,32.87],[-97.58,32.91],[-97.76,33.02],[-97.273,33.107],[-97.25,32.93],[-97.371,25.965],[-100.65,30.95],[-99.6,27.98],[-100.93,35.55],[-97.93,32.68],[-97.484,32.68],[-97.321,32.654],[-96.946,32.946],[-96.925,32.941],[-96.51,32.92],[-96.28,33.22],[-96.12,33.13],[-96.083,32.978],[-96.093,33.055],[-95.4,33.33],[-95.939,33.242],[-95.804,32.9],[-95.593,33.206],[-95.01,33.17],[-94.74,33.18],[-94.25,33.36],[-94.13,33.44],[-94.05,33.42],[-96.59,32.76],[-96.481,32.758],[-96.27,32.71],[-96.191,32.692],[-96.191,32.692],[-96.185,32.676],[-95.22,33.17],[-96.063,32.712],[-95.839,32.728],[-95.61,32.89],[-96.83,33.15],[-95.62,32.79],[-94.36,33.01],[-95.3,32.36],[-96.267,30.785],[-96.376,30.704],[-95.85,31.83],[-95.58,31.63],[-96.306,30.75],[-95.505,31.583],[-95.603,31.787],[-95.796,30.958],[-95.75,31.03],[-95.48,31.49],[-95.51,31.32],[-95.235,31.122],[-95.37,30.94],[-95.055,31.066],[-95.019,31.201],[-94.968,31.224],[-94.79,31.28],[-95.214,30.742],[-94.11,31.53],[-94.18,31.79],[-93.85,31.34],[-93.74,31.43],[-93.589,31.16],[-96.55,33.75],[-96.55,33.75],[-97.02,33.7],[-96.02,33.78],[-95.812,33.706],[-95.612,33.663],[-96.55,33.02],[-95.9,33.24],[-95.87,32.933],[-98.955,32.096],[-98.95,31.8],[-99.27,31.17],[-96.927,33.761],[-96.682,33.61],[-96.69,33.53],[-96.35,33.43],[-95.45,33.63],[-95.27,33.66],[-94.78,33.55],[-94.62,33.51],[-94.2,33.44],[-94.35,33.19],[-94.08,33.43],[-101.368,33.67],[-102.13,34.093],[-100.21,34.85],[-99.82,33.16],[-99.18,33.18],[-98.944,33.184],[-98.591,33.102],[-101.96,35.2],[-102.06,35.19],[-101.86,35.14],[-101.82,35.2],[-97.98,33.09],[-97.98,33.09],[-97.98,33.09],[-101.89,35.14],[-101.88,35.16],[-97.94,32.9],[-97.69,32.96],[-97.53,32.9],[-97.505,32.867],[-97.83,32.47],[-97.42,32.813],[-97.483,33.169],[-97.205,32.997],[-97.317,33.037],[-97.298,32.835],[-97.15,32.95],[-97.045,33.05],[-97.194,32.904],[-97.037,33.043],[-97.021,33.048],[-97.308,32.566],[-97.177,32.65],[-97.09,33.174],[-96.916,33.021],[-96.975,33.269],[-97.1,32.84],[-97.097,32.829],[-97.03,32.9],[-97.02,32.95],[-97.121,32.587],[-96.849,33.154],[-96.811,33.15],[-96.83,33.15],[-96.835,33.153],[-97.141,32.563],[-96.733,33.041],[-96.72,32.95],[-96.87,32.68],[-97.153,32.262],[-96.768,32.95],[-96.727,33.226],[-96.692,33.14],[-96.78,33.32],[-96.62,33.2],[-96.78,33.32],[-96.637,32.697],[-96.85,32.4],[-96.507,33.37],[-96.58,33.42],[-96.63,32.33],[-96.35,33.43],[-96.18,33.58],[-96.345,32.365],[-96.0,32.685],[-95.82,33.6],[-98.32,31.485],[-95.679,33.053],[-95.569,33.142],[-95.434,32.974],[-95.49,32.67],[-95.72,32.67],[-95.57,32.93],[-95.53,33.65],[-95.29,33.0],[-95.638,32.525],[-95.41,32.51],[-95.47,33.67],[-95.389,33.302],[-95.38,33.67],[-95.22,33.03],[-95.97,31.95],[-95.41,32.51],[-95.44,32.8],[-95.3,32.33],[-94.98,33.17],[-94.97,33.0],[-94.95,32.73],[-95.3,32.33],[-95.3,32.33],[-94.95,32.73],[-94.72,33.03],[-97.494,31.136],[-94.88,32.38],[-94.42,33.46],[-94.07,33.03],[-94.35,32.54],[-94.07,33.03],[-94.21,32.41],[-96.71,32.64],[-97.135,32.808],[-96.217,32.424],[-96.67,32.43],[-96.246,32.404],[-96.23,32.13],[-96.334,32.063],[-96.268,32.163],[-95.85,31.83],[-96.77,32.87],[-96.77,32.82],[-96.752,32.813],[-96.769,32.8],[-95.85,31.83],[-98.652,31.847],[-98.614,31.801],[-98.644,31.703],[-98.52,31.67],[-98.32,31.68],[-98.52,31.67],[-98.38,31.23],[-98.153,31.095],[-98.489,31.133],[-98.239,30.743],[-98.38,30.72],[-98.16,33.22],[-98.25,32.93],[-97.886,32.776],[-97.63,32.53],[-97.675,32.36],[-97.363,32.23],[-99.06,30.75],[-99.25,30.91],[-99.33,31.14],[-101.05,34.37],[-100.573,33.261],[-101.95,32.802],[-101.696,34.215],[-99.89,33.18],[-101.186,34.431],[-101.73,31.93],[-99.74,33.17],[-99.39,33.43],[-99.74,33.17],[-99.63,33.45],[-99.49,33.63],[-99.89,33.01],[-98.37,33.71],[-99.74,33.17],[-99.39,33.43],[-99.05,33.01],[-98.647,33.59],[-97.841,33.57],[-97.783,33.786],[-97.73,33.78],[-102.65,32.72],[-103.039,30.88],[-101.972,33.517],[-102.224,33.481],[-101.48,34.65],[-101.38,35.43],[-102.425,34.84],[-102.49,34.82],[-102.4,34.834],[-102.49,34.82],[-102.319,34.848],[-102.12,35.19],[-101.9,34.98],[-102.088,35.18],[-101.9,34.98],[-101.89,35.14],[-101.912,35.16],[-101.87,35.16],[-101.88,35.15],[-101.89,35.2],[-101.87,35.159],[-102.07,35.18],[-101.89,35.14],[-101.771,35.217],[-101.82,35.14],[-101.82,35.26],[-101.82,35.417],[-101.6,35.63],[-101.6,35.63],[-101.38,35.67],[-101.4,35.7],[-101.447,35.822],[-101.19,36.04],[-100.933,35.946],[-101.2,36.157],[-100.646,36.226],[-100.53,36.45],[-101.979,35.2],[-101.87,35.16],[-101.48,36.07],[-101.85,35.15],[-102.28,33.151],[-102.17,33.522],[-102.1,34.95],[-102.06,33.42],[-101.918,35.167],[-102.07,35.18],[-101.999,35.18],[-101.895,35.261],[-101.92,34.98],[-104.8,31.8],[-96.342,29.309],[-101.79,35.14],[-101.786,35.133],[-101.82,35.2],[-101.86,35.23],[-101.87,35.22],[-101.86,35.23],[-101.86,35.23],[-101.82,35.28],[-101.82,35.28],[-101.834,35.173],[-101.83,35.18],[-101.84,35.18],[-97.45,31.53],[-97.45,31.53],[-95.18,32.04],[-101.64,35.2],[-101.64,35.2],[-101.85,35.27],[-101.72,35.22],[-101.9,34.98],[-97.79,26.333],[-98.097,32.651],[-100.912,34.389],[-94.02,29.95],[-102.4,30.29],[-101.072,33.074],[-100.38,32.75],[-100.01,32.47],[-100.24,35.44],[-100.6,35.31],[-102.363,32.009],[-93.993,30.901],[-94.987,29.504],[-94.8,31.97],[-94.18,31.53],[-94.11,31.53],[-93.84,31.44],[-94.37,30.773],[-98.06,27.22],[-98.333,26.349],[-98.299,26.245],[-102.43,35.25],[-102.01,34.98],[-102.061,34.98],[-102.051,34.967],[-102.05,34.98],[-102.2,34.92],[-101.85,34.73],[-102.37,33.522],[-101.97,35.72],[-102.024,35.85],[-101.48,36.07],[-101.28,35.43],[-101.14,35.43],[-101.11,35.2],[-100.96,35.4],[-100.6,35.35],[-102.23,35.76],[-102.077,31.997],[-102.68,31.27],[-99.72,33.864],[-100.163,34.389],[-100.4,32.47],[-99.86,32.42],[-99.73,32.45],[-99.73,32.45],[-101.585,31.67],[-99.87,32.45],[-100.12,32.49],[-99.73,32.45],[-101.551,31.87],[-102.03,35.71],[-102.08,35.82],[-100.58,36.49],[-100.14,36.33],[-101.4,35.7],[-101.0,35.62],[-100.61,36.48],[-94.23,32.66],[-100.6,35.23],[-100.23,36.0],[-100.234,35.45],[-102.66,34.22],[-98.49,33.99],[-94.17,32.71],[-94.76,32.52],[-102.4,35.14],[-102.43,35.16],[-102.4,35.11],[-102.4,35.04],[-102.5,34.82],[-102.49,34.82],[-102.962,33.009],[-102.57,32.94],[-102.64,32.74],[-102.65,32.72],[-102.159,31.972],[-101.5,31.67],[-93.85,31.34],[-94.034,30.177],[-94.02,30.192],[-94.02,30.12],[-93.93,29.9],[-94.1,30.08],[-102.33,34.82],[-102.295,34.571],[-102.06,33.42],[-100.46,32.82],[-97.25,32.93],[-97.45,32.77],[-96.31,30.6],[-96.17,31.72],[-99.79,30.92],[-96.313,30.64],[-99.37,34.08],[-98.67,33.95],[-94.25,32.76],[-94.9,32.77],[-94.17,32.69],[-95.01,32.68],[-94.95,32.54],[-95.12,32.45],[-95.3,32.33],[-95.3,32.27],[-95.3,32.33],[-106.298,31.691],[-95.91,30.95],[-96.9,32.65],[-95.58,32.8],[-101.83,32.984],[-101.96,35.69],[-101.97,35.796],[-101.82,35.29],[-101.89,35.2],[-101.82,35.2],[-101.72,35.22],[-101.72,35.22],[-101.696,35.2],[-101.72,35.22],[-101.82,35.2],[-101.71,34.98],[-101.67,34.95],[-101.61,34.84],[-101.11,35.2],[-101.11,35.2],[-101.545,34.672],[-100.71,35.23],[-101.3,34.47],[-101.7,34.2],[-102.815,32.075],[-100.86,32.71],[-102.37,31.85],[-102.37,31.85],[-102.19,31.94],[-102.37,31.85],[-102.37,31.85],[-95.11,32.69],[-102.9,34.52],[-101.96,34.98],[-101.67,34.95],[-101.63,36.19],[-101.685,34.28],[-101.5,34.13],[-101.45,35.82],[-100.43,34.55],[-99.82,34.46],[-102.21,33.74],[-102.28,33.332],[-102.02,33.6],[-101.117,33.467],[-101.76,33.22],[-100.49,33.565],[-101.368,33.19],[-101.43,32.77],[-100.95,32.7],[-98.49,33.99],[-100.38,32.75],[-100.4,32.47],[-99.74,33.17],[-98.668,32.713],[-98.818,32.586],[-99.43,31.83],[-98.82,32.4],[-98.079,32.766],[-98.112,32.684],[-98.02,32.75],[-98.45,32.03],[-97.8,32.77],[-97.8,32.45],[-97.25,32.83],[-97.069,32.042],[-97.098,32.062],[-96.86,32.58],[-96.82,32.72],[-96.72,32.95],[-103.52,29.53],[-103.387,31.871],[-97.945,31.196],[-97.21,32.48],[-102.55,36.02],[-102.93,35.72],[-102.873,34.981],[-94.41,33.5],[-94.42,33.46],[-100.86,32.71],[-97.38,33.65],[-102.12,34.423],[-101.25,33.67],[-99.82,33.42],[-95.85,31.83],[-95.628,31.871],[-95.683,31.586],[-95.716,31.755],[-95.15,31.8],[-94.05,31.97],[-104.81,31.83],[-102.743,34.193],[-102.4,34.23],[-101.218,36.2],[-96.973,28.852],[-96.92,28.85],[-96.33,32.73],[-95.53,33.65],[-96.263,32.735],[-96.796,33.012],[-96.135,33.082],[-93.85,30.02],[-96.132,33.085],[-96.22,33.07],[-101.92,35.05],[-100.86,32.4],[-100.86,32.36],[-100.71,32.48],[-103.43,31.85],[-95.35,29.98],[-101.317,34.007],[-95.466,29.9],[-96.248,30.68],[-96.291,30.573],[-95.28,29.65],[-95.28,29.65],[-96.176,30.331],[-95.921,29.241],[-99.954,31.735],[-102.02,33.6],[-100.96,35.55],[-100.93,35.55],[-101.36,35.11],[-101.36,35.11],[-100.92,34.93],[-100.92,34.93],[-101.3,34.47],[-95.581,29.639],[-101.2,32.91],[-100.05,35.65],[-101.19,36.08],[-102.97,35.81],[-102.93,35.72],[-102.47,35.68],[-102.33,35.68],[-102.43,35.13],[-102.33,35.68],[-102.4,34.82],[-102.4,34.97],[-102.12,35.68],[-102.24,35.13],[-102.16,35.75],[-102.0,36.05],[-101.92,35.07],[-101.97,35.85],[-101.19,36.08],[-101.25,34.88],[-100.225,34.441],[-102.64,32.74],[-95.06,33.71],[-94.65,33.51],[-96.111,32.266],[-96.06,32.17],[-96.64,32.1],[-97.32,32.558],[-96.503,32.094],[-103.164,31.741],[-103.168,31.826],[-97.597,31.343],[-96.98,31.07],[-97.19,31.45],[-97.19,31.42],[-96.572,31.37],[-97.12,32.01],[-97.75,32.07],[-95.91,31.01],[-95.46,31.32],[-94.42,30.77],[-96.4,29.11],[-94.5,31.6],[-94.53,31.5],[-94.53,31.43],[-97.591,30.501],[-99.73,32.45],[-99.85,32.42],[-97.32,32.51],[-97.21,32.41],[-99.1,31.82],[-97.68,30.51],[-97.52,27.688],[-95.468,30.532],[-95.154,29.771],[-94.18,31.79],[-94.862,29.271],[-94.12,32.71],[-97.754,32.724],[-100.32,36.19],[-100.27,36.35],[-96.61,33.8],[-96.645,33.695],[-96.564,33.779],[-96.563,33.762],[-96.98,33.69],[-96.674,33.716],[-96.633,33.705],[-96.643,33.655],[-97.195,33.651],[-96.63,33.62],[-96.61,33.62],[-96.58,33.28],[-98.19,33.806],[-99.26,33.59],[-99.26,33.59],[-94.13,32.13],[-94.05,31.97],[-94.34,32.18],[-94.34,32.15],[-94.87,32.39],[-97.82,26.16],[-97.69,26.2],[-106.44,31.92],[-100.6,30.86],[-99.93,31.97],[-101.57,29.82],[-100.9,29.38],[-95.214,30.054],[-102.705,34.651],[-97.53,33.7],[-102.743,34.193],[-97.8,32.54],[-97.79,32.485],[-97.481,32.725],[-97.32,32.53],[-97.3,32.45],[-97.427,32.406],[-97.312,32.535],[-97.11,32.53],[-97.33,32.4],[-97.18,32.27],[-97.15,32.17],[-98.561,31.39],[-100.562,35.834],[-101.737,34.541],[-95.85,30.33],[-98.02,32.75],[-96.33,29.59],[-97.32,29.71],[-101.82,33.67],[-102.55,32.1],[-100.187,34.447],[-102.19,31.94],[-101.913,33.587],[-102.312,31.896],[-102.24,31.67],[-94.42,31.98],[-94.414,30.937],[-94.42,30.93],[-93.99,31.03],[-93.907,30.666],[-93.905,30.274],[-102.15,33.42],[-101.839,33.626],[-100.6,34.266],[-97.213,32.798],[-96.358,32.411],[-96.162,31.725],[-96.15,31.37],[-95.5,32.05],[-95.47,32.09],[-95.32,32.33],[-95.38,32.24],[-95.06,32.23],[-95.26,31.99],[-94.87,32.36],[-94.76,32.52],[-95.12,32.12],[-94.35,32.54],[-94.87,32.34],[-94.07,33.34],[-94.8,32.04],[-95.27,31.98],[-95.07,32.99],[-94.91,33.11],[-94.32,33.38],[-94.04,33.43],[-94.62,33.43],[-96.213,32.321],[-96.3,32.02],[-96.23,32.13],[-96.1,32.15],[-95.97,31.95],[-95.3,32.33],[-94.35,32.36],[-95.22,32.18],[-96.117,33.099],[-102.754,33.725],[-102.492,33.58],[-95.757,32.002],[-95.594,33.109],[-101.24,31.84],[-101.47,32.105],[-99.43,31.83],[-99.17,32.13],[-98.93,32.102],[-98.83,32.27],[-98.55,32.12],[-98.2,32.23],[-98.2,32.23],[-98.214,32.215],[-98.093,32.289],[-97.393,32.383],[-98.196,31.06],[-98.144,31.062],[-96.83,28.92],[-97.388,31.091],[-95.07,31.65],[-94.52,31.81],[-94.11,31.53],[-94.22,31.79],[-101.677,33.483],[-99.297,33.621],[-98.6,33.94],[-98.079,32.18],[-98.326,26.214],[-102.11,34.95],[-102.07,34.99],[-101.87,35.2],[-101.18,33.67],[-100.73,35.21],[-101.059,32.701],[-100.3,34.049],[-94.49,32.76],[-98.0,31.08],[-97.92,31.13],[-97.9,31.13],[-97.87,31.52],[-97.75,31.43],[-97.833,31.071],[-97.53,31.27],[-97.52,31.42],[-97.42,31.43],[-97.35,31.13],[-97.32,31.65],[-97.23,31.62],[-97.182,31.507],[-97.1,31.8],[-97.12,31.72],[-96.963,31.638],[-96.93,31.85],[-96.88,31.75],[-96.872,31.678],[-96.67,31.78],[-96.72,31.88],[-96.057,32.194],[-95.68,32.52],[-95.75,32.87],[-95.49,32.51],[-95.4,32.41],[-95.33,32.35],[-95.5,32.05],[-95.3,32.33],[-95.67,32.98],[-95.22,33.16],[-94.91,32.73],[-94.97,33.0],[-95.14,32.83],[-95.13,33.47],[-97.47,31.2],[-97.324,31.155],[-97.23,31.13],[-97.0,30.65],[-96.7,30.53],[-96.4,30.16],[-98.595,34.096],[-98.81,33.86],[-98.578,33.87],[-98.578,33.858],[-100.03,35.64],[-101.56,31.619],[-98.67,33.95],[-98.49,33.91],[-98.543,34.09],[-98.19,33.82],[-102.9,31.58],[-100.706,32.106],[-97.774,28.188],[-96.874,28.719],[-97.895,27.522],[-99.22,30.73],[-100.9,29.49],[-100.78,29.36],[-102.095,34.359],[-100.867,33.48],[-100.193,33.181],[-99.9,32.76],[-99.87,32.45],[-99.73,32.45],[-94.48,30.821],[-95.129,30.592],[-94.42,30.77],[-99.73,32.45],[-95.132,30.55],[-94.203,30.57],[-100.56,31.57],[-100.55,31.58],[-100.45,31.49],[-100.42,31.45],[-97.733,31.053],[-100.31,31.37],[-100.31,31.37],[-100.25,31.45],[-97.24,31.422],[-96.364,30.209],[-97.35,31.1],[-97.35,31.1],[-96.676,30.981],[-96.6,30.88],[-98.2,27.51],[-97.973,26.295],[-97.78,26.48],[-97.837,26.258],[-97.218,26.07],[-102.02,35.85],[-101.97,35.86],[-100.958,35.966],[-100.87,35.895],[-95.404,33.16],[-95.03,32.95],[-96.55,32.28],[-96.41,32.04],[-96.41,32.04],[-97.288,31.481],[-97.316,31.478],[-97.27,31.467],[-97.201,31.296],[-97.171,31.171],[-103.58,31.12],[-103.369,30.94],[-103.02,36.38],[-102.34,31.68],[-102.34,30.98],[-101.1,35.215],[-100.02,36.14],[-100.99,29.45],[-100.97,36.135],[-100.92,29.37],[-101.84,35.18],[-99.16,29.36],[-97.883,28.07],[-95.571,29.03],[-97.32,32.53],[-96.65,33.63],[-102.313,34.203],[-102.13,34.093],[-94.22,33.33],[-95.0,31.83],[-94.06,33.14],[-94.06,33.09],[-95.47,31.48],[-102.62,34.38],[-101.83,35.2],[-101.4,35.66],[-102.246,33.859],[-102.55,32.32],[-100.96,35.55],[-101.11,35.2],[-101.92,33.306],[-102.3,30.89],[-101.54,33.908],[-101.43,34.12],[-100.82,34.02],[-101.19,36.2],[-101.97,35.85],[-101.97,35.86],[-101.97,35.86],[-101.97,35.86],[-100.82,36.39],[-100.8,36.39],[-103.24,30.14],[-100.33,36.45],[-102.01,36.04],[-100.75,36.41],[-101.173,33.98],[-100.3,34.43],[-102.42,31.85],[-100.86,32.71],[-102.87,30.648],[-100.193,33.181],[-99.74,33.17],[-98.68,32.47],[-95.493,30.708],[-102.53,34.215],[-103.67,30.36],[-102.3,34.158],[-101.62,35.27],[-102.4,34.158],[-102.705,34.651],[-101.7,34.185],[-103.33,31.51],[-102.64,32.74],[-102.19,33.5],[-102.06,33.42],[-101.7,34.2],[-102.06,35.19],[-101.82,35.17],[-101.82,35.2],[-101.85,34.73],[-102.705,34.651],[-101.4,35.7],[-97.581,33.253],[-97.581,33.254],[-102.37,33.522],[-106.421,31.896],[-102.306,33.127],[-102.108,34.37],[-99.79,31.0],[-98.979,32.385],[-98.82,32.4],[-99.73,32.45],[-98.41,30.69],[-94.73,31.26],[-100.64,30.57],[-97.361,32.818],[-94.78,31.19],[-98.63,29.67],[-97.205,30.614],[-99.49,27.53],[-98.61,29.42],[-98.8,29.23],[-98.16,29.14],[-98.58,29.04],[-95.659,31.738],[-98.239,27.764],[-98.05,28.38],[-97.75,27.67],[-96.98,28.85],[-97.934,28.122],[-97.88,28.01],[-97.517,28.031],[-97.33,28.235],[-97.42,27.78],[-97.296,28.167],[-97.39,27.98],[-97.312,27.633],[-97.146,27.901],[-97.049,28.027],[-104.3,29.82],[-98.076,26.212],[-98.19,26.18],[-103.038,33.108],[-103.48,31.42],[-95.59,29.03],[-95.51,29.21],[-95.578,29.014],[-96.103,29.312],[-95.8,29.512],[-95.44,29.706],[-95.837,29.519],[-95.39,29.79],[-102.42,35.24],[-102.42,35.24],[-95.93,29.82],[-94.76,32.52],[-94.64,32.5],[-102.16,35.69],[-102.525,33.471],[-100.3,34.43],[-102.705,34.651],[-102.32,34.55],[-103.03,34.38],[-106.273,31.725],[-95.06,33.71],[-95.35,29.98],[-95.1,30.35],[-94.06,31.96],[-94.73,31.33],[-94.58,31.28],[-98.45,29.53],[-97.066,32.757],[-101.908,35.272],[-106.142,31.534],[-94.14,30.126],[-94.109,30.086],[-94.02,30.12],[-94.212,30.178],[-93.93,29.9],[-97.286,30.1],[-98.2,32.23],[-97.01,29.95],[-97.81,30.49],[-101.35,33.925],[-101.989,33.83],[-98.37,32.25],[-101.692,33.68],[-96.62,33.2],[-101.55,33.35],[-100.2,34.42],[-100.3,33.948],[-95.58,31.62],[-105.198,31.93],[-102.28,33.18],[-99.88,34.34],[-96.358,32.739],[-96.385,32.705],[-96.601,33.674],[-96.616,33.635],[-95.807,29.557],[-95.776,29.547],[-95.732,29.581],[-95.75,29.58],[-95.755,29.56],[-95.247,29.78],[-94.02,29.95],[-94.17,29.88],[-96.48,29.9],[-96.687,29.628],[-96.55,29.72],[-97.69,32.427],[-97.176,31.594],[-94.77,29.93],[-98.9,32.75],[-95.75,29.58],[-98.47,29.46],[-98.97,32.1],[-105.2,31.934],[-99.26,33.65],[-98.596,34.096],[-98.56,34.09],[-98.366,34.083],[-102.71,35.916],[-101.82,35.36],[-102.25,35.544],[-102.33,35.68],[-102.73,34.63],[-95.62,33.15],[-95.84,33.121],[-94.96,32.73],[-94.95,32.54],[-95.87,32.55],[-98.778,33.388],[-94.87,32.39],[-94.76,32.52],[-97.084,33.152],[-96.32,32.58],[-97.077,33.138],[-96.65,32.37],[-96.636,32.344],[-99.05,33.01],[-98.561,31.908],[-94.59,32.38],[-99.73,32.45],[-95.585,31.186],[-104.02,30.67],[-100.86,34.1],[-95.4,32.63],[-101.38,35.43],[-95.45,33.63],[-101.66,34.75],[-101.646,34.632],[-100.279,33.46],[-99.857,33.451],[-97.925,28.126],[-96.468,32.756],[-96.83,32.97],[-96.779,33.751],[-96.67,33.72],[-102.28,33.151],[-100.88,34.7],[-100.43,34.55],[-101.57,31.49],[-97.1,31.62],[-101.149,34.452],[-101.899,33.539],[-101.27,33.86],[-101.825,33.6],[-101.85,33.83],[-99.45,33.18],[-99.86,32.42],[-99.86,32.42],[-93.89,31.45],[-96.546,32.65],[-102.13,34.093],[-101.33,33.965],[-99.88,34.34],[-95.099,30.38],[-95.0,30.35],[-97.35,32.82],[-97.298,32.835],[-94.72,31.99],[-94.68,31.91],[-94.49,32.02],[-96.18,33.58],[-95.45,33.635],[-95.06,33.61],[-95.07,33.6],[-96.07,33.37],[-96.83,33.15],[-96.769,33.061],[-96.648,32.868],[-96.57,32.9],[-96.63,32.92],[-96.6,32.77],[-101.102,33.112],[-102.52,36.08],[-102.52,36.08],[-102.55,36.03],[-97.48,31.651],[-99.18,29.35],[-96.41,33.61],[-94.13,32.7],[-102.16,32.019],[-100.75,33.17],[-100.29,31.37],[-94.924,30.133],[-97.909,28.908],[-98.288,28.174],[-98.021,27.74],[-97.75,27.67],[-98.15,27.23],[-97.51,27.779],[-97.343,27.695],[-97.093,28.919],[-97.117,28.936],[-96.897,28.647],[-96.824,28.686],[-96.83,28.69],[-96.709,28.412],[-96.642,28.608],[-96.627,28.871],[-96.524,28.891],[-98.92,30.25],[-97.57,30.48],[-96.37,30.67],[-96.07,30.77],[-96.4,30.16],[-95.822,30.692],[-95.55,30.71],[-95.37,30.94],[-96.1,29.32],[-94.94,30.71],[-95.477,29.756],[-94.35,32.54],[-95.57,29.05],[-94.17,32.82],[-94.8,30.05],[-94.05,30.1],[-94.02,30.12],[-94.007,30.095],[-102.02,33.6],[-98.55,32.12],[-99.82,31.0],[-99.41,31.32],[-99.09,30.89],[-98.67,31.55],[-97.35,32.97],[-97.282,33.036],[-98.416,31.664],[-98.52,31.67],[-97.07,33.15],[-97.15,33.22],[-96.92,33.19],[-98.15,31.67],[-97.95,31.75],[-97.531,32.09],[-97.65,31.89],[-98.76,30.75],[-97.317,32.974],[-97.592,31.924],[-97.53,32.45],[-97.4,32.15],[-97.29,32.846],[-97.32,32.53],[-97.22,32.65],[-97.3,32.27],[-97.13,32.57],[-97.17,32.44],[-97.02,32.4],[-96.906,32.613],[-96.75,32.57],[-96.75,32.57],[-96.91,32.45],[-96.53,32.63],[-96.45,32.63],[-96.494,32.728],[-96.45,32.63],[-96.28,32.73],[-95.85,33.15],[-95.59,32.92],[-95.26,33.05],[-95.06,33.61],[-94.91,33.55],[-97.013,33.045],[-95.82,33.6],[-96.72,32.95],[-96.63,32.92],[-96.63,32.92],[-96.6,32.77],[-96.58,33.28],[-96.245,32.731],[-94.62,33.5],[-94.62,33.51],[-94.42,33.45],[-94.25,33.35],[-94.31,33.33],[-94.09,33.44],[-94.07,33.44],[-94.05,33.43],[-98.77,33.37],[-98.6,33.1],[-97.32,31.48],[-97.162,33.681],[-97.321,33.245],[-97.2,33.2],[-96.67,33.72],[-97.316,32.989],[-96.77,33.041],[-97.831,33.169],[-97.53,32.9],[-97.3,33.08],[-97.15,33.22],[-97.07,33.15],[-97.03,33.12],[-96.97,33.15],[-96.92,33.64],[-96.594,33.634],[-95.685,33.368],[-95.67,31.83],[-97.15,33.22],[-95.6,33.13],[-95.513,33.181],[-95.48,33.23],[-95.1,33.36],[-94.62,33.51],[-96.615,32.147],[-95.47,33.07],[-95.389,33.064],[-95.847,32.175],[-94.13,33.44],[-94.93,33.03],[-95.0,33.03],[-94.08,33.348],[-96.026,32.17],[-94.97,33.0],[-95.18,33.07],[-94.97,33.07],[-95.95,31.52],[-94.77,32.8],[-95.47,31.32],[-95.36,31.4],[-94.73,31.35],[-94.58,31.28],[-94.43,31.15],[-93.97,31.12],[-94.0,30.92],[-95.4,30.85],[-94.92,30.67],[-93.97,30.43],[-94.175,30.4],[-94.69,30.58],[-94.394,30.475],[-93.77,30.239],[-96.85,32.4],[-96.7,32.27],[-96.63,32.33],[-95.42,32.04],[-96.611,32.033],[-96.839,31.644],[-96.33,31.87],[-95.47,31.39],[-94.8,31.33],[-93.93,31.47],[-97.32,32.58],[-97.14,32.47],[-95.777,32.963],[-95.506,33.036],[-96.117,32.37],[-94.08,33.4],[-96.15,31.37],[-94.63,33.0],[-94.07,33.37],[-102.705,34.651],[-101.92,35.118],[-101.795,35.179],[-101.82,35.2],[-101.8,35.2],[-101.4,35.66],[-98.519,32.868],[-98.38,33.17],[-98.33,32.371],[-98.17,33.22],[-97.838,32.635],[-97.68,32.984],[-98.8,31.27],[-97.587,33.183],[-97.77,33.22],[-97.438,33.458],[-97.608,33.333],[-97.6,33.23],[-97.472,33.1],[-97.67,33.48],[-97.44,33.13],[-97.331,32.756],[-98.4,31.85],[-97.035,33.548],[-97.019,33.559],[-96.92,32.82],[-97.138,33.62],[-96.77,33.47],[-96.657,33.63],[-96.55,33.75],[-96.67,33.72],[-97.783,31.131],[-97.47,31.2],[-97.35,31.1],[-97.722,31.121],[-97.73,31.13],[-97.43,30.794],[-99.25,29.94],[-100.06,28.75],[-98.92,29.31],[-99.16,29.36],[-96.914,30.105],[-97.58,30.38],[-96.37,30.67],[-97.15,29.29],[-96.4,30.16],[-99.178,34.12],[-97.15,33.63],[-97.092,33.026],[-96.0,32.7],[-96.478,32.25],[-94.52,32.54],[-98.151,31.478],[-99.4,32.4],[-98.17,33.22],[-100.85,32.4],[-98.37,33.71],[-97.909,33.373],[-97.68,32.97],[-97.35,32.94],[-97.6,33.23],[-97.3,33.18],[-97.48,33.0],[-97.15,33.63],[-98.55,32.12],[-96.62,33.5],[-96.48,33.52],[-98.56,32.13],[-96.18,33.58],[-98.52,32.12],[-97.95,33.82],[-97.3,33.5],[-97.822,33.004],[-97.576,32.909],[-97.427,32.875],[-97.39,32.869],[-97.25,32.957],[-97.352,32.924],[-97.297,32.835],[-97.264,32.84],[-96.67,33.72],[-97.099,32.881],[-96.949,32.84],[-96.821,32.821],[-97.195,32.754],[-96.76,32.77],[-97.12,32.73],[-96.78,33.32],[-97.244,33.064],[-96.66,32.6],[-97.07,33.15],[-96.72,32.95],[-96.72,33.02],[-96.424,33.066],[-96.77,32.82],[-96.323,32.589],[-96.51,29.04],[-96.65,28.97],[-96.83,28.92],[-96.24,28.71],[-98.5,32.572],[-97.78,32.47],[-98.77,33.37],[-97.32,32.53],[-98.93,33.45],[-97.81,33.41],[-97.7,33.39],[-98.633,33.569],[-98.37,33.69],[-98.44,33.58],[-98.193,33.639],[-98.2,33.634],[-98.23,33.67],[-98.195,33.674],[-96.707,33.719],[-96.67,33.72],[-96.67,33.72],[-96.55,33.76],[-96.583,33.759],[-98.39,32.55],[-97.474,32.66],[-97.45,32.68],[-95.07,32.49],[-102.28,33.151],[-101.68,33.67],[-101.53,33.641],[-100.52,33.82],[-99.982,33.98],[-100.3,34.43],[-102.65,32.72],[-102.57,32.94],[-102.275,33.05],[-102.38,33.18],[-104.03,30.37],[-97.8,33.292],[-97.874,33.394],[-97.68,33.37],[-97.6,33.23],[-99.73,32.45],[-97.233,33.738],[-100.11,32.04],[-97.23,33.65],[-97.15,33.56],[-97.15,33.63],[-97.154,33.624],[-97.13,33.65],[-96.85,33.68],[-97.43,32.767],[-98.74,33.291],[-97.17,33.48],[-97.734,32.904],[-96.943,33.408],[-96.885,33.47],[-96.75,33.45],[-99.78,32.45],[-99.88,32.34],[-97.77,33.22],[-97.6,33.23],[-97.597,33.236],[-96.98,33.3],[-97.68,32.984],[-97.448,33.061],[-97.339,33.24],[-97.431,33.037],[-97.18,33.12],[-97.174,33.2],[-97.2,33.2],[-97.109,33.061],[-97.07,33.15],[-97.03,33.07],[-97.09,33.03],[-96.88,33.03],[-96.9,32.95],[-96.993,33.021],[-96.83,33.15],[-95.21,33.47],[-95.22,33.35],[-94.98,33.17],[-94.31,32.17],[-94.26,32.21],[-94.37,32.03],[-94.65,31.61],[-99.25,31.68],[-100.51,31.54],[-93.97,31.25],[-98.59,31.45],[-98.15,31.67],[-98.12,31.7],[-97.514,33.05],[-97.48,33.05],[-97.48,33.0],[-97.37,32.87],[-97.315,32.975],[-97.408,32.76],[-97.65,31.92],[-97.218,32.86],[-97.42,31.97],[-97.42,31.43],[-97.288,31.982],[-97.15,31.55],[-96.47,32.1],[-96.02,32.9],[-95.7,31.88],[-97.654,26.229],[-103.005,34.359],[-102.949,34.667],[-101.82,35.17],[-101.72,35.22],[-101.82,35.258],[-101.77,35.29],[-101.72,35.24],[-101.72,35.22],[-101.72,35.22],[-95.05,33.85],[-94.84,33.63],[-94.88,33.47],[-95.38,33.67],[-94.98,33.17],[-94.85,33.18],[-94.97,33.0],[-94.97,33.0],[-94.97,33.0],[-95.47,33.07],[-95.38,33.03],[-95.29,32.96],[-95.22,33.17],[-95.443,32.773],[-95.46,32.77],[-95.44,32.75],[-95.07,32.83],[-95.37,32.72],[-95.27,32.53],[-95.11,32.59],[-95.3,32.47],[-95.3,32.33],[-94.92,32.16],[-94.93,32.27],[-94.8,32.11],[-94.92,32.75],[-94.37,32.53],[-95.41,32.51],[-94.36,33.01],[-94.93,32.73],[-94.95,32.76],[-94.95,32.73],[-94.93,32.73],[-94.95,32.74],[-94.1,33.41],[-95.49,32.67],[-94.76,32.52],[-94.76,32.52],[-94.93,32.27],[-106.603,31.885],[-106.42,31.901],[-102.52,36.28],[-94.95,32.54],[-94.35,32.61],[-94.72,33.05],[-94.94,33.13],[-105.106,31.923],[-104.81,31.83],[-104.81,31.83],[-96.257,30.143],[-94.39,33.06],[-96.017,30.063],[-95.58,30.204],[-94.33,33.04],[-94.16,33.12],[-94.95,32.99],[-96.65,28.97],[-96.96,30.21],[-95.539,29.722],[-94.98,33.17],[-95.549,29.716],[-95.551,29.712],[-95.44,32.8],[-95.66,29.69],[-95.3,32.33],[-95.068,29.91],[-95.163,29.982],[-96.071,29.529],[-97.533,31.436],[-94.833,30.287],[-95.309,29.763],[-94.4,30.18],[-94.14,30.09],[-94.383,29.818],[-96.598,28.952],[-96.78,28.88],[-96.26,30.82],[-99.37,34.08],[-100.3,34.43],[-100.3,34.43],[-100.518,34.73],[-100.43,34.55],[-101.805,34.53],[-101.0,35.61],[-101.4,35.7],[-94.766,30.439],[-94.744,30.177],[-95.07,32.41],[-103.5,31.09],[-101.28,36.36],[-94.25,33.47],[-94.5,33.18],[-104.02,30.37],[-106.38,31.8],[-101.19,35.2],[-94.18,32.28],[-95.26,31.97],[-95.681,31.914],[-95.88,31.83],[-95.92,33.58],[-96.334,33.199],[-95.16,30.2],[-100.423,33.918],[-95.7,31.88],[-95.55,33.24],[-94.419,32.571],[-95.23,33.18],[-94.59,30.03],[-95.36,31.54],[-95.53,31.92],[-95.63,31.895],[-95.82,31.788],[-96.35,31.95],[-102.13,34.18],[-101.92,34.529],[-102.04,34.83],[-102.04,34.83],[-101.986,33.578],[-101.98,36.34],[-101.6,31.65],[-95.24,30.81],[-95.305,30.717],[-97.41,30.36],[-106.32,31.768],[-94.18,32.68],[-95.27,32.23],[-94.54,32.67],[-94.07,33.03],[-94.34,32.15],[-94.85,32.65],[-94.08,32.95],[-94.16,32.6],[-94.84,32.64],[-95.23,32.39],[-95.06,32.23],[-94.46,32.15],[-95.35,32.28],[-94.41,32.09],[-94.54,33.17],[-94.3,32.52],[-94.18,32.37],[-94.76,32.52],[-94.71,32.4],[-94.34,32.15],[-94.8,32.13],[-95.3,32.3],[-95.15,31.8],[-94.42,31.16],[-101.33,35.64],[-94.94,30.71],[-96.369,30.685],[-96.47,30.49],[-95.904,29.8],[-96.26,29.95],[-96.252,29.775],[-100.93,34.92],[-96.91,29.68],[-101.92,35.04],[-101.92,35.0],[-101.92,35.05],[-96.978,28.8],[-96.849,28.914],[-97.012,28.797],[-97.66,28.37],[-97.437,28.0],[-100.41,32.45],[-97.516,27.78],[-100.86,32.4],[-102.08,36.35],[-102.07,36.34],[-102.55,36.03],[-100.01,36.09],[-102.62,35.18],[-102.43,35.25],[-101.96,35.68],[-102.41,35.25],[-101.82,35.29],[-101.4,35.66],[-101.17,35.43],[-101.0,35.61],[-100.8,35.44],[-100.93,35.54],[-102.83,33.223],[-102.49,34.9],[-106.603,31.913],[-106.427,31.864],[-98.048,27.656],[-98.56,34.09],[-98.49,33.99],[-97.867,33.553],[-97.866,33.586],[-97.724,33.634],[-97.72,33.67],[-99.086,26.408],[-96.63,33.37],[-96.62,33.02],[-95.77,33.25],[-95.85,33.08],[-95.04,33.29],[-95.22,33.17],[-95.649,33.089],[-96.0,32.7],[-96.983,32.644],[-96.53,32.63],[-94.23,33.36],[-94.72,33.03],[-96.98,32.48],[-96.908,32.568],[-95.44,32.86],[-94.19,33.34],[-94.38,32.89],[-96.85,32.4],[-97.423,32.182],[-96.14,32.33],[-94.25,32.79],[-97.02,32.32],[-97.256,32.129],[-94.95,32.73],[-97.122,32.108],[-95.3,32.33],[-96.88,31.3],[-97.675,27.863],[-97.748,27.827],[-97.74,27.83],[-97.47,31.07],[-97.35,31.1],[-97.41,31.15],[-98.45,30.66],[-98.34,30.64],[-98.73,29.98],[-98.73,29.97],[-97.661,27.953],[-97.596,27.943],[-99.57,28.64],[-95.97,29.6],[-97.314,32.977],[-97.35,32.82],[-97.4,32.78],[-97.486,32.662],[-96.707,32.649],[-96.874,32.604],[-96.8,32.52],[-97.431,32.347],[-97.27,32.31],[-101.84,34.06],[-101.75,34.42],[-99.82,33.32],[-99.8,33.03],[-98.39,34.06],[-98.23,34.01],[-99.87,32.35],[-98.759,33.358],[-100.6,30.9],[-96.905,33.716],[-96.92,33.65],[-99.33,31.12],[-95.06,33.61],[-97.985,26.328],[-102.55,32.32],[-100.588,35.221],[-94.87,32.7],[-94.35,32.76],[-94.35,32.54],[-95.416,30.357],[-95.42,30.35],[-97.087,27.81],[-97.286,27.689],[-97.282,27.687],[-97.28,27.67],[-94.971,29.369],[-102.74,34.2],[-102.61,34.39],[-102.72,34.64],[-102.31,34.55],[-102.51,35.09],[-102.53,34.01],[-102.21,35.21],[-102.36,33.52],[-102.41,34.84],[-102.43,34.83],[-102.11,34.39],[-102.43,35.46],[-101.96,34.76],[-101.89,34.99],[-101.94,34.98],[-101.91,35.14],[-101.94,35.14],[-101.86,35.23],[-101.848,35.058],[-101.88,35.06],[-101.89,35.14],[-101.69,34.99],[-101.843,33.537],[-101.879,33.609],[-101.881,33.581],[-101.926,33.447],[-101.92,34.98],[-101.96,33.69],[-101.3,34.47],[-101.36,35.11],[-101.37,33.67],[-100.38,34.327],[-99.72,33.98],[-96.85,32.85],[-96.95,32.706],[-96.687,32.93],[-96.42,33.08],[-96.32,32.58],[-96.504,32.203],[-95.88,32.7],[-95.62,33.15],[-95.06,33.61],[-95.22,33.17],[-94.62,33.51],[-94.98,33.14],[-94.97,33.07],[-95.11,32.59],[-94.98,33.0],[-94.42,33.46],[-94.95,32.54],[-94.72,33.03],[-94.34,33.33],[-94.21,33.47],[-94.71,32.94],[-94.25,33.36],[-94.36,33.01],[-95.26,31.97],[-94.35,32.76],[-94.47,32.86],[-94.8,32.16],[-94.35,32.54],[-94.14,32.83],[-94.68,31.91],[-94.34,32.15],[-94.65,31.61],[-94.73,31.33],[-94.11,31.53],[-94.36,33.04],[-99.16,31.47],[-98.98,31.52],[-95.422,31.039],[-95.43,31.13],[-95.908,30.952],[-94.73,31.33],[-94.73,31.33],[-94.35,31.5],[-95.17,30.244],[-94.18,31.79],[-95.005,30.268],[-94.11,31.53],[-95.296,29.921],[-93.85,31.24],[-93.79,31.21],[-96.8,28.23],[-96.8,28.12],[-97.787,26.482],[-97.812,26.48],[-94.5,31.748],[-94.35,31.78],[-93.85,31.34],[-97.628,30.406],[-96.701,30.523],[-96.4,30.16],[-96.373,30.217],[-96.335,30.628],[-95.985,30.788],[-95.991,30.944],[-95.86,30.95],[-95.46,31.32],[-95.7,30.39],[-95.631,31.901],[-95.547,30.713],[-95.495,31.595],[-94.95,31.49],[-94.82,31.81],[-94.73,31.33],[-94.63,31.59],[-94.65,31.61],[-94.73,31.33],[-95.931,29.476],[-95.303,29.558],[-93.85,31.27],[-96.496,30.667],[-95.37,30.94],[-95.45,29.802],[-95.449,29.316],[-95.049,29.395],[-96.268,30.131],[-96.26,29.95],[-96.064,29.637],[-95.48,30.42],[-95.49,30.16],[-95.22,30.195],[-95.171,30.233],[-95.12,32.14],[-95.11,32.14],[-100.6,35.74],[-96.371,30.638],[-93.91,31.29],[-101.47,33.15],[-101.55,33.36],[-101.63,33.53],[-101.19,34.43],[-101.45,34.55],[-100.97,35.501],[-100.937,35.519],[-100.93,34.38],[-100.933,34.919],[-100.538,34.725],[-100.55,35.23],[-100.22,34.85],[-96.92,28.85],[-96.939,28.841],[-99.64,30.57],[-95.49,32.67],[-98.181,28.579],[-96.78,29.7],[-95.514,29.756],[-95.355,29.538],[-95.41,29.77],[-95.455,29.72],[-95.24,29.77],[-99.465,27.542],[-99.49,27.53],[-98.499,27.924],[-98.355,27.836],[-97.738,27.086],[-97.77,27.83],[-97.73,27.8],[-98.249,26.28],[-98.23,26.17],[-95.597,33.451],[-95.387,33.633],[-103.119,30.791],[-101.4,35.66],[-100.56,35.23],[-100.85,34.97],[-101.5,31.87],[-99.13,26.58],[-97.231,27.94],[-97.24,27.97],[-101.82,35.17],[-101.795,35.179],[-95.29,31.29],[-95.575,29.884],[-95.464,29.727],[-94.8,30.05],[-96.413,28.443],[-98.454,26.716],[-94.99,29.37],[-98.324,26.227],[-102.74,34.2],[-102.4,34.02],[-101.87,35.2],[-101.92,35.05],[-101.92,34.98],[-101.94,35.02],[-101.91,35.13],[-101.92,35.04],[-101.92,35.04],[-101.82,34.74],[-101.6,35.64],[-101.31,35.21],[-101.11,35.23],[-102.13,33.43],[-101.2,36.2],[-102.3,33.45],[-100.02,36.12],[-102.36,33.51],[-100.963,35.543],[-100.57,35.24],[-100.22,34.85],[-100.22,34.85],[-96.016,29.406],[-93.97,31.25],[-94.18,31.79],[-94.52,32.76],[-95.13,31.8],[-94.32,32.15],[-94.17,32.15],[-94.35,32.295],[-95.3,32.33],[-94.73,32.48],[-94.76,32.52],[-94.71,32.4],[-94.35,32.54],[-95.41,32.51],[-94.84,32.59],[-94.52,32.76],[-94.71,32.94],[-94.16,33.12],[-94.52,33.33],[-95.22,33.17],[-94.13,33.44],[-94.13,33.44],[-95.06,33.61],[-99.29,34.063],[-98.116,33.759],[-97.077,32.762],[-97.0,32.944],[-96.991,32.949],[-95.3,32.97],[-95.22,33.32],[-94.95,32.73],[-94.19,33.49],[-94.07,33.44],[-95.37,32.16],[-94.58,32.65],[-94.87,32.39],[-94.93,32.27],[-94.8,32.2],[-101.17,35.46],[-102.418,31.4],[-100.13,32.62],[-101.0,31.84],[-99.88,32.34],[-101.23,30.71],[-101.217,30.7],[-101.41,30.06],[-95.953,31.95],[-103.9,31.82],[-99.933,34.34],[-101.2,29.76],[-100.37,31.38],[-100.31,31.45],[-100.33,31.41],[-97.537,27.587],[-97.367,27.668],[-97.29,27.69],[-98.24,28.119],[-98.308,28.102],[-99.27,27.86],[-99.042,27.677],[-97.66,27.8],[-97.62,27.9],[-97.508,27.776],[-97.381,27.695],[-99.268,26.898],[-96.78,28.712],[-95.97,28.69],[-94.937,29.208],[-95.453,29.164],[-97.25,32.93],[-97.284,32.905],[-103.504,31.399],[-103.504,31.399],[-102.894,30.901],[-102.894,30.901],[-102.204,30.05],[-103.495,29.289],[-101.83,35.2],[-100.28,35.92],[-100.03,36.11],[-101.43,32.77],[-98.81,33.86],[-99.63,33.73],[-99.18,33.19],[-98.66,33.59],[-99.86,32.42],[-99.86,32.42],[-99.78,32.43],[-99.75,32.39],[-99.63,32.52],[-99.62,32.5],[-99.84,32.6],[-99.73,32.45],[-99.68,32.43],[-99.5,32.4],[-98.19,33.82],[-98.77,33.37],[-98.49,33.99],[-99.73,32.35],[-99.05,33.01],[-99.18,33.18],[-97.85,33.57],[-97.724,33.64],[-98.9,32.75],[-97.695,33.359],[-98.99,31.71],[-97.8,32.45],[-96.57,33.63],[-98.56,34.08],[-97.68,32.98],[-97.165,33.437],[-96.82,33.107],[-95.29,32.96],[-94.97,33.0],[-97.8,32.77],[-99.85,33.75],[-99.85,33.75],[-99.94,31.51],[-100.43,33.91],[-99.76,31.41],[-99.43,33.5],[-99.58,31.15],[-98.77,33.37],[-99.02,33.5],[-98.77,33.37],[-98.752,33.394],[-98.55,33.1],[-98.38,33.27],[-98.17,33.22],[-98.076,32.779],[-96.936,32.326],[-96.937,32.375],[-96.881,32.192],[-96.95,32.13],[-100.78,29.36],[-99.3,32.73],[-98.893,32.56],[-98.329,33.928],[-98.05,32.52],[-99.17,32.13],[-97.859,32.425],[-97.71,32.471],[-97.661,32.736],[-97.361,32.578],[-97.4,32.35],[-97.25,33.83],[-97.22,32.4],[-97.23,33.65],[-97.15,33.63],[-97.004,32.459],[-97.012,33.568],[-97.17,33.48],[-96.92,33.62],[-96.78,33.32],[-96.931,33.221],[-96.894,33.226],[-96.85,33.23],[-96.82,33.23],[-98.99,31.71],[-98.96,31.66],[-98.75,33.2],[-98.02,32.95],[-98.068,32.937],[-98.07,32.97],[-99.84,31.22],[-99.39,31.12],[-99.11,30.93],[-99.77,30.5],[-98.62,30.75],[-98.42,30.7],[-101.8,30.326],[-97.74,30.4],[-94.98,33.17],[-103.028,32.72],[-94.98,33.17],[-94.72,33.03],[-99.17,29.37],[-94.55,32.9],[-94.71,32.94],[-94.35,32.54],[-94.58,32.5],[-94.58,32.5],[-94.76,32.52],[-94.8,32.17],[-94.8,32.16],[-94.89,32.08],[-94.34,32.15],[-99.44,27.042],[-99.26,26.89],[-97.83,27.93],[-97.776,27.89],[-99.268,26.898],[-97.78,26.48],[-98.115,26.386],[-99.73,32.45],[-98.99,31.71],[-98.77,33.283],[-98.724,33.194],[-97.626,33.176],[-97.6,33.23],[-97.065,33.585],[-97.578,32.937],[-96.92,33.65],[-96.23,33.68],[-95.68,33.37],[-95.409,33.331],[-95.47,33.04],[-95.36,32.89],[-95.4,32.76],[-94.98,33.17],[-94.98,33.21],[-95.3,32.68],[-94.72,33.03],[-94.42,33.46],[-94.72,32.8],[-94.34,33.33],[-94.55,32.9],[-94.07,33.44],[-94.35,32.76],[-94.07,33.44],[-94.16,32.68],[-94.35,32.54],[-101.74,34.55],[-101.74,34.55],[-98.97,32.1],[-98.6,31.92],[-95.224,30.456],[-97.78,31.15],[-95.456,30.311],[-95.544,30.182],[-95.443,30.127],[-95.559,30.352],[-95.49,30.16],[-95.49,30.16],[-95.476,30.082],[-95.425,29.997],[-97.141,31.064],[-95.15,31.8],[-95.433,30.053],[-95.38,30.02],[-96.57,30.524],[-95.2,31.91],[-102.813,32.313],[-102.776,32.38],[-102.588,31.991],[-102.46,31.949],[-102.409,31.93],[-102.409,31.93],[-102.66,35.28],[-102.7,34.66],[-102.29,34.57],[-101.0,35.61],[-101.86,34.63],[-101.74,34.55],[-102.14,34.09],[-101.72,34.19],[-100.86,33.94],[-96.62,28.82],[-94.88,31.47],[-93.71,31.46],[-93.85,31.49],[-94.04,31.47],[-101.84,34.08],[-101.75,34.21],[-101.72,34.18],[-101.77,33.87],[-101.72,35.22],[-101.32,34.01],[-100.93,34.92],[-102.37,31.85],[-100.93,34.38],[-101.57,33.67],[-102.03,33.59],[-100.86,33.94],[-100.55,35.14],[-100.509,34.269],[-100.93,34.92],[-101.37,33.2],[-100.3,34.43],[-100.187,34.447],[-94.35,32.54],[-94.48,33.34],[-94.23,33.17],[-106.485,31.785],[-106.421,31.894],[-102.11,34.43],[-95.15,31.8],[-101.99,33.49],[-101.62,33.46],[-101.32,34.01],[-101.17,33.54],[-102.11,34.43],[-99.86,32.42],[-99.81,32.22],[-102.55,36.02],[-102.52,36.06],[-102.55,36.02],[-102.05,35.09],[-102.01,35.19],[-101.9,35.11],[-101.82,35.17],[-102.05,35.19],[-101.36,35.11],[-102.01,35.86],[-102.2,35.2],[-95.671,29.82],[-96.541,29.707],[-97.07,28.83],[-97.75,28.35],[-102.67,35.94],[-102.59,35.28],[-100.13,35.2],[-101.72,35.22],[-101.72,35.22],[-102.55,36.03],[-101.97,35.86],[-102.14,34.09],[-101.21,34.81],[-100.54,36.46],[-100.35,36.42],[-100.27,34.44],[-101.84,34.06],[-102.1,33.45],[-102.05,33.43],[-102.68,35.27],[-102.68,35.27],[-102.66,35.25],[-100.53,33.6],[-101.06,33.07],[-100.848,32.72],[-97.503,32.944],[-94.35,31.5],[-94.27,31.31],[-97.414,32.663],[-97.345,32.739],[-96.72,33.23],[-97.233,32.657],[-96.75,32.791],[-95.26,32.11],[-95.26,32.08],[-95.32,32.14],[-95.3,32.33],[-95.3,32.33],[-96.47,32.114],[-95.49,29.851],[-95.501,29.845],[-97.001,28.879],[-96.08,29.4],[-99.22,28.45],[-101.07,34.41],[-95.492,30.158],[-96.5,33.18],[-96.62,33.2],[-96.83,33.15],[-97.09,33.03],[-97.054,32.927],[-97.03,32.9],[-97.68,32.96],[-97.03,32.9],[-96.9,32.65],[-96.84,33.175],[-96.83,33.15],[-95.801,32.516],[-95.936,32.564],[-94.68,31.91],[-94.24,31.94],[-95.3,32.33],[-95.3,32.33],[-94.23,31.79],[-94.75,31.81],[-95.503,32.049],[-94.11,31.53],[-95.26,31.97],[-95.26,31.97],[-95.5,32.05],[-95.15,31.8],[-94.73,31.42],[-94.73,31.33],[-95.07,31.65],[-95.143,31.405],[-94.73,31.33],[-94.97,31.22],[-94.96,31.219],[-95.969,32.053],[-95.094,31.134],[-94.78,31.19],[-95.15,31.07],[-94.87,30.82],[-95.199,30.778],[-95.212,30.747],[-95.056,30.738],[-95.11,30.81],[-95.041,30.561],[-95.04,30.49],[-95.284,30.548],[-94.978,30.454],[-95.418,30.589],[-99.4,32.4],[-100.48,33.57],[-102.25,35.544],[-100.61,31.36],[-102.28,33.151],[-101.17,33.54],[-97.805,33.791],[-97.39,33.18],[-102.028,34.766],[-102.313,34.748],[-101.47,32.25],[-101.47,32.25],[-95.157,31.379],[-96.153,32.333],[-94.13,33.43],[-100.522,31.363],[-97.67,30.48],[-101.47,31.2],[-95.82,32.87],[-96.0,32.71],[-95.59,30.53],[-95.68,30.42],[-98.02,29.76],[-98.51,29.46],[-98.51,29.46],[-95.7,30.25],[-96.249,29.936],[-97.87,33.17],[-97.139,33.664],[-97.77,33.22],[-97.17,33.54],[-97.32,33.37],[-97.5,33.26],[-97.35,33.27],[-97.25,33.28],[-97.456,32.893],[-97.37,32.87],[-97.36,32.84],[-97.37,32.87],[-97.44,32.75],[-97.349,32.789],[-97.293,32.836],[-97.27,32.53],[-97.16,32.46],[-97.22,32.4],[-98.6,31.915],[-99.93,31.97],[-95.68,33.37],[-100.31,31.37],[-100.18,31.6],[-95.6,33.13],[-100.31,31.37],[-100.97,35.472],[-100.82,35.43],[-100.547,35.23],[-100.28,35.05],[-96.67,33.72],[-96.55,33.75],[-96.546,33.756],[-98.759,33.354],[-98.17,33.22],[-94.35,32.54],[-98.15,31.67],[-96.72,32.58],[-97.44,33.47],[-101.85,35.08],[-101.927,34.993],[-95.754,30.212],[-99.17,32.55],[-102.7,34.66],[-102.74,33.73],[-102.33,35.74],[-102.43,35.25],[-102.01,35.19],[-101.82,35.2],[-101.84,35.18],[-101.82,35.171],[-101.72,35.22],[-101.71,35.23],[-101.78,35.06],[-101.78,35.06],[-101.82,35.13],[-101.82,35.2],[-101.82,35.2],[-101.36,35.12],[-106.38,31.8],[-106.432,31.903],[-101.939,33.541],[-101.23,33.89],[-100.686,34.876],[-100.916,34.935],[-94.78,31.19],[-95.126,31.054],[-94.64,31.33],[-94.95,32.54],[-96.82,33.23],[-96.733,33.262],[-95.51,33.694],[-96.853,33.516],[-98.181,32.22],[-98.18,32.206],[-101.87,35.241],[-96.416,32.835],[-94.68,31.59],[-101.67,34.95],[-100.73,35.22],[-95.3,32.33],[-95.799,31.988],[-95.24,32.23],[-95.26,32.04],[-95.49,31.75],[-95.34,31.89],[-94.35,32.54],[-94.35,32.51],[-94.84,31.78],[-97.602,32.577],[-95.736,33.869],[-100.6,30.76],[-97.715,31.434],[-97.75,31.43],[-100.21,30.02],[-95.28,33.12],[-95.29,32.96],[-95.06,32.92],[-95.29,32.96],[-94.76,32.52],[-94.76,32.52],[-94.73,32.48],[-94.76,32.52],[-94.93,32.53],[-94.95,32.54],[-94.86,32.53],[-94.87,32.39],[-94.87,32.29],[-94.97,32.28],[-94.93,32.27],[-94.4,31.91],[-100.46,32.85],[-100.423,33.918],[-102.2,33.73],[-101.19,34.43],[-101.76,33.86],[-102.127,32.433],[-101.934,33.571],[-101.55,33.36],[-101.68,33.72],[-101.64,33.44],[-101.844,32.469],[-101.8,32.443],[-100.48,33.57],[-100.983,36.339],[-100.97,36.28],[-102.2,33.73],[-100.912,34.389],[-101.78,35.17],[-101.77,35.159],[-101.82,35.171],[-101.82,35.17],[-101.77,35.16],[-101.87,35.16],[-101.8,35.2],[-101.66,35.32],[-100.91,35.04],[-101.6,35.64],[-101.48,36.06],[-101.48,36.07],[-101.9,35.54],[-101.41,36.25],[-95.779,31.457],[-97.59,31.789],[-95.3,32.33],[-94.92,32.61],[-96.143,31.372],[-96.081,31.341],[-96.197,31.071],[-96.1,30.86],[-96.334,30.596],[-100.29,31.37],[-97.289,32.955],[-97.021,31.36],[-97.47,31.07],[-97.466,31.057],[-95.464,30.176],[-95.417,30.078],[-93.925,29.957],[-98.115,26.377],[-94.73,31.33],[-94.4,31.91],[-94.35,31.5],[-94.08,31.71],[-93.85,31.34],[-96.13,32.9],[-96.13,32.05],[-95.43,32.96],[-95.85,32.13],[-95.56,32.73],[-95.49,32.67],[-95.29,32.96],[-95.08,32.96],[-95.3,32.33],[-95.63,31.75],[-95.62,31.74],[-94.42,33.46],[-94.63,33.0],[-94.93,32.25],[-94.65,32.36],[-94.35,32.76],[-94.35,32.54],[-94.65,31.61],[-94.73,31.33],[-94.27,31.31],[-94.0,31.44],[-93.97,31.25],[-99.84,31.22],[-97.8,32.77],[-97.484,32.899],[-97.36,32.848],[-97.407,32.832],[-97.23,31.62],[-97.256,32.76],[-97.031,31.706],[-97.389,31.11],[-97.382,31.08],[-96.77,32.95],[-96.966,32.656],[-96.77,32.865],[-95.22,33.17],[-95.29,32.96],[-94.42,33.46],[-94.9,30.71],[-99.27,27.87],[-99.09,27.86],[-98.62,27.9],[-95.46,31.32],[-95.02,31.52],[-94.95,30.61],[-94.937,30.623],[-94.42,30.84],[-94.13,30.92],[-97.689,28.254],[-102.66,35.28],[-102.01,35.19],[-102.01,35.19],[-101.97,35.86],[-101.89,35.14],[-101.87,35.1],[-102.11,34.39],[-101.75,35.27],[-102.4,34.02],[-101.72,35.22],[-101.31,34.2],[-101.19,34.43],[-101.958,33.514],[-98.445,31.088],[-96.64,30.38],[-98.23,30.76],[-97.86,30.53],[-94.54,33.56],[-95.53,33.65],[-95.24,33.76],[-95.1,33.36],[-94.52,33.26],[-95.08,33.01],[-94.45,33.39],[-94.72,33.03],[-94.93,33.12],[-94.91,33.19],[-94.34,33.33],[-94.16,33.12],[-94.16,33.12],[-94.71,32.94],[-95.85,32.2],[-94.71,32.39],[-94.87,32.31],[-94.34,32.15],[-94.8,32.3],[-95.15,31.8],[-94.05,31.97],[-94.18,31.79],[-94.42,31.16],[-93.85,31.43],[-101.17,35.57],[-99.19,31.26],[-98.12,31.7],[-94.09,33.39],[-94.6,32.86],[-99.9,32.76],[-99.98,32.26],[-100.45,31.45],[-100.28,31.39],[-99.56,32.14],[-95.43,29.706],[-97.55,26.03],[-97.512,26.132],[-97.668,26.046],[-95.77,28.758],[-101.89,33.57],[-101.342,33.97],[-100.41,32.47],[-101.312,34.443],[-101.3,34.47],[-101.07,34.41],[-100.6,34.27],[-99.93,34.33],[-100.43,33.91],[-99.86,33.8],[-99.79,33.66],[-99.82,33.42],[-99.66,33.35],[-99.73,33.16],[-99.05,33.01],[-102.002,29.948],[-95.376,29.827],[-95.98,29.14],[-95.96,28.98],[-99.93,31.65],[-99.98,31.65],[-99.8,29.55],[-99.28,29.33],[-99.78,29.3],[-99.09,28.92],[-98.81,29.31],[-97.755,31.071],[-98.64,29.29],[-98.54,28.66],[-98.46,28.63],[-100.924,32.7],[-98.02,32.75],[-100.3,31.89],[-97.096,33.55],[-97.07,32.9],[-98.85,31.3],[-98.14,31.68],[-98.75,31.26],[-97.22,32.65],[-98.8,31.2],[-98.72,31.2],[-98.94,31.27],[-99.28,34.21],[-102.295,34.571],[-101.905,34.978],[-101.917,34.982],[-97.59,33.24],[-97.2,33.22],[-96.97,33.4],[-97.35,32.97],[-97.08,32.93],[-96.75,33.45],[-94.35,33.4],[-96.62,33.2],[-96.56,33.18],[-96.62,33.2],[-96.63,33.17],[-96.63,32.92],[-96.5,33.18],[-96.43,33.43],[-96.37,33.17],[-95.53,33.65],[-95.53,33.65],[-95.47,33.67],[-96.208,33.055],[-95.03,33.05],[-97.47,31.16],[-95.36,32.8],[-94.97,33.0],[-94.62,33.51],[-95.49,32.67],[-94.62,33.51],[-94.42,33.46],[-94.76,32.52],[-94.76,32.52],[-95.85,32.2],[-94.45,32.59],[-94.76,32.52],[-95.3,32.33],[-94.58,32.5],[-95.26,31.97],[-95.12,32.14],[-94.34,32.15],[-95.26,31.97],[-94.14,32.14],[-94.8,32.16],[-95.3,32.33],[-94.68,31.56],[-95.07,31.65],[-95.45,31.13],[-94.64,30.11],[-94.672,30.041],[-94.743,30.054],[-94.68,29.76],[-94.38,29.82],[-94.733,29.837],[-101.23,33.89],[-103.168,29.003],[-101.223,32.944],[-100.47,32.85],[-100.47,32.85],[-102.65,32.677],[-100.47,32.75],[-100.936,32.751],[-100.848,32.72],[-100.47,32.84],[-100.924,32.7],[-99.757,33.183],[-99.79,32.94],[-99.77,32.94],[-100.75,32.63],[-99.62,32.8],[-99.9,32.76],[-99.78,32.58],[-99.86,32.42],[-101.806,33.139],[-99.3,32.73],[-100.41,32.47],[-100.62,32.3],[-99.73,32.45],[-99.63,32.52],[-99.45,32.73],[-99.68,32.43],[-99.71,32.47],[-99.4,32.4],[-99.4,32.4],[-99.73,32.45],[-99.73,32.392],[-99.73,32.39],[-99.774,32.45],[-101.409,32.301],[-101.384,32.25],[-99.68,32.43],[-99.5,32.4],[-99.68,32.34],[-99.68,32.43],[-99.5,32.4],[-99.5,32.4],[-99.78,32.49],[-99.55,31.87],[-100.59,31.61],[-102.018,35.19],[-100.11,34.69],[-102.7,34.66],[-101.85,35.13],[-102.01,35.19],[-101.9,35.07],[-101.71,35.23],[-101.89,35.15],[-101.86,35.17],[-101.94,34.98],[-101.6,35.18],[-101.86,35.23],[-100.77,36.39],[-101.85,35.13],[-101.78,35.2],[-101.8,35.2],[-101.71,35.23],[-101.85,35.2],[-101.71,35.23],[-101.87,35.26],[-101.91,35.2],[-101.71,35.23],[-101.923,35.172],[-100.92,29.37],[-101.405,35.657],[-100.972,35.184],[-100.588,35.622],[-100.36,35.617],[-100.397,35.066],[-100.317,35.904],[-97.062,32.784],[-97.08,32.83],[-97.13,32.57],[-97.628,33.509],[-99.3,32.73],[-99.3,32.77],[-99.3,32.73],[-102.448,33.45],[-102.247,33.247],[-97.386,31.084],[-96.95,30.89],[-95.91,30.95],[-99.96,31.74],[-95.376,30.945],[-95.15,30.658],[-102.705,34.651],[-99.272,30.623],[-101.66,35.2],[-97.68,29.84],[-100.18,31.6],[-95.57,32.74],[-102.44,36.06],[-102.44,36.06],[-100.99,34.39],[-100.85,33.943],[-102.08,34.98],[-101.92,34.85],[-101.93,34.99],[-101.92,35.009],[-101.92,34.98],[-101.25,34.88],[-101.86,34.74],[-100.3,34.43],[-98.57,33.88],[-98.48,33.98],[-97.77,33.6],[-102.87,30.46],[-99.746,32.489],[-99.73,32.49],[-99.68,32.43],[-99.68,32.43],[-99.68,32.43],[-99.63,32.52],[-102.01,33.51],[-99.68,32.34],[-103.2,31.78],[-102.89,34.52],[-99.4,31.84],[-99.34,31.83],[-102.99,34.89],[-101.83,32.98],[-102.81,34.83],[-101.5,33.08],[-101.47,32.25],[-100.5,31.54],[-95.3,32.33],[-95.3,32.33],[-101.89,36.34],[-100.42,36.45],[-101.06,34.37],[-100.99,34.23],[-98.9,32.663],[-98.147,32.272],[-102.6,34.38],[-102.295,34.571],[-102.705,34.651],[-104.8,31.808],[-102.33,34.86],[-101.7,34.185],[-102.43,34.83],[-103.67,30.37],[-104.02,30.32],[-102.705,34.651],[-102.454,31.778],[-101.87,32.3],[-101.849,32.402],[-100.33,36.45],[-101.4,35.639],[-101.87,35.26],[-101.85,35.13],[-101.73,35.13],[-101.75,35.08],[-101.84,33.83],[-102.7,34.66],[-102.65,32.72],[-101.83,32.98],[-97.28,28.31],[-99.96,30.23],[-97.971,26.178],[-105.744,31.191],[-106.27,31.58],[-104.8,31.808],[-104.8,31.88],[-102.94,33.01],[-102.562,32.92],[-100.63,36.47],[-100.55,36.46],[-100.54,36.46],[-100.52,36.46],[-100.54,36.4],[-100.54,36.35],[-101.18,34.81],[-100.22,32.77],[-101.58,31.632],[-101.301,31.548],[-100.56,31.53],[-102.81,34.93],[-100.48,31.48],[-102.705,34.651],[-101.02,32.35],[-103.03,34.38],[-100.26,32.24],[-102.754,33.725],[-100.13,32.37],[-100.05,32.32],[-102.743,34.193],[-102.83,33.223],[-102.21,33.74],[-100.47,32.85],[-102.962,33.009],[-102.101,33.461],[-99.9,32.76],[-101.88,33.64],[-102.65,32.72],[-99.81,32.67],[-102.21,33.74],[-102.637,32.747],[-101.409,32.301],[-99.8,32.94],[-101.76,33.22],[-102.516,32.32],[-102.03,33.59],[-99.14,32.54],[-99.3,32.73],[-102.42,32.0],[-101.06,33.07],[-101.223,32.944],[-102.2,31.93],[-102.2,31.93],[-100.961,32.771],[-100.848,32.72],[-100.45,32.85],[-100.41,32.47],[-99.68,32.43],[-96.28,32.73],[-94.36,33.01],[-95.505,31.487],[-93.96,30.44],[-95.46,31.32],[-95.05,31.1],[-94.82,31.03],[-94.951,31.002],[-94.78,31.19],[-94.78,31.16],[-94.78,31.16],[-94.921,30.712],[-94.58,31.28],[-95.496,30.456],[-95.11,30.337],[-94.898,30.05],[-95.162,30.151],[-94.0,30.23],[-106.38,31.8],[-106.409,31.754],[-106.143,31.834],[-102.01,35.86],[-102.01,35.86],[-98.05,27.9],[-101.19,36.27],[-100.34,35.98],[-100.4,35.89],[-100.11,35.58],[-100.44,35.56],[-100.44,35.53],[-100.19,34.86],[-99.93,34.33],[-99.48,33.32],[-99.48,33.32],[-99.62,32.8],[-99.81,32.61],[-95.468,29.833],[-94.63,33.0],[-94.33,33.15],[-94.36,33.01],[-94.35,32.76],[-94.1,32.51],[-94.06,32.48],[-94.06,32.45],[-98.132,29.711],[-96.972,32.642],[-100.4,35.89],[-106.583,31.834],[-106.584,31.885],[-103.3,29.3],[-96.63,32.0],[-96.63,32.1],[-96.47,32.1],[-97.69,30.22],[-99.438,27.045],[-97.8,28.37],[-104.8,31.88],[-102.5,34.79],[-96.508,30.519],[-102.7,34.66],[-96.277,30.325],[-95.3,32.33],[-99.79,30.33],[-99.01,31.9],[-100.6,34.29],[-99.11,31.71],[-95.27,33.13],[-95.25,33.11],[-95.312,30.946],[-101.83,36.25],[-101.4,35.663],[-101.6,35.64],[-101.6,35.64],[-101.4,35.64],[-101.38,35.11],[-102.19,33.5],[-99.3,32.02],[-99.02,33.5],[-98.95,33.19],[-98.99,31.71],[-99.05,33.01],[-99.08,30.93],[-98.72,31.2],[-98.67,31.2],[-98.19,33.82],[-98.02,33.63],[-98.05,33.55],[-98.47,33.66],[-98.44,33.58],[-99.25,33.18],[-98.782,33.36],[-98.5,33.98],[-95.395,29.753],[-95.302,29.679],[-95.395,29.714],[-95.459,29.55],[-95.284,29.558],[-95.397,29.482],[-95.463,29.345],[-95.511,29.203],[-100.64,31.33],[-100.38,32.75],[-95.23,32.9],[-94.8,32.16],[-94.942,32.238],[-94.93,32.27],[-95.06,32.23],[-95.49,32.84],[-102.37,31.85],[-101.82,33.67],[-103.02,36.38],[-100.73,31.42],[-100.73,31.42],[-101.34,33.98],[-100.193,33.181],[-99.93,34.33],[-100.47,32.85],[-100.47,32.85],[-100.41,32.47],[-100.41,32.47],[-100.13,32.88],[-100.227,33.136],[-100.2,34.42],[-99.48,33.32],[-99.77,32.6],[-102.81,34.93],[-102.41,34.8],[-102.43,34.83],[-102.4,34.82],[-101.18,34.81],[-102.177,31.918],[-97.056,32.91],[-95.22,33.03],[-100.93,34.92],[-100.53,34.74],[-100.5,36.43],[-101.817,34.624],[-101.52,34.83],[-101.737,34.541],[-100.9,34.959],[-100.73,35.21],[-100.24,35.34],[-94.81,32.56],[-94.77,32.53],[-103.186,31.781],[-98.17,33.22],[-99.421,31.821],[-99.27,31.93],[-98.802,32.319],[-99.1,31.87],[-98.95,31.8],[-98.62,31.9],[-98.185,32.398],[-98.338,32.084],[-96.587,33.345],[-96.5,33.18],[-94.738,30.775],[-102.41,34.84],[-101.93,35.42],[-102.08,34.99],[-102.99,34.89],[-94.08,32.68],[-101.92,35.02],[-102.01,35.19],[-101.85,35.26],[-102.99,34.89],[-101.8,35.11],[-101.85,35.29],[-101.82,35.17],[-101.5,34.98],[-101.11,35.35],[-100.4,35.89],[-100.89,35.1],[-100.4,35.08],[-100.4,35.08],[-100.193,33.181],[-97.38,33.65],[-97.39,33.71],[-98.53,31.09],[-97.15,33.207],[-97.15,33.22],[-94.97,33.0],[-95.72,31.78],[-94.8,32.16],[-95.15,31.8],[-94.8,32.16],[-97.369,32.75],[-97.36,32.711],[-97.316,32.75],[-97.316,32.75],[-97.157,32.738],[-97.115,32.72],[-97.133,32.703],[-97.12,32.73],[-97.1,32.67],[-97.08,32.83],[-96.947,32.708],[-96.946,32.709],[-96.85,32.85],[-97.09,32.756],[-96.87,32.68],[-96.85,32.85],[-96.356,32.929],[-95.22,33.17],[-95.6,33.13],[-95.22,33.17],[-95.72,32.67],[-95.06,33.61],[-95.22,33.17],[-95.44,32.8],[-94.98,33.17],[-94.97,33.0],[-94.62,33.36],[-94.34,33.33],[-94.34,33.33],[-97.089,31.599],[-97.187,31.527],[-97.15,31.55],[-94.35,32.76],[-95.28,32.56],[-94.95,32.73],[-94.94,32.45],[-97.21,31.48],[-95.38,32.07],[-94.68,32.26],[-94.09,32.54],[-94.8,32.16],[-95.26,31.97],[-94.34,32.15],[-94.34,32.15],[-94.8,32.16],[-97.72,30.68],[-94.65,31.61],[-95.618,31.212],[-95.451,31.119],[-94.98,33.17],[-94.89,32.39],[-94.33,32.76],[-94.8,32.16],[-94.34,32.15],[-95.559,29.89],[-95.596,29.946],[-99.26,26.911],[-99.64,29.28],[-99.83,28.69],[-98.47,29.53],[-98.5,29.13],[-97.75,29.73],[-94.82,31.19],[-94.69,31.33],[-93.89,31.76],[-94.73,31.33],[-99.65,32.37],[-99.73,33.16],[-102.2,31.93],[-97.73,31.13],[-97.48,31.094],[-97.364,31.077],[-95.03,32.73],[-95.016,32.73],[-95.98,31.25],[-95.98,31.21],[-94.13,33.5],[-95.33,32.28],[-95.32,32.31],[-95.555,30.775],[-94.68,31.91],[-95.15,31.8],[-94.76,32.52],[-94.17,32.15],[-94.8,32.16],[-94.73,31.33],[-94.65,31.61],[-94.11,31.53],[-94.12,31.74],[-93.85,31.34],[-93.57,31.17],[-95.476,31.495],[-104.5,30.58],[-103.73,30.98],[-100.09,34.96],[-99.82,33.33],[-99.68,32.43],[-94.68,32.03],[-94.63,31.95],[-94.4,32.1],[-94.37,32.03],[-94.28,32.1],[-94.3,32.08],[-98.895,33.056],[-98.86,31.93],[-97.25,33.27],[-96.37,33.17],[-97.17,33.24],[-95.799,33.324],[-94.98,33.24],[-94.53,33.51],[-94.12,32.71],[-97.975,27.993],[-97.827,27.834],[-98.697,27.278],[-96.72,33.02],[-96.753,33.084],[-96.58,33.28],[-98.71,31.0],[-99.17,30.63],[-94.95,32.54],[-95.4,31.97],[-95.26,31.97],[-95.4,31.84],[-94.87,32.39],[-94.9,32.16],[-94.36,33.13],[-102.748,33.731],[-102.408,34.03],[-102.295,34.571],[-102.109,34.378],[-101.795,34.529],[-102.4,34.02],[-102.259,34.136],[-101.57,34.13],[-100.55,32.58],[-100.47,32.85],[-100.15,31.94],[-99.81,32.0],[-101.88,30.92],[-101.8,30.8],[-101.05,30.4],[-98.665,28.995],[-98.49,28.96],[-97.5,29.01],[-101.3,32.3],[-101.905,33.515],[-100.98,31.84],[-96.09,29.406],[-99.72,33.98],[-100.15,31.84],[-99.96,31.74],[-100.82,31.35],[-98.97,34.03],[-100.52,31.45],[-95.943,29.537],[-100.29,31.37],[-98.92,31.98],[-99.81,30.9],[-95.018,29.703],[-95.0,29.68],[-95.046,29.653],[-94.82,29.279],[-97.86,32.72],[-97.319,32.425],[-97.236,32.468],[-98.07,27.76],[-98.144,27.227],[-98.12,27.2],[-97.35,26.17],[-97.485,25.925],[-98.82,26.423],[-98.72,34.09],[-102.041,31.92],[-101.58,31.632],[-100.3,34.43],[-101.06,31.83],[-100.53,32.35],[-101.47,31.2],[-100.58,31.31],[-100.5,31.41],[-100.45,31.45],[-100.58,31.78],[-101.02,31.44],[-100.31,31.57],[-99.86,32.79],[-99.73,33.16],[-99.73,33.16],[-99.73,33.19],[-99.67,33.34],[-99.9,32.76],[-99.73,32.45],[-99.96,32.24],[-99.73,32.45],[-98.9,32.72],[-101.954,32.0],[-102.35,31.4],[-97.445,32.462],[-96.861,32.841],[-96.85,32.85],[-96.803,32.81],[-96.77,32.82],[-96.68,32.77],[-97.83,31.07],[-98.079,31.07],[-98.14,31.03],[-96.72,32.1],[-100.01,29.67],[-99.77,29.11],[-99.47,29.32],[-99.493,27.608],[-99.462,27.544],[-99.438,27.495],[-99.274,26.912],[-98.68,27.32],[-98.699,27.273],[-98.166,27.366],[-98.812,26.382],[-98.065,27.216],[-98.1,27.258],[-94.28,32.94],[-97.909,26.479],[-97.97,26.3],[-97.78,26.42],[-96.78,29.7],[-96.78,29.66],[-101.09,32.05],[-101.032,32.246],[-100.85,32.4],[-100.85,32.4],[-101.02,32.321],[-101.008,32.36],[-100.85,32.4],[-100.72,32.42],[-100.85,32.371],[-100.742,32.587],[-100.41,32.47],[-100.12,32.87],[-100.64,31.61],[-100.55,31.58],[-100.52,31.45],[-100.49,31.54],[-100.45,31.49],[-100.51,31.54],[-100.39,31.44],[-100.29,31.37],[-100.26,31.39],[-100.27,36.23],[-96.67,33.72],[-99.68,32.43],[-99.8,32.21],[-99.74,32.13],[-99.74,31.99],[-99.32,31.74],[-99.76,29.7],[-99.16,30.99],[-99.48,31.55],[-99.69,31.54],[-99.07,30.97],[-99.41,31.32],[-99.36,31.39],[-99.21,31.22],[-99.21,31.22],[-100.68,29.8],[-98.31,30.66],[-98.06,30.81],[-99.07,30.97],[-97.9,30.02],[-98.32,30.48],[-99.23,30.75],[-99.79,29.2],[-101.09,29.7],[-97.96,30.18],[-97.95,30.22],[-98.05,30.22],[-97.88,30.21],[-97.98,29.59],[-97.49,30.09],[-97.96,30.2],[-98.0,30.19],[-97.58,29.97],[-97.82,30.14],[-96.361,31.115],[-97.87,30.02],[-98.48,29.68],[-103.48,31.42],[-103.04,35.18],[-103.54,31.369],[-102.73,34.23],[-102.41,34.84],[-102.43,34.83],[-101.63,31.244],[-100.19,33.17],[-101.88,30.92],[-102.904,30.88],[-102.87,30.88],[-102.562,32.92],[-102.53,33.18],[-102.636,32.591],[-106.619,31.858],[-95.577,32.249],[-95.17,32.14],[-102.21,34.96],[-102.08,32.0],[-102.2,31.93],[-102.08,32.0],[-102.08,32.0],[-102.116,32.031],[-102.068,32.01],[-102.346,31.871],[-101.92,32.0],[-101.92,35.4],[-101.38,35.35],[-102.74,33.73],[-101.57,34.13],[-94.829,30.996],[-97.293,31.605],[-97.249,31.615],[-97.146,31.548],[-97.133,31.558],[-100.48,35.96],[-100.4,35.89],[-100.97,35.96],[-100.98,35.61],[-100.8,35.44],[-101.85,35.29],[-100.93,35.54],[-100.64,35.69],[-101.91,35.06],[-101.82,35.2],[-101.76,35.32],[-101.85,35.13],[-101.9,35.11],[-100.93,35.54],[-101.72,35.22],[-101.8,35.11],[-101.9,35.07],[-101.66,35.25],[-101.69,34.99],[-100.57,35.24],[-101.5,34.98],[-100.93,34.92],[-102.7,34.66],[-100.53,34.74],[-102.11,34.43],[-100.222,34.437],[-99.88,34.33],[-101.57,34.13],[-99.36,34.37],[-101.17,33.54],[-98.56,34.09],[-98.49,33.91],[-98.51,33.85],[-98.54,33.83],[-104.8,31.8],[-102.33,34.86],[-102.33,34.86],[-99.3,33.62],[-97.1,32.67],[-95.4,32.36],[-95.22,32.23],[-97.446,33.099],[-97.19,33.0],[-101.47,36.06],[-103.73,30.98],[-104.82,31.05],[-102.52,36.35],[-102.01,35.86],[-101.47,36.06],[-101.45,35.83],[-101.6,35.64],[-101.6,35.64],[-100.27,36.23],[-100.74,35.77],[-100.64,35.81],[-100.38,35.9],[-100.266,35.808],[-100.273,35.9],[-102.01,35.19],[-101.93,35.09],[-102.743,34.193],[-101.72,35.22],[-102.01,35.86],[-102.324,34.545],[-102.408,34.03],[-102.12,34.423],[-100.81,35.79],[-101.79,35.07],[-100.64,35.81],[-100.96,35.52],[-101.87,35.07],[-102.402,33.569],[-101.87,35.07],[-102.13,34.093],[-101.737,34.541],[-101.0,35.61],[-101.92,35.02],[-101.97,35.07],[-100.64,35.69],[-101.94,35.04],[-100.38,35.91],[-100.28,35.92],[-101.18,34.81],[-100.61,35.71],[-100.4,35.88],[-100.04,35.66],[-101.186,34.431],[-100.9,34.94],[-102.33,34.86],[-103.48,31.42],[-102.12,34.423],[-102.295,34.571],[-102.074,33.52],[-100.99,34.32],[-99.35,34.37],[-101.76,33.22],[-101.626,33.45],[-101.368,33.19],[-99.3,32.73],[-102.25,35.51],[-102.06,35.19],[-101.76,35.32],[-101.8,35.17],[-101.85,35.29],[-103.504,31.399],[-101.92,34.603],[-97.125,33.609],[-97.02,33.62],[-96.782,33.821],[-96.412,32.925],[-95.12,33.17],[-95.1,33.65],[-95.17,33.65],[-103.02,36.38],[-103.03,36.38],[-96.84,32.686],[-102.109,35.706],[-96.53,32.63],[-102.99,34.89],[-101.64,36.18],[-99.17,32.13],[-99.17,32.13],[-102.07,36.29],[-102.07,36.34],[-102.0,35.86],[-95.869,28.983],[-94.28,33.47],[-95.06,33.61],[-95.33,33.85],[-94.11,33.44],[-94.72,33.03],[-95.22,33.17],[-94.97,33.0],[-94.98,33.17],[-94.35,33.19],[-94.72,33.03],[-94.35,32.76],[-94.95,32.73],[-95.44,32.8],[-94.76,32.52],[-94.35,32.54],[-94.76,32.52],[-95.22,32.33],[-94.8,32.16],[-94.34,32.15],[-95.26,31.97],[-94.13,31.75],[-102.45,34.78],[-99.38,32.22],[-99.17,32.13],[-106.384,31.85],[-100.6,30.86],[-99.499,27.555],[-102.21,33.74],[-94.02,29.95],[-94.86,31.45],[-94.72,31.23],[-98.21,29.58],[-95.62,30.1],[-97.425,33.085],[-98.51,33.97],[-98.51,33.97],[-103.67,30.37],[-102.39,31.89],[-102.37,31.85],[-102.403,31.917],[-102.9,31.58],[-98.6,33.1],[-97.06,31.283],[-96.432,31.369],[-94.65,31.61],[-94.13,31.83],[-93.96,31.61],[-93.85,31.59],[-102.08,32.0],[-99.96,31.74],[-95.396,30.111],[-97.17,29.43],[-97.92,26.21],[-97.975,26.214],[-97.99,26.81],[-98.12,26.2],[-98.12,26.25],[-98.188,26.2],[-97.548,32.898],[-97.12,32.43],[-96.828,32.82],[-96.767,32.864],[-100.963,35.995],[-101.71,35.23],[-95.22,33.47],[-101.398,32.759],[-99.8,30.43],[-98.12,31.7],[-94.998,30.498],[-102.37,31.85],[-101.19,36.05],[-101.19,36.2],[-100.8,36.39],[-100.75,36.41],[-102.421,31.85],[-102.4,35.73],[-101.19,35.03],[-102.66,35.28],[-97.57,30.4],[-98.4,29.48],[-101.44,34.12],[-101.37,33.67],[-100.6,34.27],[-100.25,34.42],[-100.82,34.02],[-101.17,33.54],[-100.38,32.72],[-97.22,33.636],[-97.2,33.65],[-100.822,34.005],[-100.423,33.918],[-100.91,35.04],[-100.79,35.02],[-96.465,33.701],[-95.58,33.72],[-97.199,33.654],[-102.894,30.901],[-98.11,29.36],[-102.43,34.83],[-98.9,30.25],[-98.306,26.286],[-106.418,31.819],[-99.23,31.17],[-100.003,34.682],[-100.02,34.77],[-101.77,34.54],[-101.52,33.08],[-98.066,29.372],[-97.69,30.26],[-97.74,30.13],[-101.06,31.83],[-100.98,31.84],[-100.45,29.61],[-99.17,32.16],[-98.87,30.28],[-98.59,29.47],[-103.0,31.199],[-103.0,31.17],[-101.0,35.61],[-102.55,36.03],[-101.893,35.176],[-102.416,32.711],[-101.97,35.86],[-101.85,33.84],[-101.57,34.13],[-101.84,35.16],[-101.74,34.54],[-101.36,35.58],[-100.01,32.48],[-99.77,32.4],[-99.68,32.41],[-97.168,33.618],[-97.1,32.67],[-96.92,32.63],[-96.762,32.724],[-96.59,33.33],[-96.18,33.62],[-95.9,33.25],[-97.13,29.59],[-95.44,32.16],[-95.44,32.12],[-95.201,31.122],[-94.54,31.88],[-94.25,33.36],[-97.199,33.197],[-95.44,32.19],[-95.21,33.47],[-101.63,31.635],[-100.98,31.84],[-95.06,33.73],[-100.49,32.45],[-99.8,32.75],[-100.41,29.32],[-95.26,32.64],[-98.23,30.73],[-99.177,29.358],[-97.03,32.9],[-97.58,30.47],[-98.28,29.88],[-96.43,32.93],[-94.98,32.66],[-101.8,30.8],[-101.41,30.88],[-99.82,32.23],[-99.8,32.21],[-100.55,31.64],[-95.1,33.0],[-94.97,33.0],[-94.97,33.0],[-94.97,33.0],[-93.97,31.19],[-98.35,26.321],[-102.127,33.553],[-99.29,34.15],[-103.3,29.3],[-103.11,29.1],[-102.12,30.05],[-102.12,30.05],[-103.3,29.3],[-102.12,30.05],[-100.17,34.86],[-99.487,27.453],[-99.274,26.921],[-98.126,27.355],[-97.881,27.479],[-97.987,27.91],[-97.882,28.229],[-98.41,27.6],[-97.735,28.2],[-97.75,27.67],[-97.408,27.774],[-97.413,27.7],[-97.213,27.913],[-97.237,27.634],[-97.236,27.585],[-95.45,29.05],[-101.72,35.22],[-98.92,31.04],[-96.62,29.7],[-96.382,29.982],[-96.657,28.627],[-100.4,32.75],[-95.761,30.759],[-96.453,28.722],[-96.47,28.82],[-96.221,28.87],[-95.491,30.679],[-96.066,28.963],[-95.65,32.52],[-95.622,32.523],[-95.49,32.67],[-94.54,31.28],[-100.5,35.37],[-94.93,32.53],[-94.37,32.53],[-94.95,31.49],[-94.35,32.54],[-95.32,32.14],[-96.066,29.578],[-95.808,29.557],[-99.37,28.318],[-99.0,28.45],[-98.66,28.35],[-98.16,29.05],[-97.92,32.62],[-96.755,29.127],[-96.28,29.2],[-97.479,32.581],[-97.46,32.58],[-97.759,28.413],[-95.375,29.161],[-95.569,29.048],[-95.45,29.05],[-95.453,29.225],[-95.43,29.17],[-95.42,29.44],[-95.361,29.472],[-95.25,29.43],[-95.28,29.65],[-95.092,29.544],[-98.025,27.741],[-95.182,29.545],[-95.238,29.128],[-97.33,27.88],[-97.12,27.98],[-99.59,30.68],[-99.58,31.13],[-99.41,31.29],[-98.431,31.23],[-97.859,32.518],[-97.806,32.525],[-97.45,32.68],[-97.45,32.77],[-97.4,32.8],[-97.34,32.75],[-97.32,32.58],[-97.395,32.544],[-97.44,32.77],[-97.264,32.861],[-97.193,32.675],[-97.15,33.25],[-97.061,32.989],[-97.189,32.995],[-96.95,32.57],[-96.98,32.523],[-97.12,32.9],[-97.064,32.604],[-96.85,32.472],[-96.705,33.129],[-96.5,32.21],[-96.59,33.33],[-96.57,33.35],[-97.76,30.32],[-96.007,32.282],[-95.37,32.33],[-95.3,32.33],[-94.93,32.27],[-94.81,31.97],[-94.91,30.71],[-94.61,32.1],[-102.43,34.83],[-97.75,27.78],[-97.59,27.69],[-97.3,27.65],[-97.402,28.675],[-97.388,28.658],[-102.43,34.83],[-102.33,34.86],[-96.847,28.394],[-96.801,28.35],[-102.31,34.75],[-101.86,34.74],[-100.82,34.02],[-100.34,33.63],[-98.81,32.75],[-98.85,32.75],[-93.98,30.73],[-93.98,30.73],[-100.6,34.27],[-100.224,34.422],[-100.48,31.89],[-100.35,31.79],[-99.93,31.97],[-99.71,31.99],[-99.9,31.79],[-99.86,31.82],[-100.48,31.35],[-99.5,32.05],[-100.27,31.4],[-99.17,32.13],[-99.93,31.51],[-98.55,32.12],[-99.43,31.83],[-98.241,32.222],[-97.836,32.284],[-97.75,32.23],[-97.73,32.39],[-97.783,32.298],[-97.53,32.45],[-97.518,32.633],[-97.436,32.659],[-97.35,32.75],[-97.333,32.726],[-97.413,32.745],[-97.149,32.721],[-97.081,32.684],[-95.88,32.7],[-95.08,32.96],[-94.86,32.53],[-94.99,32.81],[-94.91,32.58],[-94.64,33.0],[-94.95,32.73],[-94.35,32.76],[-94.35,32.67],[-95.29,31.97],[-94.35,32.67],[-94.8,32.16],[-98.061,26.227],[-98.057,26.261],[-97.801,26.062],[-97.97,26.3],[-97.92,26.15],[-97.685,26.13],[-97.746,26.163],[-99.47,29.18],[-99.46,29.23],[-99.16,29.36],[-97.82,29.65],[-98.81,29.44],[-98.8,29.23],[-98.705,29.424],[-97.97,29.65],[-97.97,29.65],[-96.91,29.68],[-96.115,29.822],[-95.776,29.802],[-95.706,29.037],[-98.43,32.009],[-98.97,32.1],[-96.13,29.18],[-95.74,29.29],[-95.981,29.29],[-97.75,32.158],[-97.744,32.241],[-97.62,32.18],[-97.46,32.289],[-97.373,32.229],[-97.38,32.23],[-100.87,29.37],[-99.14,30.04],[-98.56,29.4],[-97.836,30.187],[-97.75,30.31],[-96.32,32.58],[-97.84,29.84],[-97.743,30.299],[-97.744,30.291],[-97.66,29.88],[-97.16,30.01],[-97.75,30.29],[-95.44,32.14],[-96.4,30.16],[-96.5,29.97],[-96.08,30.1],[-95.49,30.38],[-95.415,30.356],[-95.475,31.49],[-95.13,31.06],[-95.13,31.78],[-95.099,30.32],[-95.22,31.89],[-95.521,30.679],[-95.132,30.578],[-94.988,30.87],[-94.89,31.74],[-94.97,31.88],[-94.85,31.76],[-94.53,31.51],[-94.15,31.47],[-94.1,31.53],[-97.23,32.05],[-94.95,33.19],[-94.96,33.18],[-94.94,33.18],[-102.637,32.747],[-101.79,33.16],[-101.38,33.19],[-101.17,33.54],[-100.66,33.39],[-100.48,33.57],[-100.3,33.87],[-94.63,33.04],[-95.31,32.49],[-95.02,32.64],[-94.81,32.86],[-95.09,32.86],[-94.79,32.91],[-94.84,32.15],[-100.62,31.32],[-99.93,31.51],[-99.66,31.51],[-99.55,31.75],[-99.17,32.55],[-97.13,32.98],[-97.64,31.83],[-97.45,31.92],[-95.49,32.67],[-95.49,32.67],[-95.49,32.67],[-94.93,32.92],[-94.9,32.97],[-95.3,32.33],[-94.72,33.03],[-95.26,32.01],[-95.41,32.51],[-94.4,32.8],[-95.12,31.99],[-94.8,32.16],[-94.8,32.16],[-95.46,31.51],[-94.46,32.24],[-94.205,31.789],[-95.41,30.75],[-99.8,29.64],[-95.08,30.87],[-100.53,28.86],[-98.3,27.29],[-98.418,27.346],[-98.084,27.233],[-103.53,29.32],[-98.024,26.365],[-97.901,26.152],[-98.006,26.303],[-97.844,26.165],[-97.5,27.77],[-97.391,27.709],[-97.29,27.69],[-96.623,28.633],[-101.2,30.71],[-95.57,30.46],[-95.57,30.41],[-95.21,32.49],[-102.65,33.92],[-101.5,33.08],[-102.068,31.99],[-97.661,27.94],[-97.784,27.592],[-97.5,27.77],[-97.43,27.71],[-97.341,27.891],[-97.28,28.29],[-100.3,34.01],[-99.97,34.19],[-99.97,34.19],[-99.72,33.98],[-100.53,32.35],[-99.82,33.42],[-99.69,32.61],[-99.18,33.18],[-99.3,32.73],[-100.91,31.18],[-101.1,30.71],[-95.547,29.635],[-101.07,31.21],[-102.87,31.33],[-100.49,31.37],[-101.486,31.206],[-101.47,31.2],[-101.63,31.635],[-100.848,32.72],[-101.17,31.13],[-100.848,32.72],[-98.23,34.01],[-94.76,31.33],[-99.24,33.6],[-100.66,30.83],[-102.19,35.18],[-102.22,35.72],[-102.01,35.19],[-101.89,35.17],[-101.82,35.17],[-98.12,29.66],[-97.21,30.16],[-97.35,31.1],[-102.193,32.3],[-102.523,31.85],[-102.472,31.85],[-102.2,31.872],[-102.887,30.88],[-101.95,32.73],[-97.5,32.02],[-101.703,33.014],[-102.87,31.33],[-100.49,33.565],[-98.61,29.5],[-97.67,30.2],[-97.939,30.71],[-97.67,30.2],[-97.68,30.36],[-97.83,30.51],[-97.66,30.35],[-97.69,30.34],[-97.67,30.4],[-97.54,30.56],[-97.003,30.663],[-97.69,30.3],[-96.489,30.7],[-98.25,27.75],[-97.86,27.51],[-97.441,27.724],[-97.332,27.879],[-97.762,26.472],[-97.31,28.19],[-97.279,28.286],[-97.105,27.976],[-96.647,28.978],[-95.45,29.038],[-95.362,28.951],[-95.544,29.63],[-95.483,30.149],[-94.54,32.8],[-101.624,32.107],[-100.949,32.761],[-100.72,32.42],[-100.48,32.44],[-100.38,32.75],[-100.377,32.744],[-100.13,32.88],[-99.99,32.08],[-99.86,32.42],[-99.9,32.76],[-99.71,31.99],[-99.74,33.17],[-99.29,30.77],[-99.05,33.01],[-99.52,33.47],[-98.93,33.45],[-98.02,33.48],[-98.53,33.97],[-98.12,33.76],[-98.0,31.08],[-96.95,32.65],[-97.57,30.48],[-97.57,30.44],[-96.28,32.73],[-97.49,30.09],[-95.6,33.13],[-95.57,32.96],[-97.245,30.287],[-94.62,33.51],[-95.15,32.96],[-95.21,33.47],[-97.24,30.287],[-95.29,32.96],[-94.78,33.55],[-95.57,32.93],[-95.48,32.83],[-95.32,31.91],[-95.27,31.97],[-95.464,31.291],[-95.233,31.538],[-94.87,32.39],[-96.524,29.866],[-96.49,30.102],[-96.427,30.135],[-96.454,30.16],[-96.4,30.16],[-96.21,30.09],[-94.11,31.53],[-96.489,29.892],[-95.939,29.988],[-96.392,29.76],[-95.625,29.755],[-94.11,31.53],[-96.15,29.77],[-96.14,29.8],[-94.11,31.53],[-95.85,29.79],[-97.77,28.3],[-96.019,29.405],[-97.12,32.73],[-97.13,32.57],[-96.98,32.48],[-96.85,32.443],[-96.98,32.48],[-96.52,31.53],[-94.92,31.21],[-95.09,31.25],[-93.85,31.34],[-93.85,31.34],[-96.26,29.95],[-100.4,35.94],[-97.177,33.273],[-101.76,33.86],[-101.99,33.69],[-99.83,33.98],[-99.86,33.75],[-99.26,33.59],[-99.8,32.94],[-99.05,33.01],[-98.92,34.1],[-98.92,34.03],[-98.6,34.11],[-98.69,33.81],[-98.49,33.91],[-100.5,31.45],[-100.55,31.58],[-100.42,31.44],[-100.29,31.37],[-100.4,31.45],[-100.42,31.48],[-100.45,31.45],[-99.54,31.88],[-100.55,31.17],[-98.97,31.66],[-102.74,33.73],[-99.59,30.76],[-100.31,30.02],[-98.66,30.78],[-98.87,30.27],[-98.616,30.24],[-98.27,30.58],[-98.38,30.59],[-98.58,29.38],[-98.63,29.38],[-97.88,30.57],[-97.8,30.46],[-97.7,30.42],[-97.71,30.53],[-98.04,27.9],[-95.54,29.63],[-102.29,34.57],[-100.898,32.718],[-100.47,32.47],[-100.34,32.65],[-101.6,31.65],[-94.93,32.3],[-95.17,32.49],[-94.93,32.16],[-94.87,32.16],[-94.34,32.15],[-94.9,31.91],[-97.61,28.61],[-94.9,31.86],[-102.36,33.58],[-101.95,34.99],[-101.92,34.98],[-102.01,35.19],[-101.82,35.2],[-101.72,35.22],[-101.82,35.05],[-96.347,30.319],[-96.259,30.133],[-99.71,31.78],[-98.57,33.67],[-98.48,33.87],[-99.88,32.75],[-99.73,33.14],[-99.72,32.87],[-99.8,32.94],[-100.14,32.68],[-99.55,32.95],[-99.18,33.18],[-99.42,32.71],[-99.18,33.18],[-97.472,33.166],[-99.3,32.73],[-99.32,31.93],[-98.95,31.74],[-101.17,33.54],[-99.51,34.13],[-99.86,33.32],[-99.86,33.32],[-99.05,33.01],[-97.775,33.601],[-99.05,33.01],[-98.99,32.99],[-98.98,34.08],[-95.1,33.36],[-94.07,33.44],[-97.2,33.2],[-102.29,34.57],[-102.14,34.09],[-102.14,33.93],[-101.53,34.17],[-101.88,33.48],[-99.6,33.05],[-102.74,34.2],[-97.043,32.7],[-102.562,32.92],[-102.562,32.92],[-101.806,33.164],[-101.83,32.98],[-100.848,32.72],[-102.43,34.83],[-101.4,35.66],[-101.91,35.24],[-101.94,35.18],[-101.84,35.24],[-101.82,35.29],[-101.82,35.3],[-101.82,35.3],[-101.821,35.209],[-101.81,35.34],[-98.22,29.45],[-94.11,33.41],[-97.76,31.14],[-97.722,31.125],[-101.368,33.67],[-97.206,32.824],[-106.302,31.765],[-102.61,34.39],[-98.134,31.677],[-98.12,31.7],[-104.8,31.88],[-100.11,32.04],[-100.51,31.54],[-100.68,31.34],[-100.81,31.3],[-100.73,31.42],[-102.38,31.92],[-102.36,31.873],[-102.35,35.839],[-102.46,36.06],[-100.21,36.43],[-100.803,36.304],[-100.405,35.88],[-101.004,35.597],[-100.96,35.55],[-101.5,34.98],[-96.77,32.87],[-96.85,32.85],[-96.836,32.864],[-96.856,32.88],[-95.2,32.27],[-102.21,34.96],[-101.95,35.04],[-101.9,35.07],[-101.8,35.11],[-102.01,35.19],[-102.05,35.19],[-100.055,33.128],[-102.45,36.08],[-100.97,35.96],[-97.17,29.43],[-102.43,34.83],[-102.21,34.96],[-101.38,35.35],[-99.31,34.13],[-99.42,34.08],[-101.14,36.09],[-101.4,35.7],[-101.4,35.66],[-101.76,35.32],[-101.832,35.243],[-101.91,35.13],[-101.812,35.206],[-102.21,34.96],[-100.57,35.24],[-101.467,32.053],[-101.939,33.476],[-105.584,31.173],[-101.89,35.26],[-101.88,35.29],[-101.89,35.26],[-102.55,36.03],[-102.61,34.39],[-95.301,32.326],[-95.26,32.205],[-95.255,32.177],[-95.363,32.213],[-96.38,32.52],[-95.77,30.36],[-95.553,30.062],[-96.544,30.628],[-95.367,29.681],[-95.28,29.65],[-95.657,29.622],[-95.263,29.666],[-98.85,29.33],[-100.41,29.32],[-100.39,29.02],[-101.69,30.66],[-97.68,29.87],[-95.28,30.5],[-102.08,32.043],[-104.82,31.832],[-97.728,26.236],[-97.775,26.207],[-102.66,35.28],[-100.6,35.36],[-100.39,35.08],[-101.89,35.02],[-101.9,34.98],[-101.82,35.26],[-102.08,34.99],[-101.75,35.08],[-101.737,34.541],[-100.89,34.94],[-98.255,26.24],[-98.008,26.202],[-104.37,29.608],[-102.94,32.99],[-102.612,33.182],[-94.73,31.36],[-101.97,33.569],[-100.45,31.39],[-95.41,32.58],[-95.39,32.4],[-95.3,32.33],[-95.47,32.33],[-95.29,32.32],[-95.22,32.23],[-95.12,32.14],[-95.1,31.99],[-96.38,30.65],[-96.364,30.589],[-96.377,30.25],[-97.8,32.52],[-102.01,35.86],[-102.54,36.31],[-102.24,36.25],[-100.54,36.46],[-102.01,36.07],[-101.83,35.98],[-101.65,36.01],[-102.01,35.85],[-101.47,36.06],[-102.408,34.03],[-102.691,34.654],[-102.69,36.21],[-102.3,34.35],[-98.537,29.507],[-100.75,36.41],[-97.701,26.483],[-100.75,36.41],[-100.41,34.85],[-101.8,32.13],[-100.55,35.27],[-100.71,34.94],[-103.48,31.42],[-104.37,29.622],[-97.363,27.919],[-97.873,27.441],[-98.83,34.1],[-98.49,33.87],[-95.353,32.216],[-100.28,34.43],[-100.57,33.25],[-99.67,33.34],[-100.2,33.17],[-100.92,32.68],[-98.44,28.21],[-100.9,29.41],[-100.78,29.36],[-101.486,31.206],[-97.75,28.41],[-98.129,28.476],[-95.405,29.174],[-95.56,33.631],[-95.481,33.709],[-95.332,33.624],[-95.272,33.642],[-94.864,33.623],[-95.123,33.582],[-95.01,33.608],[-94.619,33.54],[-98.32,30.62],[-97.87,29.99],[-97.82,29.14],[-99.287,28.283],[-97.258,28.764],[-98.41,27.59],[-98.19,27.589],[-96.922,28.846],[-98.097,27.664],[-98.078,27.697],[-98.078,27.728],[-97.893,27.52],[-98.07,27.76],[-97.909,27.716],[-97.879,27.534],[-97.852,27.42],[-97.866,27.52],[-97.8,27.58],[-97.76,27.671],[-97.75,27.67],[-97.63,27.67],[-97.69,27.78],[-97.391,27.72],[-97.513,27.773],[-97.506,27.779],[-97.442,27.702],[-97.503,27.702],[-97.393,27.731],[-97.339,27.672],[-97.324,27.713],[-97.355,27.948],[-97.341,27.948],[-97.287,27.637],[-97.24,27.63],[-97.21,27.87],[-97.16,27.7],[-97.199,27.877],[-97.14,27.9],[-96.919,32.952],[-96.62,33.02],[-98.42,30.1],[-94.904,33.184],[-98.13,30.01],[-98.12,30.02],[-94.945,32.728],[-97.68,30.04],[-97.67,30.2],[-94.383,32.885],[-94.574,32.474],[-94.355,32.744],[-94.402,32.547],[-97.31,30.11],[-97.8,32.857],[-97.478,32.761],[-97.396,32.648],[-97.342,32.657],[-97.32,32.53],[-97.171,32.626],[-98.12,31.83],[-96.81,32.751],[-97.12,32.43],[-97.975,32.819],[-97.4,33.31],[-97.04,33.6],[-97.013,33.605],[-97.011,33.663],[-100.49,31.38],[-98.18,32.22],[-97.74,32.468],[-98.43,30.86],[-98.421,30.869],[-97.55,32.6],[-97.37,32.88],[-97.438,32.811],[-97.422,32.767],[-97.196,32.86],[-97.37,32.87],[-97.393,32.831],[-97.37,32.87],[-97.27,32.85],[-97.219,32.942],[-97.161,32.843],[-97.183,32.867],[-97.1,32.91],[-97.239,32.854],[-96.89,33.09],[-96.828,33.152],[-96.89,33.09],[-96.717,32.977],[-96.676,32.884],[-96.17,33.43],[-96.25,33.38],[-96.149,32.008],[-96.02,32.17],[-96.1,32.15],[-99.11,30.93],[-99.63,29.42],[-99.741,27.704],[-95.197,32.183],[-98.124,26.55],[-97.29,27.92],[-97.212,27.87],[-97.3,28.18],[-97.088,28.058],[-96.987,28.851],[-96.988,28.826],[-96.98,28.84],[-99.29,34.08],[-102.01,35.19],[-101.86,35.23],[-101.82,35.26],[-101.82,35.32],[-101.72,35.22],[-100.27,31.4],[-101.39,35.33],[-94.086,33.393],[-97.4,33.31],[-97.2,33.2],[-96.83,33.15],[-96.541,32.976],[-94.948,32.733],[-98.9,33.05],[-94.504,32.678],[-94.692,32.337],[-94.607,32.102],[-98.47,29.53],[-97.17,29.43],[-97.16,30.01],[-95.359,29.278],[-95.357,29.279],[-95.357,29.274],[-95.328,29.259],[-95.349,29.267],[-95.366,29.239],[-95.361,29.252],[-100.88,33.48],[-101.624,32.107],[-101.499,32.137],[-101.47,32.25],[-101.21,31.4],[-100.62,31.33],[-97.656,26.251],[-99.3,33.63],[-97.83,33.837],[-97.57,33.53],[-97.208,33.495],[-97.17,33.48],[-97.05,33.48],[-97.81,32.766],[-97.677,32.783],[-94.82,31.33],[-94.73,31.431],[-99.18,33.24],[-99.83,32.28],[-99.68,32.43],[-98.86,33.37],[-98.67,33.95],[-98.49,33.91],[-98.47,33.89],[-98.02,32.82],[-97.68,33.37],[-96.92,33.65],[-97.007,33.569],[-96.89,33.77],[-96.548,33.792],[-98.18,31.07],[-95.482,32.679],[-95.436,32.518],[-95.467,32.516],[-95.411,32.519],[-95.334,32.37],[-99.24,30.28],[-98.86,30.45],[-98.7,30.54],[-98.74,30.41],[-98.35,30.44],[-98.51,30.1],[-97.9,30.39],[-97.76,30.41],[-96.374,30.69],[-97.57,30.46],[-97.74,30.41],[-97.76,30.34],[-96.33,30.6],[-97.67,30.52],[-97.56,30.35],[-97.74,30.27],[-96.68,30.53],[-95.324,31.911],[-95.122,31.779],[-95.229,31.907],[-94.626,32.134],[-95.83,30.18],[-95.48,30.54],[-94.798,32.242],[-95.48,30.42],[-95.694,30.093],[-95.482,30.423],[-95.417,30.359],[-94.625,32.305],[-94.584,32.319],[-94.611,32.324],[-95.42,30.08],[-94.679,32.186],[-95.181,30.006],[-94.665,30.718],[-94.42,30.77],[-101.96,35.94],[-100.43,34.507],[-95.465,32.49],[-95.284,32.07],[-94.679,31.919],[-94.341,33.336],[-95.18,31.36],[-98.4,29.87],[-98.18,30.06],[-97.86,30.02],[-99.47,29.25],[-97.68,30.2],[-97.67,30.2],[-97.67,30.2],[-97.29,30.19],[-97.29,30.19],[-97.31,30.11],[-97.31,30.11],[-97.01,30.41],[-96.755,30.432],[-96.464,30.489],[-95.716,30.149],[-95.49,30.148],[-99.84,28.74],[-99.74,28.79],[-98.6,31.92],[-98.627,31.916],[-98.61,31.93],[-98.32,31.68],[-97.87,32.71],[-97.8,32.64],[-97.8,32.74],[-97.68,31.78],[-97.48,32.77],[-97.52,32.77],[-99.33,31.14],[-97.43,32.79],[-97.289,32.75],[-97.239,32.824],[-97.32,31.65],[-97.213,32.779],[-97.23,31.62],[-97.198,32.809],[-97.32,31.65],[-97.25,31.55],[-97.135,32.808],[-97.1,32.881],[-97.058,31.389],[-97.236,31.799],[-97.1,31.8],[-96.5,31.68],[-96.52,31.53],[-98.11,29.35],[-98.04,29.34],[-97.825,29.395],[-99.95,32.93],[-99.87,32.86],[-99.85,32.87],[-99.48,32.64],[-99.17,32.6],[-98.9,32.736],[-98.9,32.75],[-99.42,31.99],[-98.02,32.75],[-101.4,35.7],[-97.36,32.7],[-101.36,35.11],[-100.93,34.92],[-100.17,34.668],[-99.35,34.37],[-100.28,35.02],[-100.21,34.9],[-102.05,33.42],[-101.78,33.21],[-101.52,33.08],[-100.13,32.88],[-101.444,32.303],[-101.457,32.293],[-95.657,29.62],[-98.062,26.458],[-102.96,36.1],[-102.9,36.15],[-101.41,36.25],[-101.41,36.25],[-101.18,36.22],[-101.07,36.2],[-100.8,36.09],[-100.82,36.1],[-100.38,35.91],[-100.28,35.92],[-100.64,35.69],[-100.38,35.71],[-100.56,30.57],[-100.24,30.57],[-98.65,29.29],[-98.25,29.61],[-98.543,29.263],[-98.16,29.14],[-98.253,29.225],[-98.2,29.09],[-98.26,29.22],[-97.75,28.41],[-95.59,29.062],[-95.684,29.147],[-95.421,29.178],[-95.385,29.475],[-103.186,31.781],[-95.06,29.91],[-95.361,29.48],[-95.654,28.992],[-94.87,30.124],[-102.637,32.747],[-102.562,32.92],[-102.55,32.829],[-102.516,32.93],[-101.596,33.151],[-100.88,35.89],[-101.19,36.19],[-101.376,33.669],[-101.317,34.007],[-100.97,36.1],[-101.431,33.669],[-101.624,32.107],[-100.912,34.389],[-100.8,36.35],[-101.469,31.891],[-101.488,31.916],[-98.56,34.09],[-100.59,35.22],[-100.3,34.43],[-100.88,34.357],[-100.48,31.35],[-100.48,31.35],[-100.45,31.39],[-100.45,31.45],[-100.47,31.46],[-100.29,31.37],[-96.141,30.366],[-101.502,31.561],[-96.36,30.259],[-101.47,31.2],[-101.33,30.68],[-101.45,30.69],[-95.47,30.32],[-95.414,30.357],[-96.669,30.156],[-100.3,31.89],[-99.17,32.13],[-101.06,31.83],[-100.104,31.956],[-100.45,31.45],[-100.09,31.4],[-100.66,29.75],[-99.1,31.82],[-98.737,31.949],[-99.59,34.13],[-98.735,31.944],[-99.13,32.03],[-99.1,31.87],[-98.05,32.477],[-97.813,32.599],[-99.03,34.08],[-93.987,31.251],[-94.137,31.275],[-93.825,31.259],[-94.0,30.13],[-97.612,28.612],[-99.22,29.96],[-100.95,32.7],[-99.92,32.55],[-99.75,32.45],[-97.894,33.171],[-98.81,29.24],[-98.76,29.43],[-98.701,29.395],[-102.16,35.76],[-101.19,35.03],[-100.15,34.15],[-102.12,34.09],[-99.85,33.45],[-99.41,33.6],[-99.52,33.47],[-96.594,33.33],[-102.19,33.73],[-102.84,33.23],[-99.67,33.34],[-98.9,32.75],[-101.903,32.018],[-102.129,32.033],[-97.815,32.444],[-98.06,29.78],[-101.97,32.55],[-97.305,27.599],[-100.76,31.9],[-99.85,32.37],[-99.86,32.42],[-99.73,32.45],[-98.98,32.91],[-98.27,32.93],[-99.6,32.8],[-95.45,33.63],[-95.45,33.62],[-95.267,33.662],[-94.618,33.511],[-94.115,33.465],[-94.16,33.48],[-94.177,33.462],[-94.109,33.389],[-94.199,33.458],[-94.186,33.465],[-94.254,33.348],[-94.151,33.41],[-94.133,33.463],[-102.754,33.725],[-102.337,33.92],[-102.962,33.009],[-102.637,32.747],[-95.16,33.05],[-97.23,31.62],[-102.99,34.89],[-102.611,33.388],[-102.21,33.74],[-102.13,34.093],[-102.0,34.0],[-103.0,31.199],[-101.7,34.185],[-101.57,34.133],[-101.8,32.13],[-101.05,34.413],[-101.8,32.419],[-100.912,34.389],[-101.548,31.629],[-96.65,28.97],[-96.92,28.85],[-103.177,29.698],[-99.09,34.13],[-101.11,35.2],[-100.41,29.32],[-100.78,29.36],[-97.05,28.11],[-98.91,29.08],[-97.55,26.03],[-102.722,34.3],[-102.67,35.28],[-102.01,35.99],[-102.83,33.223],[-100.97,35.19],[-100.912,34.389],[-102.006,33.181],[-101.18,35.2],[-101.25,35.21],[-102.002,32.311],[-100.423,33.918],[-100.867,33.48],[-97.77,33.45],[-97.61,33.22],[-97.6,33.23],[-97.25,33.14],[-97.04,33.07],[-96.79,33.02],[-95.32,32.96],[-95.08,32.99],[-94.97,33.0],[-94.801,32.758],[-94.74,32.75],[-94.81,32.88],[-95.26,31.97],[-94.35,32.54],[-102.99,34.89],[-102.99,34.89],[-100.75,36.41],[-101.99,35.5],[-101.4,35.64],[-106.377,31.772],[-101.75,35.08],[-100.42,35.74],[-106.345,31.752],[-101.17,35.43],[-101.71,34.96],[-106.451,31.773],[-100.82,35.08],[-101.737,34.541],[-100.9,34.93],[-100.435,34.556],[-100.3,34.43],[-100.6,34.266],[-102.55,36.03],[-94.44,33.512],[-94.549,33.365],[-94.649,33.444],[-94.681,33.347],[-102.002,32.311],[-100.64,35.69],[-95.49,32.67],[-101.0,35.61],[-93.85,31.46],[-97.37,32.87],[-97.37,32.87],[-97.37,32.87],[-100.53,32.35],[-103.02,36.14],[-102.52,36.06],[-102.69,34.65],[-100.605,34.273],[-100.43,34.536],[-101.06,34.41],[-100.93,34.38],[-99.85,33.45],[-100.54,36.45],[-96.835,32.968],[-100.05,32.6],[-99.81,32.61],[-99.86,32.42],[-98.9,32.75],[-99.0,32.97],[-98.058,32.78],[-98.04,32.75],[-97.79,32.679],[-97.3,32.58],[-97.327,32.545],[-97.025,32.894],[-97.02,32.852],[-96.6,32.77],[-96.61,32.87],[-100.958,35.966],[-100.6,34.27],[-101.8,32.13],[-101.92,32.0],[-102.002,32.311],[-102.05,33.61],[-102.29,34.57],[-101.905,33.513],[-100.53,34.73],[-102.37,31.85],[-102.37,31.85],[-100.6,34.27],[-102.2,31.93],[-99.94,34.34],[-99.94,34.34],[-99.43,34.15],[-99.35,34.37],[-102.87,30.88],[-102.291,31.878],[-100.75,36.41],[-100.36,36.24],[-100.93,34.261],[-100.363,34.021],[-102.093,31.995],[-96.569,33.706],[-96.607,33.653],[-96.55,33.75],[-96.575,33.603],[-97.308,32.985],[-96.811,32.865],[-97.02,32.95],[-97.37,32.87],[-99.3,33.59],[-99.71,32.61],[-97.71,30.67],[-101.746,33.503],[-98.5,33.97],[-99.8,32.21],[-96.918,32.831],[-96.92,32.82],[-96.691,32.948],[-96.57,32.98],[-97.299,32.835],[-97.037,32.974],[-100.41,35.58],[-100.22,35.62],[-100.28,35.92],[-101.76,33.88],[-100.38,35.91],[-102.36,33.53],[-102.027,33.718],[-99.74,34.3],[-103.08,31.85],[-103.683,30.397],[-102.691,34.654],[-94.15,33.44],[-94.15,33.42],[-99.37,34.08],[-102.12,30.05],[-102.21,33.74],[-102.19,33.5],[-100.945,32.704],[-100.931,32.712],[-100.86,32.71],[-100.68,32.07],[-100.6,35.23],[-94.73,32.85],[-102.269,31.898],[-102.272,31.896],[-102.37,31.85],[-102.55,36.03],[-102.55,36.03],[-101.39,35.33],[-101.17,35.22],[-98.56,34.08],[-102.55,36.03],[-102.55,36.03],[-102.55,36.03],[-102.55,32.32],[-102.61,33.39],[-98.92,34.03],[-101.18,36.19],[-101.82,35.23],[-101.66,35.26],[-101.82,35.24],[-101.39,35.33],[-101.737,34.541],[-101.17,35.43],[-100.71,35.83],[-101.186,34.431],[-101.992,33.52],[-100.6,34.266],[-94.531,32.311],[-94.838,31.817],[-103.3,29.618],[-97.769,31.482],[-97.296,32.261],[-97.324,32.252],[-97.289,32.322],[-97.22,32.4],[-97.1,32.5],[-99.12,30.01],[-97.114,32.534],[-97.047,32.698],[-98.74,29.91],[-96.7,33.06],[-96.82,32.95],[-96.81,33.15],[-96.877,32.911],[-96.62,33.02],[-98.42,30.1],[-96.07,33.02],[-95.874,29.733],[-95.774,29.753],[-94.14,30.09],[-104.8,31.88],[-102.94,32.99],[-102.27,33.18],[-102.201,31.941],[-101.624,32.107],[-97.75,31.43],[-97.42,31.43],[-97.223,31.609],[-97.15,31.55],[-97.169,32.269],[-97.13,32.0],[-96.99,32.37],[-96.965,32.649],[-96.47,32.1],[-96.84,32.95],[-96.39,32.46],[-96.46,32.07],[-96.53,32.63],[-96.007,31.387],[-95.079,30.292],[-96.27,31.23],[-95.75,32.87],[-96.05,32.88],[-96.304,30.852],[-95.63,31.75],[-95.46,31.32],[-95.249,31.528],[-94.823,31.818],[-95.269,32.537],[-95.452,31.14],[-94.704,32.119],[-94.647,32.043],[-95.382,30.059],[-95.412,29.792],[-95.539,29.748],[-95.317,29.805],[-95.399,29.747],[-95.395,29.864],[-94.095,31.399],[-95.203,29.764],[-93.958,31.615],[-93.85,31.34],[-96.966,30.42],[-96.294,29.201],[-94.69,29.429],[-95.1,29.38],[-94.69,29.428],[-100.56,28.86],[-99.491,27.534],[-99.48,27.55],[-98.97,29.22],[-98.496,29.497],[-98.49,29.496],[-98.29,29.59],[-98.19,29.71],[-98.172,29.744],[-97.95,29.46],[-97.84,29.84],[-97.48,30.15],[-97.36,30.34],[-97.2,30.62],[-96.85,30.7],[-96.614,30.509],[-96.833,30.502],[-96.65,30.98],[-96.71,31.25],[-96.48,30.81],[-96.63,31.26],[-96.32,31.23],[-96.48,31.2],[-96.31,31.2],[-96.27,31.26],[-96.35,31.3],[-96.29,31.25],[-96.38,31.29],[-96.15,31.4],[-96.12,31.03],[-95.72,31.78],[-95.603,31.305],[-95.226,32.227],[-95.318,32.37],[-95.345,32.204],[-95.29,32.096],[-94.938,32.231],[-94.95,32.725],[-94.807,32.562],[-94.807,32.346],[-94.705,32.27],[-95.192,31.355],[-95.401,31.4],[-104.237,31.88],[-103.48,31.42],[-103.48,31.391],[-102.81,34.93],[-102.01,35.86],[-102.44,34.87],[-102.3,35.22],[-102.08,34.99],[-101.72,35.22],[-101.25,35.2],[-101.76,33.88],[-101.62,33.46],[-101.05,33.06],[-97.0,29.83],[-96.086,30.449],[-94.811,32.16],[-95.353,30.915],[-95.626,30.598],[-95.424,30.858],[-94.39,33.031],[-95.207,30.873],[-94.311,32.981],[-94.336,32.988],[-94.528,32.312],[-94.44,32.488],[-94.126,33.037],[-94.121,33.119],[-96.43,29.509],[-94.82,31.0],[-94.42,31.231],[-94.152,31.368],[-94.064,31.447],[-93.981,31.451],[-93.964,31.597],[-93.849,31.345],[-95.222,29.581],[-97.18,33.12],[-95.053,33.544],[-96.472,30.666],[-97.499,32.674],[-100.6,34.27],[-103.174,31.77],[-101.8,32.217],[-101.936,31.227],[-101.625,32.934],[-99.3,33.63],[-101.548,31.629],[-101.63,31.635],[-101.608,31.778],[-101.63,31.635],[-101.516,31.892],[-100.98,31.84],[-100.848,32.72],[-100.804,32.306],[-100.53,32.35],[-100.48,31.35],[-100.29,31.37],[-100.56,30.28],[-99.59,30.35],[-99.19,30.74],[-98.682,30.76],[-101.5,34.98],[-98.15,31.67],[-97.65,31.92],[-97.8,32.45],[-97.729,32.455],[-97.686,32.96],[-97.44,32.38],[-97.7,33.02],[-97.38,32.47],[-97.362,32.578],[-97.256,32.767],[-97.23,32.58],[-97.252,32.914],[-97.259,32.753],[-97.13,32.57],[-97.52,31.9],[-97.08,32.66],[-97.088,32.645],[-97.1,32.67],[-96.96,32.5],[-97.116,32.632],[-97.47,32.02],[-96.98,32.66],[-97.2,33.2],[-96.78,32.34],[-97.438,32.708],[-96.81,33.15],[-96.62,33.2],[-96.81,33.15],[-96.753,33.103],[-96.63,32.92],[-96.565,32.938],[-96.733,33.152],[-96.63,32.92],[-96.68,33.1],[-96.97,30.85],[-96.8,33.09],[-96.751,32.984],[-96.5,32.58],[-96.57,32.9],[-96.798,33.102],[-96.59,33.65],[-96.667,33.424],[-96.5,33.69],[-96.64,33.57],[-96.603,33.646],[-96.61,33.67],[-96.48,31.03],[-95.316,32.993],[-94.581,32.612],[-94.14,30.09],[-94.994,32.303],[-96.83,31.53],[-96.852,31.539],[-96.58,31.4],[-97.99,29.63],[-102.365,34.538],[-102.327,34.55],[-102.295,34.571],[-103.18,29.66],[-96.938,33.416],[-97.095,33.36],[-95.36,32.38],[-94.34,32.81],[-94.61,32.29],[-94.135,31.275],[-95.22,33.189],[-95.047,33.575],[-95.092,33.596],[-95.487,32.667],[-95.163,33.841],[-95.313,32.617],[-95.828,30.188],[-99.24,30.08],[-99.76,29.7],[-99.1,29.91],[-98.71,29.75],[-98.41,29.98],[-98.36,29.88],[-98.04,30.37],[-97.98,30.37],[-97.96,30.38],[-97.81,30.45],[-97.84,30.46],[-97.8,30.47],[-97.765,30.415],[-97.76,30.48],[-97.84,30.56],[-97.72,30.75],[-97.722,30.525],[-97.71,30.63],[-94.876,31.685],[-96.58,31.33],[-95.88,32.7],[-94.17,31.804],[-95.65,30.754],[-95.346,30.86],[-95.438,32.157],[-94.96,30.45],[-95.18,31.36],[-94.339,32.16],[-94.62,31.6],[-95.226,30.563],[-94.951,32.561],[-99.94,34.34],[-99.49,32.44],[-95.465,32.507],[-96.331,31.509],[-96.4,31.43],[-94.974,32.554],[-94.957,32.561],[-94.949,32.565],[-94.937,32.55],[-94.894,32.554],[-95.07,31.659],[-95.441,31.303],[-95.227,31.782],[-94.721,31.765],[-95.128,31.614],[-94.68,31.815],[-95.672,33.058],[-94.399,31.908],[-94.378,31.869],[-95.145,32.074],[-95.904,30.946],[-101.664,35.82],[-101.504,35.95],[-101.17,33.53],[-101.38,36.01],[-101.19,36.02],[-101.09,36.19],[-100.24,35.41],[-100.17,35.44],[-100.4,33.18],[-100.651,33.151],[-99.762,33.18],[-100.82,32.319],[-99.05,33.01],[-98.73,32.87],[-100.38,32.692],[-98.56,34.09],[-97.8,32.49],[-98.18,31.07],[-99.223,28.458],[-93.98,30.72],[-96.215,30.465],[-99.502,27.595],[-99.461,27.551],[-99.39,27.51],[-99.44,27.5],[-99.44,27.5],[-99.44,27.53],[-95.549,29.601],[-103.768,31.707],[-99.73,32.45],[-103.2,31.78],[-102.291,31.878],[-102.152,31.939],[-98.21,34.04],[-101.63,31.635],[-98.04,33.81],[-100.29,31.37],[-97.57,33.53],[-97.4,33.37],[-97.25,33.27],[-99.97,32.24],[-99.82,29.16],[-97.66,30.49],[-97.37,30.35],[-97.34,30.35],[-96.93,30.18],[-96.93,30.17],[-96.79,30.01],[-96.547,29.871],[-97.91,28.551],[-95.979,29.679],[-94.966,30.726],[-95.92,29.5],[-95.838,29.403],[-95.81,29.52],[-97.569,28.129],[-95.459,29.503],[-97.678,28.03],[-97.39,27.98],[-97.37,27.98],[-99.73,32.45],[-97.059,28.027],[-97.398,33.346],[-97.2,33.2],[-96.617,33.671],[-94.945,32.54],[-94.862,32.558],[-94.76,32.52],[-94.529,32.484],[-94.505,32.488],[-94.517,32.514],[-94.867,32.385],[-94.431,32.311],[-94.342,32.401],[-95.15,31.8],[-94.34,32.173],[-94.39,32.136],[-96.78,31.21],[-96.65,30.98],[-96.65,30.98],[-97.68,30.45],[-96.59,30.89],[-98.74,29.85],[-97.69,30.29],[-97.61,30.37],[-97.593,30.495],[-98.7,29.95],[-96.6,30.88],[-97.53,30.36],[-95.144,31.391],[-94.755,31.372],[-96.37,30.67],[-96.467,30.671],[-98.43,29.85],[-97.84,29.86],[-98.24,27.76],[-98.04,27.74],[-98.04,27.74],[-97.486,27.832],[-97.221,27.583],[-98.33,29.27],[-98.16,29.13],[-97.388,30.025],[-102.7,36.14],[-101.17,35.6],[-95.34,32.14],[-95.36,32.17],[-95.3,32.12],[-94.78,32.12],[-94.4,31.91],[-94.44,31.91],[-94.42,31.87],[-94.08,31.76],[-94.65,31.62],[-94.72,31.27],[-94.68,31.31],[-100.28,34.43],[-94.34,31.51],[-93.84,31.3],[-94.794,30.02],[-103.0,31.17],[-102.9,31.58],[-102.32,31.971],[-102.37,31.85],[-102.37,31.85],[-102.08,32.0],[-102.199,31.939],[-102.189,31.942],[-102.14,32.051],[-101.57,34.128],[-101.317,34.007],[-100.518,34.73],[-101.926,32.709],[-102.37,31.85],[-102.344,31.899],[-102.394,31.922],[-101.047,32.48],[-101.054,32.501],[-102.002,32.311],[-101.174,32.628],[-101.02,32.422],[-102.36,33.58],[-103.493,31.393],[-100.44,34.49],[-100.42,34.55],[-100.28,34.43],[-100.2,34.46],[-100.6,34.27],[-100.848,32.72],[-100.41,32.47],[-100.01,32.47],[-99.86,32.42],[-99.4,31.84],[-101.95,36.12],[-101.96,36.12],[-102.705,34.651],[-102.27,35.51],[-102.705,34.651],[-102.5,34.79],[-100.75,36.41],[-101.81,36.24],[-101.81,36.28],[-101.81,36.49],[-101.48,36.06],[-102.962,33.009],[-100.218,33.078],[-100.193,32.88],[-100.696,32.4],[-102.516,32.32],[-100.715,32.412],[-102.105,32.036],[-102.106,32.029],[-100.85,32.4],[-102.2,31.93],[-102.159,32.028],[-100.153,32.493],[-100.14,32.5],[-101.926,32.709],[-100.25,32.04],[-103.488,31.424],[-100.3,31.89],[-101.548,31.629],[-100.51,31.54],[-100.45,31.45],[-100.81,31.3],[-100.55,31.58],[-100.27,31.37],[-100.513,31.191],[-100.6,30.87],[-95.05,33.61],[-96.28,32.73],[-95.18,32.29],[-106.071,31.849],[-102.63,36.14],[-102.55,36.03],[-102.42,35.24],[-102.43,35.25],[-102.24,35.19],[-102.2,35.04],[-102.33,34.86],[-101.19,35.03],[-101.82,33.67],[-102.28,33.151],[-101.83,32.984],[-101.516,33.081],[-100.22,33.14],[-99.29,34.22],[-100.22,33.14],[-96.92,33.58],[-96.7,33.76],[-102.32,33.92],[-100.53,32.35],[-98.292,30.578],[-95.964,30.657],[-97.415,27.771],[-97.38,27.75],[-97.47,29.19],[-97.321,27.711],[-97.66,27.8],[-97.398,28.666],[-100.55,31.16],[-99.25,29.78],[-99.18,29.36],[-97.049,28.072],[-98.97,29.19],[-97.67,27.67],[-97.78,26.494],[-97.5,26.22],[-97.35,26.17],[-97.26,26.08],[-104.8,31.88],[-100.3,31.36],[-100.29,31.37],[-101.82,35.41],[-101.72,35.22],[-101.8,35.16],[-101.86,35.14],[-101.8,35.08],[-101.8,35.11],[-101.8,35.11],[-101.85,35.07],[-101.92,35.02],[-101.87,34.98],[-101.92,34.98],[-101.753,34.535],[-101.76,33.88],[-101.17,33.53],[-98.24,30.55],[-97.75,30.42],[-97.001,28.798],[-97.332,29.305],[-97.004,28.802],[-97.432,28.87],[-97.276,28.756],[-103.0,31.199],[-102.2,31.94],[-101.37,33.2],[-101.52,33.08],[-102.357,31.396],[-98.42,30.28],[-95.48,32.13],[-95.55,32.09],[-98.69,33.81],[-98.697,34.05],[-95.808,33.713],[-95.457,33.636],[-96.5,33.18],[-97.84,30.56],[-101.4,35.7],[-101.39,35.65],[-101.4,35.7],[-102.33,34.86],[-101.49,30.71],[-101.99,35.27],[-101.83,35.2],[-101.84,35.2],[-105.201,31.902],[-101.93,35.42],[-101.93,35.42],[-98.26,29.84],[-98.27,29.84],[-98.32,29.54],[-101.92,33.32],[-99.67,33.34],[-99.68,32.43],[-95.36,32.36],[-94.98,32.2],[-94.89,32.21],[-94.42,32.72],[-94.07,32.48],[-103.88,30.696],[-101.841,33.832],[-102.21,33.74],[-102.79,36.14],[-100.27,36.23],[-102.45,34.93],[-102.29,34.57],[-100.38,35.91],[-100.45,35.96],[-100.46,35.97],[-101.87,34.98],[-100.28,35.92],[-101.33,34.0],[-101.17,33.53],[-100.88,33.48],[-97.87,33.59],[-101.62,33.46],[-102.99,34.89],[-102.87,34.83],[-100.45,31.49],[-100.44,31.47],[-100.51,31.42],[-102.69,34.65],[-102.42,34.84],[-102.4,34.82],[-102.42,34.84],[-102.29,34.57],[-102.31,34.23],[-102.11,34.42],[-102.12,34.09],[-102.237,31.117],[-102.61,33.39],[-101.57,34.13],[-101.58,35.64],[-101.78,33.21],[-102.637,32.747],[-101.8,35.11],[-101.88,34.94],[-103.186,31.781],[-100.848,32.72],[-98.51,33.89],[-98.51,33.95],[-95.429,31.309],[-95.23,33.184],[-96.59,33.182],[-96.68,33.1],[-94.345,32.668],[-94.575,32.676],[-97.96,30.31],[-94.797,32.219],[-94.05,31.765],[-94.04,31.962],[-94.941,31.419],[-94.769,30.452],[-95.261,32.4],[-98.99,31.71],[-97.38,32.706],[-97.377,32.708],[-97.45,32.68],[-97.418,32.72],[-97.372,32.717],[-94.703,32.504],[-100.41,32.47],[-102.94,36.32],[-102.62,36.14],[-102.66,36.06],[-102.52,36.06],[-102.55,36.03],[-102.55,36.03],[-102.27,35.53],[-102.4,35.89],[-101.72,35.22],[-102.43,34.83],[-100.9,34.39],[-102.55,36.03],[-102.42,35.24],[-100.742,32.853],[-101.624,32.107],[-99.68,34.25],[-101.948,32.06],[-99.52,32.01],[-100.29,31.37],[-101.69,30.66],[-101.79,35.07],[-100.8,36.15],[-98.2,33.55],[-100.985,34.372],[-101.57,34.13],[-101.74,34.54],[-102.375,33.533],[-101.88,33.58],[-101.78,33.21],[-102.2,31.93],[-102.472,31.85],[-106.503,31.771],[-94.641,31.399],[-102.44,36.06],[-102.55,36.03],[-102.14,35.75],[-102.27,35.53],[-97.19,29.0],[-97.2,28.97],[-100.9,29.37],[-101.17,35.57],[-101.0,35.61],[-101.33,35.1],[-99.67,33.32],[-100.81,31.3],[-97.53,32.9],[-97.6,32.7],[-97.6,32.73],[-97.65,32.75],[-97.79,32.74],[-97.53,32.45],[-103.186,31.781],[-103.15,31.75],[-95.81,30.67],[-102.61,33.39],[-101.16,35.22],[-100.6,34.27],[-101.94,33.69],[-101.38,33.68],[-101.33,34.0],[-101.398,32.759],[-101.47,32.322],[-98.58,33.84],[-98.53,34.05],[-98.54,33.81],[-98.54,33.81],[-98.19,33.42],[-98.15,33.45],[-98.05,33.309],[-100.73,31.41],[-99.3,32.73],[-100.81,31.3],[-99.75,32.13],[-99.26,33.6],[-105.198,31.935],[-103.9,31.82],[-102.55,32.204],[-105.916,31.335],[-99.86,32.42],[-99.87,32.45],[-99.73,32.45],[-100.47,29.12],[-94.53,31.504],[-102.23,31.13],[-101.901,32.026],[-96.34,32.04],[-96.463,31.616],[-94.8,32.136],[-94.876,32.361],[-94.865,32.365],[-94.215,32.269],[-94.17,32.309],[-94.092,32.359],[-94.892,31.631],[-100.03,31.81],[-99.95,31.85],[-94.691,33.124],[-94.513,33.35],[-98.33,29.67],[-94.933,32.251],[-94.84,31.854],[-94.784,32.076],[-94.806,32.091],[-94.702,31.963],[-95.55,30.71],[-94.717,32.213],[-94.267,32.094],[-94.111,32.498],[-94.091,31.769],[-95.411,29.823],[-95.17,29.71],[-95.179,29.665],[-95.87,28.963],[-95.87,28.963],[-95.095,29.553],[-94.803,29.829],[-95.163,29.528],[-94.92,29.408],[-94.82,29.28],[-102.83,33.223],[-102.15,33.507],[-102.09,33.59],[-101.829,33.56],[-101.17,33.53],[-101.8,35.11],[-102.321,31.885],[-96.85,32.85],[-101.63,31.635],[-100.78,29.37],[-100.47,29.36],[-96.13,32.86],[-96.11,32.9],[-95.8,33.06],[-96.28,32.73],[-96.32,32.7],[-95.233,33.182],[-97.44,32.77],[-97.29,32.58],[-95.057,33.705],[-102.375,31.888],[-101.506,32.219],[-101.18,33.06],[-100.918,32.709],[-100.54,32.36],[-100.55,32.85],[-99.73,32.45],[-99.81,33.43],[-99.66,33.35],[-99.5,32.4],[-98.57,33.82],[-98.51,33.89],[-98.51,33.89],[-95.387,32.471],[-95.368,32.487],[-95.236,32.38],[-95.11,32.277],[-95.06,32.307],[-95.083,32.991],[-94.965,32.997],[-95.078,32.836],[-94.8,32.16],[-94.809,33.045],[-94.731,32.943],[-94.709,33.043],[-94.26,33.359],[-96.3,30.89],[-96.26,30.78],[-96.38,30.8],[-94.091,33.145],[-96.32,30.62],[-95.93,30.9],[-95.75,31.03],[-94.393,32.469],[-94.366,32.764],[-94.697,31.589],[-95.64,30.4],[-93.834,31.35],[-95.37,29.78],[-95.47,29.7],[-104.8,31.88],[-95.001,33.177],[-94.421,33.46],[-94.291,33.469],[-95.174,29.62],[-95.299,32.964],[-95.305,32.96],[-94.951,33.194],[-95.035,33.263],[-95.074,33.216],[-94.94,32.12],[-95.45,33.63],[-94.481,32.522],[-98.01,28.95],[-97.92,28.98],[-98.68,31.2],[-94.965,33.16],[-94.559,32.733],[-94.582,32.735],[-95.102,32.753],[-95.122,32.76],[-95.11,32.679],[-94.81,32.534],[-97.61,30.81],[-97.61,30.83],[-97.819,30.628],[-97.82,30.62],[-95.561,30.785],[-97.43,29.46],[-95.56,30.79],[-96.47,30.49],[-95.13,30.82],[-95.911,30.34],[-94.97,30.82],[-98.58,34.09],[-98.81,33.86],[-98.0,33.32],[-97.4,32.97],[-95.55,30.71],[-95.18,30.77],[-99.22,28.45],[-99.22,28.45],[-97.761,28.435],[-97.678,27.798],[-97.588,27.842],[-97.394,27.802],[-96.71,28.41],[-95.62,29.07],[-95.7,29.05],[-94.789,29.298],[-94.167,32.306],[-94.779,33.546],[-101.317,34.007],[-96.47,32.1],[-97.748,30.413],[-95.381,32.415],[-95.377,32.413],[-95.377,32.414],[-95.363,32.419],[-95.364,32.414],[-94.947,32.45],[-95.025,32.859],[-94.926,32.459],[-94.823,32.203],[-94.818,32.241],[-94.87,32.171],[-94.815,32.209],[-94.864,32.543],[-97.29,30.11],[-94.78,32.633],[-94.648,32.046],[-94.32,32.542],[-94.353,32.757],[-95.47,30.315],[-96.569,28.582],[-97.392,27.804],[-96.403,28.446],[-97.07,28.04],[-97.289,27.694],[-97.055,27.831],[-100.3,31.89],[-98.82,26.38],[-102.295,34.571],[-94.97,32.255],[-94.73,31.79],[-94.494,31.823],[-94.505,31.847],[-94.494,31.825],[-94.057,32.473],[-94.807,31.808],[-95.311,29.782],[-95.249,29.644],[-95.249,29.646],[-95.282,29.637],[-94.454,33.108],[-95.239,33.379],[-94.415,32.983],[-94.971,33.18],[-94.341,32.753],[-95.258,32.175],[-94.601,31.284],[-94.69,31.343],[-100.65,36.13],[-100.36,36.16],[-100.41,34.51],[-100.8,34.641],[-100.41,34.51],[-100.3,34.43],[-100.34,35.08],[-100.39,35.08],[-100.45,31.45],[-100.52,31.42],[-100.45,31.45],[-100.52,31.38],[-100.45,31.45],[-100.99,31.98],[-101.05,31.82],[-98.02,31.12],[-101.368,33.67],[-98.07,30.77],[-98.08,30.76],[-100.52,31.38],[-100.45,31.45],[-100.45,31.45],[-100.303,31.37],[-100.29,31.37],[-98.07,30.42],[-99.93,31.14],[-99.93,31.14],[-102.295,34.571],[-102.41,34.426],[-99.79,30.92],[-99.81,30.93],[-102.12,34.423],[-98.43,30.1],[-99.58,30.68],[-101.915,34.18],[-101.48,34.65],[-101.47,36.15],[-101.47,36.15],[-101.317,34.007],[-100.932,34.379],[-99.46,29.33],[-100.28,35.44],[-100.28,35.92],[-101.163,31.299],[-101.17,31.13],[-101.5,34.65],[-101.57,34.13],[-101.37,33.2],[-100.6,34.27],[-100.935,32.922],[-100.778,32.822],[-99.78,32.68],[-99.73,33.98],[-99.72,33.98],[-98.49,33.97],[-102.4,34.02],[-98.91,29.14],[-98.187,28.464],[-106.554,31.812],[-106.541,31.815],[-106.42,31.87],[-96.15,29.89],[-96.09,29.8],[-95.152,33.026],[-103.67,30.37],[-99.79,32.4],[-99.73,32.45],[-95.303,32.414],[-99.94,34.34],[-98.61,31.93],[-98.99,31.71],[-98.79,31.68],[-99.8,32.94],[-99.55,32.42],[-94.265,31.148],[-94.429,29.822],[-95.2,29.79],[-95.387,29.556],[-95.427,29.28],[-95.44,29.17],[-95.463,29.116],[-101.17,35.57],[-101.18,35.58],[-100.99,35.52],[-100.8,35.44],[-100.33,36.45],[-101.91,36.43],[-101.14,36.24],[-100.87,36.37],[-100.74,36.44],[-100.23,36.25],[-100.14,36.17],[-100.193,33.181],[-99.93,32.79],[-99.42,34.35],[-99.29,34.2],[-99.73,33.16],[-99.74,33.17],[-99.72,32.92],[-99.8,32.94],[-99.237,34.15],[-99.11,34.161],[-99.19,33.17],[-98.218,33.66],[-100.55,32.85],[-102.55,32.93],[-101.626,33.45],[-100.49,31.37],[-97.51,32.43],[-95.638,32.789],[-99.75,29.74],[-98.0,30.23],[-98.44,29.73],[-97.77,30.3],[-99.85,29.77],[-100.539,34.715],[-100.54,34.73],[-95.058,32.224],[-101.17,33.53],[-99.66,33.35],[-102.55,36.03],[-102.01,35.86],[-102.08,34.99],[-100.28,35.92],[-100.28,35.92],[-98.65,29.51],[-98.64,29.52],[-102.76,35.25],[-102.37,33.522],[-102.546,34.18],[-103.07,31.255],[-101.516,33.081],[-100.284,34.428],[-102.4,35.96],[-101.93,35.42],[-101.82,36.33],[-101.93,35.42],[-101.47,36.06],[-102.705,34.651],[-101.44,35.82],[-100.66,35.78],[-101.18,35.43],[-101.45,35.88],[-101.45,35.84],[-101.17,35.57],[-101.17,35.57],[-100.96,35.55],[-100.98,35.55],[-100.93,35.54],[-100.87,35.67],[-100.72,35.37],[-100.73,35.27],[-100.57,35.24],[-100.57,35.24],[-100.28,35.44],[-100.54,31.52],[-100.27,31.37],[-99.05,33.01],[-100.75,36.41],[-101.19,36.34],[-100.75,36.41],[-100.54,36.46],[-101.62,35.65],[-101.82,35.41],[-101.91,35.12],[-101.82,35.2],[-101.92,35.02],[-100.28,35.92],[-102.08,34.99],[-100.2,34.85],[-99.36,34.37],[-98.5,33.98],[-98.49,33.87],[-102.01,35.86],[-101.19,35.03],[-101.11,35.2],[-101.11,33.049],[-101.167,33.53],[-100.61,35.26],[-100.36,36.23],[-102.01,36.06],[-100.92,36.2],[-100.65,36.21],[-101.38,33.67],[-101.25,33.67],[-101.17,33.53],[-101.398,32.759],[-101.391,32.631],[-106.421,31.896],[-95.138,30.612],[-95.122,30.654],[-104.8,31.822],[-104.8,31.88],[-95.536,30.713],[-102.2,31.93],[-103.198,31.791],[-103.528,31.379],[-102.65,32.72],[-102.637,32.747],[-102.562,32.92],[-102.13,32.92],[-102.92,30.92],[-102.92,30.92],[-102.004,33.02],[-97.57,30.52],[-97.59,30.47],[-97.62,30.44],[-97.86,30.54],[-97.81,30.46],[-97.9,30.43],[-97.75,30.42],[-97.63,30.29],[-100.27,31.37],[-94.708,31.581],[-94.662,31.6],[-95.168,32.411],[-95.134,32.35],[-95.144,32.346],[-101.57,34.133],[-101.416,33.908],[-96.99,32.88],[-100.5,31.36],[-95.102,33.506],[-97.18,33.22],[-100.057,34.38],[-99.95,33.8],[-99.59,33.98],[-99.66,33.35],[-99.82,33.42],[-99.58,33.46],[-99.74,33.17],[-99.66,33.35],[-99.67,33.32],[-99.72,32.92],[-99.83,32.61],[-99.83,32.61],[-102.4,35.88],[-100.92,32.68],[-100.88,32.688],[-100.911,32.451],[-100.911,32.451],[-100.66,32.37],[-102.51,36.06],[-102.705,34.651],[-102.295,34.571],[-101.839,34.741],[-94.995,29.513],[-95.051,32.71],[-95.324,32.139],[-95.297,32.288],[-100.93,35.54],[-100.96,35.55],[-101.5,34.98],[-100.54,36.45],[-100.54,36.45],[-100.89,34.94],[-100.89,34.94],[-100.96,34.94],[-100.82,34.94],[-101.186,34.431],[-100.97,36.32],[-100.8,34.641],[-99.35,34.37],[-99.3,33.62],[-94.718,31.395],[-95.317,29.73],[-104.8,31.88],[-102.592,32.915],[-97.86,33.33],[-99.71,33.98],[-102.962,33.009],[-102.562,32.92],[-94.097,33.36],[-94.15,33.154],[-94.811,32.534],[-94.862,32.519],[-94.781,32.498],[-94.863,32.392],[-98.46,30.65],[-94.831,31.896],[-94.656,31.934],[-95.58,31.409],[-93.78,31.424],[-94.751,30.329],[-94.35,32.736],[-94.361,33.003],[-95.482,32.562],[-95.441,32.796],[-95.571,32.931],[-98.49,28.97],[-98.23,34.02],[-94.165,33.114],[-95.094,29.876],[-94.931,31.484],[-94.778,31.331],[-94.808,31.432],[-94.484,31.564],[-94.352,31.499],[-94.371,32.017],[-94.243,32.598],[-94.058,32.555],[-102.295,34.571],[-101.74,34.54],[-102.69,34.65],[-101.45,35.84],[-101.82,36.02],[-105.2,31.948],[-97.15,33.22],[-102.74,34.21],[-102.55,36.03],[-99.71,32.44],[-102.4,34.02],[-102.27,33.87],[-102.5,31.83],[-102.38,32.015],[-102.291,31.878],[-101.81,35.34],[-101.88,35.31],[-101.88,35.3],[-101.95,35.26],[-102.03,35.12],[-102.14,35.13],[-102.06,34.97],[-101.926,32.751],[-95.48,30.319],[-98.56,34.09],[-102.05,35.19],[-101.9,34.95],[-97.32,32.53],[-97.8,32.45],[-98.45,29.74],[-98.15,29.72],[-98.058,29.749],[-96.33,30.58],[-94.88,32.044],[-94.81,32.118],[-94.423,32.166],[-94.416,32.157],[-94.403,32.161],[-94.562,32.142],[-94.366,32.199],[-94.43,32.213],[-94.345,32.217],[-94.166,32.3],[-94.163,32.331],[-94.09,32.359],[-94.116,32.342],[-94.068,32.368],[-94.062,32.269],[-94.065,32.386],[-94.503,32.176],[-94.056,32.371],[-96.874,32.508],[-96.75,32.6],[-95.53,33.65],[-96.0,32.78],[-95.272,33.563],[-95.88,32.71],[-97.191,33.357],[-98.1,32.8],[-96.781,33.821],[-95.507,32.968],[-95.631,32.801],[-96.67,33.75],[-97.61,32.87],[-98.564,31.962],[-97.38,32.78],[-97.27,32.8],[-97.34,32.79],[-97.08,32.93],[-97.02,32.95],[-98.15,31.7],[-96.98,32.75],[-95.274,33.807],[-95.045,33.599],[-96.63,32.33],[-97.429,26.084],[-97.165,26.094],[-96.23,32.13],[-95.572,32.931],[-94.732,33.178],[-95.08,32.81],[-94.741,32.82],[-94.371,33.121],[-94.329,33.11],[-94.17,33.115],[-95.388,32.15],[-95.124,32.145],[-95.023,32.157],[-94.312,32.163],[-94.369,32.128],[-95.4,30.076],[-95.18,30.18],[-94.282,31.71],[-95.064,31.59],[-98.68,32.45],[-97.217,33.151],[-100.43,35.52],[-96.009,32.709],[-104.773,31.067],[-103.497,31.42],[-104.02,30.32],[-103.514,31.42],[-104.004,30.314],[-102.356,31.413],[-104.22,31.823],[-102.87,30.88],[-101.996,32.794],[-101.83,32.98],[-101.83,32.98],[-101.47,32.25],[-102.068,31.999],[-101.63,31.635],[-100.47,32.47],[-100.51,32.45],[-100.49,32.45],[-100.48,33.57],[-100.65,31.82],[-100.5,32.45],[-99.97,31.68],[-100.44,31.49],[-99.8,32.94],[-99.95,32.75],[-99.19,33.17],[-98.1,32.8],[-97.715,32.378],[-97.72,32.38],[-97.85,33.57],[-97.34,32.75],[-97.334,32.811],[-97.4,32.35],[-97.18,33.37],[-97.34,32.75],[-97.214,32.847],[-97.301,32.626],[-96.932,32.943],[-97.12,32.05],[-96.83,32.97],[-96.75,33.45],[-96.57,33.63],[-96.88,32.18],[-96.889,32.176],[-96.744,32.995],[-96.78,32.77],[-96.527,32.897],[-96.66,31.94],[-96.25,33.38],[-96.17,32.82],[-96.0,32.44],[-96.31,32.14],[-95.379,32.493],[-95.301,32.293],[-94.94,32.729],[-94.754,32.71],[-94.978,32.278],[-94.612,32.821],[-94.862,32.371],[-94.714,32.391],[-94.798,32.162],[-94.374,32.527],[-102.99,34.89],[-102.43,34.83],[-101.93,35.17],[-95.708,33.102],[-95.158,32.865],[-94.95,32.73],[-102.69,34.65],[-102.74,34.21],[-102.56,34.19],[-102.11,34.42],[-101.74,34.54],[-101.5,34.65],[-102.36,33.53],[-101.71,34.18],[-101.72,34.16],[-102.19,33.73],[-101.19,34.45],[-101.26,34.24],[-101.19,34.45],[-101.76,33.88],[-101.82,33.67],[-102.27,33.15],[-101.06,34.41],[-100.81,34.65],[-100.6,34.27],[-100.28,34.43],[-101.17,33.53],[-100.2,34.46],[-101.17,33.53],[-100.13,33.9],[-95.909,32.928],[-96.04,32.407],[-94.979,33.011],[-94.255,33.144],[-94.297,33.151],[-94.237,32.517],[-94.148,32.536],[-98.72,29.61],[-97.665,32.728],[-98.55,28.92],[-96.52,31.53],[-96.1,30.81],[-94.926,32.334],[-95.381,30.939],[-94.98,31.387],[-94.873,31.445],[-94.796,31.446],[-94.888,31.644],[-94.74,31.314],[-94.841,31.765],[-94.423,31.953],[-94.075,31.764],[-93.986,31.231],[-93.838,31.351],[-97.45,33.78],[-98.55,32.12],[-98.98,31.71],[-99.84,29.62],[-98.17,31.3],[-99.85,28.94],[-97.209,33.2],[-97.197,33.201],[-97.19,31.58],[-97.15,31.55],[-96.586,32.37],[-96.7,30.53],[-96.678,30.554],[-96.27,31.23],[-96.113,31.028],[-97.58,29.34],[-97.61,28.92],[-96.282,30.604],[-96.511,30.109],[-95.685,31.556],[-98.48,28.96],[-95.658,31.765],[-95.855,30.542],[-95.47,32.3],[-95.404,32.026],[-95.346,32.282],[-95.043,31.811],[-95.017,31.979],[-94.944,32.136],[-94.93,32.264],[-94.816,32.152],[-94.516,32.312],[-94.8,30.05],[-94.64,30.12],[-106.423,31.901],[-100.3,34.01],[-98.82,32.4],[-98.799,32.403],[-100.25,32.05],[-99.96,32.02],[-99.619,31.989],[-97.36,32.821],[-97.37,32.87],[-97.299,32.835],[-97.13,32.85],[-97.041,32.9],[-97.04,32.9],[-98.2,32.16],[-97.84,30.56],[-97.69,30.62],[-97.69,30.61],[-97.87,30.59],[-97.91,30.57],[-98.121,28.335],[-97.5,28.98],[-100.57,33.23],[-96.39,33.708],[-101.5,35.63],[-99.72,32.92],[-96.26,30.9],[-95.54,29.57],[-100.5,28.71],[-99.17,29.36],[-98.67,29.44],[-98.25,27.74],[-98.344,29.509],[-97.79,28.36],[-97.75,27.64],[-97.151,28.786],[-97.156,28.825],[-97.81,26.24],[-97.737,26.219],[-96.51,29.04],[-96.28,29.2],[-95.66,28.84],[-95.65,28.85],[-95.3,29.0],[-95.54,29.57],[-95.46,29.7],[-96.32,30.76],[-95.39,29.77],[-95.42,29.72],[-95.05,29.44],[-95.646,30.323],[-94.96,29.41],[-95.06,29.81],[-94.67,29.44],[-94.671,31.163],[-94.676,31.422],[-94.415,31.533],[-94.02,29.95],[-93.92,29.93],[-98.169,26.073],[-98.13,26.22],[-99.18,33.18],[-95.067,33.611],[-97.04,32.92],[-96.08,33.07],[-95.62,33.156],[-96.42,32.25],[-96.55,32.28],[-96.18,32.63],[-96.11,32.66],[-95.88,32.7],[-95.88,32.92],[-95.58,32.08],[-94.295,33.373],[-94.512,32.316],[-94.407,32.494],[-94.854,31.743],[-94.81,31.976],[-94.08,31.762],[-93.984,31.241],[-100.55,28.86],[-100.51,28.78],[-101.21,36.15],[-101.92,33.32],[-101.934,33.414],[-101.317,34.007],[-101.709,31.889],[-100.56,32.53],[-102.273,31.901],[-102.273,31.901],[-99.246,33.593],[-101.22,32.91],[-101.469,32.256],[-101.33,33.98],[-101.387,35.337],[-101.57,34.133],[-100.85,33.9],[-101.63,31.635],[-102.83,33.18],[-100.75,36.41],[-100.22,35.46],[-100.2,35.45],[-100.19,35.44],[-101.068,34.413],[-101.068,34.413],[-101.41,36.26],[-101.05,36.3],[-100.8,36.42],[-100.66,35.79],[-100.8,35.44],[-100.26,36.01],[-99.73,32.46],[-97.624,32.793],[-97.25,33.24],[-97.353,32.948],[-97.37,32.87],[-94.885,33.48],[-94.881,33.478],[-94.637,33.517],[-94.618,33.506],[-94.408,33.509],[-97.31,30.11],[-99.93,30.12],[-98.57,29.04],[-100.95,32.7],[-100.47,32.46],[-100.4,32.47],[-103.258,30.209],[-103.249,30.202],[-94.582,33.504],[-95.267,32.307],[-94.848,32.152],[-94.967,32.256],[-95.231,31.543],[-95.392,31.414],[-95.37,30.94],[-94.801,31.412],[-94.648,32.046],[-94.574,31.792],[-98.975,27.466],[-98.41,27.6],[-98.41,27.6],[-98.42,27.59],[-98.41,27.6],[-97.907,27.95],[-97.51,28.03],[-96.103,30.031],[-96.53,29.62],[-95.41,30.074],[-95.197,30.047],[-103.068,31.256],[-98.08,30.22],[-100.4,32.46],[-99.66,29.45],[-98.47,29.79],[-99.47,29.32],[-98.14,29.57],[-97.298,30.197],[-97.304,30.201],[-96.94,30.26],[-95.376,29.582],[-101.74,34.54],[-101.78,33.21],[-101.78,33.21],[-101.83,32.98],[-101.27,36.03],[-101.766,32.72],[-100.74,35.77],[-97.877,27.405],[-97.863,27.531],[-102.705,34.651],[-102.637,32.747],[-95.792,32.409],[-100.67,35.23],[-100.32,32.09],[-101.05,34.41],[-99.68,32.34],[-99.34,31.15],[-100.5,31.37],[-97.68,30.51],[-97.21,30.49],[-96.59,30.928],[-94.869,32.384],[-94.765,32.294],[-94.803,32.135],[-94.363,32.531],[-94.842,31.305],[-94.726,31.28],[-97.43,29.5],[-95.908,29.458],[-97.824,28.642],[-95.157,30.001],[-97.399,28.687],[-97.39,28.67],[-95.09,29.49],[-95.042,29.463],[-94.06,30.06],[-97.776,26.526],[-103.142,29.597],[-101.36,34.96],[-101.19,35.03],[-101.57,35.18],[-100.9,35.24],[-100.57,35.24],[-100.21,34.85],[-99.94,34.34],[-101.96,35.94],[-101.4,35.7],[-101.45,35.84],[-101.18,36.36],[-100.88,35.67],[-100.75,36.41],[-97.45,32.77],[-97.502,33.008],[-97.541,33.0],[-97.369,32.888],[-97.456,32.771],[-97.325,32.921],[-97.388,32.809],[-97.307,32.8],[-97.315,32.978],[-97.236,32.867],[-97.416,32.705],[-97.265,32.944],[-97.191,32.693],[-97.113,32.844],[-97.117,32.764],[-97.109,32.744],[-97.068,32.75],[-97.35,32.895],[-97.27,32.8],[-97.156,32.703],[-97.288,32.923],[-96.151,32.332],[-96.02,32.17],[-97.0,30.65],[-96.28,30.58],[-96.307,30.682],[-96.363,30.591],[-96.335,30.717],[-96.337,30.618],[-95.886,30.614],[-99.32,30.19],[-98.714,29.805],[-98.23,29.57],[-98.27,29.52],[-98.27,29.52],[-102.295,34.571],[-102.28,33.151],[-102.99,34.89],[-102.06,33.42],[-101.72,34.17],[-98.82,32.42],[-102.898,30.907],[-103.243,30.129],[-100.787,32.599],[-101.47,35.81],[-101.55,35.71],[-100.38,32.75],[-101.62,35.65],[-101.46,35.64],[-101.4,35.7],[-101.36,35.69],[-99.9,32.76],[-99.73,32.97],[-101.165,33.525],[-100.98,35.3],[-100.85,33.943],[-100.9,35.24],[-100.137,33.903],[-100.67,33.35],[-100.2,34.86],[-94.971,32.998],[-94.927,32.709],[-94.684,32.883],[-94.752,32.555],[-94.36,32.547],[-94.351,32.549],[-94.5,32.321],[-94.465,32.229],[-94.314,32.162],[-95.93,33.06],[-95.301,32.95],[-95.268,33.074],[-99.96,31.96],[-95.227,32.924],[-95.08,32.964],[-94.962,32.957],[-95.282,33.208],[-95.695,33.276],[-97.22,31.61],[-97.5,31.17],[-94.173,32.669],[-96.349,32.15],[-96.614,31.819],[-95.62,33.156],[-97.47,31.07],[-95.491,32.665],[-94.944,32.232],[-93.869,31.761],[-101.19,35.03],[-102.793,30.763],[-101.442,32.77],[-101.503,33.083],[-101.223,32.944],[-101.368,33.19],[-100.92,29.37],[-100.93,29.4],[-100.919,29.41],[-100.78,29.36],[-100.28,35.92],[-98.51,33.98],[-94.648,32.046],[-94.582,32.149],[-94.923,32.053],[-94.901,32.144],[-94.318,32.187],[-94.67,32.504],[-94.441,32.526],[-94.404,32.64],[-94.342,32.671],[-94.353,32.758],[-94.337,32.777],[-94.417,32.786],[-99.73,32.45],[-99.75,32.41],[-99.75,32.51],[-99.68,32.41],[-99.5,32.41],[-94.969,33.167],[-97.45,32.75],[-97.65,32.76],[-97.34,32.84],[-97.25,32.83],[-97.34,32.85],[-97.15,32.82],[-96.85,32.69],[-97.28,32.63],[-94.731,32.33],[-94.899,32.212],[-97.89,26.507],[-100.48,31.45],[-97.961,26.4],[-100.8,34.641],[-98.73,29.79],[-94.73,29.392],[-97.946,27.952],[-102.242,31.12],[-97.18,33.37],[-96.59,32.712],[-102.27,35.53],[-101.96,35.11],[-101.8,35.18],[-101.81,35.12],[-101.76,35.14],[-101.85,35.07],[-98.63,33.59],[-101.8,35.11],[-101.5,34.98],[-96.64,32.205],[-101.5,34.98],[-96.44,32.07],[-99.3,32.73],[-100.27,31.38],[-100.27,31.37],[-102.61,33.389],[-94.389,32.658],[-102.295,34.571],[-98.85,29.34],[-106.38,31.8],[-99.73,32.44],[-99.74,32.44],[-99.73,32.43],[-102.705,34.651],[-102.21,33.74],[-102.06,33.42],[-101.317,34.007],[-100.945,34.22],[-101.068,34.413],[-101.47,32.25],[-100.3,34.43],[-100.48,32.46],[-100.55,31.87],[-96.15,29.37],[-98.45,29.74],[-98.44,29.72],[-97.34,30.05],[-96.88,29.91],[-96.92,29.89],[-98.45,29.6],[-96.539,29.706],[-96.491,29.713],[-97.52,29.44],[-98.491,29.416],[-98.505,29.439],[-98.466,29.467],[-98.483,29.462],[-98.482,29.417],[-97.76,29.27],[-96.06,29.53],[-97.231,29.363],[-95.969,29.6],[-95.847,29.643],[-95.757,29.5],[-97.16,29.37],[-97.997,27.779],[-97.28,28.31],[-97.2,33.2],[-97.06,33.12],[-97.059,33.157],[-96.9,32.95],[-97.13,33.06],[-96.662,33.215],[-97.48,33.12],[-96.748,32.987],[-97.0,33.07],[-97.28,32.83],[-96.89,33.09],[-96.85,32.85],[-97.02,32.94],[-96.78,32.83],[-96.78,32.92],[-97.35,32.63],[-96.72,32.95],[-96.6,32.77],[-96.61,32.92],[-96.79,32.789],[-96.9,32.95],[-96.71,32.94],[-96.66,32.38],[-96.553,32.486],[-96.31,32.07],[-98.18,32.22],[-98.15,31.67],[-98.12,31.7],[-98.04,31.361],[-98.014,31.079],[-98.16,31.06],[-97.94,31.11],[-99.12,30.61],[-98.15,30.47],[-98.16,30.481],[-98.28,29.88],[-98.96,30.12],[-97.78,30.44],[-97.528,30.368],[-97.83,30.55],[-97.91,30.39],[-97.512,30.36],[-97.751,30.08],[-97.32,30.11],[-97.66,30.19],[-97.721,30.362],[-97.734,30.276],[-97.88,29.99],[-97.95,29.89],[-97.92,30.49],[-97.86,29.89],[-97.8,30.15],[-98.91,30.244],[-97.84,29.83],[-97.868,29.696],[-97.96,29.57],[-98.03,29.68],[-97.889,29.68],[-97.858,29.656],[-97.83,29.78],[-97.966,29.569],[-97.742,29.686],[-97.86,29.87],[-97.65,29.68],[-98.089,29.66],[-97.951,29.538],[-97.949,29.535],[-97.926,29.537],[-97.88,29.48],[-98.009,29.558],[-98.027,29.574],[-97.938,29.491],[-98.001,29.487],[-97.996,29.478],[-98.047,29.448],[-97.94,29.61],[-97.24,29.37],[-99.18,29.36],[-97.18,33.21],[-97.06,33.157],[-97.298,32.951],[-97.08,32.97],[-94.857,32.25],[-95.182,32.32],[-94.817,31.975],[-100.567,35.736],[-101.926,32.709],[-104.8,31.808],[-103.52,29.13],[-95.429,32.058],[-95.383,32.095],[-95.359,32.059],[-95.376,31.879],[-95.213,31.848],[-104.37,29.622],[-94.81,29.91],[-95.01,29.68],[-95.02,29.64],[-95.28,30.55],[-95.09,29.56],[-95.08,30.34],[-100.187,34.447],[-100.85,33.943],[-102.754,33.725],[-102.61,33.389],[-102.962,33.009],[-102.83,33.223],[-103.52,29.13],[-102.02,36.11],[-100.65,36.21],[-104.22,31.808],[-102.61,33.389],[-100.82,34.02],[-102.863,30.867],[-101.39,35.33],[-101.0,35.61],[-100.02,36.12],[-100.02,36.12],[-96.67,33.72],[-101.62,35.65],[-101.62,35.65],[-100.932,34.379],[-101.0,35.61],[-100.51,35.58],[-100.28,35.92],[-101.39,35.33],[-100.867,33.48],[-100.41,34.51],[-100.22,34.85],[-100.21,34.84],[-100.4,33.892],[-100.3,34.43],[-100.8,36.37],[-101.12,34.82],[-103.3,29.618],[-100.6,34.266],[-102.356,31.413],[-101.45,35.84],[-100.58,36.49],[-100.53,36.48],[-102.76,35.25],[-99.275,26.918],[-97.78,26.48],[-98.218,26.253],[-103.4,31.45],[-103.487,31.423],[-98.5,33.98],[-98.5,33.97],[-94.624,32.454],[-94.58,32.581],[-94.243,32.542],[-100.46,32.47],[-100.46,32.47],[-96.45,30.1],[-100.99,35.52],[-100.97,35.53],[-102.37,33.522],[-101.76,33.22],[-101.52,34.997],[-100.187,34.447],[-102.743,34.193],[-102.743,34.193],[-102.43,34.83],[-102.4,34.82],[-95.53,30.701],[-95.517,30.725],[-97.66,29.71],[-96.346,30.626],[-96.295,30.476],[-101.47,35.82],[-98.34,29.56],[-98.44,29.47],[-98.489,29.429],[-98.5,33.98],[-102.43,34.83],[-102.4,34.82],[-100.64,35.69],[-102.546,34.18],[-102.314,34.541],[-103.186,31.781],[-103.186,31.781],[-102.06,33.42],[-102.21,33.74],[-96.359,30.59],[-96.363,30.591],[-96.62,30.87],[-97.69,32.43],[-94.727,31.336],[-98.06,32.782],[-97.25,33.23],[-96.378,33.497],[-96.34,33.43],[-96.159,33.446],[-96.116,33.468],[-95.057,33.714],[-95.062,32.445],[-95.119,31.771],[-94.458,32.035],[-97.261,31.629],[-98.81,29.31],[-98.58,29.38],[-98.54,29.26],[-98.54,29.36],[-98.28,29.53],[-98.266,29.563],[-98.27,29.33],[-98.12,29.35],[-97.87,29.89],[-97.86,29.98],[-97.68,29.92],[-97.59,29.93],[-97.16,30.04],[-96.91,30.06],[-96.87,30.47],[-96.98,30.17],[-96.722,30.506],[-96.529,30.349],[-96.26,30.56],[-96.248,30.721],[-96.39,30.07],[-96.33,30.56],[-95.403,32.517],[-95.63,31.75],[-95.81,30.11],[-95.82,30.11],[-96.342,29.584],[-95.549,30.412],[-95.46,31.32],[-95.491,30.849],[-95.227,32.222],[-95.752,30.134],[-95.168,31.822],[-95.549,30.412],[-95.049,30.752],[-95.764,29.584],[-94.797,32.376],[-94.944,32.231],[-94.723,32.004],[-94.717,32.032],[-95.058,30.742],[-95.436,30.137],[-94.805,32.05],[-94.757,32.123],[-95.757,30.111],[-95.053,30.728],[-95.563,29.638],[-94.68,31.588],[-94.573,32.498],[-94.593,32.361],[-95.222,30.099],[-95.331,29.544],[-94.171,32.665],[-94.2,32.808],[-95.174,29.76],[-95.18,29.78],[-94.131,32.334],[-95.317,30.176],[-94.32,30.15],[-93.76,31.25],[-94.02,29.95],[-100.9,35.23],[-101.45,35.84],[-101.62,35.65],[-101.0,35.61],[-99.68,32.42],[-98.118,33.178],[-97.749,33.306],[-97.298,33.664],[-96.928,33.438],[-100.94,29.48],[-98.58,33.1],[-98.523,33.952],[-98.5,33.98],[-98.41,29.75],[-94.773,32.14],[-95.591,31.712],[-95.058,31.995],[-95.038,31.951],[-94.964,31.94],[-94.977,31.942],[-94.963,31.941],[-94.931,32.093],[-94.771,32.107],[-94.758,31.909],[-96.55,30.73],[-96.39,30.83],[-98.99,32.97],[-100.51,31.43],[-100.5,31.36],[-99.94,30.06],[-99.79,29.94],[-100.73,31.42],[-100.32,31.55],[-98.9,30.7],[-97.23,31.612],[-96.83,31.53],[-96.921,31.476],[-96.526,31.585],[-96.509,31.593],[-96.5,31.581],[-96.428,31.659],[-96.462,31.631],[-96.463,31.631],[-95.433,32.162],[-95.63,31.87],[-94.75,32.484],[-94.226,32.4],[-94.961,32.729],[-95.76,32.88],[-95.8,32.68],[-95.454,32.511],[-95.313,32.46],[-95.196,32.718],[-95.364,32.431],[-95.201,32.591],[-95.193,32.505],[-95.299,32.362],[-94.954,32.589],[-94.95,32.621],[-94.878,32.571],[-94.927,32.272],[-94.16,33.117],[-94.991,31.664],[-94.91,31.781],[-94.739,31.582],[-94.602,31.769],[-95.07,30.34],[-93.982,31.771],[-95.555,32.606],[-95.425,32.568],[-94.855,31.445],[-94.275,31.298],[-93.857,31.349],[-94.44,30.52],[-94.379,31.31],[-95.76,31.43],[-94.936,32.113],[-95.47,31.5],[-95.47,31.5],[-94.296,31.504],[-94.194,32.414],[-94.0,31.769],[-94.729,33.184],[-95.98,30.32],[-95.98,30.32],[-100.9,29.38],[-100.92,29.42],[-100.9,29.38],[-101.09,29.5],[-100.91,29.4],[-100.79,29.36],[-100.42,29.3],[-97.14,33.63],[-97.13,33.23],[-96.88,33.22],[-94.617,33.507],[-94.614,33.503],[-94.619,33.522],[-94.287,33.468],[-95.227,33.184],[-97.09,32.85],[-96.55,32.65],[-94.565,33.429],[-97.53,32.45],[-94.641,33.001],[-97.467,32.276],[-97.433,32.355],[-95.892,32.71],[-95.92,32.6],[-94.774,32.726],[-94.742,32.709],[-95.48,32.661],[-94.392,32.581],[-94.441,32.488],[-94.618,32.454],[-96.968,32.045],[-94.32,32.445],[-95.404,32.359],[-94.975,32.309],[-94.949,32.273],[-94.534,32.147],[-94.34,32.15],[-94.387,32.138],[-94.971,32.278],[-94.938,32.234],[-96.4,32.03],[-94.37,32.03],[-95.097,31.989],[-94.621,32.102],[-94.71,32.014],[-94.992,31.858],[-94.269,31.719],[-94.608,31.688],[-93.848,31.433],[-94.238,31.394],[-94.43,31.271],[-95.82,31.32],[-97.35,31.1],[-97.83,31.07],[-96.98,30.22],[-97.73,30.24],[-96.68,28.65],[-97.04,28.09],[-97.29,27.64],[-97.22,27.58],[-95.448,32.473],[-98.28,28.41],[-97.696,26.483],[-97.787,30.836],[-97.89,30.66],[-97.6,30.83],[-97.44,30.72],[-97.52,30.95],[-97.41,30.57],[-97.19,30.66],[-97.42,30.8],[-97.19,30.7],[-97.16,30.73],[-97.02,30.69],[-96.75,30.43],[-96.7,30.53],[-96.33,30.66],[-96.52,30.35],[-95.78,30.68],[-95.72,30.38],[-95.69,30.45],[-95.61,30.76],[-95.72,30.75],[-95.67,30.65],[-95.66,30.45],[-95.7,30.49],[-95.71,30.75],[-95.573,30.728],[-95.66,30.68],[-95.571,30.73],[-95.76,30.23],[-95.568,30.727],[-95.568,30.723],[-95.645,30.739],[-95.56,30.71],[-95.23,30.15],[-97.84,28.68],[-97.747,28.67],[-103.52,29.13],[-102.932,30.93],[-103.52,29.13],[-103.504,31.399],[-102.754,33.725],[-100.93,35.54],[-101.92,33.32],[-101.82,33.45],[-102.55,36.03],[-102.33,33.759],[-101.516,33.081],[-100.18,31.48],[-100.573,33.237],[-102.054,32.053],[-101.624,32.107],[-101.159,33.554],[-101.529,31.704],[-101.878,30.6],[-101.249,32.3],[-101.0,33.77],[-100.058,34.337],[-100.2,34.42],[-101.63,31.635],[-100.85,33.943],[-100.54,32.85],[-100.905,32.394],[-100.848,32.357],[-101.2,30.73],[-100.93,29.38],[-99.85,32.41],[-99.14,34.13],[-99.2,33.76],[-100.5,31.35],[-100.17,29.95],[-99.03,34.08],[-99.29,34.15],[-98.63,33.59],[-98.63,33.59],[-98.54,34.06],[-98.5,33.98],[-98.56,33.11],[-99.79,29.21],[-99.22,28.45],[-98.56,28.92],[-97.82,32.45],[-97.43,32.36],[-97.87,28.83],[-97.74,28.42],[-97.987,27.91],[-97.87,27.9],[-97.87,27.53],[-97.4,27.72],[-95.48,29.6],[-95.37,29.56],[-97.34,26.16],[-100.58,31.35],[-99.17,29.36],[-99.507,27.504],[-99.483,27.453],[-99.48,27.36],[-99.43,27.06],[-100.31,31.38],[-100.31,31.38],[-98.56,34.01],[-98.35,34.03],[-98.51,33.89],[-98.51,33.89],[-97.81,33.51],[-97.483,33.53],[-97.75,33.25],[-96.873,33.799],[-102.894,30.901],[-101.882,33.505],[-101.516,33.081],[-101.57,34.133],[-101.737,34.541],[-101.63,31.635],[-100.39,35.08],[-100.573,33.237],[-99.74,33.18],[-98.76,29.52],[-94.982,32.236],[-94.807,32.356],[-94.948,32.523],[-95.004,32.66],[-95.315,32.683],[-95.552,32.93],[-95.19,32.75],[-95.107,32.753],[-94.956,32.96],[-95.051,33.005],[-94.904,33.124],[-95.012,33.005],[-94.759,33.041],[-94.987,33.06],[-94.809,33.089],[-95.304,33.141],[-95.031,33.164],[-94.854,33.155],[-94.981,33.199],[-94.98,33.266],[-95.191,33.323],[-102.43,33.6],[-95.034,33.611],[-100.45,31.65],[-100.5,31.37],[-100.93,35.54],[-99.42,29.8],[-101.17,33.53],[-101.3,34.412],[-99.17,29.37],[-98.79,29.5],[-98.64,29.59],[-100.48,33.57],[-98.43,29.65],[-100.73,34.87],[-97.41,27.73],[-97.403,27.667],[-99.28,26.921],[-96.9,31.31],[-97.11,31.08],[-97.12,31.07],[-96.762,31.188],[-97.39,31.12],[-96.36,30.59],[-96.179,30.307],[-96.163,30.285],[-96.139,30.243],[-96.109,30.281],[-99.43,31.83],[-95.45,30.13],[-95.57,29.88],[-95.9,29.8],[-95.41,30.12],[-95.34,29.99],[-95.82,29.78],[-95.37,29.76],[-95.11,29.8],[-95.37,29.76],[-94.89,29.39],[-94.9,29.41],[-98.724,31.194],[-94.86,29.26],[-99.15,30.3],[-99.16,30.06],[-98.535,29.609],[-98.47,29.53],[-98.44,29.44],[-98.75,29.43],[-99.53,29.61],[-97.758,28.423],[-99.77,30.49],[-99.15,29.97],[-102.87,30.88],[-97.19,33.65],[-97.18,33.42],[-99.2,33.76],[-95.221,33.814],[-95.216,33.482],[-94.159,33.115],[-94.354,33.013],[-94.938,32.959],[-94.757,32.737],[-98.5,26.74],[-98.44,26.23],[-98.24,26.18],[-102.546,34.18],[-102.06,33.42],[-101.769,33.858],[-101.92,33.32],[-101.76,33.22],[-101.516,33.081],[-102.13,32.92],[-102.13,32.92],[-98.554,26.321],[-101.624,32.107],[-101.533,32.228],[-102.371,31.917],[-100.934,35.53],[-102.2,31.93],[-101.87,32.3],[-101.0,33.77],[-101.165,33.525],[-97.2,33.2],[-97.32,32.98],[-97.03,32.9],[-100.48,32.32],[-96.585,33.68],[-99.74,32.45],[-102.831,30.2],[-94.927,31.47],[-100.45,31.51],[-100.55,31.5],[-100.491,31.358],[-100.45,31.5],[-100.51,31.44],[-100.52,31.47],[-100.49,31.42],[-102.33,35.23],[-102.45,35.25],[-102.01,35.86],[-101.93,35.42],[-101.62,35.65],[-101.81,35.34],[-100.5,31.37],[-100.492,31.357],[-101.51,35.61],[-101.18,36.36],[-101.5,34.98],[-100.8,36.39],[-102.546,34.18],[-102.2,31.93],[-102.546,34.18],[-102.17,31.996],[-102.32,33.92],[-102.61,33.389],[-102.37,33.522],[-102.17,33.58],[-101.164,33.521],[-102.06,33.42],[-102.13,32.92],[-102.13,32.92],[-101.398,32.759],[-102.002,32.311],[-101.624,32.107],[-100.848,32.72],[-99.53,32.41],[-99.19,33.17],[-100.49,31.42],[-97.29,27.656],[-97.3,27.65],[-104.8,31.822],[-99.72,32.92],[-101.2,30.73],[-100.741,32.308],[-100.44,31.44],[-100.9,35.23],[-101.186,34.431],[-101.186,34.431],[-101.07,34.41],[-101.38,33.68],[-101.514,33.563],[-99.73,33.16],[-101.55,33.336],[-101.76,33.22],[-101.43,32.77],[-94.422,33.418],[-94.888,32.728],[-94.16,33.446],[-94.681,32.787],[-94.153,33.229],[-94.5,32.78],[-99.22,28.45],[-100.9,35.23],[-100.9,35.23],[-97.05,32.9],[-97.362,32.82],[-97.4,32.86],[-97.094,32.664],[-100.912,34.389],[-101.317,34.007],[-101.18,36.36],[-100.68,36.49],[-102.96,35.57],[-100.912,34.389],[-101.12,34.82],[-96.37,30.58],[-101.43,34.12],[-99.3,34.15],[-99.45,34.2],[-99.42,34.08],[-101.947,33.565],[-99.84,33.32],[-99.73,33.16],[-101.516,33.081],[-96.674,33.714],[-102.962,33.009],[-97.33,30.45],[-97.79,30.17],[-100.403,32.449],[-100.54,32.5],[-100.5,31.36],[-100.66,31.23],[-102.06,32.04],[-101.12,34.82],[-102.96,35.57],[-94.383,32.77],[-94.59,32.554],[-97.087,32.929],[-95.082,32.463],[-102.05,33.6],[-94.948,32.212],[-100.518,34.73],[-101.18,36.36],[-101.28,35.67],[-102.28,35.07],[-100.9,35.23],[-100.26,35.44],[-100.39,35.08],[-101.186,34.431],[-100.423,33.918],[-102.295,34.571],[-101.7,34.185],[-101.12,34.82],[-102.546,34.18],[-101.18,36.36],[-101.19,36.2],[-100.97,35.96],[-99.79,30.92],[-99.38,32.47],[-99.804,30.941],[-100.8,34.641],[-100.518,34.73],[-100.6,34.266],[-100.8,34.641],[-100.41,34.51],[-100.423,33.918],[-97.38,33.66],[-99.94,34.34],[-96.59,33.18],[-96.593,33.178],[-99.71,33.98],[-97.2,33.2],[-99.75,34.32],[-96.679,33.105],[-96.71,33.01],[-96.68,33.12],[-99.36,34.37],[-96.59,33.68],[-99.29,34.21],[-99.3,33.63],[-99.3,33.63],[-99.14,33.62],[-96.75,33.05],[-97.04,32.9],[-96.85,32.85],[-99.26,33.6],[-97.2,32.82],[-97.1,32.67],[-97.19,32.68],[-96.19,33.6],[-98.64,33.59],[-98.62,33.59],[-98.92,34.03],[-98.9,34.08],[-100.137,33.903],[-98.56,33.87],[-98.54,33.89],[-98.44,33.58],[-98.75,33.37],[-98.62,33.59],[-98.33,33.74],[-98.63,33.59],[-98.5,33.98],[-98.5,33.98],[-98.5,33.98],[-99.53,32.41],[-98.52,33.87],[-94.899,31.671],[-94.809,31.499],[-98.56,28.55],[-97.63,27.87],[-97.59,27.95],[-97.75,27.74],[-97.65,27.84],[-98.25,29.98],[-96.91,29.78],[-98.224,27.573],[-98.18,27.58],[-98.19,27.6],[-98.24,30.74],[-97.92,30.43],[-97.21,32.89],[-97.29,32.92],[-101.82,35.25],[-101.72,35.22],[-101.32,35.39],[-100.93,35.54],[-100.9,35.23],[-101.737,34.541],[-100.8,34.641],[-101.186,34.431],[-101.07,34.41],[-100.912,34.389],[-98.5,33.98],[-98.54,34.06],[-98.5,33.98],[-98.24,33.88],[-100.934,32.72],[-101.0,32.58],[-100.911,32.451],[-100.817,32.333],[-99.89,33.19],[-100.7,31.43],[-101.262,32.313],[-97.78,26.17],[-97.9,29.96],[-97.88,29.98],[-96.2,30.47],[-96.26,30.14],[-100.6,34.266],[-98.027,27.741],[-100.945,32.702],[-98.25,27.78],[-98.24,27.77],[-101.693,31.706],[-101.45,35.84],[-101.28,35.67],[-104.37,29.622],[-100.8,34.641],[-101.28,35.67],[-101.0,35.61],[-101.0,35.61],[-99.01,31.72],[-100.518,34.73],[-94.12,31.785],[-94.174,31.731],[-97.06,28.93],[-99.74,33.17],[-103.097,31.876],[-97.716,30.342],[-102.546,34.18],[-99.72,32.92],[-99.69,32.42],[-98.58,34.08],[-99.13,31.71],[-98.96,31.77],[-98.21,33.44],[-97.88,33.61],[-98.08,32.82],[-97.47,33.12],[-97.67,32.67],[-97.29,33.18],[-97.28,33.04],[-97.02,32.9],[-96.75,33.45],[-96.86,32.55],[-96.09,33.47],[-96.02,33.64],[-96.06,33.62],[-96.11,33.59],[-95.44,32.8],[-95.08,32.91],[-95.38,32.44],[-95.31,32.23],[-102.02,35.85],[-101.18,36.36],[-101.72,35.22],[-101.79,35.19],[-99.55,29.85],[-103.52,29.13],[-100.49,33.565],[-99.95,33.98],[-99.59,34.19],[-100.99,31.84],[-99.68,32.41],[-98.56,33.11],[-98.21,33.44],[-98.063,32.783],[-97.45,33.13],[-97.46,33.1],[-97.25,33.24],[-97.28,33.04],[-97.2,33.2],[-97.825,30.502],[-97.76,30.37],[-97.696,30.425],[-97.681,30.367],[-95.68,30.18],[-95.58,29.9],[-95.39,29.89],[-95.29,29.88],[-94.8,32.16],[-94.45,32.02],[-94.48,32.34],[-97.097,28.058],[-94.42,33.462],[-94.385,32.77],[-95.54,30.24],[-95.311,30.383],[-95.27,29.55],[-99.3,33.63],[-96.467,32.231],[-101.0,33.77],[-100.847,33.766],[-102.54,31.761],[-101.817,32.13],[-101.83,32.984],[-101.516,33.081],[-101.186,34.431],[-101.0,33.77],[-100.85,32.4],[-100.98,31.84],[-100.5,31.35],[-100.4,35.9],[-101.28,35.67],[-101.28,35.67],[-100.91,35.81],[-99.1,31.82],[-98.99,31.71],[-98.95,31.8],[-98.6,31.92],[-97.43,32.36],[-97.23,31.62],[-97.03,32.65],[-97.1,32.67],[-96.87,32.68],[-96.516,32.876],[-96.4,32.76],[-96.12,33.03],[-96.27,33.3],[-95.71,32.68],[-95.224,33.077],[-95.228,32.656],[-94.977,33.165],[-94.846,33.252],[-94.97,33.177],[-94.987,33.172],[-94.661,33.421],[-95.052,32.23],[-94.171,32.669],[-94.379,32.162],[-94.184,32.373],[-101.926,32.709],[-100.83,33.62],[-98.058,30.745],[-97.87,30.73],[-95.688,32.173],[-94.289,33.477],[-94.09,33.38],[-94.297,31.504],[-96.659,33.047],[-96.551,33.041],[-97.405,31.436],[-95.49,30.39],[-95.47,30.32],[-98.71,28.85],[-98.265,28.655],[-98.24,28.65],[-98.278,28.631],[-98.12,28.58],[-99.86,33.75],[-99.79,33.73],[-100.72,32.463],[-98.772,32.731],[-98.83,32.709],[-97.738,32.847],[-97.605,32.874],[-98.85,29.34],[-98.87,29.36],[-98.38,29.59],[-98.37,29.59],[-98.76,31.83],[-98.61,31.9],[-98.49,31.98],[-94.367,31.184],[-94.096,31.129],[-97.291,31.254],[-97.27,31.24],[-97.3,31.21],[-97.078,31.159],[-96.98,31.08],[-96.34,30.64],[-94.718,31.321],[-95.42,33.74],[-95.052,33.607],[-94.67,33.478],[-94.621,33.512],[-100.31,28.51],[-99.18,29.36],[-94.72,30.65],[-94.725,30.645],[-94.942,32.376],[-94.907,32.352],[-94.854,32.218],[-99.26,26.87],[-98.97,26.41],[-98.12,26.56],[-98.13,26.56],[-98.09,26.53],[-97.292,27.688],[-98.25,26.18],[-98.18,26.21],[-98.06,26.18],[-97.91,26.15],[-97.636,26.129],[-97.49,25.94],[-102.96,35.57],[-101.62,35.65],[-102.35,35.24],[-101.33,35.68],[-101.52,35.63],[-101.87,35.16],[-102.962,33.009],[-101.54,35.32],[-101.54,35.32],[-101.54,35.32],[-102.21,33.74],[-98.13,26.45],[-104.8,31.808],[-102.204,30.05],[-102.58,32.925],[-101.92,34.98],[-101.63,31.635],[-100.8,34.641],[-99.84,33.38],[-99.3,34.15],[-99.53,33.53],[-99.42,31.83],[-102.295,34.571],[-102.08,35.0],[-101.72,35.19],[-101.7,35.23],[-101.19,35.03],[-101.44,35.83],[-100.187,34.447],[-99.49,27.54],[-99.47,27.51],[-98.39,27.61],[-98.35,28.48],[-98.36,27.6],[-98.4,27.61],[-98.24,27.76],[-98.21,27.77],[-98.09,27.74],[-98.049,27.761],[-98.04,27.9],[-98.06,27.75],[-98.12,28.34],[-98.471,29.38],[-98.0,28.65],[-98.45,29.75],[-98.04,29.7],[-94.616,33.512],[-97.82,30.04],[-96.8,29.48],[-102.408,34.03],[-95.242,31.927],[-95.06,29.9],[-96.709,28.585],[-102.373,32.013],[-95.06,29.899],[-94.67,31.351],[-102.99,34.89],[-101.164,33.521],[-102.05,33.6],[-99.857,33.451],[-102.705,34.651],[-94.864,32.166],[-94.81,32.386],[-94.378,32.388],[-94.043,32.401],[-102.292,31.891],[-101.446,32.23],[-101.548,32.436],[-103.13,31.53],[-101.71,35.22],[-102.408,34.03],[-102.13,34.093],[-102.21,33.74],[-101.72,34.17],[-100.06,31.64],[-98.5,33.98],[-98.54,33.83],[-95.211,32.51],[-95.17,32.43],[-95.309,32.454],[-95.25,32.366],[-94.324,32.517],[-94.219,32.303],[-94.108,32.31],[-94.459,32.032],[-94.305,32.044],[-94.228,32.013],[-97.8,31.42],[-98.02,30.41],[-97.87,30.41],[-102.578,31.595],[-102.435,31.4],[-99.71,30.33],[-97.68,30.18],[-97.69,30.36],[-102.382,31.672],[-102.346,31.704],[-96.9,29.69],[-96.76,29.86],[-102.337,33.708],[-98.48,29.54],[-98.49,29.47],[-98.38,29.54],[-102.128,32.041],[-102.489,31.85],[-102.5,31.902],[-101.624,32.107],[-101.486,31.206],[-101.2,30.71],[-100.51,28.72],[-101.075,32.53],[-101.847,32.97],[-96.59,33.18],[-101.223,32.944],[-96.67,33.35],[-96.447,33.39],[-100.55,32.85],[-95.573,32.932],[-95.55,32.915],[-99.31,34.15],[-95.294,32.959],[-95.253,33.185],[-95.22,33.182],[-94.977,33.184],[-95.083,32.989],[-94.924,33.472],[-94.629,33.49],[-94.618,33.506],[-94.613,33.508],[-94.633,33.536],[-98.5,33.98],[-94.06,33.46],[-94.06,33.461],[-95.485,32.691],[-94.789,31.584],[-102.55,36.02],[-101.78,35.06],[-101.39,35.7],[-101.45,35.84],[-101.45,35.84],[-101.22,35.66],[-102.295,34.571],[-102.12,34.423],[-101.44,35.82],[-102.743,34.193],[-102.546,34.18],[-104.077,31.052],[-102.83,33.223],[-100.58,35.23],[-101.764,34.442],[-102.37,33.522],[-94.631,31.61],[-94.63,31.632],[-94.498,31.549],[-96.6,31.66],[-96.61,31.659],[-96.51,31.64],[-94.721,31.297],[-94.572,31.287],[-93.757,31.463],[-93.975,31.251],[-93.85,31.34],[-93.758,31.369],[-93.76,31.25],[-93.67,31.0],[-102.705,34.651],[-97.83,33.57],[-102.14,36.36],[-102.55,36.02],[-102.02,36.04],[-102.02,35.85],[-102.99,34.89],[-101.4,35.7],[-101.67,35.5],[-101.82,35.13],[-94.505,32.488],[-100.32,31.55],[-100.4,32.48],[-96.557,28.69],[-96.67,28.63],[-96.718,28.64],[-96.84,28.39],[-96.94,28.71],[-97.1,28.78],[-97.38,28.67],[-97.724,28.408],[-97.75,28.41],[-97.91,28.07],[-97.79,29.73],[-98.01,29.56],[-97.9,27.78],[-99.34,31.14],[-100.48,31.16],[-95.2,29.71],[-97.121,30.993],[-97.1,31.08],[-98.22,30.55],[-98.63,30.26],[-96.72,30.07],[-97.42,29.65],[-101.18,36.36],[-100.8,36.45],[-102.637,32.747],[-101.93,35.42],[-101.4,35.7],[-103.171,29.668],[-100.9,35.23],[-101.48,34.65],[-102.002,32.311],[-100.28,35.91],[-100.58,35.23],[-101.0,33.77],[-100.9,35.24],[-101.48,34.65],[-101.07,34.41],[-103.52,29.13],[-103.52,29.13],[-102.333,31.898],[-102.087,32.077],[-101.97,32.3],[-102.002,32.311],[-102.754,33.725],[-102.743,34.193],[-102.37,33.522],[-100.911,32.451],[-102.21,33.74],[-102.559,33.787],[-101.898,33.597],[-101.7,34.185],[-101.76,33.22],[-101.368,33.19],[-101.164,33.521],[-106.421,31.894],[-99.3,34.15],[-100.49,33.565],[-100.423,33.918],[-100.31,31.36],[-102.705,31.98],[-98.443,30.649],[-102.546,34.18],[-102.466,31.841],[-102.37,33.522],[-95.12,29.71],[-97.045,28.752],[-95.257,32.612],[-95.264,31.965],[-94.669,32.237],[-94.972,31.866],[-94.788,32.14],[-94.76,32.019],[-102.32,34.55],[-102.08,34.99],[-94.608,32.328],[-94.604,31.712],[-94.21,31.87],[-98.91,34.06],[-99.29,34.21],[-99.94,34.35],[-99.28,34.15],[-99.29,32.73],[-99.81,32.43],[-102.61,33.39],[-106.6,31.92],[-106.6,31.85],[-106.59,31.85],[-96.788,32.605],[-96.878,32.601],[-95.437,32.78],[-101.19,34.45],[-101.06,34.41],[-102.05,33.42],[-101.41,34.09],[-102.96,35.57],[-100.89,35.03],[-101.82,35.2],[-101.82,35.2],[-102.42,34.84],[-102.4,34.82],[-102.69,34.65],[-102.89,34.52],[-100.03,32.92],[-97.95,29.895],[-100.7,34.39],[-100.9,35.24],[-101.72,34.19],[-102.12,34.09],[-102.128,32.041],[-97.76,33.21],[-97.47,32.77],[-98.36,26.42],[-97.69,30.64],[-101.4,35.7],[-100.95,35.55],[-100.93,35.55],[-100.95,35.57],[-101.18,36.36],[-101.0,35.6],[-102.087,32.013],[-102.128,32.041],[-102.96,35.57],[-102.76,35.25],[-102.76,35.25],[-102.99,34.89],[-101.54,35.17],[-101.8,35.11],[-102.754,33.725],[-101.48,34.65],[-94.41,31.16],[-94.587,31.284],[-94.755,31.236],[-94.77,31.23],[-102.06,33.42],[-101.737,34.541],[-101.12,34.82],[-100.8,34.641],[-94.37,32.03],[-101.04,35.66],[-101.17,35.43],[-101.06,35.37],[-102.543,31.789],[-101.524,31.699],[-102.87,30.88],[-101.89,35.2],[-101.61,35.63],[-101.847,32.97],[-97.13,32.83],[-98.69,29.73],[-101.28,35.67],[-101.92,31.725],[-102.408,34.03],[-102.408,34.03],[-101.82,33.67],[-101.769,33.858],[-101.12,34.82],[-97.55,27.99],[-97.71,31.14],[-97.569,31.136],[-98.29,29.53],[-97.427,25.906],[-102.516,32.32],[-100.53,32.4],[-100.924,32.7],[-100.924,32.7],[-102.12,30.05],[-99.58,30.71],[-97.94,29.8],[-97.34,30.11],[-102.91,30.91],[-102.23,31.12],[-98.015,33.411],[-97.65,33.15],[-97.6,33.23],[-98.37,30.62],[-98.2,30.82],[-97.825,30.936],[-97.65,31.03],[-97.41,31.15],[-97.83,30.51],[-97.898,30.415],[-97.64,30.47],[-97.82,30.2],[-96.557,32.111],[-97.985,29.9],[-96.05,32.19],[-97.67,29.89],[-96.36,30.59],[-95.7,31.78],[-95.29,31.868],[-95.28,32.04],[-94.967,32.111],[-94.971,31.863],[-94.949,31.824],[-94.651,31.983],[-94.575,32.475],[-94.748,31.5],[-94.375,32.525],[-98.239,26.177],[-94.87,29.27],[-94.099,31.451],[-96.81,32.94],[-97.04,32.9],[-96.03,32.82],[-97.898,29.872],[-98.11,33.17],[-97.36,32.82],[-97.327,32.544],[-97.39,32.3],[-96.87,32.68],[-95.632,32.793],[-95.292,32.525],[-93.844,31.3],[-93.728,31.371],[-102.516,32.32],[-101.63,31.635],[-102.002,32.311],[-97.45,33.1],[-97.623,33.134],[-97.338,32.806],[-97.92,30.67],[-96.98,32.91],[-97.55,30.604],[-96.91,32.95],[-97.52,30.64],[-96.869,33.025],[-97.44,30.59],[-97.67,30.49],[-97.73,29.66],[-96.55,31.52],[-95.55,33.54],[-95.401,32.355],[-94.49,33.001],[-97.91,29.57],[-100.8,31.31],[-100.5,31.44],[-100.27,31.38],[-95.52,32.71],[-95.071,33.706],[-94.94,32.735],[-94.838,31.823],[-94.835,31.819],[-94.611,31.698],[-94.608,31.705],[-94.597,31.719],[-94.61,31.701],[-94.61,31.721],[-94.129,31.787],[-93.83,30.63],[-97.75,32.46],[-97.816,32.445],[-97.62,32.53],[-96.62,32.33],[-96.549,31.866],[-96.54,31.92],[-96.4,32.03],[-96.41,32.72],[-96.573,31.508],[-95.96,31.91],[-96.54,31.53],[-95.7,32.29],[-95.84,32.2],[-95.48,32.31],[-95.528,32.195],[-95.336,32.277],[-95.301,32.33],[-96.79,30.97],[-96.854,31.028],[-94.979,32.285],[-94.93,32.53],[-94.871,32.361],[-94.929,32.534],[-95.66,31.74],[-94.8,32.669],[-94.739,32.122],[-94.619,32.811],[-94.683,31.921],[-94.747,31.77],[-96.794,30.963],[-94.527,31.922],[-94.611,31.661],[-94.608,31.705],[-95.236,33.157],[-94.779,33.553],[-95.0,33.171],[-94.748,33.183],[-94.71,32.942],[-94.1,33.44],[-99.25,29.8],[-99.14,29.14],[-101.93,35.83],[-101.92,35.2],[-102.55,36.03],[-100.41,36.23],[-100.8,36.4],[-98.1,27.74],[-98.13,27.75],[-98.15,27.67],[-101.92,35.83],[-101.4,35.7],[-100.49,33.565],[-97.41,32.42],[-95.32,33.53],[-97.15,32.5],[-97.22,32.42],[-97.125,32.473],[-94.045,33.374],[-96.38,32.51],[-94.717,33.166],[-94.101,33.235],[-94.586,32.602],[-94.942,32.241],[-94.95,32.191],[-94.86,32.26],[-94.848,32.107],[-94.8,32.15],[-94.813,32.147],[-94.809,32.111],[-100.32,28.39],[-99.35,28.22],[-98.12,28.37],[-102.328,33.832],[-102.754,33.725],[-102.894,30.901],[-102.408,34.03],[-102.887,30.896],[-102.295,34.571],[-102.42,34.85],[-102.42,34.85],[-102.08,35.0],[-102.35,35.24],[-102.36,35.25],[-101.85,34.73],[-102.03,35.09],[-100.9,35.23],[-102.13,34.093],[-101.72,35.24],[-100.8,36.39],[-101.81,35.34],[-101.72,35.24],[-101.85,34.73],[-101.69,34.99],[-101.496,34.653],[-101.39,35.33],[-102.36,35.25],[-101.4,35.7],[-101.19,35.04],[-101.624,32.107],[-102.612,33.409],[-102.962,33.009],[-101.19,35.04],[-101.6,31.66],[-100.96,35.6],[-101.494,32.23],[-102.37,33.522],[-100.41,36.22],[-100.46,35.69],[-102.17,33.58],[-102.05,33.6],[-101.398,32.759],[-101.18,32.88],[-100.848,32.72],[-101.519,33.081],[-101.812,33.541],[-100.49,31.37],[-101.164,33.521],[-102.06,33.42],[-101.394,33.883],[-101.0,33.77],[-100.91,34.386],[-100.6,34.266],[-100.397,33.987],[-100.77,29.37],[-98.81,32.42],[-99.12,31.89],[-96.601,33.813],[-96.61,33.64],[-96.159,33.623],[-95.91,33.64],[-95.858,33.416],[-95.94,33.43],[-95.81,33.4],[-95.75,33.46],[-95.861,33.423],[-96.1,32.88],[-95.39,33.33],[-95.37,33.19],[-96.4,32.73],[-95.88,32.69],[-95.221,33.169],[-95.238,33.05],[-95.96,32.69],[-95.267,33.052],[-96.15,32.32],[-95.133,32.671],[-94.915,32.611],[-102.637,32.747],[-101.847,32.97],[-101.847,32.97],[-102.55,36.02],[-101.626,33.45],[-102.55,36.03],[-101.368,33.67],[-101.164,33.521],[-101.0,33.77],[-101.368,33.19],[-100.84,33.941],[-100.49,33.565],[-100.6,34.266],[-101.72,35.24],[-100.838,33.942],[-101.19,36.37],[-100.75,36.41],[-100.28,35.91],[-96.53,31.73],[-96.514,31.639],[-96.44,31.61],[-96.53,31.59],[-95.73,31.7],[-94.87,32.39],[-95.25,31.94],[-95.32,32.14],[-95.01,32.14],[-94.931,32.093],[-95.301,32.347],[-94.71,32.35],[-94.29,32.61],[-94.19,32.74],[-97.002,28.814],[-96.97,28.8],[-97.82,27.3],[-99.334,28.13],[-98.487,26.76],[-102.743,34.193],[-98.386,26.477],[-98.144,26.358],[-98.327,26.371],[-102.381,34.203],[-101.769,33.858],[-102.962,33.009],[-102.64,32.74],[-102.962,33.009],[-102.731,33.731],[-102.56,32.94],[-102.37,33.522],[-102.235,33.33],[-102.06,33.42],[-99.21,31.23],[-102.356,31.95],[-101.164,33.521],[-102.2,31.93],[-99.45,31.19],[-100.73,31.42],[-100.74,31.67],[-99.857,33.451],[-99.857,33.451],[-97.22,31.61],[-98.23,30.76],[-99.22,28.45],[-99.46,27.54],[-97.821,30.467],[-97.753,30.395],[-97.74,30.38],[-97.62,30.45],[-97.735,30.541],[-97.62,30.43],[-97.67,30.2],[-98.73,29.37],[-98.59,29.47],[-98.47,29.53],[-98.679,29.393],[-98.42,29.52],[-98.85,29.34],[-98.51,29.59],[-98.48,29.59],[-97.86,27.51],[-97.87,28.82],[-97.32,27.63],[-97.001,28.886],[-97.148,28.863],[-96.93,28.87],[-96.93,28.87],[-97.04,28.09],[-94.86,29.27],[-97.66,26.23],[-97.16,26.07],[-97.17,26.07],[-97.17,26.0],[-97.51,26.1],[-100.15,34.79],[-100.02,34.77],[-100.032,34.681],[-99.35,34.37],[-99.28,34.23],[-102.705,34.651],[-102.4,34.83],[-102.42,34.83],[-101.93,35.83],[-101.715,34.169],[-102.08,34.99],[-101.0,33.77],[-101.72,35.24],[-101.83,35.2],[-101.92,35.4],[-101.28,35.66],[-101.61,35.65],[-101.61,35.65],[-101.6,35.64],[-101.39,35.33],[-100.6,35.72],[-98.53,33.9],[-96.41,32.72],[-100.55,32.86],[-100.84,29.38],[-100.8,29.37],[-99.76,33.91],[-100.41,29.25],[-100.42,29.31],[-99.98,29.38],[-99.13,29.31],[-98.58,29.38],[-98.47,29.34],[-97.22,31.61],[-94.79,32.71],[-94.95,32.55],[-94.56,32.9],[-96.29,32.01],[-98.49,33.95],[-98.8,33.78],[-98.54,33.89],[-98.58,33.86],[-98.51,33.97],[-101.76,36.14],[-101.93,35.84],[-101.4,35.71],[-102.42,34.85],[-101.4,35.69],[-103.186,31.781],[-103.186,31.781],[-103.062,31.782],[-103.015,31.867],[-103.18,29.66],[-97.31,32.56],[-97.1,32.66],[-94.156,31.831],[-98.09,29.94],[-98.23,29.9],[-98.24,29.93],[-97.857,29.85],[-97.95,29.86],[-97.9,29.94],[-97.95,29.85],[-97.61,27.96],[-100.284,34.431],[-102.212,31.94],[-102.201,31.933],[-101.624,32.107],[-100.51,31.54],[-96.9,32.94],[-96.925,32.941],[-94.0,29.97],[-102.61,33.407],[-97.62,28.55],[-102.55,36.02],[-102.13,36.36],[-103.195,31.781],[-102.356,31.413],[-101.486,31.206],[-100.93,29.38],[-98.24,30.74],[-102.55,36.03],[-101.18,36.36],[-102.02,35.85],[-100.41,36.22],[-101.45,35.84],[-101.93,35.42],[-100.46,35.71],[-101.81,35.34],[-101.54,35.3],[-101.39,35.33],[-101.0,35.62],[-101.72,35.22],[-100.9,35.23],[-101.5,34.98],[-101.832,34.73],[-101.12,34.82],[-100.8,34.641],[-101.186,34.431],[-101.07,34.41],[-100.15,34.79],[-100.187,34.447],[-101.272,34.237],[-100.518,34.73],[-101.572,34.133],[-101.317,34.007],[-100.137,33.903],[-101.368,33.67],[-101.164,33.521],[-100.49,33.565],[-100.867,33.48],[-98.51,33.97],[-100.573,33.237],[-98.54,33.89],[-101.55,36.43],[-101.92,35.83],[-101.45,35.85],[-101.4,35.7],[-101.4,35.7],[-102.35,35.24],[-100.95,35.48],[-101.4,35.7],[-100.57,35.24],[-102.08,34.99],[-100.8,34.641],[-100.912,34.389],[-100.514,34.725],[-100.15,34.79],[-100.15,34.461],[-99.35,34.37],[-102.13,34.093],[-97.86,29.89],[-98.21,29.74],[-97.69,30.09],[-97.54,29.98],[-95.39,30.04],[-100.7,31.43],[-98.43,30.86],[-99.19,31.01],[-102.295,34.571],[-94.06,31.96],[-94.07,31.97],[-94.08,31.97],[-94.35,32.76],[-94.34,32.75],[-93.89,31.44],[-93.88,31.32],[-93.73,31.2],[-95.11,32.27],[-95.3,32.33],[-95.179,32.23],[-96.36,31.4],[-96.89,32.32],[-100.418,32.306],[-98.51,31.1],[-98.91,30.24],[-97.19,28.9],[-99.35,30.26],[-99.15,30.09],[-102.212,31.94],[-95.19,32.31],[-103.02,36.41],[-97.86,33.35],[-97.22,33.64],[-97.87,33.18],[-97.15,33.62],[-97.956,33.036],[-101.769,33.858],[-101.5,34.98],[-102.27,35.53],[-101.88,35.26],[-104.773,31.067],[-101.19,34.45],[-102.06,35.19],[-101.19,35.03],[-94.08,32.362],[-100.28,35.92],[-101.72,35.22],[-102.55,36.02],[-100.137,33.903],[-102.754,33.725],[-101.876,33.528],[-100.912,34.389],[-101.39,35.7],[-101.4,35.66],[-102.408,34.03],[-102.19,33.5],[-96.59,32.05],[-94.29,33.16],[-95.07,32.67],[-94.2,33.02],[-98.71,31.23],[-94.12,32.71],[-100.05,31.65],[-96.87,32.32],[-97.233,33.005],[-97.186,32.999],[-97.18,33.37],[-97.178,33.404],[-95.391,29.902],[-100.399,33.891],[-95.82,29.81],[-95.82,29.8],[-95.911,29.7],[-95.121,32.141],[-97.954,26.184],[-99.48,27.51],[-97.703,31.89],[-96.47,31.76],[-95.448,32.796],[-97.92,32.39],[-103.52,29.15],[-95.2,32.591],[-100.93,29.37],[-103.07,31.28],[-101.8,35.06],[-101.79,35.07],[-101.73,34.99],[-100.56,32.43],[-102.408,34.03],[-101.07,34.41],[-102.21,33.74],[-100.912,34.389],[-104.81,31.89],[-102.17,33.58],[-102.05,33.6],[-101.726,33.73],[-101.769,33.858],[-102.224,33.481],[-101.626,33.45],[-102.616,33.419],[-101.164,33.521],[-101.517,33.081],[-102.637,32.747],[-102.372,32.008],[-101.624,32.107],[-101.19,36.2],[-102.906,30.911],[-101.191,34.445],[-101.5,34.65],[-101.843,34.742],[-101.28,35.67],[-101.19,35.03],[-101.038,33.775],[-100.199,34.456],[-101.516,33.081],[-102.107,34.423],[-94.963,33.173],[-100.399,33.891],[-102.404,34.022],[-99.88,32.24],[-104.07,31.07],[-103.07,31.28],[-100.41,36.22],[-101.73,35.15],[-101.726,33.73],[-94.62,33.51],[-96.76,32.71],[-96.84,32.76],[-97.25,32.83],[-101.368,33.67],[-97.32,32.93],[-96.73,33.02],[-97.36,32.82],[-97.9,33.17],[-96.82,32.74],[-96.87,32.68],[-96.5,32.85],[-94.922,32.315],[-95.181,32.309],[-95.284,32.118],[-95.238,32.23],[-97.397,27.974],[-101.884,33.505],[-103.67,31.98],[-102.61,33.389],[-102.08,32.0],[-102.05,32.09],[-102.1,32.03],[-101.52,32.22],[-102.1,32.02],[-101.41,32.76],[-100.55,32.85],[-100.53,32.35],[-100.838,33.945],[-99.354,34.365],[-100.3,34.063],[-100.137,33.903],[-100.3,34.005],[-102.4,31.92],[-100.86,32.72],[-100.55,32.85],[-100.86,32.72],[-101.7,30.67],[-97.25,33.27],[-95.931,33.793],[-98.08,32.91],[-96.77,33.1],[-97.93,32.978],[-97.48,32.72],[-97.46,32.723],[-97.0,32.48],[-95.57,32.92],[-96.81,32.45],[-95.4,32.93],[-95.07,32.86],[-96.4,32.03],[-95.32,32.34],[-98.17,29.8],[-98.07,29.67],[-98.05,29.6],[-96.93,28.87],[-96.254,28.725],[-102.705,34.651],[-96.347,29.585],[-95.179,29.499],[-95.208,29.531],[-94.43,30.04],[-93.98,29.94],[-94.712,32.102],[-97.32,32.99],[-104.8,31.88],[-101.3,29.6],[-103.02,36.41],[-101.77,36.14],[-101.45,35.84],[-101.71,35.23],[-101.94,34.98],[-101.4,35.7],[-101.19,35.03],[-101.18,36.36],[-100.75,35.22],[-101.12,34.82],[-100.6,35.23],[-100.9,35.24],[-100.912,34.389],[-100.39,35.11],[-100.15,34.79],[-100.3,34.43],[-100.423,33.918],[-100.573,33.237],[-99.88,34.34],[-99.74,34.3],[-99.96,33.99],[-100.46,32.86],[-99.35,34.37],[-99.55,33.52],[-99.14,34.13],[-99.3,33.62],[-98.92,34.03],[-99.94,34.34],[-98.56,34.09],[-98.54,33.98],[-99.3,32.74],[-96.53,33.7],[-96.489,32.114],[-96.49,32.121],[-94.76,32.1],[-99.22,28.45],[-97.868,27.507],[-98.67,34.03],[-97.13,33.63],[-96.85,33.7],[-96.96,33.66],[-98.82,32.39],[-98.06,32.78],[-97.833,33.009],[-97.776,33.028],[-97.798,33.051],[-97.7,33.09],[-97.71,33.07],[-97.6,33.24],[-93.99,31.23],[-95.09,29.71],[-95.29,32.3],[-95.21,32.18],[-94.52,32.31],[-94.79,31.97],[-99.76,32.5],[-99.73,32.45],[-96.931,33.479],[-99.25,32.75],[-100.27,31.38],[-96.92,33.47],[-99.02,32.67],[-99.62,32.5],[-98.78,32.65],[-99.55,31.96],[-99.81,30.94],[-99.79,30.92],[-99.78,30.92],[-99.77,30.51],[-98.27,32.7],[-98.06,32.78],[-98.01,32.743],[-98.88,31.72],[-97.8,32.76],[-97.78,32.79],[-94.38,32.66],[-97.64,32.74],[-97.5,32.72],[-97.43,33.08],[-97.55,32.72],[-97.44,32.77],[-97.2,33.2],[-97.4,32.98],[-97.299,32.835],[-97.29,32.85],[-97.28,32.83],[-97.22,32.86],[-97.22,32.83],[-97.18,32.84],[-97.18,33.12],[-97.32,33.0],[-97.3,33.059],[-97.03,33.12],[-96.915,33.084],[-97.414,32.317],[-97.04,32.9],[-96.87,32.68],[-96.76,33.12],[-98.23,30.76],[-96.793,33.028],[-96.59,33.17],[-96.63,32.91],[-96.66,32.68],[-96.58,33.4],[-96.608,32.735],[-96.25,33.47],[-96.23,33.07],[-97.732,31.123],[-96.31,32.74],[-96.19,33.29],[-96.27,32.71],[-95.91,33.58],[-96.04,33.37],[-97.68,30.68],[-96.1,33.14],[-98.61,29.53],[-98.61,29.49],[-96.07,33.07],[-98.88,29.44],[-98.58,29.38],[-98.56,29.55],[-98.65,29.56],[-98.36,29.46],[-96.988,30.758],[-95.45,32.8],[-95.05,33.62],[-95.09,32.85],[-95.98,31.258],[-94.99,32.97],[-95.91,31.28],[-95.3,32.35],[-94.94,32.45],[-94.81,32.66],[-94.76,32.52],[-95.07,31.65],[-94.34,32.6],[-94.34,32.76],[-94.79,31.97],[-94.66,31.76],[-94.65,31.63],[-94.39,31.91],[-94.98,31.95],[-102.14,36.36],[-101.72,35.22],[-102.12,34.423],[-98.85,30.31],[-94.671,33.528],[-98.73,29.5],[-98.7,29.44],[-96.772,30.747],[-98.64,29.36],[-94.152,33.421],[-98.26,29.88],[-97.83,29.65],[-98.23,26.17],[-98.24,26.19],[-99.65,31.41],[-99.63,31.43],[-99.65,31.41],[-99.49,31.31],[-98.02,27.73],[-97.32,27.71],[-97.82,27.5],[-97.052,27.838],[-97.29,27.69],[-97.79,26.48],[-98.24,26.18],[-97.66,26.23],[-97.58,26.23],[-97.48,26.07],[-97.451,25.948],[-97.171,26.125],[-97.344,26.165],[-97.43,25.91],[-97.32,30.14],[-101.67,34.279],[-95.12,32.147],[-95.033,32.14],[-97.22,31.61],[-94.466,31.995],[-94.397,31.909],[-97.22,31.61],[-95.46,31.31],[-95.03,30.76],[-94.678,31.275],[-94.83,30.92],[-94.81,31.01],[-94.84,30.86],[-94.25,30.95],[-98.23,30.76],[-97.83,31.07],[-96.34,30.61],[-96.27,30.59],[-96.63,28.41],[-98.69,27.32],[-99.0,26.41],[-98.89,26.38],[-98.63,26.34],[-98.44,26.28],[-98.31,26.21],[-98.24,26.19],[-98.21,26.26],[-98.32,26.21],[-98.28,26.23],[-98.311,26.201],[-98.24,26.26],[-98.18,26.2],[-98.0,26.16],[-97.851,26.152],[-97.708,26.201],[-97.69,26.2],[-97.51,25.93],[-97.48,25.95],[-97.34,26.15],[-97.436,25.911],[-97.48,25.93],[-94.27,32.568],[-97.27,33.03],[-97.31,32.99],[-94.064,32.479],[-97.48,31.01],[-97.24,30.88],[-94.705,32.757],[-95.201,32.582],[-94.638,33.009],[-94.205,33.036],[-94.189,33.015],[-94.124,33.027],[-100.54,32.85],[-102.13,34.093],[-101.368,33.67],[-101.164,33.521],[-102.55,36.02],[-102.754,33.725],[-102.55,32.95],[-102.37,32.02],[-100.23,32.89],[-101.17,29.52],[-100.95,29.46],[-101.517,33.081],[-100.92,29.37],[-99.74,33.17],[-100.92,29.37],[-100.91,29.4],[-100.95,29.46],[-100.92,29.37],[-99.79,33.73],[-99.65,31.41],[-94.606,32.994],[-101.35,35.48],[-101.832,34.73],[-96.21,33.17],[-96.216,33.139],[-103.033,33.5],[-101.96,32.73],[-100.81,31.29],[-100.514,31.542],[-100.51,31.43],[-102.19,31.94],[-101.571,34.138],[-100.518,34.73],[-100.602,34.272],[-101.164,33.521],[-101.368,33.67],[-103.2,31.78],[-100.86,32.71],[-95.57,30.72],[-95.57,30.46],[-95.57,30.46],[-101.2,32.9],[-100.54,32.44],[-100.47,32.46],[-100.6,34.266],[-99.7,32.75],[-100.137,33.903],[-100.25,31.61],[-99.291,33.632],[-102.99,34.89],[-101.93,35.42],[-102.705,34.651],[-102.33,33.73],[-102.28,33.151],[-102.946,33.003],[-102.57,32.94],[-101.94,32.71],[-100.444,31.491],[-104.35,30.47],[-101.953,33.733],[-103.9,30.6],[-103.67,30.39],[-103.89,30.6],[-102.12,34.423],[-101.7,34.185],[-101.571,34.137],[-103.52,29.15],[-100.78,29.37],[-102.06,33.42],[-101.78,36.14],[-102.55,36.02],[-101.92,35.83],[-101.78,36.14],[-102.99,34.89],[-102.81,34.83],[-102.08,34.99],[-101.61,35.65],[-101.62,35.65],[-102.2,31.95],[-102.57,32.94],[-99.3,33.62],[-99.3,33.62],[-99.65,31.41],[-99.31,32.01],[-99.11,31.85],[-97.16,33.68],[-96.9,33.66],[-96.7,33.66],[-97.75,31.62],[-95.27,31.96],[-95.15,31.795],[-95.175,31.739],[-94.98,31.862],[-94.648,32.046],[-98.66,30.79],[-98.45,30.66],[-98.42,30.58],[-98.41,30.6],[-98.36,30.59],[-98.37,30.61],[-98.0,30.42],[-96.97,30.88],[-97.66,30.59],[-96.38,30.73],[-96.34,30.61],[-99.79,33.58],[-99.18,33.18],[-98.5,33.98],[-98.48,33.88],[-98.96,31.79],[-98.233,33.309],[-98.16,33.22],[-98.6,31.925],[-98.99,31.8],[-97.75,32.08],[-97.53,32.45],[-97.4,32.35],[-97.39,32.24],[-99.79,33.58],[-100.49,31.37],[-93.87,30.08],[-99.13,31.71],[-97.43,25.91],[-97.56,26.02],[-97.47,26.1],[-97.15,26.0],[-97.26,26.081],[-97.21,26.07],[-97.23,26.07],[-98.23,30.8],[-104.85,31.04],[-103.18,29.66],[-95.033,33.858],[-95.05,33.61],[-94.68,33.21],[-94.41,33.48],[-94.96,33.17],[-94.91,33.24],[-94.31,33.12],[-94.35,32.55],[-94.63,32.34],[-94.66,32.36],[-94.52,32.32],[-94.09,32.36],[-94.28,31.7],[-94.01,31.65],[-96.38,32.08],[-95.15,31.8],[-95.85,31.83],[-95.7,31.78],[-95.58,31.63],[-94.34,31.51],[-95.48,31.49],[-95.48,31.39],[-94.78,31.19],[-97.23,31.61],[-97.71,31.14],[-95.55,30.72],[-97.23,31.31],[-95.034,30.683],[-96.98,31.08],[-96.838,31.063],[-95.17,29.95],[-96.97,30.85],[-96.34,30.61],[-94.62,29.47],[-96.65,30.4],[-96.59,30.19],[-101.832,34.73],[-101.48,34.65],[-96.58,32.16],[-95.21,33.48],[-102.13,36.36],[-102.55,36.02],[-95.91,33.58],[-95.18,32.98],[-95.08,32.99],[-101.45,35.84],[-101.42,35.74],[-101.28,35.67],[-100.93,35.54],[-100.58,35.23],[-95.2,33.47],[-94.25,33.23],[-94.16,33.12],[-97.13,33.64],[-96.77,33.63],[-96.61,33.62],[-96.63,33.58],[-96.34,33.61],[-96.55,33.35],[-96.9,33.66],[-95.82,33.31],[-96.46,33.02],[-96.5,33.18],[-95.54,33.51],[-95.29,32.96],[-95.02,32.74],[-94.96,33.1],[-95.11,32.58],[-94.97,33.0],[-95.01,32.51],[-95.3,32.53],[-94.95,32.73],[-94.71,32.94],[-95.1,32.46],[-94.76,32.52],[-94.97,32.35],[-94.91,32.35],[-94.72,32.37],[-94.71,32.38],[-95.17,32.49],[-96.27,32.71],[-95.48,32.67],[-95.7,32.45],[-95.27,31.96],[-95.08,31.65],[-94.8,31.44],[-97.231,31.603],[-97.13,31.21],[-100.5,31.27],[-100.31,31.42],[-100.73,31.42],[-95.59,33.84],[-95.051,33.611],[-100.22,30.02],[-99.77,30.5],[-96.5,32.23],[-98.88,30.284],[-98.82,30.3],[-98.91,30.245],[-96.28,31.62],[-96.23,31.47],[-96.54,31.52],[-98.508,30.272],[-98.4,30.043],[-95.972,31.094],[-95.88,30.95],[-95.896,30.956],[-95.84,30.74],[-98.0,30.18],[-98.004,30.174],[-95.79,30.71],[-95.79,30.69],[-100.912,34.389],[-95.78,30.37],[-100.836,33.944],[-95.75,30.32],[-95.54,30.17],[-95.556,30.067],[-95.556,30.067],[-95.55,30.1],[-95.52,30.17],[-95.39,30.01],[-101.0,33.77],[-100.49,33.565],[-101.164,33.521],[-95.4,29.8],[-100.848,32.72],[-100.54,32.361],[-100.469,32.465],[-100.539,32.448],[-100.4,32.47],[-100.469,32.464],[-99.77,32.46],[-99.74,32.48],[-99.645,32.508],[-99.81,32.442],[-100.01,32.47],[-99.859,32.427],[-99.679,32.42],[-102.55,36.02],[-96.918,33.659],[-94.81,32.14],[-96.28,32.74],[-96.29,32.75],[-96.27,32.7],[-100.78,31.7],[-100.87,31.43],[-100.81,31.3],[-100.64,31.35],[-100.5,31.36],[-100.47,31.45],[-94.89,32.21],[-100.51,31.38],[-94.81,32.16],[-100.49,31.36],[-100.51,31.34],[-94.77,32.04],[-94.52,32.14],[-94.68,31.92],[-95.36,29.81],[-100.62,31.29],[-100.55,31.15],[-99.85,31.22],[-99.94,34.344],[-100.573,33.237],[-99.542,33.521],[-99.291,33.632],[-99.291,33.632],[-100.0,32.52],[-99.71,32.48],[-100.75,31.42],[-100.49,31.9],[-100.52,31.55],[-100.59,31.3],[-101.2,30.729],[-101.2,30.73],[-94.12,33.36],[-101.932,35.416],[-102.72,36.14],[-102.13,36.36],[-103.02,36.41],[-100.57,35.24],[-102.21,33.74],[-101.164,33.521],[-100.867,33.48],[-101.2,32.91],[-100.55,32.85],[-99.74,33.17],[-99.25,32.74],[-101.317,34.007],[-99.9,32.75],[-99.9,32.75],[-99.67,32.71],[-99.4,32.4],[-102.76,35.25],[-102.55,36.02],[-102.64,32.74],[-101.769,33.858],[-101.726,33.73],[-101.518,33.081],[-100.41,36.23],[-100.3,34.43],[-100.573,33.237],[-100.95,32.7],[-101.79,32.01],[-99.19,33.17],[-99.556,29.953],[-99.788,29.207],[-99.75,29.38],[-99.76,29.17],[-99.2,30.0],[-99.17,29.36],[-98.64,29.74],[-95.05,31.61],[-94.53,32.89],[-94.37,33.14],[-94.82,32.31],[-94.72,32.38],[-98.95,30.74],[-99.38,27.98],[-97.97,30.36],[-97.66,30.2],[-101.832,34.73],[-96.8,29.95],[-96.37,30.58],[-96.34,30.61],[-96.27,30.57],[-96.3,30.62],[-96.0,30.29],[-100.44,31.47],[-95.37,29.76],[-95.34,29.99],[-97.65,26.21],[-97.635,26.131],[-97.597,26.101],[-97.45,25.99],[-97.477,25.942],[-97.48,25.93],[-106.14,31.46],[-106.58,31.88],[-106.58,31.88],[-106.49,31.86],[-106.44,31.82],[-106.44,31.82],[-106.44,31.91],[-104.8,30.75],[-96.96,32.88],[-103.18,29.66],[-102.52,32.32],[-102.35,32.03],[-102.01,32.31],[-101.94,32.71],[-101.63,32.1],[-101.2,32.9],[-100.82,32.39],[-100.78,29.36],[-97.64,26.14],[-97.485,25.922],[-95.67,29.95],[-95.59,30.009],[-95.54,30.01],[-95.596,29.981],[-95.37,29.82],[-95.214,29.488],[-94.888,29.42],[-94.86,29.27],[-100.49,31.42],[-100.48,31.45],[-100.4,31.4],[-100.48,31.5],[-100.5,31.45],[-100.37,31.42],[-100.48,31.46],[-100.27,31.41],[-104.74,31.18],[-100.88,32.71],[-100.867,33.48],[-101.18,36.36],[-103.91,31.59],[-101.0,33.77],[-99.712,33.983],[-99.3,34.16],[-98.493,33.979],[-101.953,33.733],[-103.02,36.41],[-102.295,34.571],[-101.272,34.237],[-100.43,34.511],[-100.3,34.43],[-103.02,36.41],[-102.55,36.02],[-101.39,35.7],[-101.28,35.66],[-102.55,36.02],[-102.36,35.25],[-101.85,34.73],[-101.0,33.77],[-100.839,33.943],[-100.49,33.565],[-101.2,32.91],[-100.423,33.918],[-100.86,32.71],[-95.297,32.9],[-95.12,33.16],[-95.08,32.75],[-94.949,32.724],[-94.846,32.703],[-94.47,32.779],[-94.289,33.469],[-94.367,33.014],[-94.343,32.669],[-101.737,34.541],[-98.82,29.91],[-97.78,29.13],[-97.75,28.41],[-101.93,35.42],[-104.8,31.83],[-99.76,30.48],[-102.4,31.92],[-95.137,32.977],[-94.712,32.391],[-103.02,36.41],[-101.93,35.83],[-102.35,35.24],[-102.33,34.86],[-101.54,35.3],[-102.21,33.74],[-96.22,32.52],[-94.08,33.07],[-103.28,31.15],[-100.46,35.71],[-100.28,35.91],[-100.46,35.69],[-99.94,34.344],[-102.99,34.89],[-98.522,33.87],[-101.54,35.3],[-101.72,35.22],[-102.13,34.093],[-101.72,34.17],[-101.571,34.135],[-101.726,33.73],[-101.726,33.73],[-100.75,36.41],[-100.93,35.54],[-102.55,36.02],[-102.55,36.02],[-102.705,34.651],[-102.295,34.571],[-102.408,34.03],[-101.78,36.14],[-102.12,34.423],[-101.45,35.84],[-101.93,35.42],[-101.39,35.68],[-101.28,35.67],[-101.39,35.7],[-101.88,35.21],[-101.81,35.34],[-102.21,33.74],[-101.19,36.22],[-101.62,35.28],[-101.769,33.858],[-101.54,35.3],[-100.93,35.54],[-102.37,33.522],[-102.018,33.441],[-100.9,35.23],[-101.19,35.03],[-100.46,35.71],[-100.57,35.24],[-101.368,33.19],[-102.608,33.403],[-102.06,33.42],[-102.99,34.89],[-102.08,34.99],[-101.95,34.98],[-101.48,34.65],[-101.769,33.858],[-100.73,36.4],[-100.41,36.22],[-100.912,34.389],[-100.28,35.92],[-100.46,35.71],[-100.93,35.54],[-98.481,33.882],[-100.86,32.72],[-99.96,31.96],[-99.95,31.74],[-99.5,32.41],[-99.4,32.4],[-97.83,33.55],[-100.5,31.36],[-100.48,31.39],[-98.672,33.93],[-99.8,32.21],[-98.576,33.879],[-98.564,33.901],[-98.51,33.909],[-98.514,33.928],[-98.525,33.929],[-98.481,33.882],[-98.493,33.979],[-99.87,32.59],[-102.76,36.49],[-101.92,35.83],[-101.78,36.14],[-99.79,32.33],[-103.0,31.199],[-97.94,29.55],[-98.12,29.7],[-104.37,29.622],[-98.493,33.979],[-94.74,31.92],[-94.1,30.05],[-94.12,32.71],[-100.912,34.389],[-101.76,36.14],[-101.45,35.84],[-102.28,33.151],[-104.81,31.89],[-104.8,31.83],[-104.74,31.18],[-102.08,34.99],[-100.8,34.641],[-99.53,32.42],[-98.028,26.242],[-98.037,26.247],[-98.037,26.245],[-102.705,34.651],[-101.19,36.22],[-101.93,35.42],[-101.61,35.28],[-101.12,34.82],[-100.484,34.674],[-101.368,33.19],[-100.482,33.59],[-99.89,33.18],[-100.69,32.41],[-98.89,32.72],[-101.63,32.1],[-103.2,31.78],[-103.27,31.6],[-100.47,31.52],[-97.84,30.52],[-95.26,29.93],[-95.213,29.919],[-96.68,28.65],[-97.5,30.09],[-101.93,29.99],[-101.61,29.82],[-97.11,29.69],[-102.408,34.03],[-102.17,33.82],[-101.953,33.733],[-93.98,29.97],[-95.05,29.52],[-102.33,34.86],[-101.517,33.081],[-101.41,32.76],[-101.63,32.1],[-100.82,32.39],[-99.64,31.41],[-97.655,26.227],[-102.76,35.25],[-97.24,33.15],[-99.94,34.344],[-99.711,34.285],[-98.901,33.959],[-100.29,31.89],[-97.69,32.98],[-98.4,32.26],[-94.54,33.49],[-94.19,32.91],[-95.24,30.56],[-95.28,30.49],[-97.32,31.6],[-95.91,33.58],[-97.22,31.61],[-95.9,33.24],[-95.69,31.73],[-96.78,32.2],[-95.84,32.95],[-95.77,32.88],[-97.166,31.045],[-97.25,30.98],[-97.213,31.087],[-95.78,32.88],[-97.23,30.93],[-100.6,34.266],[-95.62,32.78],[-97.69,30.49],[-98.93,30.05],[-97.75,30.407],[-100.423,33.918],[-95.45,32.51],[-95.22,32.23],[-95.3,32.37],[-95.24,31.97],[-94.27,32.87],[-94.33,32.8],[-95.07,31.83],[-94.91,32.0],[-94.98,31.93],[-94.98,31.96],[-94.8,32.0],[-94.72,31.17],[-99.15,29.76],[-99.14,29.79],[-99.15,29.74],[-95.26,30.01],[-100.47,29.12],[-102.02,33.6],[-102.64,32.74],[-106.38,31.809],[-104.81,31.89],[-101.02,32.35],[-98.881,34.091],[-100.73,31.42],[-94.19,30.08],[-95.73,30.19],[-97.52,32.77],[-97.44,32.76],[-97.36,32.82],[-97.454,32.66],[-97.19,32.72],[-97.22,32.81],[-97.28,32.63],[-97.43,32.36],[-97.21,32.41],[-97.11,32.42],[-95.099,30.627],[-99.47,32.04],[-99.52,32.04],[-98.63,30.26],[-102.645,34.102],[-99.68,32.41],[-100.39,35.08],[-101.516,33.082],[-101.368,33.67],[-100.423,33.918],[-99.94,34.344],[-100.47,32.47],[-98.49,33.91],[-97.743,32.239],[-97.54,31.06],[-97.34,31.88],[-97.097,32.804],[-97.097,32.804],[-96.59,33.18],[-100.55,31.56],[-100.53,31.55],[-100.53,31.55],[-100.53,31.55],[-102.123,33.867],[-101.953,33.733],[-99.958,33.992],[-96.39,33.51],[-96.55,33.03],[-96.25,33.38],[-96.18,33.46],[-97.38,32.04],[-95.17,32.49],[-100.496,31.358],[-100.54,31.52],[-97.34,31.07],[-100.4,31.44],[-99.95,31.74],[-100.497,31.357],[-100.43,31.4],[-101.368,33.67],[-98.161,32.795],[-94.31,31.14],[-94.95,32.73],[-94.94,32.69],[-94.82,32.59],[-95.04,29.47],[-93.97,31.42],[-97.453,29.501],[-97.46,29.52],[-97.154,29.305],[-95.43,29.8],[-95.318,29.666],[-95.198,29.674],[-97.27,27.7],[-102.347,32.031],[-100.128,33.908],[-99.762,33.18],[-99.958,33.992],[-99.75,28.45],[-99.07,29.72],[-98.736,29.793],[-99.22,28.45],[-98.54,33.07],[-96.942,29.457],[-96.543,29.704],[-96.06,29.73],[-95.056,29.733],[-95.27,33.67],[-96.3,29.927],[-95.88,29.44],[-95.39,29.67],[-95.84,29.36],[-95.73,29.29],[-95.06,29.8],[-95.43,29.13],[-95.418,29.155],[-95.43,29.182],[-95.45,29.2],[-95.47,29.12],[-95.292,29.145],[-99.22,28.45],[-97.98,26.46],[-97.52,28.03],[-94.86,30.11],[-94.77,30.2],[-94.748,30.217],[-94.716,30.209],[-100.93,34.92],[-100.9,35.23],[-100.58,35.24],[-97.65,33.95],[-94.19,31.77],[-94.07,31.74],[-95.87,29.72],[-95.7,29.98],[-96.593,28.296],[-95.55,29.9],[-95.65,29.14],[-95.556,30.067],[-95.46,30.16],[-95.46,29.16],[-95.39,29.85],[-95.43,29.35],[-95.23,29.39],[-95.221,29.542],[-95.053,29.468],[-95.09,29.52],[-95.04,29.46],[-95.03,29.47],[-94.93,29.49],[-98.72,31.2],[-100.38,32.74],[-100.38,32.74],[-99.8,32.21],[-100.867,33.48],[-100.49,33.565],[-96.25,32.49],[-96.21,32.49],[-95.58,32.93],[-95.87,32.56],[-95.27,33.0],[-95.27,33.02],[-96.35,32.48],[-94.96,33.0],[-94.98,33.16],[-94.97,33.1],[-94.7,33.12],[-94.35,33.33],[-94.63,33.0],[-94.11,33.42],[-99.865,33.446],[-99.72,32.91],[-99.83,32.42],[-97.807,30.203],[-97.799,30.211],[-97.79,30.21],[-95.53,31.79],[-95.26,31.95],[-94.99,31.96],[-94.87,31.98],[-94.89,32.03],[-94.8,32.16],[-94.68,31.91],[-94.61,32.1],[-94.33,32.8],[-94.34,32.15],[-94.35,32.76],[-95.15,31.8],[-94.17,32.31],[-94.19,32.91],[-94.61,31.72],[-94.67,32.19],[-94.62,31.65],[-94.16,32.24],[-94.95,31.12],[-95.83,30.926],[-94.38,31.62],[-94.16,31.69],[-94.4,31.91],[-94.58,31.28],[-94.265,31.301],[-94.14,31.55],[-94.12,31.48],[-94.02,31.25],[-100.54,32.45],[-100.25,32.04],[-100.11,32.05],[-100.41,31.45],[-98.48,32.89],[-98.06,32.98],[-99.14,31.72],[-98.98,31.72],[-97.788,32.44],[-97.37,32.41],[-97.09,32.44],[-98.38,29.47],[-94.07,33.44],[-99.73,33.16],[-99.74,33.17],[-99.808,33.469],[-97.02,32.89],[-102.067,33.68],[-101.732,34.189],[-101.058,33.077],[-100.867,33.48],[-94.88,31.99],[-94.82,32.17],[-94.8,32.18],[-94.46,31.86],[-97.41,30.88],[-99.354,34.365],[-99.354,34.365],[-97.23,30.41],[-97.03,30.23],[-98.88,29.19],[-98.47,29.53],[-99.24,28.44],[-98.28,29.53],[-99.24,28.45],[-98.31,29.55],[-97.94,29.55],[-99.38,31.6],[-99.32,31.66],[-97.79,31.143],[-97.44,31.1],[-99.06,29.01],[-99.01,29.06],[-98.58,29.04],[-98.569,29.037],[-97.8,29.26],[-97.64,29.27],[-97.45,29.51],[-97.81,28.61],[-97.02,29.41],[-97.13,28.69],[-96.85,28.87],[-96.25,28.72],[-95.91,28.71],[-96.25,28.73],[-97.4,26.12],[-97.53,26.02],[-102.55,36.03],[-102.0,36.05],[-101.93,35.83],[-101.0,33.77],[-99.865,33.446],[-99.67,33.34],[-99.43,33.51],[-93.85,31.43],[-97.9,30.19],[-97.37,30.11],[-97.7,30.39],[-97.742,30.444],[-102.83,33.223],[-96.91,30.06],[-95.52,30.61],[-97.014,30.234],[-97.38,30.12],[-96.64,30.09],[-96.75,30.12],[-96.51,30.08],[-102.41,33.66],[-96.7,30.06],[-96.85,29.89],[-96.24,29.97],[-96.34,30.61],[-102.3,31.92],[-101.953,33.733],[-96.08,30.11],[-95.57,29.89],[-95.74,29.95],[-102.3,31.98],[-102.4,31.92],[-101.72,34.17],[-95.36,29.86],[-102.1,32.03],[-95.22,29.78],[-95.37,30.0],[-101.94,32.07],[-95.12,29.71],[-101.6,31.66],[-95.4,29.72],[-95.0,29.72],[-95.28,29.63],[-95.08,29.76],[-102.19,31.94],[-102.07,31.97],[-94.94,29.72],[-95.01,29.68],[-101.4,32.14],[-100.99,31.84],[-100.96,31.88],[-101.45,35.84],[-96.25,33.39],[-99.63,31.76],[-99.13,31.72],[-95.29,32.96],[-97.943,31.285],[-95.28,32.96],[-97.461,31.138],[-97.206,31.522],[-96.98,30.86],[-96.7,31.47],[-96.63,31.31],[-96.85,30.9],[-96.266,30.914],[-96.09,30.92],[-95.74,31.03],[-95.22,33.08],[-95.53,31.64],[-95.51,31.62],[-95.47,31.5],[-94.83,31.9],[-94.65,31.63],[-94.61,31.72],[-94.61,31.7],[-94.65,31.61],[-100.5,31.37],[-95.43,32.16],[-95.43,32.16],[-95.32,32.14],[-95.9,33.26],[-94.4,33.52],[-94.05,33.44],[-96.1,32.4],[-96.08,32.39],[-95.93,32.307],[-100.32,32.09],[-97.15,32.74],[-97.13,32.58],[-97.12,33.24],[-97.11,33.22],[-97.2,33.2],[-97.33,33.03],[-97.31,33.02],[-96.86,33.12],[-97.32,32.99],[-96.75,33.07],[-96.988,32.92],[-97.34,32.96],[-96.68,33.05],[-96.682,33.031],[-96.925,33.037],[-96.84,33.03],[-96.716,32.926],[-96.62,33.03],[-96.75,33.04],[-96.87,32.68],[-96.85,32.84],[-97.299,32.835],[-97.239,32.832],[-96.55,33.06],[-96.621,32.82],[-96.56,32.95],[-96.78,32.8],[-96.47,32.75],[-96.952,32.59],[-96.325,32.885],[-96.46,32.92],[-96.387,32.608],[-96.53,32.75],[-96.63,32.69],[-96.333,32.715],[-96.34,32.73],[-96.67,32.43],[-96.2,32.6],[-96.09,32.306],[-96.1,32.37],[-95.7,32.45],[-96.01,32.31],[-95.73,32.51],[-95.71,32.67],[-95.71,32.28],[-95.55,32.63],[-95.45,32.48],[-95.31,32.21],[-96.99,32.47],[-97.43,32.36],[-99.75,32.44],[-95.15,32.23],[-94.97,32.28],[-94.94,32.13],[-94.8,32.16],[-94.44,32.04],[-94.34,32.15],[-94.27,31.86],[-94.32,31.76],[-94.16,31.93],[-93.83,31.35],[-95.46,31.32],[-95.82,30.99],[-93.84,31.23],[-93.78,31.25],[-98.24,30.74],[-93.57,31.17],[-95.587,30.744],[-94.96,31.4],[-94.97,31.22],[-95.55,30.7],[-94.93,30.71],[-94.73,31.37],[-94.73,31.35],[-95.56,30.22],[-95.34,29.99],[-95.12,29.97],[-95.36,29.76],[-95.277,29.646],[-95.13,29.56],[-95.24,29.52],[-94.21,30.02],[-93.93,29.87],[-95.1,29.48],[-94.86,29.26],[-101.72,35.22],[-100.93,29.38],[-101.92,35.83],[-100.78,29.37],[-99.89,32.76],[-99.11,29.79],[-99.47,27.55],[-99.48,27.44],[-102.745,33.74],[-102.06,33.42],[-101.186,34.431],[-99.94,34.344],[-99.787,33.82],[-95.2,32.59],[-97.32,31.96],[-95.22,32.23],[-101.76,36.14],[-102.14,32.0],[-95.12,32.14],[-101.93,35.83],[-94.76,32.28],[-94.94,32.38],[-94.52,32.32],[-102.4,31.92],[-96.62,30.87],[-102.19,31.94],[-101.45,35.84],[-94.46,32.22],[-101.28,35.66],[-95.93,30.95],[-94.65,31.61],[-95.53,31.23],[-102.3,31.9],[-100.93,35.55],[-95.55,30.72],[-94.1,32.23],[-94.13,32.24],[-94.14,32.13],[-94.82,31.02],[-94.18,31.8],[-96.04,30.49],[-94.49,31.57],[-94.94,30.71],[-99.88,32.13],[-99.76,32.37],[-99.68,32.42],[-95.16,29.93],[-100.11,32.04],[-98.15,31.5],[-97.32,31.48],[-97.2,31.53],[-97.21,31.49],[-97.21,31.49],[-97.132,31.555],[-97.14,31.54],[-96.9,31.31],[-97.68,30.18],[-95.444,30.272],[-96.14,28.88],[-96.22,28.87],[-96.254,28.725],[-96.254,28.725],[-101.398,32.759],[-101.987,32.3],[-99.43,31.15],[-99.32,31.17],[-99.2,30.98],[-99.15,30.99],[-99.19,31.02],[-99.34,31.12],[-99.32,31.18],[-102.96,35.57],[-101.78,36.14],[-102.08,34.99],[-102.37,33.522],[-102.61,33.389],[-102.841,32.977],[-101.76,33.22],[-102.28,33.151],[-101.83,32.984],[-102.65,32.81],[-102.56,32.94],[-102.13,32.93],[-101.516,33.081],[-102.28,33.151],[-101.96,32.72],[-96.54,31.53],[-102.06,33.42],[-101.19,36.19],[-96.45,31.62],[-96.38,31.52],[-101.516,33.081],[-101.317,34.007],[-101.0,33.77],[-100.913,34.385],[-100.8,34.641],[-100.92,34.93],[-100.9,35.24],[-100.39,35.08],[-100.39,35.08],[-95.319,30.98],[-99.47,32.04],[-99.24,30.74],[-99.23,30.89],[-94.717,32.392],[-94.84,30.52],[-95.17,30.05],[-95.386,30.133],[-95.11,30.06],[-95.362,30.129],[-95.69,29.99],[-99.84,32.59],[-99.68,32.42],[-97.41,31.15],[-101.2,32.9],[-100.54,32.85],[-100.27,31.38],[-100.496,31.351],[-101.69,30.67],[-98.347,33.884],[-99.81,30.93],[-103.2,31.78],[-95.68,30.18],[-94.72,31.32],[-94.54,31.26],[-94.44,31.13],[-95.57,33.87],[-95.17,33.78],[-95.94,33.0],[-96.11,31.02],[-96.73,33.45],[-96.62,33.51],[-96.28,33.49],[-95.91,33.58],[-99.58,31.2],[-97.58,31.52],[-97.35,31.29],[-96.6,31.49],[-96.38,31.42],[-96.23,31.25],[-96.186,31.25],[-98.27,29.98],[-97.94,29.89],[-97.99,29.89],[-98.0,29.9],[-97.95,29.85],[-98.01,29.85],[-98.09,29.99],[-98.09,29.99],[-97.97,29.91],[-97.862,29.855],[-97.83,29.65],[-97.79,29.69],[-98.05,29.71],[-97.75,29.65],[-97.9,29.56],[-97.82,29.74],[-98.0,29.94],[-95.37,30.944],[-97.45,29.51],[-99.53,29.62],[-98.56,29.29],[-102.754,33.725],[-99.96,31.74],[-102.65,32.68],[-102.55,36.02],[-103.02,36.41],[-102.37,33.522],[-102.528,32.968],[-103.24,30.89],[-106.371,31.951],[-106.35,31.718],[-100.86,35.9],[-101.724,35.193],[-101.77,35.11],[-101.835,35.203],[-101.791,35.227],[-101.832,34.73],[-94.42,33.48],[-94.37,33.19],[-94.98,32.26],[-94.79,32.16],[-94.58,32.29],[-94.67,31.71],[-95.17,31.81],[-94.65,31.63],[-94.35,31.5],[-93.84,31.48],[-94.73,31.32],[-96.72,33.77],[-101.708,34.581],[-96.81,33.85],[-101.39,35.33],[-101.77,34.573],[-100.3,34.43],[-100.41,36.22],[-96.557,28.69],[-96.39,28.68],[-96.504,28.639],[-96.69,28.43],[-96.386,28.722],[-96.94,32.89],[-94.882,30.041],[-95.42,32.51],[-96.01,32.17],[-95.11,32.38],[-94.98,32.24],[-94.87,32.3],[-94.74,32.2],[-94.67,32.24],[-94.57,32.29],[-94.52,31.87],[-105.198,31.948],[-94.34,32.17],[-95.1,31.72],[-94.43,31.64],[-94.19,31.8],[-94.03,31.54],[-103.17,30.21],[-93.84,31.35],[-103.47,30.03],[-101.76,29.97],[-101.27,29.89],[-98.578,33.858],[-97.2,33.65],[-96.89,33.18],[-96.27,32.74],[-101.72,35.22],[-95.04,33.82],[-95.06,33.61],[-95.19,33.18],[-95.64,32.79],[-95.45,32.8],[-94.51,33.48],[-94.34,31.51],[-94.94,32.72],[-94.39,31.64],[-94.3,33.38],[-95.31,32.32],[-94.79,32.44],[-94.57,32.28],[-94.45,32.24],[-94.17,32.3],[-94.18,32.67],[-95.849,32.368],[-95.38,32.51],[-95.44,32.37],[-95.4,32.36],[-95.31,32.36],[-95.31,32.28],[-94.78,32.16],[-94.79,32.16],[-94.39,32.16],[-95.46,29.11],[-97.2,33.65],[-95.38,33.03],[-94.36,33.01],[-97.128,33.23],[-94.847,29.278],[-94.847,29.278],[-101.867,35.178],[-101.62,35.28],[-101.69,34.99],[-101.79,35.06],[-102.295,34.571],[-101.737,34.541],[-102.12,34.423],[-101.72,35.22],[-103.02,36.42],[-102.13,36.36],[-101.43,35.8],[-101.92,35.83],[-103.2,31.78],[-102.05,31.93],[-101.82,33.67],[-101.47,31.19],[-101.78,36.14],[-96.176,32.529],[-99.53,32.42],[-102.99,34.77],[-101.78,36.14],[-100.93,32.68],[-101.41,32.76],[-97.869,32.359],[-94.54,32.01],[-102.92,30.92],[-101.86,35.15],[-101.18,36.36],[-102.61,33.389],[-102.017,33.441],[-102.31,31.91],[-106.381,31.745],[-101.62,35.28],[-94.696,31.237],[-94.823,31.35],[-94.784,31.394],[-94.721,31.41],[-102.02,33.6],[-101.753,33.863],[-102.02,33.428],[-101.0,33.77],[-101.368,33.67],[-101.516,33.081],[-100.573,33.237],[-100.86,32.71],[-98.56,34.09],[-98.493,33.979],[-99.291,33.632],[-94.726,32.6],[-98.669,29.718],[-98.498,29.36],[-103.01,35.58],[-102.83,33.223],[-102.13,34.093],[-100.49,33.565],[-102.17,33.58],[-101.5,34.98],[-101.832,34.73],[-102.12,34.423],[-103.02,36.41],[-98.892,33.177],[-99.5,32.41],[-99.74,32.44],[-99.66,32.5],[-98.08,30.85],[-98.11,30.86],[-100.51,31.54],[-101.84,35.17],[-101.25,36.08],[-101.85,34.98],[-100.75,36.42],[-100.75,36.42],[-94.7,32.22],[-101.83,32.984],[-103.02,36.41],[-101.0,35.61],[-101.28,35.67],[-101.0,35.61],[-101.92,35.83],[-101.39,35.7],[-101.28,35.67],[-99.95,31.74],[-99.94,31.74],[-99.96,31.75],[-101.92,35.83],[-102.35,35.24],[-102.42,34.83],[-102.99,34.89],[-102.743,34.193],[-100.41,31.31],[-105.183,31.962],[-99.38,31.6],[-102.64,36.14],[-101.12,34.82],[-102.55,36.02],[-99.291,33.632],[-102.705,34.2],[-102.96,35.57],[-102.13,36.36],[-102.07,36.34],[-102.546,34.18],[-102.12,34.423],[-101.737,34.541],[-98.493,33.979],[-102.36,31.41],[-94.11,31.68],[-94.11,31.87],[-98.569,34.099],[-103.27,31.6],[-102.01,32.31],[-102.4,31.92],[-101.6,31.66],[-101.52,32.22],[-98.96,31.79],[-98.18,32.22],[-97.89,32.58],[-97.35,32.69],[-97.34,32.7],[-97.33,32.71],[-97.345,32.697],[-97.32,32.71],[-97.31,32.71],[-97.37,32.66],[-97.21,32.67],[-97.43,32.77],[-97.31,32.77],[-97.345,32.736],[-98.92,29.94],[-98.21,29.88],[-97.47,29.86],[-96.35,30.32],[-96.51,29.64],[-96.13,29.77],[-95.9,30.24],[-96.08,30.11],[-95.96,29.9],[-95.28,29.63],[-95.4,29.72],[-97.8,31.42],[-94.628,31.631],[-94.63,32.061],[-94.295,31.497],[-94.139,32.131],[-103.23,31.5],[-102.37,33.522],[-102.05,33.6],[-101.82,33.67],[-102.3,31.98],[-102.2,31.95],[-102.01,32.31],[-101.368,33.67],[-101.737,34.541],[-101.186,34.431],[-97.1,31.43],[-96.99,31.53],[-96.97,31.53],[-96.95,31.55],[-95.67,31.75],[-94.47,32.6],[-97.297,27.87],[-97.281,27.87],[-98.13,27.486],[-97.54,26.04],[-94.41,32.54],[-94.32,32.2],[-95.46,31.63],[-97.805,30.124],[-97.68,30.18],[-95.28,29.65],[-95.24,29.52],[-94.92,29.49],[-94.034,29.678],[-93.841,29.69],[-97.159,26.071],[-98.45,26.23],[-99.48,27.364],[-97.83,26.25],[-100.56,31.18],[-100.56,31.18],[-96.59,33.18],[-98.7,29.46],[-100.51,31.54],[-99.68,32.42],[-100.31,31.35],[-99.64,31.41],[-98.836,32.406],[-98.0,33.2],[-98.06,32.78],[-97.86,32.97],[-98.198,32.255],[-98.2,32.26],[-97.6,33.24],[-97.571,32.782],[-97.44,33.17],[-97.44,32.77],[-97.51,32.76],[-97.391,32.941],[-97.35,32.75],[-97.35,32.97],[-97.151,33.669],[-97.2,33.2],[-97.23,33.0],[-97.234,33.013],[-97.244,33.065],[-97.21,33.32],[-97.16,33.46],[-97.18,33.32],[-97.305,32.58],[-97.2,32.83],[-97.27,32.51],[-97.23,31.61],[-96.99,33.28],[-97.08,32.93],[-97.2,32.69],[-97.13,32.78],[-97.1,32.66],[-97.02,32.88],[-96.945,32.793],[-96.77,33.61],[-96.915,33.057],[-96.92,33.6],[-96.857,33.001],[-96.823,32.561],[-96.8,33.23],[-96.813,33.044],[-97.912,31.168],[-96.59,33.17],[-96.717,33.041],[-96.839,33.182],[-96.9,32.57],[-96.721,33.086],[-96.62,33.21],[-96.64,33.18],[-96.7,32.95],[-96.598,33.19],[-96.56,33.19],[-96.317,33.133],[-96.32,33.03],[-96.34,33.43],[-96.18,33.62],[-97.21,31.49],[-96.147,33.543],[-97.16,31.45],[-97.069,31.456],[-95.9,33.25],[-95.59,32.78],[-96.157,32.349],[-96.008,32.71],[-96.38,32.02],[-95.85,33.15],[-96.53,30.34],[-95.879,32.69],[-95.755,32.905],[-96.71,32.1],[-95.62,33.16],[-95.855,33.6],[-95.86,32.559],[-95.601,32.057],[-96.059,31.6],[-95.22,33.19],[-95.23,33.22],[-95.955,31.67],[-96.367,31.509],[-95.709,31.841],[-95.4,32.15],[-95.64,31.93],[-95.32,32.3],[-94.97,33.12],[-95.02,33.05],[-94.95,32.92],[-94.81,33.04],[-96.34,30.61],[-94.68,32.92],[-94.61,33.51],[-94.43,33.47],[-94.93,32.27],[-95.288,31.628],[-96.27,30.9],[-94.99,32.28],[-94.92,32.2],[-94.94,32.71],[-95.57,31.04],[-94.73,31.34],[-94.75,31.24],[-93.87,31.76],[-93.57,31.17],[-97.38,32.21],[-96.72,32.33],[-96.63,32.33],[-96.63,32.34],[-97.91,33.67],[-97.51,33.89],[-99.02,32.37],[-97.811,33.607],[-100.55,31.57],[-101.16,31.3],[-100.46,31.32],[-97.386,33.799],[-98.137,33.249],[-97.933,33.307],[-97.755,33.511],[-102.92,30.92],[-100.876,34.67],[-100.55,31.16],[-99.79,33.59],[-99.6,31.4],[-99.74,29.24],[-96.84,33.11],[-96.9,33.17],[-101.45,35.84],[-101.78,36.14],[-101.78,36.14],[-101.272,34.237],[-101.07,34.41],[-100.3,34.43],[-97.31,31.65],[-97.23,31.61],[-97.18,31.53],[-96.93,31.46],[-95.14,31.892],[-94.693,31.559],[-103.27,30.65],[-102.574,33.911],[-102.17,33.733],[-102.17,33.58],[-101.954,33.58],[-102.05,33.6],[-101.368,33.19],[-100.49,33.565],[-99.542,33.521],[-99.542,33.521],[-99.291,33.632],[-100.93,29.38],[-100.92,29.383],[-100.58,33.25],[-99.865,33.446],[-98.682,33.825],[-98.56,34.09],[-98.493,33.979],[-100.92,32.45],[-99.865,33.446],[-99.791,33.742],[-96.78,33.28],[-96.81,33.3],[-96.32,33.06],[-94.94,32.728],[-101.92,33.32],[-101.82,33.67],[-96.53,31.52],[-94.981,32.275],[-101.375,33.67],[-101.0,33.77],[-100.85,33.943],[-99.354,34.365],[-95.99,31.15],[-95.65,31.19],[-95.58,31.0],[-94.25,32.94],[-98.58,33.11],[-98.56,33.11],[-98.46,33.23],[-100.93,32.68],[-98.3,33.22],[-98.08,33.41],[-100.55,32.86],[-99.75,33.18],[-99.0,32.42],[-98.82,32.4],[-98.75,32.42],[-98.578,33.858],[-96.26,32.0],[-95.024,32.734],[-94.153,33.476],[-97.2,32.49],[-98.24,30.74],[-96.16,32.14],[-96.36,32.69],[-96.31,32.77],[-99.23,30.75],[-97.32,31.95],[-97.77,32.98],[-98.0,33.09],[-97.69,33.15],[-97.73,33.18],[-97.76,33.21],[-97.2,33.2],[-97.49,33.5],[-96.91,33.7],[-96.66,33.76],[-95.468,32.558],[-96.56,33.76],[-95.369,32.638],[-94.962,32.699],[-95.39,33.79],[-95.163,33.844],[-95.031,33.854],[-98.433,32.562],[-98.046,32.585],[-97.09,33.17],[-97.13,33.23],[-100.57,35.24],[-100.2,35.45],[-97.86,33.55],[-97.78,33.48],[-101.18,36.36],[-97.15,33.64],[-97.15,33.64],[-97.15,33.62],[-101.2,36.22],[-97.43,32.77],[-97.36,32.82],[-97.36,32.82],[-97.15,33.65],[-101.52,32.22],[-101.6,31.66],[-97.87,29.89],[-98.66,30.34],[-99.02,32.77],[-99.23,32.64],[-100.73,31.67],[-99.96,31.77],[-99.114,32.184],[-98.81,32.42],[-99.38,31.59],[-99.02,32.17],[-98.97,32.1],[-98.98,31.72],[-99.11,29.94],[-98.96,31.79],[-98.99,31.72],[-99.4,31.83],[-98.062,29.802],[-103.27,30.65],[-103.27,31.6],[-100.867,33.48],[-101.94,32.71],[-102.37,31.87],[-100.49,33.565],[-101.516,33.081],[-100.193,33.181],[-101.41,32.76],[-101.2,32.9],[-99.958,33.992],[-96.67,33.2],[-99.865,33.446],[-100.193,33.181],[-100.347,33.69],[-99.72,32.88],[-94.347,33.326],[-99.81,32.94],[-94.25,33.364],[-99.24,32.75],[-99.71,32.33],[-96.59,33.18],[-96.94,33.16],[-97.51,32.76],[-96.59,33.18],[-96.85,32.84],[-96.95,32.8],[-96.65,33.09],[-97.36,31.97],[-95.295,32.311],[-95.371,32.229],[-95.26,32.204],[-95.247,32.283],[-95.262,32.173],[-99.81,30.93],[-100.35,31.16],[-98.68,29.73],[-97.6,30.8],[-102.35,35.24],[-97.94,29.88],[-97.65,31.03],[-102.42,34.83],[-97.59,30.98],[-97.54,30.99],[-99.96,29.98],[-97.23,30.93],[-102.83,33.18],[-101.69,34.99],[-95.55,30.72],[-95.47,30.23],[-95.42,30.08],[-95.46,30.22],[-95.51,30.24],[-95.52,29.98],[-95.37,30.0],[-95.19,30.06],[-97.27,27.68],[-101.6,31.66],[-100.53,31.19],[-98.08,30.63],[-97.71,30.39],[-97.751,30.283],[-98.45,30.67],[-98.45,30.64],[-103.46,31.44],[-102.04,32.84],[-101.98,32.78],[-102.33,31.89],[-101.63,32.1],[-101.06,31.83],[-100.99,31.79],[-100.5,31.35],[-94.95,29.33],[-95.86,30.64],[-99.47,29.33],[-98.313,33.96],[-93.879,31.323],[-98.19,29.65],[-98.07,29.68],[-97.96,29.58],[-97.94,29.55],[-97.91,29.57],[-101.46,29.8],[-95.425,32.066],[-103.07,31.28],[-96.45,31.55],[-96.42,31.51],[-95.57,32.745],[-96.35,31.5],[-95.65,31.98],[-94.76,32.123],[-94.748,31.993],[-94.659,31.97],[-101.53,33.67],[-101.27,29.89],[-102.96,29.19],[-99.88,28.53],[-99.86,28.52],[-99.82,28.5],[-99.261,28.363],[-98.46,26.47],[-98.55,28.02],[-98.25,27.842],[-98.275,27.823],[-98.14,27.71],[-98.12,27.69],[-98.16,27.76],[-98.13,27.71],[-98.13,27.71],[-98.14,27.78],[-98.08,27.665],[-98.1,27.72],[-98.086,27.737],[-98.04,27.73],[-98.08,27.693],[-98.09,27.66],[-98.09,27.64],[-98.09,27.65],[-98.1,27.65],[-98.07,27.75],[-97.765,27.675],[-97.84,27.55],[-97.75,27.67],[-97.78,27.59],[-97.84,27.55],[-97.84,27.55],[-97.72,27.65],[-97.72,27.65],[-98.25,27.8],[-97.727,27.649],[-97.756,27.657],[-97.75,27.67],[-97.785,27.575],[-102.35,32.03],[-102.02,31.92],[-103.07,31.28],[-101.6,31.66],[-102.22,31.14],[-100.48,31.47],[-105.202,31.957],[-104.81,31.89],[-102.4,30.14],[-102.4,30.14],[-102.412,30.151],[-104.74,31.18],[-103.04,30.84],[-103.97,31.19],[-103.24,30.51],[-101.45,29.8],[-101.27,29.89],[-103.28,31.15],[-102.91,31.58],[-102.92,30.92],[-100.93,29.38],[-100.5,28.71],[-99.47,29.32],[-99.29,29.34],[-98.65,29.61],[-94.97,30.6],[-97.8,28.57],[-97.59,27.84],[-97.28,27.7],[-97.59,27.84],[-97.12,27.76],[-98.05,26.37],[-98.09,26.37],[-98.05,26.12],[-97.97,26.2],[-103.89,30.15],[-102.37,33.522],[-102.754,33.725],[-102.83,33.223],[-102.61,33.39],[-102.946,33.003],[-102.57,32.94],[-102.64,32.74],[-102.13,32.93],[-101.18,36.36],[-101.19,36.22],[-99.354,34.365],[-99.542,33.521],[-99.865,33.446],[-99.72,32.91],[-99.71,32.49],[-99.68,32.42],[-99.68,32.41],[-99.64,32.44],[-98.18,28.47],[-97.91,28.52],[-97.91,28.23],[-97.37,27.68],[-97.37,27.67],[-101.0,33.77],[-94.78,32.46],[-102.96,35.57],[-102.66,35.95],[-102.34,35.66],[-102.27,35.53],[-101.97,35.69],[-101.92,35.83],[-101.93,35.42],[-94.0,31.31],[-93.88,31.39],[-93.92,31.4],[-93.76,31.46],[-93.78,31.44],[-102.95,30.63],[-101.94,32.71],[-98.496,33.929],[-98.501,33.915],[-98.486,33.924],[-96.47,31.69],[-95.42,30.82],[-95.43,30.34],[-96.98,31.07],[-97.09,30.95],[-97.12,30.87],[-96.32,31.66],[-96.28,31.42],[-96.29,31.35],[-102.99,34.89],[-102.76,35.25],[-102.295,34.571],[-102.67,35.94],[-101.832,34.73],[-101.94,34.98],[-102.08,34.99],[-101.68,33.67],[-102.13,36.36],[-101.48,35.64],[-101.78,36.14],[-102.19,33.5],[-102.17,33.58],[-102.92,30.92],[-101.76,33.22],[-102.65,32.81],[-102.64,32.74],[-98.631,34.096],[-98.653,33.949],[-98.69,33.82],[-98.561,33.858],[-98.493,33.979],[-98.586,33.854],[-98.57,33.781],[-99.22,32.92],[-98.291,33.959],[-98.483,33.807],[-98.483,33.768],[-97.97,33.63],[-97.24,33.26],[-97.19,33.23],[-98.47,32.33],[-96.93,33.16],[-98.01,32.36],[-97.18,31.92],[-98.69,31.81],[-98.79,31.679],[-98.722,31.26],[-103.01,30.83],[-103.17,30.21],[-102.37,33.522],[-102.21,30.05],[-102.295,34.571],[-100.41,36.22],[-101.47,31.19],[-101.688,34.19],[-101.57,34.133],[-100.885,33.998],[-101.728,33.653],[-101.685,33.535],[-102.52,32.32],[-101.368,33.67],[-100.193,33.181],[-99.74,33.17],[-99.75,33.18],[-100.64,35.69],[-100.423,33.918],[-99.542,33.521],[-102.13,34.093],[-100.137,33.903],[-100.73,36.4],[-101.45,35.84],[-100.948,34.231],[-102.742,34.21],[-100.607,34.267],[-100.423,33.918],[-100.125,33.91],[-102.43,35.25],[-102.08,34.99],[-101.151,33.511],[-100.54,32.85],[-94.69,32.51],[-94.52,32.32],[-100.8,34.641],[-100.6,34.266],[-100.45,34.22],[-100.3,34.02],[-100.137,33.903],[-101.98,32.0],[-99.791,33.742],[-101.94,32.07],[-101.6,31.66],[-99.865,33.446],[-99.865,33.446],[-103.18,29.66],[-99.82,33.42],[-99.612,33.916],[-100.6,34.266],[-99.865,33.446],[-99.542,33.521],[-99.67,33.35],[-99.57,33.458],[-99.75,33.18],[-100.137,33.903],[-100.21,32.78],[-99.0,32.98],[-99.791,33.742],[-97.01,33.7],[-99.791,33.742],[-99.24,32.75],[-96.919,33.603],[-96.91,33.57],[-97.09,33.7],[-96.95,33.49],[-97.13,33.23],[-97.68,33.37],[-101.516,33.081],[-97.02,33.07],[-98.5,32.55],[-102.13,32.93],[-98.4,32.56],[-98.37,32.55],[-96.0,33.56],[-98.33,32.58],[-95.91,33.58],[-98.31,32.66],[-96.73,32.97],[-98.14,32.8],[-95.84,33.14],[-96.54,32.89],[-101.92,32.75],[-98.06,32.78],[-97.04,32.9],[-101.94,32.71],[-95.57,33.87],[-97.8,32.76],[-94.97,33.16],[-102.01,32.31],[-99.7,32.47],[-97.72,32.48],[-101.41,32.76],[-97.42,32.46],[-97.48,32.74],[-95.0,32.96],[-99.53,32.42],[-101.2,32.9],[-99.7,32.31],[-97.19,32.32],[-94.94,32.73],[-94.98,32.27],[-97.1,32.08],[-102.99,34.89],[-102.67,35.95],[-106.162,31.481],[-102.99,34.89],[-101.92,35.83],[-101.96,35.67],[-101.62,35.28],[-101.54,35.3],[-95.42,30.35],[-95.33,30.37],[-95.107,32.087],[-95.036,32.227],[-95.172,32.306],[-94.868,32.292],[-94.805,32.403],[-94.721,32.373],[-94.688,32.456],[-94.639,33.0],[-103.53,29.15],[-94.341,32.197],[-94.289,33.469],[-94.305,31.504],[-94.154,33.25],[-94.28,32.481],[-94.238,32.505],[-102.046,33.608],[-101.83,32.97],[-102.36,31.41],[-101.05,34.37],[-101.48,34.65],[-103.05,30.83],[-102.2,30.05],[-102.02,33.413],[-101.82,33.67],[-102.046,33.608],[-102.13,34.093],[-101.72,35.22],[-101.54,35.41],[-100.46,35.71],[-104.01,30.94],[-100.423,33.918],[-101.8,35.11],[-99.94,34.344],[-102.35,32.03],[-94.69,32.442],[-97.19,33.49],[-96.668,33.398],[-96.7,33.41],[-96.67,33.39],[-96.71,33.4],[-96.739,33.404],[-96.59,33.4],[-96.99,33.69],[-102.96,35.57],[-102.705,34.651],[-100.28,35.44],[-100.93,34.92],[-106.43,31.82],[-100.14,34.79],[-97.069,32.736],[-100.41,36.21],[-99.958,33.992],[-99.865,33.446],[-99.67,33.35],[-99.75,33.18],[-99.291,33.632],[-99.291,33.632],[-99.291,33.632],[-99.72,32.91],[-101.39,35.33],[-100.87,32.72],[-100.5,31.36],[-102.13,34.093],[-98.622,33.966],[-101.82,33.67],[-101.933,35.185],[-101.8,35.11],[-101.19,35.03],[-101.19,35.03],[-99.637,33.449],[-100.8,34.641],[-100.15,34.79],[-102.12,34.423],[-97.66,30.19],[-100.912,34.389],[-100.48,31.44],[-100.51,31.42],[-100.51,31.41],[-94.65,31.62],[-94.68,31.61],[-102.37,33.522],[-95.87,30.08],[-98.366,30.741],[-99.07,29.73],[-99.5,32.42],[-98.87,29.19],[-98.517,29.653],[-98.57,29.45],[-97.29,32.86],[-101.78,36.14],[-95.64,29.38],[-100.89,35.06],[-97.59,33.24],[-94.95,32.729],[-94.91,32.72],[-103.02,36.41],[-102.4,31.95],[-102.67,35.94],[-101.753,33.863],[-101.726,33.73],[-98.47,29.53],[-97.71,31.14],[-97.73,31.13],[-97.71,31.14],[-97.365,31.083],[-97.304,30.589],[-95.019,32.66],[-95.162,32.877],[-94.757,32.163],[-94.865,32.229],[-94.966,32.152],[-97.45,31.16],[-102.96,35.57],[-100.41,36.22],[-101.92,35.83],[-101.62,35.65],[-101.45,35.64],[-97.119,32.853],[-103.09,31.86],[-102.9,30.98],[-97.114,33.316],[-96.62,33.35],[-97.09,32.66],[-97.1,32.66],[-97.95,32.69],[-96.32,30.63],[-96.09,30.39],[-95.4,29.72],[-100.518,34.73],[-103.02,36.41],[-101.62,35.28],[-101.56,35.17],[-101.5,34.98],[-98.76,33.37],[-97.19,33.38],[-97.157,33.375],[-96.572,33.517],[-96.58,33.48],[-97.62,33.94],[-98.54,32.27],[-97.178,33.256],[-97.2,33.2],[-97.12,33.23],[-98.42,32.54],[-98.15,31.67],[-98.148,31.475],[-97.28,33.18],[-97.23,33.0],[-102.42,34.83],[-102.33,34.87],[-101.832,34.73],[-101.12,34.82],[-98.681,32.601],[-97.254,33.531],[-97.154,33.622],[-102.83,33.223],[-106.581,31.847],[-101.18,36.36],[-97.2,33.2],[-97.13,33.21],[-97.24,33.14],[-97.2,33.2],[-96.97,33.15],[-96.88,33.18],[-96.99,33.31],[-96.88,33.26],[-96.73,33.34],[-96.78,33.38],[-96.74,33.4],[-96.76,33.42],[-96.75,33.45],[-96.7,33.45],[-96.57,33.42],[-96.56,33.35],[-96.39,33.51],[-96.371,33.389],[-97.13,33.23],[-95.055,33.611],[-101.81,35.34],[-101.83,35.24],[-101.5,34.98]]}},{"type":"Feature","properties":{"kind":"wind","size":3},"geometry":{"type":"MultiPoint","coordinates":[[-95.28,29.65],[-97.03,32.9],[-97.27,27.7],[-97.73,31.13],[-101.82,35.05],[-101.4,36.27],[-101.2,36.2],[-100.18,35.05],[-101.22,32.6],[-99.12,28.77],[-95.42,30.08],[-95.37,29.73],[-97.8,27.22],[-97.3,26.1],[-102.05,33.6],[-101.85,33.58],[-100.17,36.45],[-98.77,33.37],[-94.58,29.78],[-94.58,31.6],[-94.33,31.78],[-94.73,32.48],[-95.28,29.65],[-94.73,31.35],[-99.48,29.33],[-99.35,29.1],[-99.17,29.37],[-94.75,33.05],[-97.03,32.9],[-102.13,34.3],[-97.8,32.77],[-97.15,33.6],[-95.3,32.4],[-94.37,32.53],[-101.2,36.15],[-100.63,36.45],[-102.13,34.1],[-101.82,35.18],[-101.85,34.73],[-101.2,35.67],[-101.72,34.17],[-100.75,36.4],[-101.38,35.2],[-100.97,35.53],[-99.28,34.15],[-100.33,29.32],[-97.25,32.83],[-99.58,34.25],[-103.03,34.38],[-102.05,33.6],[-101.75,33.22],[-97.3,33.13],[-100.9,34.93],[-100.67,34.87],[-98.57,26.32],[-101.85,35.18],[-101.65,35.15],[-96.58,33.28],[-97.78,26.48],[-102.95,32.47],[-102.85,33.05],[-101.87,35.17],[-95.23,33.18],[-97.73,31.13],[-99.18,29.37],[-98.47,29.53],[-94.13,33.12],[-95.47,31.48],[-99.57,32.35],[-98.77,33.37],[-96.75,33.45],[-95.03,33.6],[-94.4,32.8],[-97.6,33.23],[-100.8,35.83],[-103.3,29.3],[-100.48,31.9],[-99.22,31.28],[-97.7,26.55],[-98.05,26.17],[-97.25,32.27],[-102.33,33.93],[-100.88,34.67],[-100.53,34.72],[-100.3,34.43],[-99.78,34.05],[-98.57,34.1],[-98.5,33.98],[-99.62,33.45],[-98.63,33.6],[-98.63,33.6],[-97.22,32.4],[-98.03,30.43],[-101.32,34.0],[-102.65,32.75],[-102.65,32.75],[-102.17,33.73],[-103.25,30.2],[-101.38,35.67],[-102.02,31.93],[-106.07,31.92],[-105.92,31.78],[-94.73,31.35],[-101.92,35.05],[-102.13,32.92],[-102.08,35.47],[-98.4,29.18],[-102.9,31.55],[-102.6,31.65],[-102.5,31.85],[-102.87,30.88],[-103.48,31.58],[-101.52,31.87],[-97.63,26.13],[-102.37,31.85],[-98.92,29.95],[-99.98,28.68],[-99.97,28.62],[-97.15,27.9],[-100.85,33.48],[-100.85,33.9],[-97.2,32.5],[-99.78,33.0],[-99.05,33.02],[-98.25,33.0],[-97.37,32.87],[-94.33,33.32],[-102.25,33.68],[-101.2,30.7],[-102.08,32.0],[-97.15,31.55],[-97.2,31.52],[-97.2,31.47],[-97.15,33.22],[-99.55,32.53],[-98.5,33.98],[-98.35,33.87],[-100.38,35.9],[-102.13,34.15],[-102.4,34.03],[-102.9,33.85],[-102.5,34.73],[-102.7,33.65],[-102.77,33.67],[-102.33,33.73],[-97.87,29.88],[-99.47,27.55],[-101.3,32.3],[-103.02,36.38],[-101.43,34.12],[-98.73,31.2],[-98.82,31.17],[-101.2,36.12],[-101.12,36.13],[-100.1,36.45],[-102.4,34.03],[-102.17,33.58],[-101.58,31.57],[-98.85,29.35],[-97.17,29.43],[-97.33,32.98],[-98.7,30.4],[-103.98,30.68],[-97.22,27.88],[-102.48,33.45],[-102.28,32.32],[-102.18,32.3],[-97.67,29.88],[-97.67,29.88],[-102.83,33.23],[-97.2,30.02],[-98.38,30.67],[-96.98,32.75],[-99.75,31.58],[-99.68,31.57],[-100.12,32.05],[-99.88,32.75],[-100.47,32.85],[-100.13,32.88],[-99.87,32.45],[-99.43,33.5],[-99.27,33.6],[-98.87,32.73],[-98.98,31.72],[-98.78,33.65],[-98.7,33.8],[-98.5,33.98],[-98.5,33.9],[-98.57,34.1],[-97.85,33.53],[-97.95,29.38],[-102.87,30.88],[-98.58,29.22],[-102.4,35.83],[-100.62,32.37],[-100.4,32.45],[-98.03,29.62],[-101.85,33.58],[-100.68,32.07],[-99.75,33.17],[-99.87,33.32],[-99.63,32.8],[-102.2,33.33],[-95.1,32.63],[-98.95,31.8],[-100.78,29.37],[-101.42,34.47],[-101.42,34.27],[-98.82,31.17],[-98.3,32.82],[-97.35,32.82],[-100.35,34.53],[-100.22,34.43],[-102.33,35.68],[-99.28,34.15],[-97.87,33.3],[-101.92,34.98],[-99.0,31.72],[-98.98,31.72],[-100.78,36.42],[-101.85,33.87],[-101.78,33.88],[-101.7,33.87],[-100.75,36.4],[-98.67,29.42],[-99.57,28.43],[-105.2,31.93],[-98.48,27.77],[-98.43,27.78],[-98.3,27.72],[-98.32,27.58],[-98.28,27.58],[-98.18,27.4],[-98.77,29.32],[-96.77,30.33],[-94.43,32.25],[-99.37,30.17],[-97.25,33.37],[-97.18,33.37],[-100.72,34.48],[-96.17,33.43],[-97.45,30.05],[-102.28,33.18],[-103.32,31.95],[-99.38,29.82],[-97.8,30.18],[-98.23,26.2],[-97.7,26.18],[-97.57,25.95],[-97.2,26.07],[-100.48,31.9],[-99.37,30.28],[-99.18,31.02],[-99.13,30.45],[-99.13,30.05],[-99.03,29.97],[-99.88,28.52],[-99.6,28.57],[-101.58,32.52],[-101.57,32.52],[-100.58,33.23],[-96.97,32.5],[-100.48,31.9],[-100.58,35.23],[-103.5,31.4],[-102.18,30.97],[-98.4,30.67],[-99.87,29.17],[-98.88,29.35],[-98.08,30.2],[-97.25,32.93],[-96.95,30.28],[-97.6,30.82],[-97.58,30.73],[-97.3,31.02],[-98.97,27.1],[-97.75,32.07],[-97.28,33.52],[-97.7,26.18],[-97.85,30.78],[-97.28,29.1],[-100.32,28.52],[-99.23,26.9],[-101.2,33.57],[-102.73,34.18],[-100.52,34.73],[-100.37,34.57],[-98.38,29.52],[-99.15,29.35],[-99.47,34.25],[-100.58,33.23],[-97.77,30.32],[-101.18,33.05],[-97.2,31.55],[-97.0,30.45],[-98.87,29.18],[-101.18,35.43],[-100.97,35.53],[-100.73,35.78],[-100.63,35.23],[-99.57,32.35],[-100.85,33.48],[-95.85,32.23],[-96.95,29.33],[-98.35,29.4],[-99.93,34.35],[-99.57,33.47],[-100.35,34.02],[-101.97,35.9],[-96.75,32.6],[-102.074,34.282],[-97.935,29.869],[-100.448,34.55],[-99.701,34.303],[-99.701,34.303],[-99.422,34.08],[-101.38,35.35],[-100.32,36.387],[-101.398,32.759],[-95.6,33.13],[-96.811,29.951],[-101.82,35.215],[-101.87,35.241],[-101.891,35.2],[-97.57,29.93],[-97.08,32.23],[-97.65,31.92],[-98.72,29.153],[-98.47,29.73],[-98.5,29.42],[-98.252,29.202],[-98.15,29.55],[-98.018,30.002],[-97.82,29.85],[-97.75,29.4],[-97.45,29.97],[-97.22,29.82],[-96.33,30.6],[-101.9,31.22],[-100.535,36.142],[-100.32,36.43],[-98.991,31.679],[-99.034,31.766],[-97.75,32.07],[-97.53,32.41],[-97.41,32.35],[-96.29,32.73],[-96.062,32.27],[-96.17,32.72],[-98.77,33.37],[-95.57,30.72],[-97.128,33.212],[-100.21,34.85],[-99.03,34.08],[-98.5,33.98],[-98.5,33.9],[-102.83,33.223],[-102.55,32.93],[-102.65,32.72],[-102.2,31.93],[-99.894,33.98],[-98.42,30.1],[-102.88,31.37],[-98.406,29.502],[-104.8,31.8],[-101.7,34.2],[-102.425,34.8],[-102.862,30.863],[-94.458,33.398],[-97.2,32.5],[-96.585,33.19],[-96.25,33.38],[-100.92,32.71],[-97.801,32.516],[-95.68,33.37],[-97.531,30.485],[-97.76,30.33],[-97.74,30.27],[-95.29,32.96],[-97.83,26.25],[-97.68,26.219],[-94.05,33.43],[-102.962,33.009],[-102.713,33.413],[-103.0,31.17],[-102.1,35.16],[-102.57,34.82],[-100.163,34.435],[-100.23,33.136],[-100.9,32.72],[-102.324,35.819],[-101.6,35.44],[-101.72,35.22],[-101.72,35.22],[-101.643,35.2],[-101.57,35.33],[-99.29,34.15],[-95.17,29.62],[-98.063,28.999],[-97.29,27.695],[-97.32,32.53],[-103.773,29.262],[-103.3,29.3],[-101.636,31.652],[-97.402,32.031],[-97.35,32.05],[-97.394,31.852],[-97.13,32.0],[-97.093,32.009],[-97.3,31.2],[-97.12,31.55],[-96.63,32.92],[-96.825,31.638],[-96.518,32.141],[-97.054,31.244],[-96.593,31.693],[-96.329,31.719],[-95.639,32.098],[-95.607,33.046],[-97.042,33.238],[-97.18,33.12],[-96.986,33.302],[-96.97,33.371],[-98.114,28.328],[-97.843,28.266],[-95.03,29.56],[-97.75,32.07],[-98.304,31.145],[-94.53,33.01],[-100.93,35.55],[-95.15,31.74],[-95.26,31.97],[-94.8,32.13],[-94.84,31.81],[-98.95,31.74],[-98.99,31.71],[-99.0,31.27],[-96.589,33.422],[-98.5,32.9],[-97.87,33.06],[-97.678,32.957],[-97.68,32.97],[-97.68,32.97],[-97.65,32.76],[-97.58,32.95],[-97.037,32.966],[-96.72,33.02],[-98.339,31.543],[-95.523,32.485],[-98.716,31.818],[-98.055,30.745],[-97.961,32.702],[-97.93,32.68],[-97.877,32.579],[-100.283,33.257],[-102.43,33.05],[-101.6,35.63],[-102.044,34.98],[-102.4,34.82],[-102.05,33.6],[-102.28,33.18],[-99.74,34.3],[-99.72,33.98],[-99.87,32.45],[-99.86,32.42],[-102.705,34.651],[-102.782,34.03],[-102.77,33.749],[-96.3,30.53],[-96.594,30.201],[-95.881,30.966],[-95.882,30.965],[-95.91,30.95],[-100.3,34.43],[-100.54,32.45],[-100.423,33.918],[-102.917,35.73],[-96.073,32.282],[-97.42,30.57],[-97.472,32.539],[-95.88,30.37],[-95.776,29.701],[-97.228,32.767],[-96.8,31.85],[-95.632,31.763],[-102.408,34.03],[-100.71,32.41],[-96.469,32.1],[-96.483,32.079],[-96.398,32.028],[-96.144,32.331],[-96.07,32.22],[-96.13,32.236],[-96.013,32.171],[-96.1,32.37],[-96.051,32.4],[-95.989,32.37],[-95.65,32.52],[-95.22,33.17],[-101.317,34.007],[-101.19,36.05],[-100.917,34.405],[-101.805,33.161],[-102.13,34.093],[-102.92,30.92],[-102.408,34.03],[-102.966,32.405],[-97.258,27.689],[-97.222,27.602],[-97.23,31.62],[-100.193,33.181],[-96.76,32.333],[-98.533,33.946],[-101.905,32.681],[-97.685,27.799],[-97.632,27.853],[-97.634,27.856],[-97.36,27.905],[-97.088,28.03],[-97.8,32.71],[-98.32,31.68],[-96.82,33.23],[-97.81,31.81],[-97.83,31.77],[-97.58,31.78],[-97.43,32.4],[-97.38,32.23],[-97.4,32.35],[-97.215,32.416],[-97.18,32.27],[-97.13,32.46],[-97.12,32.43],[-97.1,32.39],[-97.22,32.4],[-96.85,32.4],[-96.933,32.411],[-96.85,32.47],[-96.768,32.606],[-96.321,32.786],[-96.13,32.89],[-95.617,33.131],[-96.63,32.92],[-96.517,32.915],[-98.5,32.109],[-96.7,32.27],[-94.931,31.47],[-95.463,30.808],[-96.0,32.47],[-96.395,32.031],[-96.667,31.662],[-94.7,32.92],[-97.751,33.301],[-96.92,33.65],[-97.68,32.97],[-97.68,32.97],[-97.346,32.943],[-97.171,33.172],[-97.17,33.51],[-99.5,32.4],[-100.423,33.918],[-97.38,33.65],[-99.86,32.42],[-97.865,33.172],[-94.12,31.52],[-94.35,31.5],[-101.72,35.22],[-101.72,35.22],[-101.72,35.22],[-106.388,31.816],[-102.409,34.455],[-94.51,33.49],[-101.75,35.28],[-100.96,35.55],[-100.96,35.55],[-100.96,35.5],[-97.647,26.501],[-101.8,35.08],[-101.898,33.597],[-97.861,26.48],[-96.691,30.471],[-95.99,30.943],[-95.918,31.917],[-96.446,30.497],[-102.05,33.6],[-98.12,28.341],[-97.171,26.125],[-94.853,29.276],[-102.05,33.43],[-101.223,32.944],[-96.64,28.61],[-97.645,32.828],[-97.004,32.836],[-96.109,33.081],[-97.728,27.831],[-97.354,27.856],[-97.076,28.066],[-97.017,28.167],[-96.638,28.42],[-102.894,30.901],[-99.297,33.621],[-100.58,34.66],[-100.224,34.073],[-100.33,33.62],[-99.74,33.17],[-98.99,31.61],[-97.955,27.95],[-98.127,26.664],[-98.75,33.2],[-102.43,34.83],[-96.26,33.506],[-101.803,34.37],[-101.724,33.637],[-101.73,36.02],[-101.24,36.1],[-101.253,36.081],[-101.958,34.489],[-97.36,32.819],[-97.065,32.488],[-100.584,35.236],[-102.7,34.66],[-102.41,34.45],[-101.82,35.17],[-101.82,35.16],[-100.455,35.51],[-100.43,33.91],[-101.84,36.34],[-96.59,33.54],[-95.011,30.633],[-94.82,30.96],[-101.77,34.62],[-97.88,30.23],[-97.715,32.451],[-97.4,32.35],[-94.38,29.8],[-101.241,33.78],[-100.84,33.48],[-100.66,33.35],[-100.47,32.85],[-100.47,32.85],[-99.67,33.34],[-100.821,32.692],[-100.863,32.497],[-98.96,30.34],[-101.92,34.98],[-102.52,34.73],[-99.94,34.34],[-99.87,32.76],[-99.72,32.44],[-99.62,32.5],[-99.63,32.52],[-99.73,32.45],[-103.48,31.348],[-103.48,31.42],[-102.21,34.96],[-101.4,35.67],[-101.39,35.69],[-101.4,35.66],[-101.4,35.7],[-101.425,35.7],[-105.85,31.3],[-102.37,33.522],[-102.03,33.59],[-102.06,33.42],[-99.9,32.76],[-102.65,32.72],[-101.69,33.53],[-101.53,33.67],[-102.01,35.86],[-101.9,33.94],[-102.43,34.83],[-99.37,31.87],[-95.22,33.17],[-96.0,32.7],[-99.74,33.17],[-97.209,33.2],[-95.22,33.25],[-101.458,32.26],[-100.73,31.07],[-100.48,31.35],[-99.74,33.17],[-99.48,33.32],[-99.86,32.42],[-99.79,32.5],[-97.427,32.48],[-96.874,32.793],[-100.47,32.85],[-100.45,31.45],[-100.37,31.41],[-100.26,31.39],[-99.219,31.228],[-99.32,31.18],[-98.05,30.35],[-97.98,30.37],[-97.405,31.943],[-101.08,35.95],[-100.85,36.06],[-100.93,35.54],[-100.96,35.55],[-100.93,35.55],[-100.41,35.891],[-102.686,34.235],[-102.4,34.02],[-101.737,34.541],[-102.049,33.417],[-100.598,31.601],[-99.57,31.23],[-98.51,33.97],[-100.91,35.04],[-100.41,29.56],[-101.88,33.58],[-100.13,32.32],[-95.44,32.78],[-94.76,31.361],[-96.92,32.43],[-94.63,33.511],[-102.08,32.0],[-95.655,29.137],[-94.98,29.19],[-95.089,29.555],[-98.2,32.23],[-97.532,32.449],[-97.363,32.71],[-98.052,26.13],[-99.07,31.83],[-99.243,30.741],[-97.485,32.188],[-97.456,32.203],[-97.228,32.311],[-96.09,30.39],[-95.15,32.02],[-97.4,32.15],[-97.216,32.076],[-97.131,32.167],[-97.15,32.17],[-102.62,33.41],[-102.36,33.58],[-101.99,33.69],[-95.65,32.51],[-97.819,27.299],[-99.72,34.3],[-103.0,31.141],[-103.535,29.329],[-94.159,32.556],[-94.125,32.739],[-100.32,32.76],[-100.2,32.75],[-99.76,32.51],[-95.06,33.61],[-95.37,32.86],[-98.3,32.55],[-98.92,34.1],[-99.05,33.01],[-97.454,33.171],[-99.244,34.051],[-98.94,34.03],[-101.839,34.188],[-102.962,33.009],[-102.06,35.19],[-102.01,35.19],[-102.05,35.19],[-102.81,34.931],[-100.273,35.9],[-94.259,30.337],[-100.196,33.168],[-102.416,31.944],[-102.442,31.911],[-102.0,35.04],[-101.92,35.04],[-101.91,35.04],[-101.85,35.06],[-101.92,35.08],[-101.82,35.2],[-101.85,35.04],[-101.92,35.04],[-101.83,35.11],[-95.163,33.663],[-95.052,33.611],[-97.29,27.69],[-96.92,33.65],[-100.06,30.49],[-99.02,31.91],[-98.21,32.22],[-99.18,30.94],[-99.12,30.93],[-102.01,32.0],[-101.475,32.157],[-101.47,32.25],[-101.47,32.25],[-101.47,32.25],[-100.13,32.88],[-96.691,33.785],[-96.57,33.63],[-99.01,30.62],[-99.94,32.79],[-101.72,35.22],[-100.29,34.15],[-100.7,33.617],[-98.22,29.24],[-102.805,32.725],[-100.06,31.57],[-99.32,31.93],[-100.511,33.795],[-97.834,27.491],[-98.389,26.238],[-95.107,33.729],[-95.056,33.732],[-94.94,33.651],[-95.16,33.6],[-94.267,33.485],[-94.263,33.485],[-94.272,33.481],[-94.162,33.471],[-94.171,33.407],[-94.287,33.474],[-94.146,33.456],[-94.204,33.459],[-94.135,33.455],[-101.38,35.39],[-101.82,33.67],[-101.822,33.562],[-100.49,33.565],[-102.672,34.685],[-101.624,32.107],[-102.356,32.484],[-100.2,34.46],[-100.28,34.43],[-100.3,34.43],[-100.423,33.918],[-102.106,31.988],[-100.4,33.89],[-100.916,32.712],[-100.931,32.668],[-94.974,31.865],[-99.678,30.95],[-102.185,30.962],[-98.12,31.7],[-99.46,27.54],[-97.32,30.61],[-97.2,30.62],[-97.0,30.46],[-96.725,31.173],[-96.3,31.23],[-94.377,32.554],[-94.248,32.496],[-94.583,31.281],[-94.381,31.312],[-102.134,31.212],[-101.295,32.012],[-100.85,32.386],[-97.25,32.93],[-97.13,32.57],[-97.288,32.955],[-96.57,32.9],[-96.437,32.957],[-96.509,32.567],[-94.369,33.024],[-102.12,34.423],[-99.77,29.68],[-98.74,29.8],[-97.993,30.379],[-97.951,30.39],[-97.94,30.39],[-97.61,30.65],[-94.407,32.089],[-94.297,32.169],[-100.023,34.287],[-95.355,32.525],[-96.02,31.34],[-94.676,31.752],[-95.152,32.057],[-101.457,35.833],[-99.48,32.02],[-99.13,31.99],[-99.517,27.6],[-96.15,29.759],[-97.81,28.54],[-97.795,28.367],[-98.34,29.28],[-98.2,29.19],[-94.34,32.14],[-94.47,32.1],[-102.504,31.825],[-101.833,32.978],[-100.38,32.75],[-101.89,36.18],[-101.92,36.1],[-100.75,32.402],[-101.06,31.83],[-100.38,31.38],[-100.638,31.605],[-100.45,31.45],[-100.45,31.45],[-100.38,31.38],[-100.5,31.37],[-101.2,30.71],[-102.69,35.91],[-102.21,35.21],[-102.743,34.193],[-102.18,33.82],[-97.47,29.2],[-101.82,35.11],[-100.879,33.697],[-102.37,33.522],[-102.414,33.595],[-102.56,36.05],[-101.66,35.25],[-100.894,34.398],[-100.96,35.55],[-101.6,33.87],[-101.553,33.816],[-101.01,33.73],[-99.23,30.71],[-98.99,31.71],[-94.556,32.761],[-94.537,32.745],[-95.379,32.411],[-94.909,32.164],[-94.689,32.676],[-94.608,32.894],[-94.073,30.038],[-94.354,32.325],[-95.268,29.641],[-100.6,34.266],[-100.99,31.84],[-100.57,31.4],[-98.18,30.75],[-98.391,30.172],[-101.38,33.19],[-101.06,33.08],[-100.376,34.231],[-98.94,31.27],[-101.04,35.5],[-99.82,33.42],[-98.439,33.573],[-98.024,30.239],[-100.78,35.58],[-100.55,31.58],[-101.391,33.683],[-104.8,31.909],[-95.141,32.347],[-100.8,34.641],[-99.84,32.41],[-100.848,32.72],[-100.886,32.645],[-100.768,32.577],[-100.817,32.573],[-100.818,32.557],[-100.798,32.509],[-100.741,32.5],[-106.383,31.805],[-104.82,31.05],[-102.08,34.99],[-95.938,33.188],[-98.23,32.21],[-96.49,33.12],[-96.319,33.136],[-94.61,33.071],[-94.329,30.279],[-104.026,30.678],[-104.023,30.671],[-101.926,32.709],[-101.83,32.97],[-102.309,34.542],[-101.009,32.684],[-97.715,32.378],[-97.08,32.93],[-97.08,32.93],[-96.98,32.75],[-96.75,32.986],[-94.869,32.37],[-94.943,32.73],[-100.93,34.38],[-94.492,31.64],[-96.27,31.23],[-100.579,33.242],[-95.641,32.791],[-95.284,32.954],[-100.867,33.48],[-99.86,33.45],[-101.19,36.2],[-96.295,33.409],[-103.02,30.78],[-101.64,34.718],[-101.77,33.16],[-101.562,34.646],[-94.738,32.525],[-94.742,32.523],[-94.243,29.88],[-101.72,29.88],[-100.6,34.266],[-100.3,34.43],[-99.868,33.437],[-97.019,32.852],[-96.884,32.913],[-101.38,35.65],[-101.39,35.65],[-94.485,32.602],[-96.133,33.178],[-99.39,32.4],[-100.146,30.984],[-101.629,33.948],[-96.568,32.662],[-101.8,35.11],[-100.27,31.38],[-100.26,31.37],[-97.892,27.541],[-98.5,30.79],[-97.54,30.35],[-97.74,30.01],[-97.78,29.76],[-97.67,29.89],[-101.82,33.67],[-100.93,34.92],[-100.8,34.641],[-100.18,34.88],[-100.86,36.29],[-101.19,35.03],[-98.47,29.34],[-98.07,29.52],[-97.16,30.04],[-96.73,30.02],[-94.866,32.37],[-94.882,32.368],[-94.951,31.537],[-94.428,32.329],[-100.03,31.78],[-103.728,31.665],[-98.502,33.017],[-97.7,33.342],[-100.5,28.72],[-99.86,30.33],[-99.71,29.5],[-100.46,31.43],[-100.45,31.45],[-99.219,30.57],[-98.954,30.698],[-94.158,32.425],[-94.744,33.214],[-94.439,33.0],[-94.414,33.002],[-94.384,32.996],[-94.37,33.013],[-94.363,33.011],[-100.92,29.37],[-97.87,29.86],[-99.34,31.66],[-98.96,31.66],[-99.01,31.84],[-98.95,31.79],[-99.09,31.72],[-98.58,28.83],[-98.5,29.16],[-97.87,33.54],[-97.106,33.644],[-96.944,33.667],[-100.49,28.7],[-98.66,29.72],[-97.96,29.57],[-99.239,30.752],[-98.98,30.21],[-99.16,30.03],[-99.18,30.02],[-97.36,29.49],[-99.53,29.63],[-100.29,32.05],[-100.86,35.98],[-102.28,33.18],[-101.624,32.107],[-102.24,35.54],[-101.94,34.99],[-102.754,33.725],[-101.926,32.751],[-101.5,32.044],[-99.96,31.96],[-99.62,31.99],[-100.797,32.397],[-101.82,33.67],[-101.516,33.081],[-101.43,32.77],[-101.398,32.759],[-101.369,32.719],[-94.617,33.507],[-100.11,36.46],[-101.47,36.06],[-101.41,36.26],[-100.83,36.41],[-100.7,36.31],[-100.561,34.613],[-101.855,33.595],[-101.13,36.19],[-100.72,36.44],[-101.23,36.17],[-101.17,36.15],[-100.137,33.903],[-99.3,33.63],[-104.831,31.024],[-100.429,31.48],[-100.5,31.37],[-97.55,33.01],[-97.542,32.991],[-101.83,35.28],[-101.85,35.26],[-101.83,35.26],[-101.83,35.28],[-101.83,35.27],[-101.77,35.26],[-101.72,35.23],[-101.74,35.22],[-101.61,35.27],[-101.67,35.23],[-101.11,35.2],[-101.164,33.521],[-96.92,28.85],[-99.801,32.609],[-98.56,34.09],[-100.137,33.903],[-94.727,31.337],[-99.26,33.6],[-101.69,34.99],[-100.64,35.7],[-100.46,35.97],[-100.37,35.94],[-100.24,36.03],[-99.95,31.74],[-97.7,32.19],[-101.516,33.081],[-100.58,32.43],[-100.68,32.53],[-99.191,29.358],[-99.0,29.28],[-99.34,33.24],[-99.6,31.31],[-99.6,31.39],[-98.36,29.59],[-99.38,31.39],[-99.34,31.39],[-98.329,29.608],[-99.13,31.75],[-99.07,31.82],[-98.97,31.76],[-97.27,31.36],[-98.41,27.6],[-98.08,27.74],[-101.624,32.107],[-99.93,31.62],[-101.18,36.36],[-102.408,34.03],[-101.988,34.132],[-97.755,33.327],[-98.31,30.55],[-99.76,30.48],[-97.45,29.96],[-96.89,29.87],[-98.66,29.71],[-98.48,29.54],[-98.467,29.492],[-98.38,29.52],[-103.01,35.58],[-99.72,32.92],[-99.23,32.93],[-95.62,33.15],[-102.01,36.05],[-101.87,35.53],[-101.83,35.26],[-103.627,31.799],[-102.098,32.666],[-101.716,32.536],[-100.58,35.23],[-101.95,32.73],[-101.95,32.715],[-102.754,33.725],[-102.408,34.03],[-102.9,31.508],[-101.626,33.45],[-103.519,31.34],[-97.58,33.25],[-97.82,33.22],[-100.66,30.86],[-101.973,31.932],[-102.28,33.151],[-97.617,30.806],[-97.62,30.8],[-93.946,31.513],[-95.328,32.981],[-97.876,32.986],[-97.922,32.372],[-96.256,33.395],[-95.7,32.766],[-99.53,32.99],[-97.39,33.361],[-97.357,33.371],[-96.393,32.791],[-96.362,32.819],[-94.127,31.783],[-95.302,32.342],[-95.291,32.344],[-94.903,32.549],[-94.913,32.532],[-94.514,33.488],[-101.76,36.14],[-97.064,32.462],[-96.01,32.45],[-95.222,32.22],[-102.87,30.88],[-102.408,34.03],[-102.12,34.423],[-102.337,34.381],[-101.77,34.516],[-101.93,35.42],[-100.93,35.55],[-100.839,33.942],[-102.55,36.03],[-95.91,33.6],[-97.99,28.84],[-102.732,33.734],[-98.119,26.417],[-102.614,33.41],[-99.58,31.2],[-99.15,31.49],[-101.479,31.866],[-98.94,31.27],[-101.18,36.36],[-100.17,35.44],[-103.52,29.13],[-102.3,34.98],[-102.858,30.87],[-101.92,35.4],[-102.84,30.893],[-100.846,32.57],[-100.89,35.05],[-102.68,32.031],[-99.25,32.75],[-103.15,31.75],[-101.19,36.22],[-101.05,36.28],[-101.2,36.2],[-100.96,36.19],[-100.77,36.1],[-101.92,35.83],[-101.45,35.84],[-101.97,35.87],[-101.88,35.15],[-100.912,34.389],[-100.85,33.943],[-101.0,33.77],[-100.93,35.54],[-99.29,34.21],[-100.67,31.43],[-101.4,35.66],[-100.8,36.09],[-100.98,36.19],[-103.53,29.15],[-102.338,31.86],[-102.354,31.845],[-101.24,35.35],[-94.674,32.505],[-102.06,33.42],[-101.2,32.9],[-102.11,31.93],[-100.96,32.74],[-100.94,32.78],[-100.86,32.36],[-97.43,32.77],[-101.81,35.34],[-101.92,35.83],[-101.54,35.3],[-101.213,34.398],[-100.93,34.93],[-100.8,34.641],[-100.09,35.4],[-100.08,35.4],[-100.07,35.4],[-100.25,35.22],[-100.04,35.41],[-100.02,35.4],[-100.49,33.565],[-98.97,31.69],[-98.96,31.66],[-97.67,32.72],[-97.36,32.82],[-97.307,32.896],[-96.919,33.077],[-96.942,33.158],[-96.85,32.85],[-96.4,32.03],[-95.1,33.59],[-94.37,32.52],[-94.35,32.54],[-99.32,30.77],[-97.489,27.313],[-101.017,33.761],[-95.036,32.131],[-94.422,31.955],[-93.96,30.44],[-97.843,31.343],[-97.51,31.22],[-98.452,26.318],[-98.362,26.232],[-98.19,26.18],[-98.266,26.246],[-98.254,26.203],[-98.256,26.207],[-98.23,26.17],[-98.2,26.2],[-98.053,26.115],[-97.959,26.095],[-97.952,26.066],[-97.897,26.098],[-97.858,26.083],[-97.759,26.054],[-94.383,32.553],[-102.57,32.94],[-101.99,36.05],[-101.96,35.06],[-101.43,32.47],[-100.53,31.47],[-100.193,33.181],[-99.291,33.632],[-102.962,33.009],[-103.67,31.98],[-95.522,32.061],[-94.654,31.601],[-100.18,31.54],[-97.158,26.07],[-97.165,26.073],[-95.777,31.756],[-95.7,31.726],[-97.13,31.21],[-94.2,30.26],[-96.98,31.08],[-100.8,35.44],[-100.96,35.53],[-100.69,35.37],[-97.2,33.65],[-96.23,33.07],[-95.509,33.068],[-95.31,32.98],[-94.35,32.76],[-94.4,32.49],[-94.36,32.53],[-94.35,32.54],[-94.17,32.31],[-94.09,32.36],[-94.34,32.15],[-95.869,32.55],[-95.29,32.0],[-100.5,31.19],[-96.4,32.03],[-96.337,32.116],[-96.166,31.691],[-96.07,31.47],[-99.368,31.41],[-95.44,30.08],[-100.838,33.944],[-95.35,29.98],[-100.867,33.48],[-95.46,30.05],[-100.763,33.398],[-100.518,33.156],[-100.47,32.85],[-100.38,32.75],[-100.202,32.753],[-100.549,32.85],[-100.39,32.46],[-100.39,32.46],[-100.4,32.47],[-100.535,32.435],[-100.399,32.45],[-99.818,32.616],[-99.779,32.58],[-99.73,32.48],[-99.742,32.408],[-99.66,32.499],[-101.368,33.19],[-100.01,32.47],[-99.87,32.46],[-99.63,32.52],[-100.928,35.539],[-103.05,30.83],[-102.92,30.89],[-100.86,32.71],[-102.89,31.02],[-102.962,32.673],[-102.58,30.821],[-101.83,32.984],[-96.34,30.61],[-97.66,26.226],[-100.86,32.41],[-99.81,32.64],[-101.25,33.67],[-102.06,33.42],[-102.01,35.19],[-95.91,33.58],[-100.4,35.08],[-100.24,35.14],[-102.705,34.651],[-101.6,35.64],[-100.41,36.22],[-100.21,34.85],[-100.15,34.79],[-98.582,33.854],[-100.86,32.39],[-100.85,32.72],[-99.49,32.41],[-100.5,31.36],[-98.543,33.897],[-98.531,33.909],[-98.519,33.909],[-100.03,34.681],[-94.43,30.78],[-102.14,36.36],[-101.08,36.27],[-101.17,35.43],[-101.19,35.03],[-100.86,34.87],[-100.83,34.92],[-100.81,34.92],[-100.57,35.24],[-100.71,32.44],[-100.63,32.42],[-101.47,32.18],[-101.37,31.98],[-102.045,33.62],[-102.745,34.575],[-101.0,33.77],[-100.92,32.45],[-101.58,35.68],[-101.61,35.64],[-102.12,30.14],[-96.655,29.002],[-99.93,32.46],[-94.44,29.67],[-93.93,29.86],[-95.64,29.59],[-95.05,29.46],[-100.1,32.48],[-100.54,32.85],[-95.83,30.926],[-100.43,32.45],[-100.41,32.47],[-99.25,32.74],[-99.25,32.74],[-99.96,33.08],[-99.865,33.446],[-101.07,34.41],[-96.62,28.59],[-101.7,34.185],[-101.76,36.14],[-98.612,33.101],[-102.77,31.92],[-102.88,32.63],[-95.98,30.09],[-96.03,30.06],[-95.95,29.94],[-95.86,30.06],[-95.82,29.79],[-95.76,29.9],[-102.07,31.97],[-102.38,31.89],[-102.36,31.9],[-102.2,31.95],[-95.39,29.81],[-102.29,31.92],[-95.31,29.77],[-95.37,29.76],[-102.25,31.91],[-101.87,32.02],[-102.12,32.01],[-99.81,30.93],[-99.42,31.81],[-97.389,31.092],[-97.382,31.09],[-96.493,33.515],[-96.25,33.38],[-96.97,33.4],[-96.664,33.322],[-100.72,31.67],[-100.64,31.61],[-96.89,33.18],[-97.128,33.23],[-97.13,33.06],[-97.02,33.071],[-96.89,33.09],[-97.048,32.9],[-96.919,33.077],[-96.96,32.93],[-96.749,32.979],[-96.678,32.977],[-96.85,32.97],[-96.38,32.676],[-96.44,33.03],[-96.26,32.71],[-96.022,32.724],[-99.539,27.645],[-102.407,33.611],[-101.76,33.22],[-100.3,34.43],[-102.23,31.93],[-102.24,31.91],[-102.25,31.83],[-102.19,31.79],[-94.47,31.56],[-93.54,31.18],[-99.41,31.32],[-102.257,33.82],[-101.953,33.733],[-102.06,33.42],[-101.53,33.742],[-100.945,34.22],[-100.573,33.237],[-93.98,29.98],[-100.0,30.88],[-99.86,30.92],[-99.95,30.74],[-102.93,30.93],[-95.71,33.453],[-95.62,33.54],[-101.14,32.55],[-101.15,32.54],[-101.12,32.54],[-101.14,32.53],[-101.14,32.53],[-100.64,30.57],[-102.87,36.28],[-101.81,35.34],[-101.747,35.237],[-101.72,35.22],[-94.34,32.76],[-101.38,35.32],[-101.41,35.57],[-101.59,35.67],[-96.499,28.52],[-103.35,30.57],[-95.677,32.424],[-101.92,35.172],[-100.39,35.08],[-102.37,33.522],[-100.945,34.22],[-99.5,32.4],[-100.81,36.39],[-102.76,35.25],[-103.02,36.41],[-102.55,36.02],[-103.03,32.82],[-102.95,32.78],[-102.96,32.76],[-101.48,34.65],[-97.32,32.69],[-97.29,32.67],[-98.197,29.922],[-98.192,29.92],[-93.89,29.73],[-98.27,33.04],[-98.3,33.06],[-98.32,32.92],[-97.88,33.27],[-97.686,32.982],[-97.59,33.23],[-97.32,32.99],[-97.251,32.793],[-97.275,32.799],[-97.254,32.793],[-96.88,33.02],[-96.86,32.85],[-96.76,33.08],[-96.62,30.87],[-95.65,33.2],[-95.4,33.44],[-95.466,33.582],[-95.474,33.714],[-95.33,33.46],[-94.43,30.91],[-95.45,29.81],[-98.31,32.24],[-98.18,32.27],[-97.91,32.37],[-97.91,32.39],[-97.76,32.46],[-96.839,32.397],[-96.025,32.662],[-96.62,32.34],[-95.85,32.55],[-95.86,32.55],[-97.977,32.796],[-97.883,32.941],[-102.88,30.89],[-102.88,30.89],[-102.8,30.78],[-102.212,31.94],[-102.332,31.894],[-101.739,34.545],[-101.186,34.431],[-103.026,30.601],[-101.83,32.984],[-98.89,34.099],[-99.79,33.58],[-99.865,33.446],[-99.63,33.45],[-99.291,33.632],[-99.26,33.59],[-96.631,32.761],[-95.14,31.41],[-99.03,32.98],[-100.86,32.72],[-98.34,33.18],[-99.72,32.11],[-98.81,32.41],[-94.986,32.756],[-98.22,32.6],[-99.05,32.97],[-102.89,31.57],[-101.93,32.71],[-100.94,32.82],[-102.408,34.03],[-99.8,32.95],[-99.72,32.95],[-97.4,30.88],[-95.48,30.32],[-97.74,30.31],[-102.13,32.93],[-102.11,32.91],[-102.08,32.87],[-102.11,32.87],[-102.08,32.85],[-102.01,32.79],[-101.94,32.71],[-101.96,32.73],[-101.64,32.4],[-97.98,31.04],[-95.91,30.95],[-103.2,31.78],[-96.25,31.35],[-96.147,31.353],[-98.254,26.327],[-98.11,27.739],[-98.12,27.74],[-98.156,27.722],[-98.12,27.74],[-98.12,27.71],[-98.12,27.74],[-98.12,27.73],[-98.12,27.74],[-98.11,27.74],[-98.11,27.74],[-98.14,27.75],[-98.12,27.75],[-98.12,27.75],[-98.095,27.744],[-98.11,27.739],[-98.08,27.74],[-98.125,27.733],[-98.035,27.733],[-97.99,27.73],[-98.01,27.73],[-97.99,27.73],[-97.96,27.72],[-97.94,27.72],[-97.636,27.683],[-97.642,27.66],[-97.86,27.68],[-97.86,27.68],[-97.856,27.709],[-97.84,27.778],[-97.86,27.7],[-97.81,27.66],[-97.82,27.66],[-97.864,27.67],[-97.76,27.67],[-97.76,27.67],[-97.71,27.66],[-97.67,27.64],[-97.642,27.68],[-97.642,27.68],[-97.63,27.64],[-102.21,30.05],[-96.26,28.72],[-96.25,28.73],[-96.23,28.74],[-98.09,26.24],[-102.06,31.93],[-101.15,32.89],[-101.84,35.09],[-102.89,30.89],[-102.9,30.88],[-102.89,30.88],[-102.88,30.88],[-102.89,30.89],[-102.4,31.69],[-102.39,31.67],[-102.37,31.67],[-102.39,31.69],[-102.38,31.69],[-102.363,31.708],[-98.629,33.861],[-101.921,34.603],[-102.05,33.6],[-102.17,33.58],[-101.98,33.68],[-101.626,33.45],[-101.92,33.32],[-101.155,36.155],[-100.46,35.71],[-102.042,35.0],[-101.12,34.82],[-100.908,34.683],[-94.4,31.91],[-94.229,31.702],[-100.423,33.918],[-94.06,31.41],[-101.98,32.03],[-99.791,33.742],[-101.48,32.25],[-101.475,32.253],[-100.54,32.85],[-100.433,32.886],[-99.86,33.32],[-99.542,33.521],[-99.72,32.92],[-100.36,32.75],[-97.19,33.49],[-96.247,33.635],[-96.194,33.594],[-96.18,33.59],[-96.18,33.66],[-96.08,33.57],[-97.94,32.63],[-99.76,32.51],[-99.704,32.474],[-101.5,35.38],[-101.19,35.44],[-101.16,35.52],[-102.67,35.94],[-101.41,36.36],[-102.7,32.64],[-99.94,34.344],[-99.712,33.983],[-100.86,32.69],[-100.92,32.71],[-100.92,32.68],[-100.96,32.7],[-101.853,33.517],[-103.57,31.54],[-100.65,30.56],[-100.64,30.56],[-100.16,35.62],[-100.9,35.23],[-101.828,36.024],[-97.02,32.9],[-101.63,30.54],[-100.41,36.22],[-101.4,35.383],[-97.183,33.401],[-97.17,33.4],[-98.34,31.95],[-101.06,31.83],[-96.94,33.31]]}}]}