{"type":"FeatureCollection","features":[{"type":"Feature","properties":{"name":"Copper","mw":63.0,"fuel":"gas"},"geometry":{"type":"Point","coordinates":[-106.375,31.7569]}},{"type":"Feature","properties":{"name":"Limestone","mw":1660.0,"fuel":"coal"},"geometry":{"type":"Point","coordinates":[-96.2525,31.4219]}},{"type":"Feature","properties":{"name":"Canyon","mw":6.0,"fuel":"other"},"geometry":{"type":"Point","coordinates":[-98.1947,29.8706]}},{"type":"Feature","properties":{"name":"Lewisville","mw":2.0,"fuel":"other"},"geometry":{"type":"Point","coordinates":[-96.9638,33.0685]}},{"type":"Feature","properties":{"name":"Eagle Pass","mw":6.0,"fuel":"other"},"geometry":{"type":"Point","coordinates":[-100.5522,28.8295]}},{"type":"Feature","properties":{"name":"Laredo","mw":177.4,"fuel":"gas"},"geometry":{"type":"Point","coordinates":[-99.5089,27.5667]}},{"type":"Feature","properties":{"name":"Nueces Bay","mw":633.0,"fuel":"gas"},"geometry":{"type":"Point","coordinates":[-97.4192,27.8194]}},{"type":"Feature","properties":{"name":"Victoria","mw":288.0,"fuel":"gas"},"geometry":{"type":"Point","coordinates":[-97.01,28.7883]}},{"type":"Feature","properties":{"name":"Lake Hubbard","mw":915.0,"fuel":"gas"},"geometry":{"type":"Point","coordinates":[-96.5458,32.8358]}},{"type":"Feature","properties":{"name":"Mountain Creek","mw":808.0,"fuel":"gas"},"geometry":{"type":"Point","coordinates":[-96.9358,32.7231]}},{"type":"Feature","properties":{"name":"Newman","mw":930.8,"fuel":"gas"},"geometry":{"type":"Point","coordinates":[-106.4318,31.9836]}},{"type":"Feature","properties":{"name":"Lewis Creek","mw":500.0,"fuel":"gas"},"geometry":{"type":"Point","coordinates":[-95.5214,30.4356]}},{"type":"Feature","properties":{"name":"Sabine","mw":1493.5,"fuel":"gas"},"geometry":{"type":"Point","coordinates":[-93.878,30.0242]}},{"type":"Feature","properties":{"name":"Cedar Bayou","mw":1494.0,"fuel":"gas"},"geometry":{"type":"Point","coordinates":[-94.9256,29.75]}},{"type":"Feature","properties":{"name":"Greens Bayou","mw":327.0,"fuel":"gas"},"geometry":{"type":"Point","coordinates":[-95.2194,29.8222]}},{"type":"Feature","properties":{"name":"T H Wharton","mw":1002.0,"fuel":"gas"},"geometry":{"type":"Point","coordinates":[-95.5306,29.9417]}},{"type":"Feature","properties":{"name":"W A Parish","mw":3632.0,"fuel":"gas"},"geometry":{"type":"Point","coordinates":[-95.6311,29.4828]}},{"type":"Feature","properties":{"name":"Knox Lee","mw":342.0,"fuel":"gas"},"geometry":{"type":"Point","coordinates":[-94.6415,32.3766]}},{"type":"Feature","properties":{"name":"Wilkes","mw":883.0,"fuel":"gas"},"geometry":{"type":"Point","coordinates":[-94.548,32.8482]}},{"type":"Feature","properties":{"name":"Jones","mw":820.0,"fuel":"gas"},"geometry":{"type":"Point","coordinates":[-101.7392,33.5239]}},{"type":"Feature","properties":{"name":"Nichols","mw":457.0,"fuel":"gas"},"geometry":{"type":"Point","coordinates":[-101.7464,35.2834]}},{"type":"Feature","properties":{"name":"Plant X","mw":190.0,"fuel":"gas"},"geometry":{"type":"Point","coordinates":[-102.4114,34.1661]}},{"type":"Feature","properties":{"name":"Graham","mw":629.0,"fuel":"gas"},"geometry":{"type":"Point","coordinates":[-98.6117,33.1344]}},{"type":"Feature","properties":{"name":"Handley","mw":1245.0,"fuel":"gas"},"geometry":{"type":"Point","coordinates":[-97.2192,32.7283]}},{"type":"Feature","properties":{"name":"Morgan Creek","mw":397.0,"fuel":"other"},"geometry":{"type":"Point","coordinates":[-100.9156,32.3358]}},{"type":"Feature","properties":{"name":"Permian Basin","mw":320.0,"fuel":"gas"},"geometry":{"type":"Point","coordinates":[-102.9633,31.5839]}},{"type":"Feature","properties":{"name":"Stryker Creek","mw":679.0,"fuel":"other"},"geometry":{"type":"Point","coordinates":[-94.9898,31.9398]}},{"type":"Feature","properties":{"name":"Trinidad (TX)","mw":239.0,"fuel":"other"},"geometry":{"type":"Point","coordinates":[-96.1013,32.1245]}},{"type":"Feature","properties":{"name":"Decker Creek","mw":208.0,"fuel":"gas"},"geometry":{"type":"Point","coordinates":[-97.6128,30.3033]}},{"type":"Feature","properties":{"name":"Silas Ray","mw":112.0,"fuel":"other"},"geometry":{"type":"Point","coordinates":[-97.5214,25.9131]}},{"type":"Feature","properties":{"name":"Bryan (TX)","mw":21.0,"fuel":"gas"},"geometry":{"type":"Point","coordinates":[-96.3723,30.6474]}},{"type":"Feature","properties":{"name":"Ray Olinger","mw":395.0,"fuel":"gas"},"geometry":{"type":"Point","coordinates":[-96.4525,33.0681]}},{"type":"Feature","properties":{"name":"Abbott TP 3","mw":2.8,"fuel":"other"},"geometry":{"type":"Point","coordinates":[-98.0407,29.594]}},{"type":"Feature","properties":{"name":"Dunlap TP 1","mw":3.6,"fuel":"other"},"geometry":{"type":"Point","coordinates":[-98.0459,29.6402]}},{"type":"Feature","properties":{"name":"H 4","mw":2.4,"fuel":"other"},"geometry":{"type":"Point","coordinates":[-97.6249,29.4952]}},{"type":"Feature","properties":{"name":"H 5","mw":2.4,"fuel":"other"},"geometry":{"type":"Point","coordinates":[-97.4919,29.4681]}},{"type":"Feature","properties":{"name":"Nolte","mw":2.4,"fuel":"other"},"geometry":{"type":"Point","coordinates":[-97.9321,29.5376]}},{"type":"Feature","properties":{"name":"TP 4","mw":2.4,"fuel":"other"},"geometry":{"type":"Point","coordinates":[-97.9996,29.5481]}},{"type":"Feature","properties":{"name":"Austin","mw":17.0,"fuel":"other"},"geometry":{"type":"Point","coordinates":[-97.7844,30.2934]}},{"type":"Feature","properties":{"name":"Buchanan Dam (TX)","mw":54.9,"fuel":"other"},"geometry":{"type":"Point","coordinates":[-98.4176,30.7507]}},{"type":"Feature","properties":{"name":"Granite Shoals","mw":54.0,"fuel":"other"},"geometry":{"type":"Point","coordinates":[-98.3384,30.556]}},{"type":"Feature","properties":{"name":"Inks","mw":13.8,"fuel":"other"},"geometry":{"type":"Point","coordinates":[-98.3854,30.7316]}},{"type":"Feature","properties":{"name":"Marble Falls","mw":39.6,"fuel":"other"},"geometry":{"type":"Point","coordinates":[-98.2576,30.5553]}},{"type":"Feature","properties":{"name":"Marshall Ford","mw":108.0,"fuel":"other"},"geometry":{"type":"Point","coordinates":[-97.9073,30.3899]}},{"type":"Feature","properties":{"name":"Sim Gideon","mw":607.0,"fuel":"gas"},"geometry":{"type":"Point","coordinates":[-97.2708,30.1456]}},{"type":"Feature","properties":{"name":"Leon Creek","mw":184.0,"fuel":"gas"},"geometry":{"type":"Point","coordinates":[-98.5761,29.3525]}},{"type":"Feature","properties":{"name":"O W Sommers","mw":830.0,"fuel":"gas"},"geometry":{"type":"Point","coordinates":[-98.3242,29.3081]}},{"type":"Feature","properties":{"name":"V H Braunig","mw":1050.0,"fuel":"gas"},"geometry":{"type":"Point","coordinates":[-98.3825,29.2567]}},{"type":"Feature","properties":{"name":"R W Miller","mw":587.0,"fuel":"gas"},"geometry":{"type":"Point","coordinates":[-98.3103,32.6581]}},{"type":"Feature","properties":{"name":"Pearsall","mw":201.6,"fuel":"gas"},"geometry":{"type":"Point","coordinates":[-99.0919,28.9275]}},{"type":"Feature","properties":{"name":"Sam Rayburn","mw":184.8,"fuel":"gas"},"geometry":{"type":"Point","coordinates":[-97.135,28.8947]}},{"type":"Feature","properties":{"name":"Powerlane Plant","mw":106.6,"fuel":"gas"},"geometry":{"type":"Point","coordinates":[-96.1264,33.1707]}},{"type":"Feature","properties":{"name":"Spencer","mw":122.0,"fuel":"gas"},"geometry":{"type":"Point","coordinates":[-97.1061,33.1975]}},{"type":"Feature","properties":{"name":"Thomas C Ferguson","mw":516.0,"fuel":"gas"},"geometry":{"type":"Point","coordinates":[-98.3721,30.558]}},{"type":"Feature","properties":{"name":"Barney M Davis","mw":925.0,"fuel":"gas"},"geometry":{"type":"Point","coordinates":[-97.3117,27.6064]}},{"type":"Feature","properties":{"name":"Amistad Dam & Power","mw":58.0,"fuel":"other"},"geometry":{"type":"Point","coordinates":[-101.0601,29.4498]}},{"type":"Feature","properties":{"name":"Welsh","mw":1000.0,"fuel":"coal"},"geometry":{"type":"Point","coordinates":[-94.84,33.0552]}},{"type":"Feature","properties":{"name":"Comanche Peak","mw":2400.0,"fuel":"nuclear"},"geometry":{"type":"Point","coordinates":[-97.7855,32.2984]}},{"type":"Feature","properties":{"name":"Martin Lake","mw":2410.0,"fuel":"coal"},"geometry":{"type":"Point","coordinates":[-94.5706,32.2606]}},{"type":"Feature","properties":{"name":"Coleto Creek","mw":655.0,"fuel":"coal"},"geometry":{"type":"Point","coordinates":[-97.2142,28.7128]}},{"type":"Feature","properties":{"name":"Fayette Power Project","mw":1615.0,"fuel":"coal"},"geometry":{"type":"Point","coordinates":[-96.7506,29.9172]}},{"type":"Feature","properties":{"name":"Oak Grove (TX)","mw":1710.0,"fuel":"coal"},"geometry":{"type":"Point","coordinates":[-96.4866,31.1803]}},{"type":"Feature","properties":{"name":"San Miguel","mw":391.0,"fuel":"coal"},"geometry":{"type":"Point","coordinates":[-98.4775,28.7044]}},{"type":"Feature","properties":{"name":"Harrington","mw":1018.0,"fuel":"coal"},"geometry":{"type":"Point","coordinates":[-101.7472,35.2982]}},{"type":"Feature","properties":{"name":"Tolk","mw":1067.0,"fuel":"coal"},"geometry":{"type":"Point","coordinates":[-102.57,34.1865]}},{"type":"Feature","properties":{"name":"Dansby","mw":204.2,"fuel":"gas"},"geometry":{"type":"Point","coordinates":[-96.4608,30.7217]}},{"type":"Feature","properties":{"name":"South Texas Project","mw":2580.0,"fuel":"nuclear"},"geometry":{"type":"Point","coordinates":[-96.0481,28.795]}},{"type":"Feature","properties":{"name":"Falcon Dam & Power","mw":30.5,"fuel":"other"},"geometry":{"type":"Point","coordinates":[-99.1642,26.5575]}},{"type":"Feature","properties":{"name":"Sam Rayburn Dam","mw":52.0,"fuel":"other"},"geometry":{"type":"Point","coordinates":[-94.1062,31.0609]}},{"type":"Feature","properties":{"name":"Whitney","mw":42.0,"fuel":"other"},"geometry":{"type":"Point","coordinates":[-97.3667,31.8694]}},{"type":"Feature","properties":{"name":"Denison","mw":100.0,"fuel":"other"},"geometry":{"type":"Point","coordinates":[-96.5692,33.8181]}},{"type":"Feature","properties":{"name":"Toledo Bend","mw":80.0,"fuel":"other"},"geometry":{"type":"Point","coordinates":[-93.5659,31.1735]}},{"type":"Feature","properties":{"name":"Major Oak Power","mw":305.0,"fuel":"coal"},"geometry":{"type":"Point","coordinates":[-96.695,31.0919]}},{"type":"Feature","properties":{"name":"J K Spruce","mw":1345.0,"fuel":"coal"},"geometry":{"type":"Point","coordinates":[-98.3203,29.3097]}},{"type":"Feature","properties":{"name":"Robert D Willis","mw":8.0,"fuel":"other"},"geometry":{"type":"Point","coordinates":[-94.1756,30.7975]}},{"type":"Feature","properties":{"name":"San Jacinto Steam Electric Station","mw":160.0,"fuel":"gas"},"geometry":{"type":"Point","coordinates":[-95.0406,29.6948]}},{"type":"Feature","properties":{"name":"Arthur Von Rosenberg","mw":518.0,"fuel":"gas"},"geometry":{"type":"Point","coordinates":[-98.384,29.257]}},{"type":"Feature","properties":{"name":"Sand Hill","mw":595.8,"fuel":"gas"},"geometry":{"type":"Point","coordinates":[-97.6129,30.2098]}},{"type":"Feature","properties":{"name":"DeCordova Steam Electric Station","mw":534.0,"fuel":"gas"},"geometry":{"type":"Point","coordinates":[-97.7006,32.4031]}},{"type":"Feature","properties":{"name":"Engineered Carbons Borger Cogen","mw":18.8,"fuel":"other"},"geometry":{"type":"Point","coordinates":[-101.432,35.667]}},{"type":"Feature","properties":{"name":"Power Island","mw":110.0,"fuel":"gas"},"geometry":{"type":"Point","coordinates":[-95.1952,29.2293]}},{"type":"Feature","properties":{"name":"Seadrift Coke LP","mw":7.6,"fuel":"other"},"geometry":{"type":"Point","coordinates":[-96.7942,28.5139]}},{"type":"Feature","properties":{"name":"Central Utility Plant","mw":8.3,"fuel":"gas"},"geometry":{"type":"Point","coordinates":[-97.8426,30.3974]}},{"type":"Feature","properties":{"name":"Ticona Polymers Inc","mw":32.5,"fuel":"gas"},"geometry":{"type":"Point","coordinates":[-97.8228,27.5697]}},{"type":"Feature","properties":{"name":"Enterprise Products Operating","mw":18.0,"fuel":"gas"},"geometry":{"type":"Point","coordinates":[-94.9197,29.8247]}},{"type":"Feature","properties":{"name":"Bayou Cogen Plant","mw":300.0,"fuel":"gas"},"geometry":{"type":"Point","coordinates":[-95.0458,29.6225]}},{"type":"Feature","properties":{"name":"Ascend Performance Materials Texas Inc.","mw":47.7,"fuel":"gas"},"geometry":{"type":"Point","coordinates":[-95.2103,29.2558]}},{"type":"Feature","properties":{"name":"USG Paper, LLC - Orange Mill","mw":33.2,"fuel":"other"},"geometry":{"type":"Point","coordinates":[-93.7422,30.2178]}},{"type":"Feature","properties":{"name":"ExxonMobil Baytown Refinery","mw":141.5,"fuel":"gas"},"geometry":{"type":"Point","coordinates":[-94.9973,29.7535]}},{"type":"Feature","properties":{"name":"Formosa Utility Venture Ltd","mw":829.8,"fuel":"gas"},"geometry":{"type":"Point","coordinates":[-96.5417,28.6917]}},{"type":"Feature","properties":{"name":"Port Arthur Texas Refinery","mw":30.3,"fuel":"gas"},"geometry":{"type":"Point","coordinates":[-93.8913,29.9649]}},{"type":"Feature","properties":{"name":"ExxonMobil Baytown Turbine","mw":305.0,"fuel":"gas"},"geometry":{"type":"Point","coordinates":[-95.0096,29.7591]}},{"type":"Feature","properties":{"name":"Sabine River Operations","mw":502.0,"fuel":"gas"},"geometry":{"type":"Point","coordinates":[-93.7579,30.0552]}},{"type":"Feature","properties":{"name":"Victoria Texas Plant","mw":75.0,"fuel":"gas"},"geometry":{"type":"Point","coordinates":[-96.956,28.6751]}},{"type":"Feature","properties":{"name":"Corpus Refinery","mw":32.0,"fuel":"gas"},"geometry":{"type":"Point","coordinates":[-97.5281,27.8322]}},{"type":"Feature","properties":{"name":"Houston Chemical Complex Battleground","mw":263.0,"fuel":"gas"},"geometry":{"type":"Point","coordinates":[-95.0839,29.7314]}},{"type":"Feature","properties":{"name":"Rice University","mw":6.9,"fuel":"gas"},"geometry":{"type":"Point","coordinates":[-95.3954,29.721]}},{"type":"Feature","properties":{"name":"Borger Plant","mw":20.0,"fuel":"other"},"geometry":{"type":"Point","coordinates":[-101.4354,35.6647]}},{"type":"Feature","properties":{"name":"WestRock (TX)","mw":59.5,"fuel":"other"},"geometry":{"type":"Point","coordinates":[-94.0656,30.3419]}},{"type":"Feature","properties":{"name":"Paris Energy Center","mw":239.0,"fuel":"gas"},"geometry":{"type":"Point","coordinates":[-95.5577,33.6968]}},{"type":"Feature","properties":{"name":"Hal C Weaver Power Plant","mw":146.8,"fuel":"gas"},"geometry":{"type":"Point","coordinates":[-97.7356,30.2867]}},{"type":"Feature","properties":{"name":"Valero Refinery Corpus Christi West","mw":65.2,"fuel":"other"},"geometry":{"type":"Point","coordinates":[-97.4814,27.8175]}},{"type":"Feature","properties":{"name":"Signal Hill Generating LLC","mw":76.1,"fuel":"gas"},"geometry":{"type":"Point","coordinates":[-98.5894,33.8625]}},{"type":"Feature","properties":{"name":"Newgulf Cogen","mw":69.0,"fuel":"gas"},"geometry":{"type":"Point","coordinates":[-95.8997,29.2639]}},{"type":"Feature","properties":{"name":"Snider Industries","mw":5.0,"fuel":"other"},"geometry":{"type":"Point","coordinates":[-94.3739,32.5747]}},{"type":"Feature","properties":{"name":"Union Carbide Seadrift Cogen","mw":153.0,"fuel":"gas"},"geometry":{"type":"Point","coordinates":[-96.7706,28.5105]}},{"type":"Feature","properties":{"name":"Texas City Plant Union Carbide","mw":38.0,"fuel":"other"},"geometry":{"type":"Point","coordinates":[-94.9465,29.3761]}},{"type":"Feature","properties":{"name":"Texas Petrochemicals","mw":35.0,"fuel":"gas"},"geometry":{"type":"Point","coordinates":[-95.2547,29.6981]}},{"type":"Feature","properties":{"name":"Tenet Hospital","mw":4.2,"fuel":"gas"},"geometry":{"type":"Point","coordinates":[-106.5014,31.7697]}},{"type":"Feature","properties":{"name":"Shell Deer Park","mw":243.0,"fuel":"gas"},"geometry":{"type":"Point","coordinates":[-95.1289,29.7232]}},{"type":"Feature","properties":{"name":"BP Chemicals Green Lake Plant","mw":38.8,"fuel":"other"},"geometry":{"type":"Point","coordinates":[-96.8333,28.5707]}},{"type":"Feature","properties":{"name":"Corpus Christi","mw":33.0,"fuel":"gas"},"geometry":{"type":"Point","coordinates":[-97.5958,27.8111]}},{"type":"Feature","properties":{"name":"ExxonMobil Beaumont Refinery","mw":610.6,"fuel":"gas"},"geometry":{"type":"Point","coordinates":[-94.0753,30.0636]}},{"type":"Feature","properties":{"name":"Odyssey Energy Altura Cogen, LLC","mw":473.1,"fuel":"gas"},"geometry":{"type":"Point","coordinates":[-95.1077,29.8161]}},{"type":"Feature","properties":{"name":"Motiva Enterprises Port Arthur Refinery","mw":239.4,"fuel":"gas"},"geometry":{"type":"Point","coordinates":[-93.951,29.8885]}},{"type":"Feature","properties":{"name":"Houston Plant","mw":7.0,"fuel":"other"},"geometry":{"type":"Point","coordinates":[-95.2706,29.7198]}},{"type":"Feature","properties":{"name":"Texas City Power Plant","mw":418.0,"fuel":"gas"},"geometry":{"type":"Point","coordinates":[-94.9438,29.3787]}},{"type":"Feature","properties":{"name":"Freeport Energy","mw":458.0,"fuel":"gas"},"geometry":{"type":"Point","coordinates":[-95.4075,28.9913]}},{"type":"Feature","properties":{"name":"Wasson CO2 Removal Plant","mw":18.4,"fuel":"gas"},"geometry":{"type":"Point","coordinates":[-102.7569,33.0099]}},{"type":"Feature","properties":{"name":"Power Station 4","mw":172.0,"fuel":"gas"},"geometry":{"type":"Point","coordinates":[-94.9219,29.3782]}},{"type":"Feature","properties":{"name":"C R Wing Cogen Plant","mw":212.0,"fuel":"gas"},"geometry":{"type":"Point","coordinates":[-101.4224,32.2732]}},{"type":"Feature","properties":{"name":"International Paper Texarkana Mill","mw":65.0,"fuel":"other"},"geometry":{"type":"Point","coordinates":[-94.0696,33.2553]}},{"type":"Feature","properties":{"name":"Goodyear Beaumont Chemical Plant","mw":32.0,"fuel":"gas"},"geometry":{"type":"Point","coordinates":[-94.2142,29.9728]}},{"type":"Feature","properties":{"name":"Westhollow Technology Center","mw":3.7,"fuel":"gas"},"geometry":{"type":"Point","coordinates":[-95.6382,29.726]}},{"type":"Feature","properties":{"name":"Works 4","mw":4.9,"fuel":"other"},"geometry":{"type":"Point","coordinates":[-98.5535,34.0035]}},{"type":"Feature","properties":{"name":"Village Creek Water Reclamation Facility","mw":10.2,"fuel":"gas"},"geometry":{"type":"Point","coordinates":[-97.1421,32.7751]}},{"type":"Feature","properties":{"name":"Phelps Dodge Refining","mw":14.8,"fuel":"gas"},"geometry":{"type":"Point","coordinates":[-106.3913,31.7645]}},{"type":"Feature","properties":{"name":"JCO Oxides Olefins Plant","mw":61.0,"fuel":"gas"},"geometry":{"type":"Point","coordinates":[-93.9297,29.9635]}},{"type":"Feature","properties":{"name":"Oyster Creek Unit VIII","mw":379.0,"fuel":"gas"},"geometry":{"type":"Point","coordinates":[-95.342,28.9802]}},{"type":"Feature","properties":{"name":"Johnson County","mw":267.0,"fuel":"gas"},"geometry":{"type":"Point","coordinates":[-97.4078,32.3994]}},{"type":"Feature","properties":{"name":"Big Spring Wind Power Facility","mw":34.3,"fuel":"wind"},"geometry":{"type":"Point","coordinates":[-101.3883,32.2075]}},{"type":"Feature","properties":{"name":"Sweeny Cogen Facility","mw":436.0,"fuel":"gas"},"geometry":{"type":"Point","coordinates":[-95.745,29.0728]}},{"type":"Feature","properties":{"name":"Pasadena Cogeneration","mw":746.0,"fuel":"gas"},"geometry":{"type":"Point","coordinates":[-95.1765,29.7248]}},{"type":"Feature","properties":{"name":"Jameson Gas Processing Plant","mw":1.8,"fuel":"gas"},"geometry":{"type":"Point","coordinates":[-100.6917,32.05]}},{"type":"Feature","properties":{"name":"Bridgeport Gas Processing Plant","mw":10.4,"fuel":"gas"},"geometry":{"type":"Point","coordinates":[-97.8025,33.1958]}},{"type":"Feature","properties":{"name":"Tenaska Frontier Generation Station","mw":860.0,"fuel":"gas"},"geometry":{"type":"Point","coordinates":[-95.9178,30.5924]}},{"type":"Feature","properties":{"name":"Black Hawk Station","mw":216.4,"fuel":"gas"},"geometry":{"type":"Point","coordinates":[-101.36,35.6957]}},{"type":"Feature","properties":{"name":"Mustang Station","mw":464.8,"fuel":"gas"},"geometry":{"type":"Point","coordinates":[-102.7417,32.9728]}},{"type":"Feature","properties":{"name":"Gregory Power Plant","mw":366.0,"fuel":"gas"},"geometry":{"type":"Point","coordinates":[-97.2584,27.8893]}},{"type":"Feature","properties":{"name":"Midlothian Energy Facility","mw":1620.0,"fuel":"gas"},"geometry":{"type":"Point","coordinates":[-97.0537,32.4302]}},{"type":"Feature","properties":{"name":"Lamar Power Project","mw":1004.0,"fuel":"gas"},"geometry":{"type":"Point","coordinates":[-95.59,33.6308]}},{"type":"Feature","properties":{"name":"Frontera Energy Center","mw":535.0,"fuel":"gas"},"geometry":{"type":"Point","coordinates":[-98.3992,26.208]}},{"type":"Feature","properties":{"name":"NAFTA Region Olefins Complex Cogen Fac","mw":70.0,"fuel":"gas"},"geometry":{"type":"Point","coordinates":[-93.8836,29.9543]}},{"type":"Feature","properties":{"name":"Magic Valley Generating Station","mw":667.0,"fuel":"gas"},"geometry":{"type":"Point","coordinates":[-98.19,26.3403]}},{"type":"Feature","properties":{"name":"Tenaska Gateway Generating Station","mw":826.0,"fuel":"gas"},"geometry":{"type":"Point","coordinates":[-94.6197,32.0178]}},{"type":"Feature","properties":{"name":"Rio Nogales Power Project","mw":792.0,"fuel":"gas"},"geometry":{"type":"Point","coordinates":[-97.9732,29.5931]}},{"type":"Feature","properties":{"name":"Wolf Hollow I LP","mw":756.0,"fuel":"gas"},"geometry":{"type":"Point","coordinates":[-97.7317,32.3342]}},{"type":"Feature","properties":{"name":"Hays Energy Project","mw":916.0,"fuel":"gas"},"geometry":{"type":"Point","coordinates":[-97.9894,29.7806]}},{"type":"Feature","properties":{"name":"Guadalupe Generating Station","mw":1005.0,"fuel":"gas"},"geometry":{"type":"Point","coordinates":[-98.1419,29.6244]}},{"type":"Feature","properties":{"name":"Lost Pines 1 Power Project","mw":510.0,"fuel":"gas"},"geometry":{"type":"Point","coordinates":[-97.2714,30.1478]}},{"type":"Feature","properties":{"name":"Bastrop Energy Center","mw":575.0,"fuel":"gas"},"geometry":{"type":"Point","coordinates":[-97.55,30.1458]}},{"type":"Feature","properties":{"name":"Thad Hill Energy Center","mw":763.0,"fuel":"gas"},"geometry":{"type":"Point","coordinates":[-97.3586,31.8594]}},{"type":"Feature","properties":{"name":"Eastman Cogeneration Facility","mw":417.2,"fuel":"gas"},"geometry":{"type":"Point","coordinates":[-94.6903,32.4481]}},{"type":"Feature","properties":{"name":"Channelview Cogeneration Plant","mw":750.0,"fuel":"gas"},"geometry":{"type":"Point","coordinates":[-95.1217,29.837]}},{"type":"Feature","properties":{"name":"Corpus Christi Energy Center","mw":506.0,"fuel":"gas"},"geometry":{"type":"Point","coordinates":[-97.4283,27.8139]}},{"type":"Feature","properties":{"name":"Odessa-Ector Power Plant","mw":1061.8,"fuel":"gas"},"geometry":{"type":"Point","coordinates":[-102.3264,31.8403]}},{"type":"Feature","properties":{"name":"Ennis Power Company LLC","mw":359.5,"fuel":"gas"},"geometry":{"type":"Point","coordinates":[-96.675,32.32]}},{"type":"Feature","properties":{"name":"Freestone Energy Center","mw":1032.0,"fuel":"gas"},"geometry":{"type":"Point","coordinates":[-96.1131,31.8907]}},{"type":"Feature","properties":{"name":"Jack County","mw":1241.0,"fuel":"gas"},"geometry":{"type":"Point","coordinates":[-97.9574,33.101]}},{"type":"Feature","properties":{"name":"Channel Energy Center LLC","mw":760.0,"fuel":"gas"},"geometry":{"type":"Point","coordinates":[-95.2319,29.7189]}},{"type":"Feature","properties":{"name":"Air Products Port Arthur","mw":158.9,"fuel":"gas"},"geometry":{"type":"Point","coordinates":[-93.9651,29.8665]}},{"type":"Feature","properties":{"name":"BASF Freeport Works","mw":86.7,"fuel":"gas"},"geometry":{"type":"Point","coordinates":[-95.394,29.002]}},{"type":"Feature","properties":{"name":"Ingleside Cogeneration","mw":460.0,"fuel":"gas"},"geometry":{"type":"Point","coordinates":[-97.2428,27.8828]}},{"type":"Feature","properties":{"name":"Wise County Power LLC","mw":735.0,"fuel":"gas"},"geometry":{"type":"Point","coordinates":[-97.9103,33.0583]}},{"type":"Feature","properties":{"name":"Baytown Energy Center","mw":852.0,"fuel":"gas"},"geometry":{"type":"Point","coordinates":[-94.9019,29.7731]}},{"type":"Feature","properties":{"name":"Jack Fusco Energy Center","mw":538.0,"fuel":"gas"},"geometry":{"type":"Point","coordinates":[-95.6244,29.4731]}},{"type":"Feature","properties":{"name":"Cottonwood Energy Company LP","mw":1138.8,"fuel":"gas"},"geometry":{"type":"Point","coordinates":[-93.7353,30.2588]}},{"type":"Feature","properties":{"name":"Exelon LaPorte Generating Station","mw":144.0,"fuel":"gas"},"geometry":{"type":"Point","coordinates":[-95.0718,29.7028]}},{"type":"Feature","properties":{"name":"State Farm Insur Support Center Central","mw":10.8,"fuel":"other"},"geometry":{"type":"Point","coordinates":[-96.9894,32.9192]}},{"type":"Feature","properties":{"name":"Deer Park Energy Center","mw":1192.0,"fuel":"gas"},"geometry":{"type":"Point","coordinates":[-95.1345,29.7134]}},{"type":"Feature","properties":{"name":"Green Power 2","mw":624.0,"fuel":"gas"},"geometry":{"type":"Point","coordinates":[-94.9328,29.3781]}},{"type":"Feature","properties":{"name":"Forney Energy Center","mw":1770.0,"fuel":"gas"},"geometry":{"type":"Point","coordinates":[-96.4916,32.7563]}},{"type":"Feature","properties":{"name":"Hidalgo Energy Center","mw":495.0,"fuel":"gas"},"geometry":{"type":"Point","coordinates":[-98.1758,26.3417]}},{"type":"Feature","properties":{"name":"Security","mw":3.4,"fuel":"other"},"geometry":{"type":"Point","coordinates":[-95.2681,30.3225]}},{"type":"Feature","properties":{"name":"Llano Estacado Wind Ranch","mw":80.0,"fuel":"wind"},"geometry":{"type":"Point","coordinates":[-101.2533,35.4677]}},{"type":"Feature","properties":{"name":"King Mountain Wind Ranch 1","mw":278.0,"fuel":"wind"},"geometry":{"type":"Point","coordinates":[-102.2417,31.2092]}},{"type":"Feature","properties":{"name":"Harrison County Power Project","mw":514.4,"fuel":"gas"},"geometry":{"type":"Point","coordinates":[-94.4367,32.3958]}},{"type":"Feature","properties":{"name":"Nacogdoches Power","mw":100.0,"fuel":"other"},"geometry":{"type":"Point","coordinates":[-94.9006,31.8321]}},{"type":"Feature","properties":{"name":"NWP Indian Mesa Wind Farm","mw":82.5,"fuel":"wind"},"geometry":{"type":"Point","coordinates":[-102.2014,30.9315]}},{"type":"Feature","properties":{"name":"Woodward Mountain II","mw":78.0,"fuel":"wind"},"geometry":{"type":"Point","coordinates":[-102.4141,30.9514]}},{"type":"Feature","properties":{"name":"Woodward Mountain I","mw":82.0,"fuel":"wind"},"geometry":{"type":"Point","coordinates":[-102.4141,30.9514]}},{"type":"Feature","properties":{"name":"Trent Wind Farm","mw":152.0,"fuel":"wind"},"geometry":{"type":"Point","coordinates":[-100.2357,32.4301]}},{"type":"Feature","properties":{"name":"Desert Sky","mw":167.7,"fuel":"wind"},"geometry":{"type":"Point","coordinates":[-102.0867,30.9178]}},{"type":"Feature","properties":{"name":"Brazos Wind Farm","mw":182.4,"fuel":"wind"},"geometry":{"type":"Point","coordinates":[-101.1478,32.9479]}},{"type":"Feature","properties":{"name":"Freeport Energy Center","mw":219.4,"fuel":"gas"},"geometry":{"type":"Point","coordinates":[-95.3954,28.9888]}},{"type":"Feature","properties":{"name":"Sweetwater Wind 1 LLC","mw":37.5,"fuel":"wind"},"geometry":{"type":"Point","coordinates":[-100.3389,32.3606]}},{"type":"Feature","properties":{"name":"Sweetwater Wind 2 LLC","mw":98.8,"fuel":"wind"},"geometry":{"type":"Point","coordinates":[-100.3703,32.3472]}},{"type":"Feature","properties":{"name":"EG178 Facility","mw":100.0,"fuel":"gas"},"geometry":{"type":"Point","coordinates":[-100.9547,32.7471]}},{"type":"Feature","properties":{"name":"Buffalo Gap Wind Farm","mw":120.6,"fuel":"wind"},"geometry":{"type":"Point","coordinates":[-100.0616,32.3116]}},{"type":"Feature","properties":{"name":"Callahan Divide Wind Energy Center","mw":114.0,"fuel":"wind"},"geometry":{"type":"Point","coordinates":[-100.0217,32.3039]}},{"type":"Feature","properties":{"name":"Horse Hollow Wind Energy Center","mw":735.5,"fuel":"wind"},"geometry":{"type":"Point","coordinates":[-100.0571,32.214]}},{"type":"Feature","properties":{"name":"Sweetwater Wind 3 LLC","mw":144.0,"fuel":"wind"},"geometry":{"type":"Point","coordinates":[-100.4219,32.2908]}},{"type":"Feature","properties":{"name":"Mustang Station Unit 4","mw":459.3,"fuel":"gas"},"geometry":{"type":"Point","coordinates":[-102.7436,32.9746]}},{"type":"Feature","properties":{"name":"Sweetwater Wind 4 LLC","mw":241.0,"fuel":"wind"},"geometry":{"type":"Point","coordinates":[-100.5303,32.3122]}},{"type":"Feature","properties":{"name":"Quail Run Energy Center","mw":472.2,"fuel":"gas"},"geometry":{"type":"Point","coordinates":[-102.315,31.8414]}},{"type":"Feature","properties":{"name":"Colorado Bend Energy Center","mw":608.0,"fuel":"gas"},"geometry":{"type":"Point","coordinates":[-96.0683,29.2878]}},{"type":"Feature","properties":{"name":"Sweetwater Wind 5","mw":80.5,"fuel":"wind"},"geometry":{"type":"Point","coordinates":[-100.4833,32.2369]}},{"type":"Feature","properties":{"name":"Robert Mueller Energy Center","mw":5.2,"fuel":"gas"},"geometry":{"type":"Point","coordinates":[-97.7077,30.305]}},{"type":"Feature","properties":{"name":"Forest Creek Wind Farm LLC","mw":124.2,"fuel":"wind"},"geometry":{"type":"Point","coordinates":[-101.22,32.039]}},{"type":"Feature","properties":{"name":"Mesquite Wind Power LLC","mw":200.0,"fuel":"wind"},"geometry":{"type":"Point","coordinates":[-99.4928,32.6256]}},{"type":"Feature","properties":{"name":"Wildorado Wind LLC","mw":161.0,"fuel":"wind"},"geometry":{"type":"Point","coordinates":[-102.3031,35.2919]}},{"type":"Feature","properties":{"name":"Post Wind Farm LP","mw":84.0,"fuel":"wind"},"geometry":{"type":"Point","coordinates":[-101.2194,32.9254]}},{"type":"Feature","properties":{"name":"Sand Bluff Wind Farm","mw":89.5,"fuel":"wind"},"geometry":{"type":"Point","coordinates":[-101.3026,31.9914]}},{"type":"Feature","properties":{"name":"Post Oak Wind LLC","mw":200.0,"fuel":"wind"},"geometry":{"type":"Point","coordinates":[-99.6564,32.5144]}},{"type":"Feature","properties":{"name":"Buffalo Gap 2 Wind Farm","mw":232.5,"fuel":"wind"},"geometry":{"type":"Point","coordinates":[-100.177,32.3182]}},{"type":"Feature","properties":{"name":"Scurry County Wind LP","mw":130.5,"fuel":"wind"},"geometry":{"type":"Point","coordinates":[-100.9952,32.7204]}},{"type":"Feature","properties":{"name":"Austin Gas Recovery","mw":4.8,"fuel":"other"},"geometry":{"type":"Point","coordinates":[-97.6217,30.3344]}},{"type":"Feature","properties":{"name":"Porterhouse Wind (4) LLC","mw":79.8,"fuel":"wind"},"geometry":{"type":"Point","coordinates":[-101.3864,36.4144]}},{"type":"Feature","properties":{"name":"Filet Wind (5) LLC","mw":10.0,"fuel":"wind"},"geometry":{"type":"Point","coordinates":[-101.8761,36.4453]}},{"type":"Feature","properties":{"name":"Tenderloin Wind (6) LLC","mw":10.0,"fuel":"wind"},"geometry":{"type":"Point","coordinates":[-101.8222,36.4669]}},{"type":"Feature","properties":{"name":"Champion Wind Farm LLC","mw":126.5,"fuel":"wind"},"geometry":{"type":"Point","coordinates":[-100.6481,32.3983]}},{"type":"Feature","properties":{"name":"Roscoe Wind Farm LLC","mw":209.0,"fuel":"wind"},"geometry":{"type":"Point","coordinates":[-100.6664,32.4694]}},{"type":"Feature","properties":{"name":"San Jacinto County Peaking Facility","mw":146.0,"fuel":"gas"},"geometry":{"type":"Point","coordinates":[-95.0118,30.4193]}},{"type":"Feature","properties":{"name":"Hardin County Peaking Facility","mw":141.6,"fuel":"gas"},"geometry":{"type":"Point","coordinates":[-94.2526,30.3038]}},{"type":"Feature","properties":{"name":"Sandy Creek Energy Station","mw":932.6,"fuel":"coal"},"geometry":{"type":"Point","coordinates":[-96.9571,31.4744]}},{"type":"Feature","properties":{"name":"Buffalo Gap 3 Wind Farm","mw":170.2,"fuel":"wind"},"geometry":{"type":"Point","coordinates":[-100.1,32.2878]}},{"type":"Feature","properties":{"name":"Stanton Wind Energy LLC","mw":120.0,"fuel":"wind"},"geometry":{"type":"Point","coordinates":[-101.8367,32.2353]}},{"type":"Feature","properties":{"name":"Majestic 1 Wind Farm","mw":79.5,"fuel":"wind"},"geometry":{"type":"Point","coordinates":[-101.53,35.3919]}},{"type":"Feature","properties":{"name":"South Trent Wind Farm","mw":101.2,"fuel":"wind"},"geometry":{"type":"Point","coordinates":[-100.1286,32.4081]}},{"type":"Feature","properties":{"name":"Pattern Gulf Wind","mw":283.2,"fuel":"wind"},"geometry":{"type":"Point","coordinates":[-97.5994,27.0011]}},{"type":"Feature","properties":{"name":"Whirlwind Energy Center","mw":57.0,"fuel":"wind"},"geometry":{"type":"Point","coordinates":[-101.0986,34.105]}},{"type":"Feature","properties":{"name":"Winchester Power Park","mw":176.0,"fuel":"gas"},"geometry":{"type":"Point","coordinates":[-96.9945,30.0255]}},{"type":"Feature","properties":{"name":"CFB Power Plant","mw":286.2,"fuel":"gas"},"geometry":{"type":"Point","coordinates":[-96.5397,28.6503]}},{"type":"Feature","properties":{"name":"Goat Wind LP","mw":149.6,"fuel":"wind"},"geometry":{"type":"Point","coordinates":[-100.7914,31.9519]}},{"type":"Feature","properties":{"name":"Capricorn Ridge Wind LLC","mw":662.5,"fuel":"wind"},"geometry":{"type":"Point","coordinates":[-101.0189,31.952]}},{"type":"Feature","properties":{"name":"Silver Star I Wind Power Project","mw":52.8,"fuel":"wind"},"geometry":{"type":"Point","coordinates":[-98.4761,32.3387]}},{"type":"Feature","properties":{"name":"McAdoo Wind Energy LLC","mw":150.0,"fuel":"wind"},"geometry":{"type":"Point","coordinates":[-100.9674,33.7522]}},{"type":"Feature","properties":{"name":"Turkey Track Wind Energy LLC","mw":169.5,"fuel":"wind"},"geometry":{"type":"Point","coordinates":[-100.2686,32.1981]}},{"type":"Feature","properties":{"name":"Scurry County Wind II","mw":120.0,"fuel":"wind"},"geometry":{"type":"Point","coordinates":[-100.7933,32.7181]}},{"type":"Feature","properties":{"name":"Gunsight Mountain Wind Energy LLC","mw":120.0,"fuel":"wind"},"geometry":{"type":"Point","coordinates":[-101.4736,32.2403]}},{"type":"Feature","properties":{"name":"Elbow Creek Wind Project LLC","mw":121.9,"fuel":"wind"},"geometry":{"type":"Point","coordinates":[-101.3986,32.1408]}},{"type":"Feature","properties":{"name":"Penascal Wind Power LLC","mw":201.6,"fuel":"wind"},"geometry":{"type":"Point","coordinates":[-97.4985,27.0221]}},{"type":"Feature","properties":{"name":"Cedar Bayou 4","mw":504.0,"fuel":"gas"},"geometry":{"type":"Point","coordinates":[-94.9231,29.7516]}},{"type":"Feature","properties":{"name":"Hackberry Wind Farm","mw":162.3,"fuel":"wind"},"geometry":{"type":"Point","coordinates":[-99.4228,32.7683]}},{"type":"Feature","properties":{"name":"Ribeye Wind (11) LLC","mw":10.0,"fuel":"wind"},"geometry":{"type":"Point","coordinates":[-101.9789,35.8119]}},{"type":"Feature","properties":{"name":"T-Bone Wind (10) LLC","mw":8.8,"fuel":"wind"},"geometry":{"type":"Point","coordinates":[-101.9986,35.8081]}},{"type":"Feature","properties":{"name":"Tri-Tip Wind (9) LLC","mw":10.0,"fuel":"wind"},"geometry":{"type":"Point","coordinates":[-101.8033,35.9614]}},{"type":"Feature","properties":{"name":"Brisket Wind (8) LLC","mw":10.0,"fuel":"wind"},"geometry":{"type":"Point","coordinates":[-101.8614,36.0075]}},{"type":"Feature","properties":{"name":"Flat Iron Wind (7) LLC","mw":10.0,"fuel":"wind"},"geometry":{"type":"Point","coordinates":[-101.9,36.0264]}},{"type":"Feature","properties":{"name":"Great Plains Windpark LLC","mw":114.0,"fuel":"wind"},"geometry":{"type":"Point","coordinates":[-101.3917,36.4964]}},{"type":"Feature","properties":{"name":"Panther Creek Wind Farm I","mw":153.9,"fuel":"wind"},"geometry":{"type":"Point","coordinates":[-101.4514,32.1008]}},{"type":"Feature","properties":{"name":"Panther Creek Wind Farm II","mw":124.7,"fuel":"wind"},"geometry":{"type":"Point","coordinates":[-101.2983,31.9361]}},{"type":"Feature","properties":{"name":"Bull Creek Wind","mw":180.0,"fuel":"wind"},"geometry":{"type":"Point","coordinates":[-101.5786,32.929]}},{"type":"Feature","properties":{"name":"Ocotillo Windpower","mw":58.8,"fuel":"wind"},"geometry":{"type":"Point","coordinates":[-101.3853,32.1217]}},{"type":"Feature","properties":{"name":"Notrees Windpower Hybrid","mw":188.5,"fuel":"wind"},"geometry":{"type":"Point","coordinates":[-102.8283,31.995]}},{"type":"Feature","properties":{"name":"Panther Creek Wind Farm Three","mw":231.5,"fuel":"wind"},"geometry":{"type":"Point","coordinates":[-101.1167,31.9925]}},{"type":"Feature","properties":{"name":"Pyron Wind Farm LLC Hybrid","mw":258.9,"fuel":"storage"},"geometry":{"type":"Point","coordinates":[-100.6728,32.5886]}},{"type":"Feature","properties":{"name":"Papalote Creek I LLC","mw":180.0,"fuel":"wind"},"geometry":{"type":"Point","coordinates":[-97.4586,27.9386]}},{"type":"Feature","properties":{"name":"Inadale Wind Farm LLC Hybrid","mw":206.9,"fuel":"storage"},"geometry":{"type":"Point","coordinates":[-100.5797,32.4969]}},{"type":"Feature","properties":{"name":"Westside Landfill Gas Recovery","mw":3.2,"fuel":"other"},"geometry":{"type":"Point","coordinates":[-97.5371,32.7246]}},{"type":"Feature","properties":{"name":"Penascal II Wind Project LLC","mw":201.6,"fuel":"wind"},"geometry":{"type":"Point","coordinates":[-97.5574,27.1225]}},{"type":"Feature","properties":{"name":"Langford Wind Power","mw":150.0,"fuel":"wind"},"geometry":{"type":"Point","coordinates":[-100.6788,31.0854]}},{"type":"Feature","properties":{"name":"Barton Chapel Wind Farm","mw":120.0,"fuel":"wind"},"geometry":{"type":"Point","coordinates":[-98.3284,33.0522]}},{"type":"Feature","properties":{"name":"Farmers Branch Renewable Energy Facility","mw":3.2,"fuel":"other"},"geometry":{"type":"Point","coordinates":[-96.9572,33.0311]}},{"type":"Feature","properties":{"name":"Mesquite Creek LFGTE Project","mw":3.2,"fuel":"other"},"geometry":{"type":"Point","coordinates":[-98.0228,29.7372]}},{"type":"Feature","properties":{"name":"Blue Wing Solar Energy Generation","mw":13.5,"fuel":"solar"},"geometry":{"type":"Point","coordinates":[-98.4003,29.3042]}},{"type":"Feature","properties":{"name":"Papalote Creek II LLC","mw":200.1,"fuel":"wind"},"geometry":{"type":"Point","coordinates":[-97.2967,27.9958]}},{"type":"Feature","properties":{"name":"Cedro Hill Wind LLC","mw":300.0,"fuel":"wind"},"geometry":{"type":"Point","coordinates":[-98.9053,27.5761]}},{"type":"Feature","properties":{"name":"Little Pringle I Wind Farm","mw":10.0,"fuel":"wind"},"geometry":{"type":"Point","coordinates":[-101.5402,35.9643]}},{"type":"Feature","properties":{"name":"Little Pringle II Wind Farm","mw":10.0,"fuel":"wind"},"geometry":{"type":"Point","coordinates":[-101.5414,35.9249]}},{"type":"Feature","properties":{"name":"Loraine Windpark Project LLC","mw":148.5,"fuel":"wind"},"geometry":{"type":"Point","coordinates":[-100.7444,32.4375]}},{"type":"Feature","properties":{"name":"Mont Belvieu Cogeneration Unit","mw":12.3,"fuel":"gas"},"geometry":{"type":"Point","coordinates":[-94.9007,29.8381]}},{"type":"Feature","properties":{"name":"Sunray Wind I","mw":49.5,"fuel":"wind"},"geometry":{"type":"Point","coordinates":[-101.9005,35.9454]}},{"type":"Feature","properties":{"name":"Sherbino II","mw":132.0,"fuel":"wind"},"geometry":{"type":"Point","coordinates":[-102.5058,30.7726]}},{"type":"Feature","properties":{"name":"Ralls Wind Farm","mw":10.0,"fuel":"wind"},"geometry":{"type":"Point","coordinates":[-101.39,33.6611]}},{"type":"Feature","properties":{"name":"TECO CHP-1","mw":97.0,"fuel":"gas"},"geometry":{"type":"Point","coordinates":[-95.3983,29.7035]}},{"type":"Feature","properties":{"name":"DeWind Frisco","mw":20.0,"fuel":"wind"},"geometry":{"type":"Point","coordinates":[-101.6053,36.4985]}},{"type":"Feature","properties":{"name":"Trinity Hills","mw":198.0,"fuel":"wind"},"geometry":{"type":"Point","coordinates":[-98.7119,33.3836]}},{"type":"Feature","properties":{"name":"Hidalgo Wind Farm LLC","mw":250.0,"fuel":"wind"},"geometry":{"type":"Point","coordinates":[-98.4111,26.4656]}},{"type":"Feature","properties":{"name":"East Blackland Solar Project 1","mw":144.0,"fuel":"solar"},"geometry":{"type":"Point","coordinates":[-97.4614,30.4214]}},{"type":"Feature","properties":{"name":"Webberville Solar Project","mw":30.0,"fuel":"solar"},"geometry":{"type":"Point","coordinates":[-97.5088,30.2385]}},{"type":"Feature","properties":{"name":"Los Vientos Wind 1A","mw":200.0,"fuel":"wind"},"geometry":{"type":"Point","coordinates":[-97.5857,26.3307]}},{"type":"Feature","properties":{"name":"Los Vientos Wind 1B","mw":201.6,"fuel":"wind"},"geometry":{"type":"Point","coordinates":[-97.6668,26.3489]}},{"type":"Feature","properties":{"name":"Magic Valley Wind Farm I LLC","mw":203.0,"fuel":"wind"},"geometry":{"type":"Point","coordinates":[-97.6911,26.4753]}},{"type":"Feature","properties":{"name":"Antelope Station","mw":162.0,"fuel":"gas"},"geometry":{"type":"Point","coordinates":[-101.8433,33.865]}},{"type":"Feature","properties":{"name":"Golden Spread Panhandle Wnd Rch","mw":78.2,"fuel":"wind"},"geometry":{"type":"Point","coordinates":[-102.21,35.2436]}},{"type":"Feature","properties":{"name":"Baffin Wind","mw":188.0,"fuel":"wind"},"geometry":{"type":"Point","coordinates":[-97.5982,27.1847]}},{"type":"Feature","properties":{"name":"Spinning Spur Wind LLC","mw":161.0,"fuel":"wind"},"geometry":{"type":"Point","coordinates":[-102.2031,35.2375]}},{"type":"Feature","properties":{"name":"Bobcat Bluff Wind Project LLC","mw":161.0,"fuel":"wind"},"geometry":{"type":"Point","coordinates":[-98.5819,33.4931]}},{"type":"Feature","properties":{"name":"Senate Wind LLC","mw":150.0,"fuel":"wind"},"geometry":{"type":"Point","coordinates":[-98.3651,33.2058]}},{"type":"Feature","properties":{"name":"Stephens Ranch Wind Energy LLC","mw":376.0,"fuel":"wind"},"geometry":{"type":"Point","coordinates":[-101.6478,32.9264]}},{"type":"Feature","properties":{"name":"Anacacho Wind Farm, LLC","mw":99.8,"fuel":"wind"},"geometry":{"type":"Point","coordinates":[-100.2092,29.2347]}},{"type":"Feature","properties":{"name":"Temple Power Station","mw":1580.0,"fuel":"gas"},"geometry":{"type":"Point","coordinates":[-97.3172,31.0558]}},{"type":"Feature","properties":{"name":"Rayburn Energy Station LLC","mw":685.0,"fuel":"gas"},"geometry":{"type":"Point","coordinates":[-96.6179,33.5826]}},{"type":"Feature","properties":{"name":"SunE CPS3 LLC","mw":10.6,"fuel":"solar"},"geometry":{"type":"Point","coordinates":[-98.6692,29.2219]}},{"type":"Feature","properties":{"name":"IKEA Round Rock 027","mw":1.3,"fuel":"solar"},"geometry":{"type":"Point","coordinates":[-97.6903,30.557]}},{"type":"Feature","properties":{"name":"Whitetail","mw":92.3,"fuel":"wind"},"geometry":{"type":"Point","coordinates":[-99.0053,27.4881]}},{"type":"Feature","properties":{"name":"SunE CPS2 LLC","mw":9.9,"fuel":"solar"},"geometry":{"type":"Point","coordinates":[-98.4183,29.245]}},{"type":"Feature","properties":{"name":"BayWa r.e Mozart LLC","mw":30.0,"fuel":"wind"},"geometry":{"type":"Point","coordinates":[-100.5242,32.9697]}},{"type":"Feature","properties":{"name":"SunE CPS1 LLC","mw":9.9,"fuel":"solar"},"geometry":{"type":"Point","coordinates":[-98.4183,29.245]}},{"type":"Feature","properties":{"name":"PRSI FCC Generator","mw":3.0,"fuel":"other"},"geometry":{"type":"Point","coordinates":[-95.2103,29.7233]}},{"type":"Feature","properties":{"name":"Wolf Ridge Wind","mw":112.5,"fuel":"wind"},"geometry":{"type":"Point","coordinates":[-97.4284,33.733]}},{"type":"Feature","properties":{"name":"Central Utility Plant - Texas A&M","mw":43.4,"fuel":"gas"},"geometry":{"type":"Point","coordinates":[-96.3433,30.6178]}},{"type":"Feature","properties":{"name":"Cirrus Wind 1 LLC","mw":61.2,"fuel":"wind"},"geometry":{"type":"Point","coordinates":[-101.6875,33.0331]}},{"type":"Feature","properties":{"name":"Pattern Panhandle Wind LLC","mw":218.0,"fuel":"wind"},"geometry":{"type":"Point","coordinates":[-101.2531,35.4275]}},{"type":"Feature","properties":{"name":"Goldthwaite Wind Energy Facility","mw":150.0,"fuel":"wind"},"geometry":{"type":"Point","coordinates":[-98.4667,31.3833]}},{"type":"Feature","properties":{"name":"Majestic II Wind","mw":79.6,"fuel":"wind"},"geometry":{"type":"Point","coordinates":[-101.5786,35.386]}},{"type":"Feature","properties":{"name":"Blue Summit Wind LLC","mw":135.4,"fuel":"wind"},"geometry":{"type":"Point","coordinates":[-99.3677,34.2929]}},{"type":"Feature","properties":{"name":"Petra Nova Carbon Capture Cogen","mw":74.0,"fuel":"gas"},"geometry":{"type":"Point","coordinates":[-95.6342,29.4753]}},{"type":"Feature","properties":{"name":"Pantex","mw":11.5,"fuel":"wind"},"geometry":{"type":"Point","coordinates":[-101.5325,35.3228]}},{"type":"Feature","properties":{"name":"Ector County Energy Center","mw":300.0,"fuel":"gas"},"geometry":{"type":"Point","coordinates":[-102.5856,32.0692]}},{"type":"Feature","properties":{"name":"Bryan Solar, LLC","mw":10.0,"fuel":"solar"},"geometry":{"type":"Point","coordinates":[-104.3,29.6]}},{"type":"Feature","properties":{"name":"OCI Alamo Solar I Hybrid","mw":40.7,"fuel":"solar"},"geometry":{"type":"Point","coordinates":[-98.4447,29.2717]}},{"type":"Feature","properties":{"name":"Montana Power Station","mw":352.0,"fuel":"gas"},"geometry":{"type":"Point","coordinates":[-106.2119,31.8239]}},{"type":"Feature","properties":{"name":"Grandview Wind Farm, LLC","mw":211.2,"fuel":"wind"},"geometry":{"type":"Point","coordinates":[-101.3108,35.2383]}},{"type":"Feature","properties":{"name":"Patriot Wind Farm","mw":226.1,"fuel":"wind"},"geometry":{"type":"Point","coordinates":[-97.6401,27.5805]}},{"type":"Feature","properties":{"name":"RC Thomas Hydroelectric Project","mw":24.3,"fuel":"other"},"geometry":{"type":"Point","coordinates":[-95.01,30.6322]}},{"type":"Feature","properties":{"name":"Route 66 Wind Plant","mw":150.0,"fuel":"wind"},"geometry":{"type":"Point","coordinates":[-101.4342,35.2053]}},{"type":"Feature","properties":{"name":"Barilla Solar","mw":30.2,"fuel":"solar"},"geometry":{"type":"Point","coordinates":[-103.35,30.96]}},{"type":"Feature","properties":{"name":"OCI Alamo 2, LLC","mw":4.4,"fuel":"solar"},"geometry":{"type":"Point","coordinates":[-98.3319,29.4694]}},{"type":"Feature","properties":{"name":"OCI Alamo 4, LLC","mw":39.6,"fuel":"solar"},"geometry":{"type":"Point","coordinates":[-100.39,29.33]}},{"type":"Feature","properties":{"name":"Pattern Panhandle Wind 2 LLC","mw":181.7,"fuel":"wind"},"geometry":{"type":"Point","coordinates":[-101.3728,35.4428]}},{"type":"Feature","properties":{"name":"Miami Wind Energy Center","mw":288.6,"fuel":"wind"},"geometry":{"type":"Point","coordinates":[-100.5386,35.6539]}},{"type":"Feature","properties":{"name":"Wake Wind Energy Center","mw":257.0,"fuel":"wind"},"geometry":{"type":"Point","coordinates":[-101.0997,33.825]}},{"type":"Feature","properties":{"name":"Longhorn Wind","mw":200.0,"fuel":"wind"},"geometry":{"type":"Point","coordinates":[-101.2511,34.3111]}},{"type":"Feature","properties":{"name":"TX Hereford Wind","mw":200.0,"fuel":"wind"},"geometry":{"type":"Point","coordinates":[-102.1744,34.7481]}},{"type":"Feature","properties":{"name":"Spinning Spur Wind II","mw":161.0,"fuel":"wind"},"geometry":{"type":"Point","coordinates":[-102.6828,35.2769]}},{"type":"Feature","properties":{"name":"Spinning Spur Wind III","mw":194.0,"fuel":"wind"},"geometry":{"type":"Point","coordinates":[-102.7211,35.295]}},{"type":"Feature","properties":{"name":"Elk Station","mw":583.1,"fuel":"gas"},"geometry":{"type":"Point","coordinates":[-101.8433,33.865]}},{"type":"Feature","properties":{"name":"Keechi Wind","mw":110.0,"fuel":"wind"},"geometry":{"type":"Point","coordinates":[-98.1611,33.1431]}},{"type":"Feature","properties":{"name":"Rentech Nitrogen Pasadena Cogeneration","mw":14.0,"fuel":"other"},"geometry":{"type":"Point","coordinates":[-95.1947,29.7394]}},{"type":"Feature","properties":{"name":"Woodville Renewable Power Project","mw":46.5,"fuel":"other"},"geometry":{"type":"Point","coordinates":[-94.4375,30.7483]}},{"type":"Feature","properties":{"name":"Ameresco Dallas LLC","mw":4.2,"fuel":"other"},"geometry":{"type":"Point","coordinates":[-96.6444,32.6486]}},{"type":"Feature","properties":{"name":"Mariah del Norte","mw":230.4,"fuel":"wind"},"geometry":{"type":"Point","coordinates":[-102.5778,34.6675]}},{"type":"Feature","properties":{"name":"Shannon Wind","mw":204.0,"fuel":"wind"},"geometry":{"type":"Point","coordinates":[-98.3608,33.5097]}},{"type":"Feature","properties":{"name":"Stella Wind Farm","mw":201.0,"fuel":"wind"},"geometry":{"type":"Point","coordinates":[-97.6425,26.9417]}},{"type":"Feature","properties":{"name":"Bruennings Breeze Wind Farm","mw":228.0,"fuel":"wind"},"geometry":{"type":"Point","coordinates":[-97.6911,26.5222]}},{"type":"Feature","properties":{"name":"Colbeck's Corner, LLC","mw":200.0,"fuel":"wind"},"geometry":{"type":"Point","coordinates":[-101.1866,35.2542]}},{"type":"Feature","properties":{"name":"Cameron Wind 1 LLC","mw":181.4,"fuel":"storage"},"geometry":{"type":"Point","coordinates":[-97.4661,26.1953]}},{"type":"Feature","properties":{"name":"Freeport LP Pretreatment Facility","mw":70.0,"fuel":"gas"},"geometry":{"type":"Point","coordinates":[-95.3069,28.9792]}},{"type":"Feature","properties":{"name":"Chapman Ranch Wind I","mw":249.0,"fuel":"wind"},"geometry":{"type":"Point","coordinates":[-97.5008,27.5925]}},{"type":"Feature","properties":{"name":"OCI Alamo 3 LLC","mw":5.5,"fuel":"solar"},"geometry":{"type":"Point","coordinates":[-98.2972,29.4792]}},{"type":"Feature","properties":{"name":"OCI Alamo 5 LLC","mw":100.0,"fuel":"solar"},"geometry":{"type":"Point","coordinates":[-99.7161,29.2167]}},{"type":"Feature","properties":{"name":"Alamo 6","mw":116.0,"fuel":"solar"},"geometry":{"type":"Point","coordinates":[-102.2708,30.9931]}},{"type":"Feature","properties":{"name":"OCI Alamo 7 LLC","mw":100.0,"fuel":"solar"},"geometry":{"type":"Point","coordinates":[-99.5525,33.04]}},{"type":"Feature","properties":{"name":"Windthorst-2","mw":67.6,"fuel":"wind"},"geometry":{"type":"Point","coordinates":[-98.5,33.4953]}},{"type":"Feature","properties":{"name":"Lorenzo Wind","mw":80.0,"fuel":"wind"},"geometry":{"type":"Point","coordinates":[-101.5247,33.6992]}},{"type":"Feature","properties":{"name":"Fluvanna","mw":155.4,"fuel":"wind"},"geometry":{"type":"Point","coordinates":[-101.1436,32.9319]}},{"type":"Feature","properties":{"name":"Goodnight","mw":265.5,"fuel":"wind"},"geometry":{"type":"Point","coordinates":[-101.3261,35.0939]}},{"type":"Feature","properties":{"name":"Hale Community Wind Farm","mw":128.0,"fuel":"wind"},"geometry":{"type":"Point","coordinates":[-101.7422,33.9278]}},{"type":"Feature","properties":{"name":"Los Vientos Windpower III","mw":200.0,"fuel":"wind"},"geometry":{"type":"Point","coordinates":[-98.8061,26.3886]}},{"type":"Feature","properties":{"name":"Los Vientos Windpower IV","mw":200.0,"fuel":"wind"},"geometry":{"type":"Point","coordinates":[-98.8183,26.3806]}},{"type":"Feature","properties":{"name":"Mesquite Creek Wind","mw":211.2,"fuel":"wind"},"geometry":{"type":"Point","coordinates":[-101.7411,32.7]}},{"type":"Feature","properties":{"name":"The Methodist Hospital, Gas Turbine","mw":3.0,"fuel":"gas"},"geometry":{"type":"Point","coordinates":[-95.4003,29.7094]}},{"type":"Feature","properties":{"name":"South Plains Wind Phase I","mw":200.0,"fuel":"wind"},"geometry":{"type":"Point","coordinates":[-101.3236,34.0806]}},{"type":"Feature","properties":{"name":"Red Gate Power Plant","mw":219.6,"fuel":"gas"},"geometry":{"type":"Point","coordinates":[-98.1775,26.4511]}},{"type":"Feature","properties":{"name":"Newman Solar","mw":10.3,"fuel":"solar"},"geometry":{"type":"Point","coordinates":[-106.4275,31.9783]}},{"type":"Feature","properties":{"name":"Pleasant Hill Wind Energy Project","mw":20.0,"fuel":"wind"},"geometry":{"type":"Point","coordinates":[-101.485,33.7389]}},{"type":"Feature","properties":{"name":"Logans Gap Wind LLC","mw":200.1,"fuel":"wind"},"geometry":{"type":"Point","coordinates":[-98.6906,31.8225]}},{"type":"Feature","properties":{"name":"Palo Duro Wind","mw":249.9,"fuel":"wind"},"geometry":{"type":"Point","coordinates":[-101.0014,36.2439]}},{"type":"Feature","properties":{"name":"TX Jumbo Road Wind","mw":299.7,"fuel":"wind"},"geometry":{"type":"Point","coordinates":[-102.2533,34.72]}},{"type":"Feature","properties":{"name":"Nelson Gardens Landfill Gas to Energy","mw":4.4,"fuel":"other"},"geometry":{"type":"Point","coordinates":[-98.66,29.33]}},{"type":"Feature","properties":{"name":"Sendero","mw":78.0,"fuel":"wind"},"geometry":{"type":"Point","coordinates":[-98.9167,27.18]}},{"type":"Feature","properties":{"name":"San Roman Wind I, LLC","mw":95.3,"fuel":"wind"},"geometry":{"type":"Point","coordinates":[-97.3776,26.126]}},{"type":"Feature","properties":{"name":"Green Pastures Wind I","mw":150.0,"fuel":"wind"},"geometry":{"type":"Point","coordinates":[-99.4112,33.6282]}},{"type":"Feature","properties":{"name":"Green Pastures Wind II","mw":150.0,"fuel":"wind"},"geometry":{"type":"Point","coordinates":[-99.5329,33.646]}},{"type":"Feature","properties":{"name":"Briscoe Wind Farm","mw":150.0,"fuel":"wind"},"geometry":{"type":"Point","coordinates":[-101.2372,34.4323]}},{"type":"Feature","properties":{"name":"Wolf Hollow II","mw":1103.4,"fuel":"gas"},"geometry":{"type":"Point","coordinates":[-97.7346,32.3377]}},{"type":"Feature","properties":{"name":"Sky Global Power One","mw":49.8,"fuel":"gas"},"geometry":{"type":"Point","coordinates":[-96.5378,29.5503]}},{"type":"Feature","properties":{"name":"Rattlesnake Den","mw":207.2,"fuel":"wind"},"geometry":{"type":"Point","coordinates":[-101.4934,31.7432]}},{"type":"Feature","properties":{"name":"Bearkat","mw":196.7,"fuel":"wind"},"geometry":{"type":"Point","coordinates":[-101.582,31.7272]}},{"type":"Feature","properties":{"name":"RE Roserock","mw":157.5,"fuel":"solar"},"geometry":{"type":"Point","coordinates":[-103.3067,30.9602]}},{"type":"Feature","properties":{"name":"Buckthorn Westex","mw":154.0,"fuel":"solar"},"geometry":{"type":"Point","coordinates":[-102.5513,30.5755]}},{"type":"Feature","properties":{"name":"Los Vientos V Wind Power","mw":110.0,"fuel":"wind"},"geometry":{"type":"Point","coordinates":[-98.5716,26.4117]}},{"type":"Feature","properties":{"name":"South Plains II","mw":300.0,"fuel":"wind"},"geometry":{"type":"Point","coordinates":[-101.3815,34.197]}},{"type":"Feature","properties":{"name":"Javelina Wind Energy, LLC","mw":249.7,"fuel":"wind"},"geometry":{"type":"Point","coordinates":[-99.0,27.32]}},{"type":"Feature","properties":{"name":"Colorado Bend II","mw":1142.7,"fuel":"gas"},"geometry":{"type":"Point","coordinates":[-96.0654,29.2894]}},{"type":"Feature","properties":{"name":"Castle Gap Solar Hybrid","mw":189.9,"fuel":"solar"},"geometry":{"type":"Point","coordinates":[-102.272,31.255]}},{"type":"Feature","properties":{"name":"Cotton Plains Wind Farm","mw":50.4,"fuel":"wind"},"geometry":{"type":"Point","coordinates":[-101.1876,34.0603]}},{"type":"Feature","properties":{"name":"Rocksprings","mw":149.3,"fuel":"wind"},"geometry":{"type":"Point","coordinates":[-100.7943,29.7275]}},{"type":"Feature","properties":{"name":"Bacliff","mw":324.0,"fuel":"gas"},"geometry":{"type":"Point","coordinates":[-94.9848,29.4923]}},{"type":"Feature","properties":{"name":"Blue Cloud Wind Energy LLC","mw":148.4,"fuel":"wind"},"geometry":{"type":"Point","coordinates":[-102.6652,34.0382]}},{"type":"Feature","properties":{"name":"Canyon Wind Project, LLC","mw":308.8,"fuel":"wind"},"geometry":{"type":"Point","coordinates":[-101.0085,32.6311]}},{"type":"Feature","properties":{"name":"Montana Solar Facility","mw":3.0,"fuel":"solar"},"geometry":{"type":"Point","coordinates":[-106.2189,31.8131]}},{"type":"Feature","properties":{"name":"Electra Wind Farm","mw":230.0,"fuel":"wind"},"geometry":{"type":"Point","coordinates":[-99.1187,34.1029]}},{"type":"Feature","properties":{"name":"Horse Creek Wind Farm","mw":230.0,"fuel":"wind"},"geometry":{"type":"Point","coordinates":[-99.54,33.35]}},{"type":"Feature","properties":{"name":"Old Settler Wind","mw":151.2,"fuel":"wind"},"geometry":{"type":"Point","coordinates":[-101.1876,34.0603]}},{"type":"Feature","properties":{"name":"Lamesa Solar","mw":100.0,"fuel":"solar"},"geometry":{"type":"Point","coordinates":[-101.9265,32.7156]}},{"type":"Feature","properties":{"name":"Bethel Wind Farm LLC","mw":276.0,"fuel":"wind"},"geometry":{"type":"Point","coordinates":[-102.4747,34.5753]}},{"type":"Feature","properties":{"name":"CoServ Community Solar Station","mw":2.0,"fuel":"solar"},"geometry":{"type":"Point","coordinates":[-96.9792,33.2706]}},{"type":"Feature","properties":{"name":"East Pecos Solar","mw":118.5,"fuel":"solar"},"geometry":{"type":"Point","coordinates":[-102.2817,31.0009]}},{"type":"Feature","properties":{"name":"Port Comfort Power LLC","mw":86.0,"fuel":"gas"},"geometry":{"type":"Point","coordinates":[-96.5462,28.6481]}},{"type":"Feature","properties":{"name":"Chamon Power LLC","mw":86.0,"fuel":"gas"},"geometry":{"type":"Point","coordinates":[-95.1113,29.8832]}},{"type":"Feature","properties":{"name":"Friendswood Energy","mw":117.0,"fuel":"gas"},"geometry":{"type":"Point","coordinates":[-95.4515,29.6473]}},{"type":"Feature","properties":{"name":"CPS 1 Community Solar","mw":1.0,"fuel":"solar"},"geometry":{"type":"Point","coordinates":[-98.2692,29.378]}},{"type":"Feature","properties":{"name":"Tyler Bluff Wind Project, LLC","mw":125.0,"fuel":"wind"},"geometry":{"type":"Point","coordinates":[-97.372,33.7039]}},{"type":"Feature","properties":{"name":"Upton County Solar","mw":150.0,"fuel":"solar"},"geometry":{"type":"Point","coordinates":[-102.2903,31.2418]}},{"type":"Feature","properties":{"name":"Javelina Wind Energy II, LLC","mw":200.0,"fuel":"wind"},"geometry":{"type":"Point","coordinates":[-98.91,27.44]}},{"type":"Feature","properties":{"name":"Rabbit Hill Energy Storage Project","mw":9.9,"fuel":"storage"},"geometry":{"type":"Point","coordinates":[-97.687,30.5878]}},{"type":"Feature","properties":{"name":"Salt Fork Wind Project, LLC","mw":174.0,"fuel":"wind"},"geometry":{"type":"Point","coordinates":[-100.9344,35.1817]}},{"type":"Feature","properties":{"name":"Pearl Solar","mw":50.0,"fuel":"solar"},"geometry":{"type":"Point","coordinates":[-102.2683,30.9878]}},{"type":"Feature","properties":{"name":"Blue Summit Storage, LLC","mw":30.0,"fuel":"storage"},"geometry":{"type":"Point","coordinates":[-99.399,34.299]}},{"type":"Feature","properties":{"name":"Rattlesnake Power, LLC","mw":160.0,"fuel":"wind"},"geometry":{"type":"Point","coordinates":[-99.5514,31.3603]}},{"type":"Feature","properties":{"name":"Phantom Solar","mw":15.4,"fuel":"solar"},"geometry":{"type":"Point","coordinates":[-97.8451,31.115]}},{"type":"Feature","properties":{"name":"Bluebell Solar","mw":30.0,"fuel":"solar"},"geometry":{"type":"Point","coordinates":[-100.828,31.87]}},{"type":"Feature","properties":{"name":"Astra Wind Farm","mw":163.0,"fuel":"wind"},"geometry":{"type":"Point","coordinates":[-102.0524,34.7695]}},{"type":"Feature","properties":{"name":"Willow Springs Wind Farm","mw":250.0,"fuel":"wind"},"geometry":{"type":"Point","coordinates":[-99.6243,33.3454]}},{"type":"Feature","properties":{"name":"Dermott Wind","mw":253.0,"fuel":"wind"},"geometry":{"type":"Point","coordinates":[-100.9751,32.8638]}},{"type":"Feature","properties":{"name":"Montgomery County","mw":1000.0,"fuel":"gas"},"geometry":{"type":"Point","coordinates":[-95.5275,30.4408]}},{"type":"Feature","properties":{"name":"Buckthorn Wind","mw":100.5,"fuel":"wind"},"geometry":{"type":"Point","coordinates":[-98.3774,32.3713]}},{"type":"Feature","properties":{"name":"Santa Rita Wind Energy","mw":300.0,"fuel":"wind"},"geometry":{"type":"Point","coordinates":[-101.3188,31.1814]}},{"type":"Feature","properties":{"name":"SolaireHolman Solar Project","mw":50.0,"fuel":"solar"},"geometry":{"type":"Point","coordinates":[-103.4747,30.4551]}},{"type":"Feature","properties":{"name":"Cactus Flats Wind Energy Project","mw":148.4,"fuel":"wind"},"geometry":{"type":"Point","coordinates":[-100.0281,31.1125]}},{"type":"Feature","properties":{"name":"Heart of Texas Wind Project","mw":180.0,"fuel":"wind"},"geometry":{"type":"Point","coordinates":[-99.4213,31.2422]}},{"type":"Feature","properties":{"name":"Bandera Electric Coop PV","mw":1.5,"fuel":"solar"},"geometry":{"type":"Point","coordinates":[-99.7622,29.681]}},{"type":"Feature","properties":{"name":"Flat Top Wind I","mw":200.0,"fuel":"wind"},"geometry":{"type":"Point","coordinates":[-98.6034,31.6845]}},{"type":"Feature","properties":{"name":"Tres City Power LLC","mw":86.0,"fuel":"gas"},"geometry":{"type":"Point","coordinates":[-97.0093,28.7853]}},{"type":"Feature","properties":{"name":"Tres Port Power, LLC","mw":86.0,"fuel":"gas"},"geometry":{"type":"Point","coordinates":[-96.9453,28.6964]}},{"type":"Feature","properties":{"name":"IKEA Grand Prairie Rooftop PV System","mw":1.1,"fuel":"solar"},"geometry":{"type":"Point","coordinates":[-97.05,32.82]}},{"type":"Feature","properties":{"name":"Karankawa Wind LLC","mw":307.1,"fuel":"wind"},"geometry":{"type":"Point","coordinates":[-97.8175,28.1702]}},{"type":"Feature","properties":{"name":"RE Maplewood","mw":250.0,"fuel":"solar"},"geometry":{"type":"Point","coordinates":[-102.2578,30.9766]}},{"type":"Feature","properties":{"name":"Arlington Outlet Hydroelectric Generator","mw":1.3,"fuel":"other"},"geometry":{"type":"Point","coordinates":[-97.2429,32.6391]}},{"type":"Feature","properties":{"name":"Midway Solar - TX","mw":182.0,"fuel":"solar"},"geometry":{"type":"Point","coordinates":[-102.2235,30.9955]}},{"type":"Feature","properties":{"name":"Walnut Springs Solar","mw":5.0,"fuel":"solar"},"geometry":{"type":"Point","coordinates":[-97.7685,32.0787]}},{"type":"Feature","properties":{"name":"Foard City Wind","mw":350.3,"fuel":"wind"},"geometry":{"type":"Point","coordinates":[-99.7403,33.9153]}},{"type":"Feature","properties":{"name":"Highway 56 Solar","mw":5.3,"fuel":"solar"},"geometry":{"type":"Point","coordinates":[-96.6904,33.6144]}},{"type":"Feature","properties":{"name":"Whitesboro Solar","mw":5.0,"fuel":"solar"},"geometry":{"type":"Point","coordinates":[-96.8687,33.6165]}},{"type":"Feature","properties":{"name":"Whitesboro Solar II","mw":5.0,"fuel":"solar"},"geometry":{"type":"Point","coordinates":[-96.8675,33.6249]}},{"type":"Feature","properties":{"name":"Gopher Creek Wind Farm","mw":158.0,"fuel":"wind"},"geometry":{"type":"Point","coordinates":[-101.209,32.8751]}},{"type":"Feature","properties":{"name":"E-Volve Energy Holdings LLC","mw":1.2,"fuel":"solar"},"geometry":{"type":"Point","coordinates":[-96.1599,29.7408]}},{"type":"Feature","properties":{"name":"Marlin Solar","mw":5.3,"fuel":"solar"},"geometry":{"type":"Point","coordinates":[-96.8772,31.2867]}},{"type":"Feature","properties":{"name":"North Gainesville Solar","mw":5.2,"fuel":"solar"},"geometry":{"type":"Point","coordinates":[-97.1486,33.6561]}},{"type":"Feature","properties":{"name":"Whitewright Solar","mw":10.0,"fuel":"solar"},"geometry":{"type":"Point","coordinates":[-96.3789,33.4982]}},{"type":"Feature","properties":{"name":"Leon Solar","mw":10.0,"fuel":"solar"},"geometry":{"type":"Point","coordinates":[-96.2397,33.1611]}},{"type":"Feature","properties":{"name":"UL Advanced Wind Turbine Test Facility","mw":3.5,"fuel":"wind"},"geometry":{"type":"Point","coordinates":[-101.7841,34.966]}},{"type":"Feature","properties":{"name":"West Moore Solar II","mw":5.0,"fuel":"solar"},"geometry":{"type":"Point","coordinates":[-96.6284,33.6175]}},{"type":"Feature","properties":{"name":"Denton Energy Center","mw":225.6,"fuel":"gas"},"geometry":{"type":"Point","coordinates":[-97.2097,33.2149]}},{"type":"Feature","properties":{"name":"Wildcat Ranch Wind Project","mw":150.0,"fuel":"wind"},"geometry":{"type":"Point","coordinates":[-102.9619,33.5296]}},{"type":"Feature","properties":{"name":"Lamesa II","mw":50.0,"fuel":"solar"},"geometry":{"type":"Point","coordinates":[-101.8852,32.7133]}},{"type":"Feature","properties":{"name":"PowerFin Kingsbery","mw":2.6,"fuel":"solar"},"geometry":{"type":"Point","coordinates":[-97.6849,30.2659]}},{"type":"Feature","properties":{"name":"Kingsberry Energy Storage System","mw":1.5,"fuel":"storage"},"geometry":{"type":"Point","coordinates":[-97.6861,30.266]}},{"type":"Feature","properties":{"name":"System Control Center","mw":5.0,"fuel":"storage"},"geometry":{"type":"Point","coordinates":[-97.7088,30.2199]}},{"type":"Feature","properties":{"name":"Palmas Wind, LLC","mw":142.6,"fuel":"wind"},"geometry":{"type":"Point","coordinates":[-97.4964,26.2889]}},{"type":"Feature","properties":{"name":"Midway Wind, LLC","mw":162.9,"fuel":"wind"},"geometry":{"type":"Point","coordinates":[-97.3002,27.955]}},{"type":"Feature","properties":{"name":"Live Oak Wind Project","mw":199.5,"fuel":"wind"},"geometry":{"type":"Point","coordinates":[-100.6231,31.0486]}},{"type":"Feature","properties":{"name":"Chisum","mw":10.0,"fuel":"solar"},"geometry":{"type":"Point","coordinates":[-95.3907,33.6329]}},{"type":"Feature","properties":{"name":"Rio Bravo Windpower, LLC","mw":237.6,"fuel":"wind"},"geometry":{"type":"Point","coordinates":[-99.0387,26.649]}},{"type":"Feature","properties":{"name":"Bovine","mw":10.0,"fuel":"solar"},"geometry":{"type":"Point","coordinates":[-96.0769,29.6313]}},{"type":"Feature","properties":{"name":"Bronson","mw":10.0,"fuel":"solar"},"geometry":{"type":"Point","coordinates":[-95.9695,29.5375]}},{"type":"Feature","properties":{"name":"Sterling Solar (TX)","mw":10.0,"fuel":"solar"},"geometry":{"type":"Point","coordinates":[-96.1726,33.1662]}},{"type":"Feature","properties":{"name":"Lampwick","mw":7.5,"fuel":"solar"},"geometry":{"type":"Point","coordinates":[-99.5373,30.8722]}},{"type":"Feature","properties":{"name":"Yellow Jacket","mw":5.0,"fuel":"solar"},"geometry":{"type":"Point","coordinates":[-97.6537,31.9338]}},{"type":"Feature","properties":{"name":"Eddy II","mw":10.0,"fuel":"solar"},"geometry":{"type":"Point","coordinates":[-97.2607,31.2912]}},{"type":"Feature","properties":{"name":"Cascade Solar (TX)","mw":10.0,"fuel":"solar"},"geometry":{"type":"Point","coordinates":[-96.0234,29.2054]}},{"type":"Feature","properties":{"name":"Fort Bliss (DEA EPIC)","mw":2.0,"fuel":"solar"},"geometry":{"type":"Point","coordinates":[-106.3729,31.83]}},{"type":"Feature","properties":{"name":"Toyota HQ Plan","mw":5.9,"fuel":"solar"},"geometry":{"type":"Point","coordinates":[-96.8411,33.0842]}},{"type":"Feature","properties":{"name":"Phoebe Solar","mw":250.0,"fuel":"solar"},"geometry":{"type":"Point","coordinates":[-102.8683,31.8434]}},{"type":"Feature","properties":{"name":"Galloway 1 Solar Farm","mw":250.0,"fuel":"solar"},"geometry":{"type":"Point","coordinates":[-99.7966,31.4359]}},{"type":"Feature","properties":{"name":"Tahoka Wind","mw":300.0,"fuel":"wind"},"geometry":{"type":"Point","coordinates":[-101.6792,33.1509]}},{"type":"Feature","properties":{"name":"Holstein 1 Solar Farm","mw":200.0,"fuel":"solar"},"geometry":{"type":"Point","coordinates":[-100.1624,32.1041]}},{"type":"Feature","properties":{"name":"Victoria Port Power II LLC","mw":86.0,"fuel":"gas"},"geometry":{"type":"Point","coordinates":[-96.9461,28.6985]}},{"type":"Feature","properties":{"name":"Torrecillas Wind Energy, LLC","mw":300.0,"fuel":"wind"},"geometry":{"type":"Point","coordinates":[-98.7945,27.6144]}},{"type":"Feature","properties":{"name":"Blue Summit II Wind","mw":99.4,"fuel":"wind"},"geometry":{"type":"Point","coordinates":[-99.478,34.2259]}},{"type":"Feature","properties":{"name":"Santa Rita East","mw":302.4,"fuel":"wind"},"geometry":{"type":"Point","coordinates":[-101.1108,31.208]}},{"type":"Feature","properties":{"name":"Rambler","mw":200.0,"fuel":"solar"},"geometry":{"type":"Point","coordinates":[-100.6,31.517]}},{"type":"Feature","properties":{"name":"Amadeus Wind Farm","mw":250.0,"fuel":"wind"},"geometry":{"type":"Point","coordinates":[-100.5643,32.9674]}},{"type":"Feature","properties":{"name":"IKEA Live Oak Rooftop PV System","mw":1.7,"fuel":"solar"},"geometry":{"type":"Point","coordinates":[-98.25,29.48]}},{"type":"Feature","properties":{"name":"Reloj del Sol Wind Farm","mw":209.4,"fuel":"wind"},"geometry":{"type":"Point","coordinates":[-99.3884,27.0303]}},{"type":"Feature","properties":{"name":"Seymour Hills Wind Project, LLC","mw":30.2,"fuel":"wind"},"geometry":{"type":"Point","coordinates":[-99.1921,33.5782]}},{"type":"Feature","properties":{"name":"Misae Solar","mw":240.0,"fuel":"solar"},"geometry":{"type":"Point","coordinates":[-100.0996,34.3805]}},{"type":"Feature","properties":{"name":"Mesteno","mw":200.0,"fuel":"wind"},"geometry":{"type":"Point","coordinates":[-98.7455,26.5237]}},{"type":"Feature","properties":{"name":"Ranchero Wind Farm LLC","mw":300.0,"fuel":"wind"},"geometry":{"type":"Point","coordinates":[-101.453,30.5949]}},{"type":"Feature","properties":{"name":"Lockett Windfarm","mw":183.8,"fuel":"wind"},"geometry":{"type":"Point","coordinates":[-99.2647,34.0723]}},{"type":"Feature","properties":{"name":"Griffin Trail Wind","mw":225.6,"fuel":"wind"},"geometry":{"type":"Point","coordinates":[-99.5823,33.6093]}},{"type":"Feature","properties":{"name":"West of the Pecos Solar","mw":100.0,"fuel":"solar"},"geometry":{"type":"Point","coordinates":[-103.7289,31.4308]}},{"type":"Feature","properties":{"name":"Cranell Wind Farm LLC","mw":220.0,"fuel":"wind"},"geometry":{"type":"Point","coordinates":[-97.445,28.1978]}},{"type":"Feature","properties":{"name":"Peyton Creek Wind Farm LLC","mw":151.2,"fuel":"wind"},"geometry":{"type":"Point","coordinates":[-95.8631,28.8433]}},{"type":"Feature","properties":{"name":"Lapetus","mw":100.0,"fuel":"solar"},"geometry":{"type":"Point","coordinates":[-102.6728,32.4601]}},{"type":"Feature","properties":{"name":"Taygete Energy Project LLC","mw":255.0,"fuel":"solar"},"geometry":{"type":"Point","coordinates":[-103.1259,31.1652]}},{"type":"Feature","properties":{"name":"G.S.E. One LLC","mw":82.5,"fuel":"solar"},"geometry":{"type":"Point","coordinates":[-96.1465,33.5004]}},{"type":"Feature","properties":{"name":"SJRR Power LLC","mw":86.0,"fuel":"gas"},"geometry":{"type":"Point","coordinates":[-95.1115,29.8819]}},{"type":"Feature","properties":{"name":"Roadrunner, LLC Hybrid","mw":450.0,"fuel":"solar"},"geometry":{"type":"Point","coordinates":[-102.1922,31.2194]}},{"type":"Feature","properties":{"name":"High Lonesome Wind Power, LLC Hybrid","mw":550.5,"fuel":"wind"},"geometry":{"type":"Point","coordinates":[-101.8811,31.1717]}},{"type":"Feature","properties":{"name":"Blue Summit III Wind","mw":200.2,"fuel":"wind"},"geometry":{"type":"Point","coordinates":[-99.5634,34.1705]}},{"type":"Feature","properties":{"name":"Mesquite Star","mw":418.9,"fuel":"wind"},"geometry":{"type":"Point","coordinates":[-100.3203,32.256]}},{"type":"Feature","properties":{"name":"Commerce ESS","mw":10.0,"fuel":"storage"},"geometry":{"type":"Point","coordinates":[-98.6176,29.4344]}},{"type":"Feature","properties":{"name":"Commerce Solar","mw":5.0,"fuel":"solar"},"geometry":{"type":"Point","coordinates":[-98.6176,29.4344]}},{"type":"Feature","properties":{"name":"Hidalgo Wind Farm II","mw":50.4,"fuel":"wind"},"geometry":{"type":"Point","coordinates":[-98.4483,26.4929]}},{"type":"Feature","properties":{"name":"Sage Draw Wind","mw":338.4,"fuel":"wind"},"geometry":{"type":"Point","coordinates":[-101.6572,33.3035]}},{"type":"Feature","properties":{"name":"Jumbo Hill Wind Project","mw":160.7,"fuel":"wind"},"geometry":{"type":"Point","coordinates":[-102.949,32.386]}},{"type":"Feature","properties":{"name":"GE-Lubbock","mw":9.7,"fuel":"wind"},"geometry":{"type":"Point","coordinates":[-102.0569,33.5915]}},{"type":"Feature","properties":{"name":"Wildcat Creek Wind Farm LLC","mw":175.3,"fuel":"wind"},"geometry":{"type":"Point","coordinates":[-97.3296,33.5491]}},{"type":"Feature","properties":{"name":"Prospect Storage","mw":9.9,"fuel":"storage"},"geometry":{"type":"Point","coordinates":[-95.6511,29.1492]}},{"type":"Feature","properties":{"name":"Prospero Solar","mw":300.0,"fuel":"solar"},"geometry":{"type":"Point","coordinates":[-102.8404,32.2879]}},{"type":"Feature","properties":{"name":"NASA Johnson Space Center CHP","mw":10.6,"fuel":"gas"},"geometry":{"type":"Point","coordinates":[-95.0893,29.5624]}},{"type":"Feature","properties":{"name":"El Campo Wind","mw":242.8,"fuel":"wind"},"geometry":{"type":"Point","coordinates":[-99.7264,33.7322]}},{"type":"Feature","properties":{"name":"Coniglio Solar","mw":123.6,"fuel":"solar"},"geometry":{"type":"Point","coordinates":[-96.0825,33.4045]}},{"type":"Feature","properties":{"name":"BT Cooke Solar, LLC","mw":59.0,"fuel":"solar"},"geometry":{"type":"Point","coordinates":[-97.1798,33.5493]}},{"type":"Feature","properties":{"name":"Kellam Solar","mw":59.0,"fuel":"solar"},"geometry":{"type":"Point","coordinates":[-95.7156,32.4744]}},{"type":"Feature","properties":{"name":"Blackjack Creek Wind Farm","mw":239.6,"fuel":"wind"},"geometry":{"type":"Point","coordinates":[-97.5227,28.2078]}},{"type":"Feature","properties":{"name":"Greasewood Solar","mw":255.0,"fuel":"solar"},"geometry":{"type":"Point","coordinates":[-102.4882,31.031]}},{"type":"Feature","properties":{"name":"BMP Wind (TX)","mw":340.0,"fuel":"wind"},"geometry":{"type":"Point","coordinates":[-99.2916,32.2894]}},{"type":"Feature","properties":{"name":"Maryneal Windpower","mw":182.4,"fuel":"wind"},"geometry":{"type":"Point","coordinates":[-100.4919,32.1994]}},{"type":"Feature","properties":{"name":"ENGIE Long Draw Solar LLC","mw":225.0,"fuel":"solar"},"geometry":{"type":"Point","coordinates":[-101.6218,32.7414]}},{"type":"Feature","properties":{"name":"Maverick Creek Wind","mw":491.6,"fuel":"wind"},"geometry":{"type":"Point","coordinates":[-99.844,31.2625]}},{"type":"Feature","properties":{"name":"West Raymond Wind Farm LLC","mw":239.8,"fuel":"wind"},"geometry":{"type":"Point","coordinates":[-97.993,26.3767]}},{"type":"Feature","properties":{"name":"Raymond Wind Farm, LLC","mw":200.2,"fuel":"wind"},"geometry":{"type":"Point","coordinates":[-97.7804,26.3642]}},{"type":"Feature","properties":{"name":"Oberon IB","mw":30.0,"fuel":"solar"},"geometry":{"type":"Point","coordinates":[-102.6974,31.6924]}},{"type":"Feature","properties":{"name":"Oberon IA","mw":150.0,"fuel":"solar"},"geometry":{"type":"Point","coordinates":[-102.7012,31.7033]}},{"type":"Feature","properties":{"name":"Fighting Jays Solar Project","mw":227.5,"fuel":"solar"},"geometry":{"type":"Point","coordinates":[-95.7464,29.3584]}},{"type":"Feature","properties":{"name":"Griffin Solar","mw":5.0,"fuel":"solar"},"geometry":{"type":"Point","coordinates":[-97.1412,31.4741]}},{"type":"Feature","properties":{"name":"Mars Solar","mw":10.0,"fuel":"solar"},"geometry":{"type":"Point","coordinates":[-98.835,27.4216]}},{"type":"Feature","properties":{"name":"Canadian Breaks, LLC","mw":210.1,"fuel":"wind"},"geometry":{"type":"Point","coordinates":[-102.3155,35.2002]}},{"type":"Feature","properties":{"name":"Prairie Hill Wind Project","mw":300.0,"fuel":"wind"},"geometry":{"type":"Point","coordinates":[-96.9041,31.5499]}},{"type":"Feature","properties":{"name":"Las Lomas Wind Project","mw":201.6,"fuel":"wind"},"geometry":{"type":"Point","coordinates":[-99.0575,26.6984]}},{"type":"Feature","properties":{"name":"TPE Whitney Solar, LLC","mw":9.9,"fuel":"solar"},"geometry":{"type":"Point","coordinates":[-97.35,32.05]}},{"type":"Feature","properties":{"name":"Delilah Solar Energy LLC","mw":300.0,"fuel":"solar"},"geometry":{"type":"Point","coordinates":[-95.1636,33.2844]}},{"type":"Feature","properties":{"name":"Aviator Wind","mw":525.0,"fuel":"wind"},"geometry":{"type":"Point","coordinates":[-100.6973,31.7926]}},{"type":"Feature","properties":{"name":"Samson Solar Energy","mw":250.0,"fuel":"solar"},"geometry":{"type":"Point","coordinates":[-95.1934,33.251]}},{"type":"Feature","properties":{"name":"Impact Solar 1","mw":198.5,"fuel":"solar"},"geometry":{"type":"Point","coordinates":[-95.3709,33.4678]}},{"type":"Feature","properties":{"name":"Brightside","mw":50.7,"fuel":"solar"},"geometry":{"type":"Point","coordinates":[-97.8896,28.431]}},{"type":"Feature","properties":{"name":"Emerald Grove","mw":108.0,"fuel":"solar"},"geometry":{"type":"Point","coordinates":[-102.3596,31.0933]}},{"type":"Feature","properties":{"name":"2W Permian Solar Project Hybrid","mw":460.0,"fuel":"solar"},"geometry":{"type":"Point","coordinates":[-102.5283,32.1164]}},{"type":"Feature","properties":{"name":"Wagyu","mw":120.0,"fuel":"solar"},"geometry":{"type":"Point","coordinates":[-95.6581,29.2423]}},{"type":"Feature","properties":{"name":"Titan Solar Project","mw":260.0,"fuel":"solar"},"geometry":{"type":"Point","coordinates":[-104.4581,31.7004]}},{"type":"Feature","properties":{"name":"Juno Solar Project","mw":305.6,"fuel":"solar"},"geometry":{"type":"Point","coordinates":[-101.391,32.7729]}},{"type":"Feature","properties":{"name":"Aragorn Solar Project","mw":180.0,"fuel":"solar"},"geometry":{"type":"Point","coordinates":[-104.4423,31.72]}},{"type":"Feature","properties":{"name":"HO Clarke Generating","mw":356.0,"fuel":"gas"},"geometry":{"type":"Point","coordinates":[-95.4517,29.6454]}},{"type":"Feature","properties":{"name":"Galloway 2 Solar Farm","mw":110.0,"fuel":"solar"},"geometry":{"type":"Point","coordinates":[-99.903,31.4462]}},{"type":"Feature","properties":{"name":"Bluebell Solar II","mw":115.0,"fuel":"solar"},"geometry":{"type":"Point","coordinates":[-100.825,31.888]}},{"type":"Feature","properties":{"name":"Oxy Renewable Energy - Goldsmith","mw":16.8,"fuel":"solar"},"geometry":{"type":"Point","coordinates":[-102.6337,32.0015]}},{"type":"Feature","properties":{"name":"Crane Solar Project","mw":150.0,"fuel":"solar"},"geometry":{"type":"Point","coordinates":[-102.3117,31.2544]}},{"type":"Feature","properties":{"name":"La Chalupa, LLC","mw":198.5,"fuel":"wind"},"geometry":{"type":"Point","coordinates":[-97.5118,26.2499]}},{"type":"Feature","properties":{"name":"Coyote Wind LLC","mw":242.5,"fuel":"wind"},"geometry":{"type":"Point","coordinates":[-100.8665,32.8488]}},{"type":"Feature","properties":{"name":"Topaz Generating","mw":445.0,"fuel":"gas"},"geometry":{"type":"Point","coordinates":[-94.9767,29.4264]}},{"type":"Feature","properties":{"name":"Chisholm Grid Energy Storage System","mw":100.0,"fuel":"storage"},"geometry":{"type":"Point","coordinates":[-97.3861,32.9044]}},{"type":"Feature","properties":{"name":"Helena Wind","mw":268.2,"fuel":"wind"},"geometry":{"type":"Point","coordinates":[-97.9376,28.622]}},{"type":"Feature","properties":{"name":"Las Majadas Wind Farm","mw":272.6,"fuel":"wind"},"geometry":{"type":"Point","coordinates":[-97.5453,26.3648]}},{"type":"Feature","properties":{"name":"Madero Grid","mw":100.0,"fuel":"storage"},"geometry":{"type":"Point","coordinates":[-98.3298,26.1698]}},{"type":"Feature","properties":{"name":"Elm Branch Solar 1","mw":134.7,"fuel":"solar"},"geometry":{"type":"Point","coordinates":[-96.7061,32.2326]}},{"type":"Feature","properties":{"name":"Briar Creek Solar 1","mw":127.0,"fuel":"solar"},"geometry":{"type":"Point","coordinates":[-96.5851,32.0675]}},{"type":"Feature","properties":{"name":"Ellis Solar LLC","mw":80.0,"fuel":"solar"},"geometry":{"type":"Point","coordinates":[-97.0543,32.4672]}},{"type":"Feature","properties":{"name":"Sparta Solar","mw":250.0,"fuel":"solar"},"geometry":{"type":"Point","coordinates":[-98.0014,28.6553]}},{"type":"Feature","properties":{"name":"Samson Solar Energy III LLC","mw":250.0,"fuel":"solar"},"geometry":{"type":"Point","coordinates":[-95.3574,33.4265]}},{"type":"Feature","properties":{"name":"Lily Solar Hybrid","mw":196.0,"fuel":"solar"},"geometry":{"type":"Point","coordinates":[-96.429,32.5333]}},{"type":"Feature","properties":{"name":"Azure Sky Solar","mw":316.2,"fuel":"solar"},"geometry":{"type":"Point","coordinates":[-99.6146,33.0216]}},{"type":"Feature","properties":{"name":"Fort Bend Solar LLC","mw":240.0,"fuel":"solar"},"geometry":{"type":"Point","coordinates":[-95.9804,29.5603]}},{"type":"Feature","properties":{"name":"ANSON Solar Center, LLC","mw":200.0,"fuel":"solar"},"geometry":{"type":"Point","coordinates":[-99.9175,32.811]}},{"type":"Feature","properties":{"name":"Taygete II Energy Project","mw":203.8,"fuel":"solar"},"geometry":{"type":"Point","coordinates":[-103.128,31.186]}},{"type":"Feature","properties":{"name":"CatanSolar","mw":10.0,"fuel":"solar"},"geometry":{"type":"Point","coordinates":[-97.6969,28.8716]}},{"type":"Feature","properties":{"name":"Ignacio Grid Energy Storage System","mw":100.0,"fuel":"storage"},"geometry":{"type":"Point","coordinates":[-98.325,26.1669]}},{"type":"Feature","properties":{"name":"Old 300 Solar Center, LLC","mw":430.0,"fuel":"solar"},"geometry":{"type":"Point","coordinates":[-95.8254,29.3335]}},{"type":"Feature","properties":{"name":"Western Trail Wind, LLC","mw":366.6,"fuel":"wind"},"geometry":{"type":"Point","coordinates":[-99.0651,33.8524]}},{"type":"Feature","properties":{"name":"Azure Sky Wind Project, LLC Hybrid","mw":470.2,"fuel":"storage"},"geometry":{"type":"Point","coordinates":[-99.266,33.1691]}},{"type":"Feature","properties":{"name":"Priddy Wind Project","mw":302.4,"fuel":"wind"},"geometry":{"type":"Point","coordinates":[-98.4949,31.5481]}},{"type":"Feature","properties":{"name":"Elara Solar","mw":130.0,"fuel":"solar"},"geometry":{"type":"Point","coordinates":[-99.1786,28.8832]}},{"type":"Feature","properties":{"name":"Alexis Solar, LLC","mw":9.5,"fuel":"solar"},"geometry":{"type":"Point","coordinates":[-98.2333,26.8891]}},{"type":"Feature","properties":{"name":"Hecate Energy Frye Solar LLC","mw":500.0,"fuel":"solar"},"geometry":{"type":"Point","coordinates":[-101.5966,34.4067]}},{"type":"Feature","properties":{"name":"AP Sunray LLC","mw":203.5,"fuel":"solar"},"geometry":{"type":"Point","coordinates":[-99.6124,29.2918]}},{"type":"Feature","properties":{"name":"BPL Crown Solar LLC","mw":100.0,"fuel":"solar"},"geometry":{"type":"Point","coordinates":[-97.0828,31.3467]}},{"type":"Feature","properties":{"name":"BPL Sol Solar LLC","mw":100.0,"fuel":"solar"},"geometry":{"type":"Point","coordinates":[-97.0828,31.3467]}},{"type":"Feature","properties":{"name":"Alvin","mw":9.9,"fuel":"storage"},"geometry":{"type":"Point","coordinates":[-95.2494,29.4332]}},{"type":"Feature","properties":{"name":"Odessa","mw":9.9,"fuel":"storage"},"geometry":{"type":"Point","coordinates":[-102.3984,31.8713]}},{"type":"Feature","properties":{"name":"Angleton","mw":9.9,"fuel":"storage"},"geometry":{"type":"Point","coordinates":[-95.4406,29.1671]}},{"type":"Feature","properties":{"name":"Brazoria","mw":9.9,"fuel":"storage"},"geometry":{"type":"Point","coordinates":[-95.5776,29.0626]}},{"type":"Feature","properties":{"name":"Heights","mw":9.9,"fuel":"storage"},"geometry":{"type":"Point","coordinates":[-94.9499,29.3896]}},{"type":"Feature","properties":{"name":"Magnolia TX","mw":9.9,"fuel":"storage"},"geometry":{"type":"Point","coordinates":[-95.1339,29.4883]}},{"type":"Feature","properties":{"name":"Bat Cave","mw":100.0,"fuel":"storage"},"geometry":{"type":"Point","coordinates":[-99.2318,30.7377]}},{"type":"Feature","properties":{"name":"Dickinson","mw":9.9,"fuel":"storage"},"geometry":{"type":"Point","coordinates":[-95.057,29.4613]}},{"type":"Feature","properties":{"name":"Loop 463","mw":9.9,"fuel":"storage"},"geometry":{"type":"Point","coordinates":[-97.0749,28.8165]}},{"type":"Feature","properties":{"name":"Lopeno","mw":9.9,"fuel":"storage"},"geometry":{"type":"Point","coordinates":[-99.1094,26.6876]}},{"type":"Feature","properties":{"name":"North Fork TX","mw":100.0,"fuel":"storage"},"geometry":{"type":"Point","coordinates":[-97.8757,30.749]}},{"type":"Feature","properties":{"name":"Pueblo BA","mw":19.8,"fuel":"storage"},"geometry":{"type":"Point","coordinates":[-100.4637,28.6789]}},{"type":"Feature","properties":{"name":"Ranchtown","mw":9.9,"fuel":"storage"},"geometry":{"type":"Point","coordinates":[-98.7359,29.6179]}},{"type":"Feature","properties":{"name":"Sweeny","mw":9.9,"fuel":"storage"},"geometry":{"type":"Point","coordinates":[-95.6872,29.0556]}},{"type":"Feature","properties":{"name":"Zapata","mw":19.8,"fuel":"storage"},"geometry":{"type":"Point","coordinates":[-99.2337,26.9327]}},{"type":"Feature","properties":{"name":"Prospero Solar II","mw":250.0,"fuel":"solar"},"geometry":{"type":"Point","coordinates":[-102.8448,32.2758]}},{"type":"Feature","properties":{"name":"Mockingbird Solar Center","mw":471.0,"fuel":"solar"},"geometry":{"type":"Point","coordinates":[-95.4252,33.3917]}},{"type":"Feature","properties":{"name":"Braes Bayou Plant","mw":356.0,"fuel":"gas"},"geometry":{"type":"Point","coordinates":[-95.6203,29.4803]}},{"type":"Feature","properties":{"name":"Niagara Bottling - Seguin","mw":4.9,"fuel":"solar"},"geometry":{"type":"Point","coordinates":[-97.9772,29.5891]}},{"type":"Feature","properties":{"name":"TX7 Flat Top","mw":9.9,"fuel":"storage"},"geometry":{"type":"Point","coordinates":[-103.3607,31.1979]}},{"type":"Feature","properties":{"name":"TX8 Worsham","mw":9.9,"fuel":"storage"},"geometry":{"type":"Point","coordinates":[-103.3364,31.3566]}},{"type":"Feature","properties":{"name":"TX2 Port Lavaca","mw":9.9,"fuel":"storage"},"geometry":{"type":"Point","coordinates":[-96.6838,28.5867]}},{"type":"Feature","properties":{"name":"Brazoria West","mw":200.0,"fuel":"solar"},"geometry":{"type":"Point","coordinates":[-95.663,29.191]}},{"type":"Feature","properties":{"name":"Gambit Energy Storage - Angleton Storage","mw":100.0,"fuel":"storage"},"geometry":{"type":"Point","coordinates":[-95.4451,29.168]}},{"type":"Feature","properties":{"name":"Corazon Energy LLC","mw":200.0,"fuel":"solar"},"geometry":{"type":"Point","coordinates":[-99.2583,27.6347]}},{"type":"Feature","properties":{"name":"Ranchland Wind Project II","mw":148.0,"fuel":"wind"},"geometry":{"type":"Point","coordinates":[-99.1642,32.3085]}},{"type":"Feature","properties":{"name":"Ranchland Wind Storage","mw":73.0,"fuel":"storage"},"geometry":{"type":"Point","coordinates":[-99.1642,32.3085]}},{"type":"Feature","properties":{"name":"Ranchland Wind Project I","mw":114.9,"fuel":"wind"},"geometry":{"type":"Point","coordinates":[-99.1645,32.3085]}},{"type":"Feature","properties":{"name":"El Algodon Alto Wind Farm, LLC","mw":200.2,"fuel":"wind"},"geometry":{"type":"Point","coordinates":[-97.744,27.9927]}},{"type":"Feature","properties":{"name":"TG East","mw":336.0,"fuel":"wind"},"geometry":{"type":"Point","coordinates":[-99.6655,33.7463]}},{"type":"Feature","properties":{"name":"Great Prairie Wind","mw":1027.0,"fuel":"wind"},"geometry":{"type":"Point","coordinates":[-101.5322,36.3075]}},{"type":"Feature","properties":{"name":"Blue Jay Solar I, LLC","mw":51.6,"fuel":"storage"},"geometry":{"type":"Point","coordinates":[-96.0698,30.7053]}},{"type":"Feature","properties":{"name":"White Mesa Wind","mw":500.6,"fuel":"wind"},"geometry":{"type":"Point","coordinates":[-101.263,30.91]}},{"type":"Feature","properties":{"name":"WAL194","mw":1.2,"fuel":"gas"},"geometry":{"type":"Point","coordinates":[-94.9745,29.7763]}},{"type":"Feature","properties":{"name":"WAL202","mw":1.3,"fuel":"other"},"geometry":{"type":"Point","coordinates":[-96.8007,33.1004]}},{"type":"Feature","properties":{"name":"WAL266","mw":1.2,"fuel":"gas"},"geometry":{"type":"Point","coordinates":[-97.082,32.922]}},{"type":"Feature","properties":{"name":"WAL284","mw":1.2,"fuel":"gas"},"geometry":{"type":"Point","coordinates":[-97.13,32.5762]}},{"type":"Feature","properties":{"name":"WAL407","mw":1.2,"fuel":"gas"},"geometry":{"type":"Point","coordinates":[-97.7293,31.0897]}},{"type":"Feature","properties":{"name":"WAL414","mw":1.2,"fuel":"gas"},"geometry":{"type":"Point","coordinates":[-98.499,33.857]}},{"type":"Feature","properties":{"name":"WAL447","mw":1.2,"fuel":"gas"},"geometry":{"type":"Point","coordinates":[-100.9011,29.3958]}},{"type":"Feature","properties":{"name":"WAL452","mw":1.2,"fuel":"gas"},"geometry":{"type":"Point","coordinates":[-98.2451,26.2439]}},{"type":"Feature","properties":{"name":"WAL456","mw":1.2,"fuel":"gas"},"geometry":{"type":"Point","coordinates":[-97.5194,25.9761]}},{"type":"Feature","properties":{"name":"WAL461","mw":1.2,"fuel":"gas"},"geometry":{"type":"Point","coordinates":[-100.4827,28.702]}},{"type":"Feature","properties":{"name":"WAL462","mw":1.3,"fuel":"gas"},"geometry":{"type":"Point","coordinates":[-95.2308,29.4218]}},{"type":"Feature","properties":{"name":"WAL504","mw":1.2,"fuel":"gas"},"geometry":{"type":"Point","coordinates":[-94.8329,29.2651]}},{"type":"Feature","properties":{"name":"WAL522","mw":1.2,"fuel":"gas"},"geometry":{"type":"Point","coordinates":[-95.065,29.8945]}},{"type":"Feature","properties":{"name":"WAL529","mw":1.3,"fuel":"gas"},"geometry":{"type":"Point","coordinates":[-95.0005,29.3723]}},{"type":"Feature","properties":{"name":"WAL536","mw":1.2,"fuel":"gas"},"geometry":{"type":"Point","coordinates":[-99.698,32.4808]}},{"type":"Feature","properties":{"name":"WAL537","mw":1.2,"fuel":"gas"},"geometry":{"type":"Point","coordinates":[-102.3325,31.8957]}},{"type":"Feature","properties":{"name":"WAL546","mw":1.2,"fuel":"gas"},"geometry":{"type":"Point","coordinates":[-95.7613,29.5581]}},{"type":"Feature","properties":{"name":"WAL565","mw":1.2,"fuel":"gas"},"geometry":{"type":"Point","coordinates":[-96.4038,32.1011]}},{"type":"Feature","properties":{"name":"WAL602","mw":1.2,"fuel":"gas"},"geometry":{"type":"Point","coordinates":[-95.4577,30.1242]}},{"type":"Feature","properties":{"name":"WAL744","mw":1.2,"fuel":"gas"},"geometry":{"type":"Point","coordinates":[-95.1765,29.9956]}},{"type":"Feature","properties":{"name":"WAL752","mw":1.2,"fuel":"gas"},"geometry":{"type":"Point","coordinates":[-95.1614,29.6466]}},{"type":"Feature","properties":{"name":"WAL768","mw":1.2,"fuel":"gas"},"geometry":{"type":"Point","coordinates":[-95.7222,29.7891]}},{"type":"Feature","properties":{"name":"WAL772","mw":1.2,"fuel":"gas"},"geometry":{"type":"Point","coordinates":[-95.6462,29.7211]}},{"type":"Feature","properties":{"name":"WAL791","mw":1.2,"fuel":"gas"},"geometry":{"type":"Point","coordinates":[-98.0432,27.7693]}},{"type":"Feature","properties":{"name":"WAL849","mw":1.2,"fuel":"gas"},"geometry":{"type":"Point","coordinates":[-95.4295,30.0648]}},{"type":"Feature","properties":{"name":"WAL872","mw":1.2,"fuel":"gas"},"geometry":{"type":"Point","coordinates":[-95.2839,29.5732]}},{"type":"Feature","properties":{"name":"WAL896","mw":1.2,"fuel":"gas"},"geometry":{"type":"Point","coordinates":[-97.0362,32.6735]}},{"type":"Feature","properties":{"name":"WAL897","mw":1.3,"fuel":"gas"},"geometry":{"type":"Point","coordinates":[-102.9072,30.8965]}},{"type":"Feature","properties":{"name":"WAL940","mw":1.2,"fuel":"gas"},"geometry":{"type":"Point","coordinates":[-97.4338,32.755]}},{"type":"Feature","properties":{"name":"WAL947","mw":1.2,"fuel":"gas"},"geometry":{"type":"Point","coordinates":[-96.6121,33.6732]}},{"type":"Feature","properties":{"name":"Upton County BESS","mw":24.8,"fuel":"storage"},"geometry":{"type":"Point","coordinates":[-102.3217,31.2392]}},{"type":"Feature","properties":{"name":"WAL972","mw":1.2,"fuel":"gas"},"geometry":{"type":"Point","coordinates":[-97.4247,32.8118]}},{"type":"Feature","properties":{"name":"WAL1040","mw":1.2,"fuel":"gas"},"geometry":{"type":"Point","coordinates":[-95.6515,29.8776]}},{"type":"Feature","properties":{"name":"WAL1062","mw":1.2,"fuel":"gas"},"geometry":{"type":"Point","coordinates":[-95.1591,29.552]}},{"type":"Feature","properties":{"name":"WAL1103","mw":1.2,"fuel":"gas"},"geometry":{"type":"Point","coordinates":[-95.4862,29.9982]}},{"type":"Feature","properties":{"name":"WAL1232","mw":1.2,"fuel":"gas"},"geometry":{"type":"Point","coordinates":[-97.4578,31.0808]}},{"type":"Feature","properties":{"name":"FELPS 1 - Calaveras","mw":1.0,"fuel":"solar"},"geometry":{"type":"Point","coordinates":[-98.2509,29.2204]}},{"type":"Feature","properties":{"name":"FELPS 2 - Calaveras","mw":1.0,"fuel":"solar"},"geometry":{"type":"Point","coordinates":[-98.2517,29.2209]}},{"type":"Feature","properties":{"name":"FELPS 3 - Floresville South","mw":1.0,"fuel":"solar"},"geometry":{"type":"Point","coordinates":[-98.1063,29.1292]}},{"type":"Feature","properties":{"name":"FELPS 4 - Floresville South","mw":1.0,"fuel":"solar"},"geometry":{"type":"Point","coordinates":[-98.107,29.1287]}},{"type":"Feature","properties":{"name":"FELPS 5- Floresville South","mw":1.0,"fuel":"solar"},"geometry":{"type":"Point","coordinates":[-98.1073,29.1282]}},{"type":"Feature","properties":{"name":"FELPS 6- Floresville West","mw":1.0,"fuel":"solar"},"geometry":{"type":"Point","coordinates":[-98.1934,29.134]}},{"type":"Feature","properties":{"name":"FELPS 7- Floresville West","mw":1.0,"fuel":"solar"},"geometry":{"type":"Point","coordinates":[-98.1928,29.1336]}},{"type":"Feature","properties":{"name":"WAL1272","mw":1.2,"fuel":"gas"},"geometry":{"type":"Point","coordinates":[-100.9179,32.691]}},{"type":"Feature","properties":{"name":"IP Radian, LLC","mw":320.0,"fuel":"solar"},"geometry":{"type":"Point","coordinates":[-99.1872,31.5481]}},{"type":"Feature","properties":{"name":"WAL1455","mw":1.2,"fuel":"gas"},"geometry":{"type":"Point","coordinates":[-97.1693,32.7645]}},{"type":"Feature","properties":{"name":"WAL1801","mw":1.2,"fuel":"gas"},"geometry":{"type":"Point","coordinates":[-97.1318,32.6687]}},{"type":"Feature","properties":{"name":"WAL2257","mw":1.2,"fuel":"gas"},"geometry":{"type":"Point","coordinates":[-95.5091,29.8538]}},{"type":"Feature","properties":{"name":"WAL2439","mw":1.2,"fuel":"gas"},"geometry":{"type":"Point","coordinates":[-94.9005,29.8175]}},{"type":"Feature","properties":{"name":"WAL2667","mw":1.2,"fuel":"gas"},"geometry":{"type":"Point","coordinates":[-96.6895,32.7938]}},{"type":"Feature","properties":{"name":"WAL2724","mw":1.2,"fuel":"gas"},"geometry":{"type":"Point","coordinates":[-95.2104,29.6934]}},{"type":"Feature","properties":{"name":"WAL2883","mw":1.2,"fuel":"gas"},"geometry":{"type":"Point","coordinates":[-96.7986,33.0971]}},{"type":"Feature","properties":{"name":"WAL2980","mw":1.2,"fuel":"gas"},"geometry":{"type":"Point","coordinates":[-97.2865,32.8952]}},{"type":"Feature","properties":{"name":"WAL2993","mw":1.2,"fuel":"gas"},"geometry":{"type":"Point","coordinates":[-95.6446,29.6136]}},{"type":"Feature","properties":{"name":"TPE Erath Solar, LLC","mw":9.9,"fuel":"solar"},"geometry":{"type":"Point","coordinates":[-98.2075,32.2625]}},{"type":"Feature","properties":{"name":"WAL3224","mw":1.2,"fuel":"gas"},"geometry":{"type":"Point","coordinates":[-96.598,32.8422]}},{"type":"Feature","properties":{"name":"WAL3226","mw":1.2,"fuel":"gas"},"geometry":{"type":"Point","coordinates":[-95.8041,29.784]}},{"type":"Feature","properties":{"name":"WAL3284","mw":1.2,"fuel":"gas"},"geometry":{"type":"Point","coordinates":[-97.2093,32.6667]}},{"type":"Feature","properties":{"name":"WAL3285","mw":1.2,"fuel":"gas"},"geometry":{"type":"Point","coordinates":[-96.9469,32.5973]}},{"type":"Feature","properties":{"name":"WAL3297","mw":1.2,"fuel":"gas"},"geometry":{"type":"Point","coordinates":[-95.6026,29.9206]}},{"type":"Feature","properties":{"name":"WAL3298","mw":1.2,"fuel":"gas"},"geometry":{"type":"Point","coordinates":[-95.0188,29.5352]}},{"type":"Feature","properties":{"name":"WAL3302","mw":1.2,"fuel":"gas"},"geometry":{"type":"Point","coordinates":[-95.5614,29.6794]}},{"type":"Feature","properties":{"name":"WAL3320","mw":1.2,"fuel":"gas"},"geometry":{"type":"Point","coordinates":[-98.3159,26.2607]}},{"type":"Feature","properties":{"name":"WAL3390","mw":1.2,"fuel":"gas"},"geometry":{"type":"Point","coordinates":[-95.5895,30.1903]}},{"type":"Feature","properties":{"name":"Flower Valley I","mw":9.9,"fuel":"storage"},"geometry":{"type":"Point","coordinates":[-103.3618,31.1973]}},{"type":"Feature","properties":{"name":"Swoose I","mw":9.9,"fuel":"storage"},"geometry":{"type":"Point","coordinates":[-103.0962,31.4511]}},{"type":"Feature","properties":{"name":"Triple Butte I","mw":7.5,"fuel":"storage"},"geometry":{"type":"Point","coordinates":[-103.0679,30.7596]}},{"type":"Feature","properties":{"name":"WAL3406","mw":1.2,"fuel":"gas"},"geometry":{"type":"Point","coordinates":[-96.8166,32.959]}},{"type":"Feature","properties":{"name":"WAL3425","mw":1.2,"fuel":"gas"},"geometry":{"type":"Point","coordinates":[-95.2374,29.6304]}},{"type":"Feature","properties":{"name":"WAL3432","mw":1.2,"fuel":"gas"},"geometry":{"type":"Point","coordinates":[-96.8798,32.5929]}},{"type":"Feature","properties":{"name":"WAL3500","mw":1.2,"fuel":"gas"},"geometry":{"type":"Point","coordinates":[-95.1652,29.806]}},{"type":"Feature","properties":{"name":"WAL3510","mw":1.3,"fuel":"gas"},"geometry":{"type":"Point","coordinates":[-95.2359,29.546]}},{"type":"Feature","properties":{"name":"Aktina Solar","mw":500.0,"fuel":"solar"},"geometry":{"type":"Point","coordinates":[-96.276,29.122]}},{"type":"Feature","properties":{"name":"WAL3518","mw":1.2,"fuel":"gas"},"geometry":{"type":"Point","coordinates":[-99.4718,27.6126]}},{"type":"Feature","properties":{"name":"WAL3572","mw":1.3,"fuel":"gas"},"geometry":{"type":"Point","coordinates":[-95.3829,29.5576]}},{"type":"Feature","properties":{"name":"WAL3584","mw":1.2,"fuel":"gas"},"geometry":{"type":"Point","coordinates":[-95.4654,29.7235]}},{"type":"Feature","properties":{"name":"WAL3631","mw":1.2,"fuel":"gas"},"geometry":{"type":"Point","coordinates":[-97.3385,32.5766]}},{"type":"Feature","properties":{"name":"WAL3773","mw":1.2,"fuel":"gas"},"geometry":{"type":"Point","coordinates":[-97.4838,32.7653]}},{"type":"Feature","properties":{"name":"WAL3777","mw":1.3,"fuel":"other"},"geometry":{"type":"Point","coordinates":[-96.884,33.1797]}},{"type":"Feature","properties":{"name":"WAL3827","mw":1.2,"fuel":"gas"},"geometry":{"type":"Point","coordinates":[-95.7746,29.6901]}},{"type":"Feature","properties":{"name":"WAL3886","mw":1.2,"fuel":"gas"},"geometry":{"type":"Point","coordinates":[-98.2046,26.2677]}},{"type":"Feature","properties":{"name":"WAL4298","mw":1.2,"fuel":"gas"},"geometry":{"type":"Point","coordinates":[-95.2526,29.9363]}},{"type":"Feature","properties":{"name":"WAL4509","mw":1.2,"fuel":"gas"},"geometry":{"type":"Point","coordinates":[-97.4677,32.6778]}},{"type":"Feature","properties":{"name":"WAL4512","mw":1.2,"fuel":"gas"},"geometry":{"type":"Point","coordinates":[-95.768,29.8182]}},{"type":"Feature","properties":{"name":"WAL4526","mw":1.2,"fuel":"gas"},"geometry":{"type":"Point","coordinates":[-95.3773,29.8298]}},{"type":"Feature","properties":{"name":"WAL4538","mw":1.2,"fuel":"gas"},"geometry":{"type":"Point","coordinates":[-95.7204,29.8037]}},{"type":"Feature","properties":{"name":"WAL5045","mw":1.2,"fuel":"gas"},"geometry":{"type":"Point","coordinates":[-95.595,30.0143]}},{"type":"Feature","properties":{"name":"WAL5080","mw":1.2,"fuel":"gas"},"geometry":{"type":"Point","coordinates":[-97.184,32.8479]}},{"type":"Feature","properties":{"name":"WAL5091","mw":1.2,"fuel":"gas"},"geometry":{"type":"Point","coordinates":[-95.6973,29.976]}},{"type":"Feature","properties":{"name":"WAL5116","mw":1.2,"fuel":"gas"},"geometry":{"type":"Point","coordinates":[-95.0983,29.6643]}},{"type":"Feature","properties":{"name":"WAL5165","mw":1.2,"fuel":"gas"},"geometry":{"type":"Point","coordinates":[-98.1283,26.1918]}},{"type":"Feature","properties":{"name":"WAL5211","mw":1.3,"fuel":"other"},"geometry":{"type":"Point","coordinates":[-96.6827,33.1563]}},{"type":"Feature","properties":{"name":"WAL5287","mw":1.2,"fuel":"gas"},"geometry":{"type":"Point","coordinates":[-95.5128,30.0773]}},{"type":"Feature","properties":{"name":"WAL5311","mw":1.3,"fuel":"other"},"geometry":{"type":"Point","coordinates":[-96.7357,33.2168]}},{"type":"Feature","properties":{"name":"WAL5312","mw":1.2,"fuel":"gas"},"geometry":{"type":"Point","coordinates":[-97.2918,32.7746]}},{"type":"Feature","properties":{"name":"WAL5316","mw":1.2,"fuel":"gas"},"geometry":{"type":"Point","coordinates":[-97.3876,32.8821]}},{"type":"Feature","properties":{"name":"WAL5388","mw":1.3,"fuel":"gas"},"geometry":{"type":"Point","coordinates":[-95.0896,29.4702]}},{"type":"Feature","properties":{"name":"WAL5479","mw":1.2,"fuel":"gas"},"geometry":{"type":"Point","coordinates":[-97.606,30.4531]}},{"type":"Feature","properties":{"name":"WAL5480","mw":1.2,"fuel":"gas"},"geometry":{"type":"Point","coordinates":[-97.612,30.5337]}},{"type":"Feature","properties":{"name":"WAL5612","mw":1.2,"fuel":"gas"},"geometry":{"type":"Point","coordinates":[-95.313,29.7161]}},{"type":"Feature","properties":{"name":"WAL5713","mw":1.2,"fuel":"gas"},"geometry":{"type":"Point","coordinates":[-99.4622,27.6106]}},{"type":"Feature","properties":{"name":"WAL5764","mw":1.2,"fuel":"gas"},"geometry":{"type":"Point","coordinates":[-97.412,32.9673]}},{"type":"Feature","properties":{"name":"WAL6929","mw":1.2,"fuel":"gas"},"geometry":{"type":"Point","coordinates":[-97.4144,31.115]}},{"type":"Feature","properties":{"name":"HEB00292","mw":1.2,"fuel":"gas"},"geometry":{"type":"Point","coordinates":[-95.9585,28.9825]}},{"type":"Feature","properties":{"name":"Roseland Solar Project, LLC","mw":51.8,"fuel":"storage"},"geometry":{"type":"Point","coordinates":[-96.8249,31.4612]}},{"type":"Feature","properties":{"name":"Bernard Creek Solar","mw":230.0,"fuel":"solar"},"geometry":{"type":"Point","coordinates":[-96.0883,29.4553]}},{"type":"Feature","properties":{"name":"Hubbard Wind","mw":300.0,"fuel":"wind"},"geometry":{"type":"Point","coordinates":[-96.8282,31.7747]}},{"type":"Feature","properties":{"name":"Austin TX GigaFactory","mw":1.9,"fuel":"solar"},"geometry":{"type":"Point","coordinates":[-97.6197,30.2202]}},{"type":"Feature","properties":{"name":"Lacy Creek Wind Energy Center","mw":301.3,"fuel":"wind"},"geometry":{"type":"Point","coordinates":[-101.2989,31.7299]}},{"type":"Feature","properties":{"name":"Byrd Ranch Storage","mw":50.0,"fuel":"storage"},"geometry":{"type":"Point","coordinates":[-95.686,29.056]}},{"type":"Feature","properties":{"name":"HEB00020","mw":1.2,"fuel":"gas"},"geometry":{"type":"Point","coordinates":[-95.7444,29.9925]}},{"type":"Feature","properties":{"name":"HEB00028","mw":1.2,"fuel":"gas"},"geometry":{"type":"Point","coordinates":[-95.0953,29.4661]}},{"type":"Feature","properties":{"name":"HEB00038","mw":1.2,"fuel":"gas"},"geometry":{"type":"Point","coordinates":[-98.1647,26.2026]}},{"type":"Feature","properties":{"name":"HEB00054","mw":1.2,"fuel":"gas"},"geometry":{"type":"Point","coordinates":[-95.2502,29.6017]}},{"type":"Feature","properties":{"name":"HEB00057","mw":1.2,"fuel":"gas"},"geometry":{"type":"Point","coordinates":[-97.2806,27.6651]}},{"type":"Feature","properties":{"name":"HEB00070","mw":1.2,"fuel":"gas"},"geometry":{"type":"Point","coordinates":[-99.7583,32.4333]}},{"type":"Feature","properties":{"name":"HEB00099","mw":1.2,"fuel":"gas"},"geometry":{"type":"Point","coordinates":[-95.5766,29.9953]}},{"type":"Feature","properties":{"name":"HEB00109","mw":1.2,"fuel":"gas"},"geometry":{"type":"Point","coordinates":[-95.5394,29.7862]}},{"type":"Feature","properties":{"name":"HEB00110","mw":1.2,"fuel":"gas"},"geometry":{"type":"Point","coordinates":[-95.5363,29.5366]}},{"type":"Feature","properties":{"name":"Noble Solar","mw":400.0,"fuel":"solar"},"geometry":{"type":"Point","coordinates":[-97.2381,33.2615]}},{"type":"Feature","properties":{"name":"HEB00182","mw":1.2,"fuel":"gas"},"geometry":{"type":"Point","coordinates":[-97.3709,31.0721]}},{"type":"Feature","properties":{"name":"Sun Valley Solar Project","mw":250.0,"fuel":"solar"},"geometry":{"type":"Point","coordinates":[-97.015,31.8698]}},{"type":"Feature","properties":{"name":"Limestone Wind Project","mw":299.2,"fuel":"wind"},"geometry":{"type":"Point","coordinates":[-96.6245,31.8535]}},{"type":"Feature","properties":{"name":"Horizon Solar","mw":200.0,"fuel":"solar"},"geometry":{"type":"Point","coordinates":[-99.1077,28.9377]}},{"type":"Feature","properties":{"name":"Shakes Solar","mw":200.0,"fuel":"solar"},"geometry":{"type":"Point","coordinates":[-99.7558,28.4421]}},{"type":"Feature","properties":{"name":"Appaloosa Run Wind","mw":171.8,"fuel":"wind"},"geometry":{"type":"Point","coordinates":[-101.8316,31.1573]}},{"type":"Feature","properties":{"name":"Mark One Power Station","mw":356.8,"fuel":"gas"},"geometry":{"type":"Point","coordinates":[-95.4308,29.2271]}},{"type":"Feature","properties":{"name":"Brotman Power Station","mw":356.8,"fuel":"gas"},"geometry":{"type":"Point","coordinates":[-95.4351,29.3641]}},{"type":"Feature","properties":{"name":"Cunningham Storage","mw":190.0,"fuel":"storage"},"geometry":{"type":"Point","coordinates":[-96.0759,33.0043]}},{"type":"Feature","properties":{"name":"Dickens","mw":200.0,"fuel":"storage"},"geometry":{"type":"Point","coordinates":[-100.8832,33.7811]}},{"type":"Feature","properties":{"name":"Hydra","mw":200.0,"fuel":"storage"},"geometry":{"type":"Point","coordinates":[-102.2895,30.9929]}},{"type":"Feature","properties":{"name":"Paleo","mw":200.0,"fuel":"storage"},"geometry":{"type":"Point","coordinates":[-101.8016,33.8895]}},{"type":"Feature","properties":{"name":"Pavo","mw":175.0,"fuel":"storage"},"geometry":{"type":"Point","coordinates":[-102.4226,30.8851]}},{"type":"Feature","properties":{"name":"Tortolas","mw":50.0,"fuel":"storage"},"geometry":{"type":"Point","coordinates":[-95.2507,29.4324]}},{"type":"Feature","properties":{"name":"Longbow Solar, LLC","mw":78.1,"fuel":"solar"},"geometry":{"type":"Point","coordinates":[-95.2986,29.2898]}},{"type":"Feature","properties":{"name":"Bakke","mw":7.5,"fuel":"other"},"geometry":{"type":"Point","coordinates":[-102.54,32.2959]}},{"type":"Feature","properties":{"name":"Citrus City","mw":7.5,"fuel":"other"},"geometry":{"type":"Point","coordinates":[-98.3517,26.321]}},{"type":"Feature","properties":{"name":"Clara","mw":7.5,"fuel":"other"},"geometry":{"type":"Point","coordinates":[-95.5539,29.8453]}},{"type":"Feature","properties":{"name":"Cutten","mw":7.5,"fuel":"other"},"geometry":{"type":"Point","coordinates":[-95.5276,29.9568]}},{"type":"Feature","properties":{"name":"E. Porte Ct.","mw":7.5,"fuel":"other"},"geometry":{"type":"Point","coordinates":[-97.6642,26.1921]}},{"type":"Feature","properties":{"name":"Frankel","mw":7.5,"fuel":"other"},"geometry":{"type":"Point","coordinates":[-102.7828,32.3814]}},{"type":"Feature","properties":{"name":"GCWA","mw":7.2,"fuel":"other"},"geometry":{"type":"Point","coordinates":[-94.9534,29.3801]}},{"type":"Feature","properties":{"name":"Goldsmith","mw":7.5,"fuel":"other"},"geometry":{"type":"Point","coordinates":[-102.635,31.9753]}},{"type":"Feature","properties":{"name":"Mckeever","mw":7.5,"fuel":"other"},"geometry":{"type":"Point","coordinates":[-95.4793,29.5084]}},{"type":"Feature","properties":{"name":"N. Mary Francis","mw":7.5,"fuel":"other"},"geometry":{"type":"Point","coordinates":[-102.431,31.9216]}},{"type":"Feature","properties":{"name":"Inertia Wind Project","mw":301.0,"fuel":"wind"},"geometry":{"type":"Point","coordinates":[-99.5953,33.1869]}},{"type":"Feature","properties":{"name":"Verizon Hidden Ridge Solar Project","mw":2.7,"fuel":"solar"},"geometry":{"type":"Point","coordinates":[-96.9537,32.8766]}},{"type":"Feature","properties":{"name":"Ridge Rd","mw":7.5,"fuel":"other"},"geometry":{"type":"Point","coordinates":[-98.0983,26.1682]}},{"type":"Feature","properties":{"name":"Santa Rosa","mw":7.5,"fuel":"other"},"geometry":{"type":"Point","coordinates":[-97.8235,26.2306]}},{"type":"Feature","properties":{"name":"Southwick","mw":7.5,"fuel":"other"},"geometry":{"type":"Point","coordinates":[-95.3658,29.5958]}},{"type":"Feature","properties":{"name":"Stonegate","mw":7.5,"fuel":"other"},"geometry":{"type":"Point","coordinates":[-95.8755,29.7854]}},{"type":"Feature","properties":{"name":"Tumbleweed","mw":7.5,"fuel":"other"},"geometry":{"type":"Point","coordinates":[-102.5577,32.3512]}},{"type":"Feature","properties":{"name":"Vaquero","mw":7.5,"fuel":"other"},"geometry":{"type":"Point","coordinates":[-97.654,26.1681]}},{"type":"Feature","properties":{"name":"Villa Cavasos","mw":7.5,"fuel":"other"},"geometry":{"type":"Point","coordinates":[-97.5963,26.0213]}},{"type":"Feature","properties":{"name":"Westover","mw":7.5,"fuel":"other"},"geometry":{"type":"Point","coordinates":[-102.4461,31.8362]}},{"type":"Feature","properties":{"name":"Pisgah Ridge Solar, LLC","mw":250.0,"fuel":"solar"},"geometry":{"type":"Point","coordinates":[-96.4673,31.8967]}},{"type":"Feature","properties":{"name":"Lumina II Solar Project","mw":321.0,"fuel":"solar"},"geometry":{"type":"Point","coordinates":[-100.7464,32.8835]}},{"type":"Feature","properties":{"name":"Lumina Solar Project","mw":320.0,"fuel":"solar"},"geometry":{"type":"Point","coordinates":[-100.9827,32.9011]}},{"type":"Feature","properties":{"name":"Texas Solar Nova 1","mw":252.0,"fuel":"solar"},"geometry":{"type":"Point","coordinates":[-100.9822,33.3206]}},{"type":"Feature","properties":{"name":"Texas Solar Nova 2","mw":200.0,"fuel":"solar"},"geometry":{"type":"Point","coordinates":[-100.9817,33.3206]}},{"type":"Feature","properties":{"name":"Nebula Solar","mw":135.0,"fuel":"solar"},"geometry":{"type":"Point","coordinates":[-97.7985,26.0901]}},{"type":"Feature","properties":{"name":"Vancourt Solar Interconnections","mw":45.0,"fuel":"solar"},"geometry":{"type":"Point","coordinates":[-97.7985,26.0901]}},{"type":"Feature","properties":{"name":"TX10 Hummingbird Storage","mw":100.0,"fuel":"storage"},"geometry":{"type":"Point","coordinates":[-97.3143,33.3256]}},{"type":"Feature","properties":{"name":"TX11 Republic Road Storage","mw":50.0,"fuel":"storage"},"geometry":{"type":"Point","coordinates":[-96.6254,30.8814]}},{"type":"Feature","properties":{"name":"TX12 Silicon Hill Storage","mw":100.0,"fuel":"storage"},"geometry":{"type":"Point","coordinates":[-97.574,30.4122]}},{"type":"Feature","properties":{"name":"TX13 Endurance Park Storage","mw":50.0,"fuel":"storage"},"geometry":{"type":"Point","coordinates":[-100.9917,32.8558]}},{"type":"Feature","properties":{"name":"TX15 Limousin Oak Storage","mw":100.0,"fuel":"storage"},"geometry":{"type":"Point","coordinates":[-95.9738,30.6599]}},{"type":"Feature","properties":{"name":"TX19 River Valley Storage 1","mw":50.0,"fuel":"storage"},"geometry":{"type":"Point","coordinates":[-97.357,30.4148]}},{"type":"Feature","properties":{"name":"TX21 River Valley Storage 2","mw":50.0,"fuel":"storage"},"geometry":{"type":"Point","coordinates":[-97.3552,30.4143]}},{"type":"Feature","properties":{"name":"TX23 Roughneck Storage","mw":50.0,"fuel":"storage"},"geometry":{"type":"Point","coordinates":[-95.6626,29.1592]}},{"type":"Feature","properties":{"name":"Waco Solar","mw":400.0,"fuel":"solar"},"geometry":{"type":"Point","coordinates":[-96.8187,31.7104]}},{"type":"Feature","properties":{"name":"Young Wind","mw":500.0,"fuel":"wind"},"geometry":{"type":"Point","coordinates":[-98.8526,33.1192]}},{"type":"Feature","properties":{"name":"Castle Gap Wind","mw":196.8,"fuel":"wind"},"geometry":{"type":"Point","coordinates":[-98.3594,31.3938]}},{"type":"Feature","properties":{"name":"Concho Valley Solar, LLC","mw":159.8,"fuel":"solar"},"geometry":{"type":"Point","coordinates":[-100.255,31.214]}},{"type":"Feature","properties":{"name":"Caterina","mw":9.9,"fuel":"storage"},"geometry":{"type":"Point","coordinates":[-99.6737,28.347]}},{"type":"Feature","properties":{"name":"Cedarville (TX)","mw":9.9,"fuel":"storage"},"geometry":{"type":"Point","coordinates":[-103.4524,31.5141]}},{"type":"Feature","properties":{"name":"Coyote Springs (TX)","mw":9.9,"fuel":"storage"},"geometry":{"type":"Point","coordinates":[-103.6303,31.3947]}},{"type":"Feature","properties":{"name":"Farmersville (TX)","mw":9.9,"fuel":"storage"},"geometry":{"type":"Point","coordinates":[-96.4091,33.1611]}},{"type":"Feature","properties":{"name":"Faulkner","mw":9.9,"fuel":"storage"},"geometry":{"type":"Point","coordinates":[-103.7949,31.2624]}},{"type":"Feature","properties":{"name":"Gomez","mw":9.9,"fuel":"storage"},"geometry":{"type":"Point","coordinates":[-103.0242,31.0365]}},{"type":"Feature","properties":{"name":"Holcomb (TX)","mw":9.9,"fuel":"storage"},"geometry":{"type":"Point","coordinates":[-99.3617,28.0353]}},{"type":"Feature","properties":{"name":"Junction (TX)","mw":9.9,"fuel":"storage"},"geometry":{"type":"Point","coordinates":[-99.7702,30.4925]}},{"type":"Feature","properties":{"name":"Lonestar","mw":9.9,"fuel":"storage"},"geometry":{"type":"Point","coordinates":[-103.2498,31.5949]}},{"type":"Feature","properties":{"name":"Olney","mw":9.9,"fuel":"storage"},"geometry":{"type":"Point","coordinates":[-98.7205,33.3711]}},{"type":"Feature","properties":{"name":"Rattlesnake (TX)","mw":9.9,"fuel":"storage"},"geometry":{"type":"Point","coordinates":[-103.2266,31.569]}},{"type":"Feature","properties":{"name":"Saddleback","mw":9.9,"fuel":"storage"},"geometry":{"type":"Point","coordinates":[-103.4984,31.3329]}},{"type":"Feature","properties":{"name":"Screwbean","mw":9.9,"fuel":"storage"},"geometry":{"type":"Point","coordinates":[-104.0451,31.8214]}},{"type":"Feature","properties":{"name":"Toyah Power Station","mw":9.9,"fuel":"storage"},"geometry":{"type":"Point","coordinates":[-103.6655,31.1139]}},{"type":"Feature","properties":{"name":"Val Verde","mw":9.9,"fuel":"storage"},"geometry":{"type":"Point","coordinates":[-98.0798,26.2341]}},{"type":"Feature","properties":{"name":"Hoef's Road Storage","mw":2.0,"fuel":"storage"},"geometry":{"type":"Point","coordinates":[-103.4626,31.0312]}},{"type":"Feature","properties":{"name":"Porter Solar, LLC (TX)","mw":245.0,"fuel":"solar"},"geometry":{"type":"Point","coordinates":[-97.3698,33.3104]}},{"type":"Feature","properties":{"name":"Hecate Energy Upshur Rural LLC","mw":3.0,"fuel":"solar"},"geometry":{"type":"Point","coordinates":[-94.7319,32.8432]}},{"type":"Feature","properties":{"name":"Tres Bahias","mw":196.3,"fuel":"solar"},"geometry":{"type":"Point","coordinates":[-96.5098,28.6885]}},{"type":"Feature","properties":{"name":"Starr Solar Ranch","mw":136.0,"fuel":"solar"},"geometry":{"type":"Point","coordinates":[-99.0171,26.5234]}},{"type":"Feature","properties":{"name":"Second Division Solar","mw":100.0,"fuel":"solar"},"geometry":{"type":"Point","coordinates":[-95.7416,29.1705]}},{"type":"Feature","properties":{"name":"True North Solar, LLC","mw":240.0,"fuel":"solar"},"geometry":{"type":"Point","coordinates":[-96.7942,31.4686]}},{"type":"Feature","properties":{"name":"House Mountain","mw":63.0,"fuel":"storage"},"geometry":{"type":"Point","coordinates":[-103.451,30.4957]}},{"type":"Feature","properties":{"name":"Flower Valley II","mw":101.0,"fuel":"storage"},"geometry":{"type":"Point","coordinates":[-103.3618,31.1973]}},{"type":"Feature","properties":{"name":"Swoose II","mw":101.0,"fuel":"storage"},"geometry":{"type":"Point","coordinates":[-103.3618,31.4511]}},{"type":"Feature","properties":{"name":"Crossett Power Management LLC","mw":203.0,"fuel":"storage"},"geometry":{"type":"Point","coordinates":[-102.3172,31.1917]}},{"type":"Feature","properties":{"name":"Brazoria County Solar Project (Danciger)","mw":200.0,"fuel":"solar"},"geometry":{"type":"Point","coordinates":[-95.7612,29.1779]}},{"type":"Feature","properties":{"name":"Zier Solar","mw":200.4,"fuel":"solar"},"geometry":{"type":"Point","coordinates":[-100.562,29.351]}},{"type":"Feature","properties":{"name":"Red Tailed Hawk Solar LLC","mw":350.0,"fuel":"solar"},"geometry":{"type":"Point","coordinates":[-96.1416,29.1592]}},{"type":"Feature","properties":{"name":"Revolution","mw":150.0,"fuel":"storage"},"geometry":{"type":"Point","coordinates":[-102.3085,31.2335]}},{"type":"Feature","properties":{"name":"Cutlass Solar II","mw":200.0,"fuel":"solar"},"geometry":{"type":"Point","coordinates":[-95.78,29.39]}},{"type":"Feature","properties":{"name":"Cutlass Solar 1 LLC","mw":110.9,"fuel":"solar"},"geometry":{"type":"Point","coordinates":[-95.734,29.4097]}},{"type":"Feature","properties":{"name":"King Creek Wind Farm 1, LLC","mw":184.0,"fuel":"wind"},"geometry":{"type":"Point","coordinates":[-99.468,33.268]}},{"type":"Feature","properties":{"name":"King Creek Wind Farm 2, LLC","mw":209.0,"fuel":"wind"},"geometry":{"type":"Point","coordinates":[-99.3899,33.1824]}},{"type":"Feature","properties":{"name":"BPL Files Solar","mw":145.0,"fuel":"solar"},"geometry":{"type":"Point","coordinates":[-97.0714,32.184]}},{"type":"Feature","properties":{"name":"St. Gall Energy Storage I","mw":100.0,"fuel":"storage"},"geometry":{"type":"Point","coordinates":[-102.9536,30.9244]}},{"type":"Feature","properties":{"name":"Callisto I Energy Center","mw":200.0,"fuel":"storage"},"geometry":{"type":"Point","coordinates":[-95.4505,29.6468]}},{"type":"Feature","properties":{"name":"Grizzly Ridge Solar","mw":100.0,"fuel":"solar"},"geometry":{"type":"Point","coordinates":[-98.2137,31.7382]}},{"type":"Feature","properties":{"name":"Five Wells Solar Center - Hybrid","mw":579.0,"fuel":"solar"},"geometry":{"type":"Point","coordinates":[-97.259,30.9986]}},{"type":"Feature","properties":{"name":"Eiffel Solar Project","mw":240.0,"fuel":"solar"},"geometry":{"type":"Point","coordinates":[-95.5251,33.5992]}},{"type":"Feature","properties":{"name":"Pioneer Hutt Wind Energy","mw":140.0,"fuel":"wind"},"geometry":{"type":"Point","coordinates":[-101.9043,31.7983]}},{"type":"Feature","properties":{"name":"Shamrock Wind","mw":223.9,"fuel":"wind"},"geometry":{"type":"Point","coordinates":[-101.607,30.936]}},{"type":"Feature","properties":{"name":"HEB00063","mw":1.6,"fuel":"gas"},"geometry":{"type":"Point","coordinates":[-95.3904,29.5595]}},{"type":"Feature","properties":{"name":"HEB00069","mw":1.6,"fuel":"gas"},"geometry":{"type":"Point","coordinates":[-97.2625,27.6949]}},{"type":"Feature","properties":{"name":"BUC00040","mw":1.6,"fuel":"gas"},"geometry":{"type":"Point","coordinates":[-95.7991,29.7879]}},{"type":"Feature","properties":{"name":"HEB00591","mw":1.6,"fuel":"gas"},"geometry":{"type":"Point","coordinates":[-97.6585,30.5188]}},{"type":"Feature","properties":{"name":"HEB00092","mw":1.6,"fuel":"gas"},"geometry":{"type":"Point","coordinates":[-96.9968,28.8519]}},{"type":"Feature","properties":{"name":"HEB00095","mw":1.6,"fuel":"gas"},"geometry":{"type":"Point","coordinates":[-99.4739,27.6075]}},{"type":"Feature","properties":{"name":"HEBCCBakery","mw":3.2,"fuel":"gas"},"geometry":{"type":"Point","coordinates":[-97.4623,27.7863]}},{"type":"Feature","properties":{"name":"HEBSnackPlant","mw":1.6,"fuel":"gas"},"geometry":{"type":"Point","coordinates":[-95.5406,29.8445]}},{"type":"Feature","properties":{"name":"HEBHoustonDistributionCenter","mw":12.8,"fuel":"gas"},"geometry":{"type":"Point","coordinates":[-95.5369,29.8397]}},{"type":"Feature","properties":{"name":"BKV-BPP Ponder Solar","mw":2.5,"fuel":"solar"},"geometry":{"type":"Point","coordinates":[-97.2546,33.1558]}},{"type":"Feature","properties":{"name":"Highpeak Solar 1","mw":10.0,"fuel":"solar"},"geometry":{"type":"Point","coordinates":[-101.2766,32.4943]}},{"type":"Feature","properties":{"name":"HEB00048","mw":1.2,"fuel":"gas"},"geometry":{"type":"Point","coordinates":[-94.1704,30.1065]}},{"type":"Feature","properties":{"name":"HEB00594","mw":1.2,"fuel":"gas"},"geometry":{"type":"Point","coordinates":[-95.5381,30.1789]}},{"type":"Feature","properties":{"name":"FTBLID2","mw":11.2,"fuel":"gas"},"geometry":{"type":"Point","coordinates":[-95.6369,29.5753]}},{"type":"Feature","properties":{"name":"Praxair","mw":1.2,"fuel":"gas"},"geometry":{"type":"Point","coordinates":[-95.3884,29.0049]}},{"type":"Feature","properties":{"name":"RavenChem","mw":3.2,"fuel":"gas"},"geometry":{"type":"Point","coordinates":[-94.914,29.8206]}},{"type":"Feature","properties":{"name":"Remy Jade Power Station","mw":356.0,"fuel":"gas"},"geometry":{"type":"Point","coordinates":[-95.0164,29.8484]}},{"type":"Feature","properties":{"name":"HEB_CPS00085","mw":1.6,"fuel":"gas"},"geometry":{"type":"Point","coordinates":[-98.7035,29.4337]}},{"type":"Feature","properties":{"name":"HEB_CPSSADC","mw":6.4,"fuel":"gas"},"geometry":{"type":"Point","coordinates":[-98.3609,29.4173]}},{"type":"Feature","properties":{"name":"OTHERCitizensHospital","mw":2.8,"fuel":"gas"},"geometry":{"type":"Point","coordinates":[-96.9778,28.8128]}},{"type":"Feature","properties":{"name":"Wolf Tank Storage","mw":150.0,"fuel":"storage"},"geometry":{"type":"Point","coordinates":[-99.276,27.5772]}},{"type":"Feature","properties":{"name":"Brazos Bend BESS, LLC","mw":100.0,"fuel":"storage"},"geometry":{"type":"Point","coordinates":[-95.8002,29.5632]}},{"type":"Feature","properties":{"name":"Hamilton BESS","mw":9.9,"fuel":"storage"},"geometry":{"type":"Point","coordinates":[-100.8485,29.3764]}},{"type":"Feature","properties":{"name":"Weil Tract BESS","mw":9.9,"fuel":"storage"},"geometry":{"type":"Point","coordinates":[-97.4871,27.7969]}},{"type":"Feature","properties":{"name":"Pauline BESS","mw":9.9,"fuel":"storage"},"geometry":{"type":"Point","coordinates":[-96.0579,32.335]}},{"type":"Feature","properties":{"name":"Mineral Wells East BESS","mw":9.9,"fuel":"storage"},"geometry":{"type":"Point","coordinates":[-98.065,32.7988]}},{"type":"Feature","properties":{"name":"Lufkin South BESS","mw":9.9,"fuel":"storage"},"geometry":{"type":"Point","coordinates":[-94.7242,31.292]}},{"type":"Feature","properties":{"name":"Judkins BESS","mw":9.9,"fuel":"storage"},"geometry":{"type":"Point","coordinates":[-102.5981,31.7156]}},{"type":"Feature","properties":{"name":"Garden City East BESS","mw":9.9,"fuel":"storage"},"geometry":{"type":"Point","coordinates":[-101.4694,31.8672]}},{"type":"Feature","properties":{"name":"Falfurrias BESS","mw":9.9,"fuel":"storage"},"geometry":{"type":"Point","coordinates":[-98.1405,27.2424]}},{"type":"Feature","properties":{"name":"Diboll BESS","mw":9.9,"fuel":"storage"},"geometry":{"type":"Point","coordinates":[-94.7982,31.1938]}},{"type":"Feature","properties":{"name":"CISCO BESS","mw":9.9,"fuel":"storage"},"geometry":{"type":"Point","coordinates":[-98.9782,32.3915]}},{"type":"Feature","properties":{"name":"Fence Post Solar Hybrid Project, LLC","mw":306.0,"fuel":"solar"},"geometry":{"type":"Point","coordinates":[-96.2239,32.0728]}},{"type":"Feature","properties":{"name":"Borden County BESS","mw":150.0,"fuel":"storage"},"geometry":{"type":"Point","coordinates":[-101.6385,32.7223]}},{"type":"Feature","properties":{"name":"Orion III Solar Project","mw":250.0,"fuel":"solar"},"geometry":{"type":"Point","coordinates":[-97.1245,30.9602]}},{"type":"Feature","properties":{"name":"Orion I Solar Project","mw":200.0,"fuel":"solar"},"geometry":{"type":"Point","coordinates":[-97.0015,30.9965]}},{"type":"Feature","properties":{"name":"Hayhurst Texas Solar","mw":24.8,"fuel":"solar"},"geometry":{"type":"Point","coordinates":[-104.0853,31.816]}},{"type":"Feature","properties":{"name":"Roadrunner Wind Farm","mw":256.0,"fuel":"wind"},"geometry":{"type":"Point","coordinates":[-99.1089,32.4374]}},{"type":"Feature","properties":{"name":"SMT Mercedes LLC","mw":10.0,"fuel":"storage"},"geometry":{"type":"Point","coordinates":[-97.9126,26.2305]}},{"type":"Feature","properties":{"name":"SMT Mission LLC","mw":10.0,"fuel":"storage"},"geometry":{"type":"Point","coordinates":[-98.3229,26.1894]}},{"type":"Feature","properties":{"name":"SMT Santa Rosa LLC","mw":10.0,"fuel":"storage"},"geometry":{"type":"Point","coordinates":[-97.8232,26.2325]}},{"type":"Feature","properties":{"name":"SMT Alamo LLC","mw":10.0,"fuel":"storage"},"geometry":{"type":"Point","coordinates":[-98.114,26.2307]}},{"type":"Feature","properties":{"name":"SMT Bay City LLC","mw":10.0,"fuel":"storage"},"geometry":{"type":"Point","coordinates":[-95.9698,28.9876]}},{"type":"Feature","properties":{"name":"SMT Elsa LLC","mw":10.0,"fuel":"storage"},"geometry":{"type":"Point","coordinates":[-98.0096,26.2961]}},{"type":"Feature","properties":{"name":"SMT Los Fresnos LLC","mw":10.0,"fuel":"storage"},"geometry":{"type":"Point","coordinates":[-97.5232,26.0747]}},{"type":"Feature","properties":{"name":"SMT Harlingen II LLC","mw":10.0,"fuel":"storage"},"geometry":{"type":"Point","coordinates":[-97.7256,26.18]}},{"type":"Feature","properties":{"name":"SMT Rio Grande I LLC","mw":10.0,"fuel":"storage"},"geometry":{"type":"Point","coordinates":[-98.9374,26.4087]}},{"type":"Feature","properties":{"name":"SMT Rio Grande II LLC","mw":10.0,"fuel":"storage"},"geometry":{"type":"Point","coordinates":[-98.8204,26.391]}},{"type":"Feature","properties":{"name":"Orion II Solar Project","mw":250.0,"fuel":"solar"},"geometry":{"type":"Point","coordinates":[-96.9348,31.029]}},{"type":"Feature","properties":{"name":"Umbriel Solar","mw":150.0,"fuel":"solar"},"geometry":{"type":"Point","coordinates":[-94.7835,30.6688]}},{"type":"Feature","properties":{"name":"CG PS Victoria WWTP, LLC","mw":1.3,"fuel":"other"},"geometry":{"type":"Point","coordinates":[-97.0122,28.7935]}},{"type":"Feature","properties":{"name":"Greasewood II LLC","mw":306.0,"fuel":"solar"},"geometry":{"type":"Point","coordinates":[-102.6063,31.1041]}},{"type":"Feature","properties":{"name":"Copperhead Solar, LLC","mw":250.0,"fuel":"solar"},"geometry":{"type":"Point","coordinates":[-96.86,31.45]}},{"type":"Feature","properties":{"name":"Dileo Solar","mw":71.4,"fuel":"solar"},"geometry":{"type":"Point","coordinates":[-97.51,31.78]}},{"type":"Feature","properties":{"name":"Pitts Dudik Solar","mw":49.6,"fuel":"solar"},"geometry":{"type":"Point","coordinates":[-96.8751,31.8932]}},{"type":"Feature","properties":{"name":"BESSP1, LLC.","mw":4.4,"fuel":"solar"},"geometry":{"type":"Point","coordinates":[-101.9707,33.6956]}},{"type":"Feature","properties":{"name":"Longbow BESS, LLC","mw":174.0,"fuel":"storage"},"geometry":{"type":"Point","coordinates":[-95.2955,29.2816]}},{"type":"Feature","properties":{"name":"Liberty County Solar Project","mw":100.0,"fuel":"solar"},"geometry":{"type":"Point","coordinates":[-94.8505,29.9589]}},{"type":"Feature","properties":{"name":"Rodeo Ranch Energy Storage","mw":300.0,"fuel":"storage"},"geometry":{"type":"Point","coordinates":[-103.33,31.36]}},{"type":"Feature","properties":{"name":"Anemoi Energy Storage","mw":200.0,"fuel":"storage"},"geometry":{"type":"Point","coordinates":[-98.48,26.45]}},{"type":"Feature","properties":{"name":"Ebony Energy Storage","mw":200.0,"fuel":"storage"},"geometry":{"type":"Point","coordinates":[-98.3345,29.6201]}},{"type":"Feature","properties":{"name":"Ganado Solar","mw":221.0,"fuel":"solar"},"geometry":{"type":"Point","coordinates":[-96.5288,29.1091]}},{"type":"Feature","properties":{"name":"AbbVie Waco","mw":5.6,"fuel":"gas"},"geometry":{"type":"Point","coordinates":[-97.2006,31.4882]}},{"type":"Feature","properties":{"name":"OTHERBenEKDallas","mw":1.6,"fuel":"gas"},"geometry":{"type":"Point","coordinates":[-96.8532,32.8185]}},{"type":"Feature","properties":{"name":"HEB00055","mw":1.2,"fuel":"gas"},"geometry":{"type":"Point","coordinates":[-97.1313,32.9389]}},{"type":"Feature","properties":{"name":"HEB00760","mw":1.2,"fuel":"gas"},"geometry":{"type":"Point","coordinates":[-95.4052,29.4876]}},{"type":"Feature","properties":{"name":"HEB00776","mw":1.2,"fuel":"gas"},"geometry":{"type":"Point","coordinates":[-95.7605,29.8036]}},{"type":"Feature","properties":{"name":"HEB00789","mw":1.2,"fuel":"gas"},"geometry":{"type":"Point","coordinates":[-96.8463,33.1552]}},{"type":"Feature","properties":{"name":"HEB00790","mw":1.2,"fuel":"gas"},"geometry":{"type":"Point","coordinates":[-96.7967,33.0554]}},{"type":"Feature","properties":{"name":"HEB00796","mw":1.2,"fuel":"gas"},"geometry":{"type":"Point","coordinates":[-96.6531,33.1166]}},{"type":"Feature","properties":{"name":"OTHERNFBWA","mw":2.4,"fuel":"gas"},"geometry":{"type":"Point","coordinates":[-95.6191,29.7056]}},{"type":"Feature","properties":{"name":"HEBTEMDistCenter","mw":4.8,"fuel":"gas"},"geometry":{"type":"Point","coordinates":[-97.3612,31.1524]}},{"type":"Feature","properties":{"name":"OTHERTexasA&M","mw":9.6,"fuel":"gas"},"geometry":{"type":"Point","coordinates":[-96.461,30.642]}},{"type":"Feature","properties":{"name":"HEB00769","mw":1.2,"fuel":"gas"},"geometry":{"type":"Point","coordinates":[-95.1507,29.5539]}},{"type":"Feature","properties":{"name":"OTHERTraditionClearfork","mw":1.2,"fuel":"gas"},"geometry":{"type":"Point","coordinates":[-97.4083,32.7072]}},{"type":"Feature","properties":{"name":"Hopkins Energy LLC","mw":250.0,"fuel":"solar"},"geometry":{"type":"Point","coordinates":[-95.4621,33.2173]}},{"type":"Feature","properties":{"name":"Century Oak Wind Project, LLC","mw":151.5,"fuel":"wind"},"geometry":{"type":"Point","coordinates":[-99.1591,32.4287]}},{"type":"Feature","properties":{"name":"HEB00794","mw":1.2,"fuel":"gas"},"geometry":{"type":"Point","coordinates":[-96.7284,33.1758]}},{"type":"Feature","properties":{"name":"HEB00767","mw":1.2,"fuel":"gas"},"geometry":{"type":"Point","coordinates":[-95.682,30.2212]}},{"type":"Feature","properties":{"name":"Pavlov","mw":9.9,"fuel":"storage"},"geometry":{"type":"Point","coordinates":[-96.1262,28.9941]}},{"type":"Feature","properties":{"name":"Mainland","mw":9.9,"fuel":"storage"},"geometry":{"type":"Point","coordinates":[-95.0408,29.3952]}},{"type":"Feature","properties":{"name":"Sandlake","mw":9.9,"fuel":"storage"},"geometry":{"type":"Point","coordinates":[-103.6175,31.5088]}},{"type":"Feature","properties":{"name":"Markum Solar Farm","mw":161.0,"fuel":"solar"},"geometry":{"type":"Point","coordinates":[-97.3749,31.6948]}},{"type":"Feature","properties":{"name":"Diversion Wind Energy LLC","mw":200.6,"fuel":"wind"},"geometry":{"type":"Point","coordinates":[-99.023,33.7193]}},{"type":"Feature","properties":{"name":"Al Pastor Battery Storage Plant","mw":100.3,"fuel":"storage"},"geometry":{"type":"Point","coordinates":[-101.9378,32.7171]}},{"type":"Feature","properties":{"name":"Citadel Battery Storage Plant","mw":204.0,"fuel":"storage"},"geometry":{"type":"Point","coordinates":[-95.0182,29.874]}},{"type":"Feature","properties":{"name":"Wigeon Whistle Battery Storage Plant","mw":120.0,"fuel":"storage"},"geometry":{"type":"Point","coordinates":[-96.3572,33.0304]}},{"type":"Feature","properties":{"name":"Stampede Solar Hybrid","mw":72.2,"fuel":"storage"},"geometry":{"type":"Point","coordinates":[-95.3192,33.2013]}},{"type":"Feature","properties":{"name":"ABIA Parking Structure","mw":1.8,"fuel":"solar"},"geometry":{"type":"Point","coordinates":[-97.6686,30.2047]}},{"type":"Feature","properties":{"name":"TJX 2021 DG El Paso DC","mw":1.5,"fuel":"solar"},"geometry":{"type":"Point","coordinates":[-106.3378,31.8077]}},{"type":"Feature","properties":{"name":"BT Signal Ranch","mw":50.0,"fuel":"solar"},"geometry":{"type":"Point","coordinates":[-96.086,32.986]}},{"type":"Feature","properties":{"name":"GFTX BESS","mw":125.0,"fuel":"storage"},"geometry":{"type":"Point","coordinates":[-97.6188,30.2283]}},{"type":"Feature","properties":{"name":"Connolly BESS","mw":125.0,"fuel":"storage"},"geometry":{"type":"Point","coordinates":[-97.419,33.2107]}},{"type":"Feature","properties":{"name":"Peacock Energy Project","mw":150.0,"fuel":"solar"},"geometry":{"type":"Point","coordinates":[-97.3879,28.0004]}},{"type":"Feature","properties":{"name":"Crockett BESS","mw":9.5,"fuel":"storage"},"geometry":{"type":"Point","coordinates":[-95.3799,29.7768]}},{"type":"Feature","properties":{"name":"Century BESS","mw":9.5,"fuel":"storage"},"geometry":{"type":"Point","coordinates":[-97.0833,32.6866]}},{"type":"Feature","properties":{"name":"Liggett Switch","mw":9.7,"fuel":"storage"},"geometry":{"type":"Point","coordinates":[-97.025,32.8148]}},{"type":"Feature","properties":{"name":"HEB00750","mw":1.2,"fuel":"gas"},"geometry":{"type":"Point","coordinates":[-97.1148,32.5672]}},{"type":"Feature","properties":{"name":"HEB00779","mw":1.2,"fuel":"gas"},"geometry":{"type":"Point","coordinates":[-95.3545,29.6822]}},{"type":"Feature","properties":{"name":"HEB00797","mw":1.2,"fuel":"gas"},"geometry":{"type":"Point","coordinates":[-95.8037,29.8172]}},{"type":"Feature","properties":{"name":"HEB00798","mw":1.2,"fuel":"gas"},"geometry":{"type":"Point","coordinates":[-95.2073,29.9574]}},{"type":"Feature","properties":{"name":"HEB00801","mw":1.2,"fuel":"gas"},"geometry":{"type":"Point","coordinates":[-97.3089,32.9145]}},{"type":"Feature","properties":{"name":"HEBTEMDistCenter1B","mw":1.6,"fuel":"gas"},"geometry":{"type":"Point","coordinates":[-97.3612,31.1524]}},{"type":"Feature","properties":{"name":"HEBTEMDistCenter2A","mw":3.2,"fuel":"gas"},"geometry":{"type":"Point","coordinates":[-97.3612,31.1524]}},{"type":"Feature","properties":{"name":"OTHERTraditionBuffalo","mw":1.2,"fuel":"gas"},"geometry":{"type":"Point","coordinates":[-95.4271,29.6846]}},{"type":"Feature","properties":{"name":"Longhorn Storage","mw":142.1,"fuel":"storage"},"geometry":{"type":"Point","coordinates":[-99.1591,32.4287]}},{"type":"Feature","properties":{"name":"Libra Storage","mw":201.0,"fuel":"storage"},"geometry":{"type":"Point","coordinates":[-98.0028,29.4666]}},{"type":"Feature","properties":{"name":"Sun Valley Storage","mw":123.3,"fuel":"storage"},"geometry":{"type":"Point","coordinates":[-97.0171,31.8578]}}]}