{"type":"FeatureCollection","features":[{"type":"Feature","properties":{"utility":"austin_energy"},"geometry":{"type":"Polygon","coordinates":[[[-98.172961484914,30.356314826673238],[-98.12626299776642,30.42544759251962],[-98.12300826824222,30.48491861754114],[-97.96285262429498,30.785635193834306],[-97.82850821949964,30.906174781685515],[-97.62529100068957,30.870419121392807],[-97.27142758666248,30.735682083674952],[-97.15523446618214,30.45735128261482],[-97.33446215687653,30.402854247672046],[-97.3716140057396,30.414762283839654],[-97.49268832325401,30.209953655626244],[-97.64926976139199,30.06802844320614],[-97.66099524679088,30.06778690779656],[-97.71021568516232,30.024513290448358],[-98.172961484914,30.356314826673238]]]}},{"type":"Feature","properties":{"utility":"bailey_county_elec_coop"},"geometry":{"type":"Polygon","coordinates":[[[-103.05665158172413,33.38859193734308],[-103.04361731574842,34.00360549859681],[-103.04275751256263,34.74734949425768],[-101.99850453019425,34.74817840476796],[-101.99803153662543,34.31305053569756],[-102.08129533247732,34.31307401683342],[-102.09027878736255,34.30401316543142],[-102.08574475133278,33.824686649037076],[-102.60889311005167,33.82430767952519],[-102.6149522801845,33.81464064958129],[-102.5948487360038,33.388501147066286],[-103.05665158172413,33.38859193734308]]]}},{"type":"Feature","properties":{"utility":"bandera_electric_coop"},"geometry":{"type":"Polygon","coordinates":[[[-100.11208650486788,29.62325154684367],[-100.02396795586074,29.62351846772772],[-100.01544012744155,29.63039647257098],[-100.03086410369443,29.848271486948807],[-99.96761756334911,30.08234452245983],[-99.76784664627202,30.074532446251],[-99.75874821957588,30.07960684905523],[-99.75413078591797,30.29068650196198],[-99.30172925316572,30.286641793428032],[-99.3009829725485,30.143371482878898],[-99.29289128708965,30.13457641822477],[-98.5879021156154,30.13894279537064],[-98.41403477135997,29.93755840241008],[-98.61798109286889,29.768620015998184],[-98.62001361304468,29.75551039003761],[-98.61095967150337,29.750939337462597],[-98.55049047273836,29.760698791679022],[-98.44285728766343,29.719717175902097],[-98.33863923924136,29.721774354540873],[-98.3748161663344,29.660974954091113],[-98.31093986617184,29.594465442094336],[-98.29785432076811,29.561794127263635],[-98.12678078035928,29.482240904763756],[-98.13418133047057,29.441759169600775],[-98.40733993955396,29.114449187733275],[-98.79447246149428,29.246692613948923],[-98.8047241331302,29.237704151930256],[-98.80491149399751,29.090445520860317],[-100.11139443838314,29.08632966009155],[-100.11208650486788,29.62325154684367]]]}},{"type":"Feature","properties":{"utility":"bartlett_electric_coop"},"geometry":{"type":"Polygon","coordinates":[[[-98.0498661038998,30.624167479821555],[-97.96285262429498,30.785635193834306],[-97.83147981102101,30.905202261651606],[-97.84070244681185,30.929817652557908],[-97.91167071974785,31.034923576605994],[-97.91383511768501,31.06587532656637],[-97.41860823464181,31.320187991243134],[-97.34451135794822,31.247025392565924],[-97.27811640376692,31.279784320804723],[-97.07038182090663,30.989579968395333],[-96.82912678603155,31.10585570233676],[-96.75721567684901,30.929905297899882],[-96.68497933662535,30.906181507221152],[-96.62312567821247,30.735535540221182],[-96.59947656829075,30.728622696523633],[-96.59409431431108,30.714651256070777],[-96.56880499105867,30.701378513247427],[-96.58334307352294,30.681972088219936],[-96.59087998331474,30.641928636382623],[-96.51049761953819,30.62781733878728],[-96.35882366232288,30.54174536898927],[-96.29601305853912,30.45145450837265],[-96.28552790503372,30.448377912404723],[-96.28580623727201,30.432940323929696],[-96.27280935539643,30.409291187333864],[-96.29580363253937,30.406509732729813],[-96.2940803382528,30.380243454477977],[-96.31417233698791,30.382971876684525],[-96.34048680494602,30.367937601385936],[-96.35925052708022,30.371479138296085],[-96.64127543771437,30.296506362037274],[-96.73151236228752,30.243736578807862],[-96.79456054092354,30.160554698606123],[-97.01915621192936,30.032016400364714],[-97.08542905102303,30.261398885496483],[-97.33478683588605,30.402997365834608],[-97.57362363823735,30.50072909119279],[-97.7752076561495,30.430006569913107],[-97.95502307608753,30.62610234862232],[-98.0498661038998,30.624167479821555]]]}},{"type":"Feature","properties":{"utility":"city_of_bartlett"},"geometry":{"type":"Polygon","coordinates":[[[-98.0498661038998,30.624167479821555],[-97.96285262429498,30.785635193834306],[-97.83147981102101,30.905202261651606],[-97.84070244681185,30.929817652557908],[-97.91167071974785,31.034923576605994],[-97.91383511768501,31.06587532656637],[-97.41860823464181,31.320187991243134],[-97.34451135794822,31.247025392565924],[-97.27811640376692,31.279784320804723],[-97.07020583547651,30.9862243810426],[-97.25824415047222,30.889511663345097],[-97.31216530924728,30.75997428838515],[-97.30767080536384,30.749619464977705],[-97.27142758666248,30.735682083674952],[-97.15523446618214,30.45735128261482],[-97.33446215687653,30.402854247672046],[-97.5766960835855,30.501099083699252],[-97.7752076561495,30.430006569913107],[-97.95502307608753,30.62610234862232],[-98.0498661038998,30.624167479821555]]]}},{"type":"Feature","properties":{"utility":"city_of_bastrop"},"geometry":{"type":"Polygon","coordinates":[[[-97.64942706230708,30.067870294382114],[-97.49246168893391,30.210401414763137],[-97.3695346612409,30.419548293017645],[-97.0818440534354,30.25934916169769],[-97.02447470053467,30.05143897696439],[-97.31582326666752,29.786555700498788],[-97.64942706230708,30.067870294382114]]]}},{"type":"Feature","properties":{"utility":"city_of_bellville"},"geometry":{"type":"Polygon","coordinates":[[[-96.62196118267512,30.04427445671944],[-96.2928491417223,30.096134684321598],[-96.1460569672835,30.070214445974592],[-96.08455707115884,30.005137401104204],[-96.12251917181737,29.966242307750267],[-96.12132222749806,29.846894341428033],[-96.04924384192374,29.803179569216113],[-96.032718285953,29.727942977202975],[-96.02486287261205,29.602888860490015],[-96.08891014256965,29.60166892642321],[-96.25921749409126,29.668921304995614],[-96.34312045283183,29.826690946059284],[-96.41327888888134,29.82499735844538],[-96.56983499251963,29.961523709019012],[-96.62196118267512,30.04427445671944]]]}},{"type":"Feature","properties":{"utility":"big_country_electric_coop"},"geometry":{"type":"Polygon","coordinates":[[[-101.6912722719237,32.961826269022694],[-101.56649855217262,32.96112850624276],[-101.55785816618577,32.96816224927167],[-101.55687260172527,33.39474864119161],[-98.95394928179897,33.39752267207923],[-98.95088668343153,32.95692961201183],[-99.08698924318163,32.95698140075297],[-99.09558554492598,32.949933713876845],[-99.09606152576406,32.51477955385126],[-100.14043541414924,32.52201501069586],[-100.14666395556154,32.512875117140375],[-100.15192214768712,32.082649248459184],[-101.18398497301426,32.08721975089688],[-101.1763953530817,32.51957034380639],[-101.68872868052475,32.525233361068516],[-101.6912722719237,32.961826269022694]]]}},{"type":"Feature","properties":{"utility":"bluebonnet_electric_coop"},"geometry":{"type":"Polygon","coordinates":[[[-98.3109137882128,29.594466724428187],[-98.09037771498772,29.683345893581812],[-98.00158510439408,29.752670104958884],[-98.03183766126473,29.84926756263185],[-98.29758681845409,30.037997938218222],[-98.17303242866852,30.356170421455868],[-98.12626299776642,30.42544759251962],[-98.12310140752345,30.484720644448487],[-97.96296233289223,30.785451103978556],[-97.82850821949964,30.906174781685515],[-97.62529100068957,30.870419121392807],[-97.3189150588479,30.755415825826972],[-97.25907214772107,30.889586930696876],[-96.82912678603155,31.10585570233676],[-96.75721567684901,30.929905297899882],[-96.68497933662535,30.906181507221152],[-96.62312567821247,30.735535540221182],[-96.59947656829075,30.728622696523633],[-96.59409431431108,30.714651256070777],[-96.56880499105867,30.701378513247427],[-96.58334307352294,30.681972088219936],[-96.59025153872986,30.641187550148032],[-96.51049761953819,30.62781733878728],[-96.35882366232288,30.54174536898927],[-96.29601305853912,30.45145450837265],[-96.28552790503372,30.448377912404723],[-96.28168074240193,30.42196533787483],[-96.27206146207665,30.416130524998874],[-96.27284816612325,30.409051638055853],[-96.29632506032316,30.405680773988138],[-96.29966891162694,30.392637219096677],[-96.29267578683945,30.3823966965097],[-96.19954947512639,30.38289751499128],[-96.15412450283105,30.33005186612838],[-96.08590474939088,30.28897720650622],[-96.09317578867325,30.225196173754856],[-96.15869468454382,30.205504723281503],[-96.1899465098202,30.135282461085314],[-96.14646655425061,30.07081289804436],[-96.08455707115884,30.005137401104204],[-96.12251917181737,29.966242307750267],[-96.12132222749806,29.846894341428033],[-96.04924384192374,29.803179569216113],[-96.032718285953,29.727942977202975],[-96.02486287261205,29.602888860490015],[-96.08891014256965,29.60166892642321],[-96.17832959867006,29.630920045105366],[-96.30716220799493,29.514744381519975],[-96.34922705058997,29.40606080289297],[-96.6403132307473,29.24781931160447],[-96.65844776415841,29.263875075352203],[-96.5690156946251,29.329317357724776],[-96.56675597677487,29.341241113952073],[-96.79398740882318,29.57796164853088],[-96.87536031722021,29.632476435969213],[-97.14023836342957,29.62810037348276],[-97.20419001225501,29.57884851594825],[-97.24011795967654,29.384494227899555],[-97.61313092298923,29.109780817665886],[-97.85861297420841,29.3527199328646],[-97.85067519868386,29.365285760932963],[-97.85496481855141,29.37533418185009],[-98.08467822393426,29.37960580817152],[-98.13415927195499,29.441753942028242],[-98.13123213114977,29.48384168323684],[-98.29851361121442,29.561151132013638],[-98.3109137882128,29.594466724428187]]]}},{"type":"Feature","properties":{"utility":"city_of_boerne"},"geometry":{"type":"Polygon","coordinates":[[[-98.92013536019932,30.1382784620056],[-98.5879021156154,30.13894279537064],[-98.41403477135997,29.93755840241008],[-98.64612895879307,29.74519088878256],[-98.78125440362291,29.720995076648148],[-98.91771395437009,29.78140524380043],[-98.92013536019932,30.1382784620056]]]}},{"type":"Feature","properties":{"utility":"bowie_cass_electric_coop"},"geometry":{"type":"Polygon","coordinates":[[[-95.31046328079455,33.87147036269149],[-95.28669952892608,33.874124826039534],[-95.25628159499689,33.89148361212334],[-95.24835070090211,33.91178380058048],[-95.2528942210179,33.93364256642641],[-95.23110660324365,33.96035176901816],[-95.2190988719382,33.961495284611075],[-95.06725967970992,33.91733904188742],[-95.03816545388179,33.85981106795989],[-94.86972281382653,33.74622446806039],[-94.82246540620822,33.732757131800376],[-94.76061037582093,33.72704381951342],[-94.73313934015498,33.690437229775846],[-94.52880217138218,33.6161786682263],[-94.49205001109088,33.62539195508382],[-94.48587096354582,33.63783226902449],[-94.46383836073598,33.59860530068172],[-94.3589319734823,33.544641618622876],[-94.25265124868658,33.5861312750998],[-94.18180544704742,33.59320603548323],[-94.08524522478619,33.575537756908375],[-94.04365949001196,33.55240213941012],[-94.04289683926426,32.88109939586659],[-94.70586641893486,32.87918803799281],[-94.70698626853547,32.89164591667623],[-94.72386166276777,32.907577894984165],[-94.92913480973314,33.06865513834906],[-95.12550637253374,33.034470496375654],[-95.14869012060639,33.01893829217081],[-95.17295508397078,32.96184103088715],[-95.30894555784135,32.96258336983646],[-95.31046328079455,33.87147036269149]]]}},{"type":"Feature","properties":{"utility":"city_of_bowie"},"geometry":{"type":"Polygon","coordinates":[[[-97.97895543995998,33.433759567194656],[-97.97779875777091,33.88987206177445],[-97.8778045076503,33.85042679260244],[-97.83490719143755,33.85758435979072],[-97.73409135433513,33.93606579001576],[-97.69310192728143,33.983690493714924],[-97.67177093109584,33.99135705359516],[-97.60933532807728,33.968203940368284],[-97.58960784372456,33.953546027340344],[-97.59679691013564,33.91727132064736],[-97.5854649288625,33.90188689715181],[-97.55502607672254,33.89752386548697],[-97.50095912631245,33.91963029061219],[-97.48408280215514,33.91567300887375],[-97.48707673142397,33.43369314853056],[-97.97895543995998,33.433759567194656]]]}},{"type":"Feature","properties":{"utility":"city_of_brady"},"geometry":{"type":"Polygon","coordinates":[[[-99.60361544905125,30.94073750743458],[-99.60183950207664,31.49192885223714],[-99.5134657926121,31.426397033804356],[-99.40228525037384,31.446186140247256],[-99.31635784225399,31.410940040693436],[-99.20276503903924,31.467219996153844],[-99.09063426392363,31.46091544420781],[-99.09232839929064,30.941013424950242],[-99.60361544905125,30.94073750743458]]]}},{"type":"Feature","properties":{"utility":"city_of_brenham"},"geometry":{"type":"Polygon","coordinates":[[[-96.79453215547059,30.160553628189646],[-96.73163675656342,30.243876713469785],[-96.64087882973796,30.296775766713907],[-96.35897346547905,30.372624098885268],[-96.3396400235835,30.368922632587434],[-96.3127938426643,30.384286632216202],[-96.19954947512639,30.38289751499128],[-96.15412450283105,30.33005186612838],[-96.08590474939088,30.28897720650622],[-96.09317578867325,30.225196173754856],[-96.15869468454382,30.205504723281503],[-96.18968369724298,30.138087887902167],[-96.14607590114545,30.070239189260604],[-96.2934019713958,30.096001261403153],[-96.62197125942218,30.044296206205743],[-96.64947141173268,30.14413387061532],[-96.79453215547059,30.160553628189646]]]}},{"type":"Feature","properties":{"utility":"city_of_bridgeport"},"geometry":{"type":"Polygon","coordinates":[[[-97.92163054741407,33.00129516331543],[-97.9181777109445,33.433861625481484],[-97.3830272353929,33.43287824892505],[-97.39849157358361,32.99085189079068],[-97.92163054741407,33.00129516331543]]]}},{"type":"Feature","properties":{"utility":"city_of_brownfield"},"geometry":{"type":"Polygon","coordinates":[[[-102.59501148930211,32.95884250941088],[-102.5948245448189,33.388477564034034],[-102.07594054116605,33.38957444207458],[-102.07622540107542,32.959713344490986],[-102.59501148930211,32.95884250941088]]]}},{"type":"Feature","properties":{"utility":"brownsville_public_utilities_board"},"geometry":{"type":"Polygon","coordinates":[[[-97.86304299568977,26.061282756824045],[-97.8618641647915,26.348143409256583],[-97.52715372977092,26.29961143158136],[-97.44727861326446,26.325356584739804],[-97.38248139969227,26.41131158777178],[-97.36963894220132,26.3946019628946],[-97.38896808989617,26.36430809244576],[-97.38901429673687,26.338872968677894],[-97.37632504935837,26.336526190763962],[-97.35791414793316,26.356484662822545],[-97.34341944642354,26.35922119252949],[-97.33045449174864,26.350579026756787],[-97.34862969109747,26.31899407996207],[-97.3448939951103,26.274283689663573],[-97.33474562396006,26.265673053763273],[-97.31187511155301,26.273723377094196],[-97.30708868142094,26.252895330977747],[-97.32123493092348,26.23067965976822],[-97.29654872490309,26.200476679399927],[-97.3054596228938,26.1595539316492],[-97.28210609597508,26.12030097813198],[-97.28994716121008,26.103521269588345],[-97.26937823416236,26.086070957104674],[-97.19966106605568,26.0770354678892],[-97.19005868084416,26.052185062397786],[-97.15202130474155,26.06209780683872],[-97.14558047463265,25.971140629225797],[-97.27088603259241,25.951913263751262],[-97.34722670432491,25.931239822066853],[-97.36302191508577,25.913894456950132],[-97.36673497970334,25.8850721672235],[-97.40835910311891,25.85647119921146],[-97.51144111534164,25.887655713476885],[-97.58255948757541,25.937863578422892],[-97.67516119280727,26.034064039507975],[-97.86304299568977,26.061282756824045]],[[-97.18231246335955,26.047817226701504],[-97.22448521827272,26.02277212484092],[-97.21382870591725,25.99313109403625],[-97.17579703243051,25.999677040411836],[-97.16324566271041,26.014173142344056],[-97.17014924462136,26.040345330872626],[-97.18231246335955,26.047817226701504]]]}},{"type":"Feature","properties":{"utility":"city_of_bryan"},"geometry":{"type":"Polygon","coordinates":[[[-96.96361066661478,30.557165764269588],[-96.62420139862141,30.73349577077881],[-96.684140989031,30.902895511139985],[-96.75632095395375,30.92721600398886],[-96.82910577648178,31.105865234486345],[-96.31917804723237,31.357110488782237],[-96.33042445507482,31.250172160510175],[-96.24123005053042,30.974386468217663],[-96.16838442236282,30.822994354417556],[-96.18737536782008,30.598305137740144],[-96.12268787895705,30.44596753113994],[-96.0799926232533,30.430026408654918],[-96.14590598081422,30.38321353312786],[-96.1546376475322,30.330314243541327],[-96.20045389399984,30.382082323069984],[-96.31220467809835,30.38324139077145],[-96.34048680494602,30.367937601385936],[-96.35925052708022,30.371479138296085],[-96.64088341077311,30.296796815825914],[-96.74053555864407,30.318666317931164],[-96.96361066661478,30.557165764269588]]]}},{"type":"Feature","properties":{"utility":"city_of_burnet"},"geometry":{"type":"Polygon","coordinates":[[[-98.44576843824375,30.921443314746202],[-98.43967563193708,31.029525095030575],[-97.91193078480612,31.03491648449189],[-97.82852725290196,30.906190822312727],[-97.96324538938627,30.784847421460345],[-98.12244258869599,30.48591184236245],[-98.12556702103694,30.42620096801614],[-98.35103288213773,30.4861057240069],[-98.43897987735936,30.67328236261199],[-98.377064105034,30.73963255690717],[-98.43208000808978,30.7863106372911],[-98.38065050625957,30.83674640858502],[-98.44576843824375,30.921443314746202]]]}},{"type":"Feature","properties":{"utility":"city_of_caldwell"},"geometry":{"type":"Polygon","coordinates":[[[-96.96361066661478,30.557165764269588],[-96.62149257070705,30.730711684481058],[-96.59947656829075,30.728622696523633],[-96.59409431431108,30.714651256070777],[-96.56699514301329,30.695672042572884],[-96.58299750881469,30.68287582798359],[-96.59025153872986,30.641187550148032],[-96.51049761953819,30.62781733878728],[-96.35882366232288,30.54174536898927],[-96.29601305853912,30.45145450837265],[-96.28552790503372,30.448377912404723],[-96.28580623727201,30.432940323929696],[-96.27284816612325,30.409051638055853],[-96.29580363253937,30.406509732729813],[-96.2940803382528,30.380243454477977],[-96.31417233698791,30.382971876684525],[-96.34048680494602,30.367937601385936],[-96.35925052708022,30.371479138296085],[-96.64110879341189,30.296835547718967],[-96.74053555864407,30.318666317931164],[-96.96361066661478,30.557165764269588]]]}},{"type":"Feature","properties":{"utility":"city_of_castroville"},"geometry":{"type":"Polygon","coordinates":[[[-99.41386842776261,29.09134651075456],[-99.41180547177744,29.627502316933167],[-98.98379259955531,29.623437354081688],[-98.92570063225173,29.567016043113853],[-98.8065628611836,29.690681400321445],[-98.80491149399751,29.090445520860317],[-99.41386842776261,29.09134651075456]]]}},{"type":"Feature","properties":{"utility":"aep_texas_central"},"geometry":{"type":"Polygon","coordinates":[[[-101.76182548847038,29.77719604035528],[-101.75838862559006,30.28803256489771],[-99.75415392278003,30.290686254187257],[-99.7567462559926,30.08039548443503],[-99.74847500645424,30.07415613177538],[-99.6898906627571,30.073936462468318],[-99.68827004208953,29.911473665702975],[-99.60087656760409,29.907650529746583],[-99.59945838109486,29.629465463052487],[-98.98379259955531,29.623437354081688],[-98.92666145257364,29.56692653606825],[-98.8065628611836,29.690681400321445],[-98.80318539006183,29.25240976308555],[-98.40987613947104,29.116143518691686],[-98.13327055578264,29.446676079615106],[-98.13123213114977,29.48384168323684],[-98.29851361121442,29.561151132013638],[-98.3109137882128,29.594466724428187],[-98.08887057349754,29.684293182902188],[-97.88158889525658,29.852874779714057],[-97.8793477407249,29.863055380199253],[-97.89388053358286,29.88373177109353],[-97.65525694658518,30.07289236160156],[-97.31198295079197,29.780199283963018],[-97.13053388893815,29.643293869837095],[-97.20419001225501,29.57884851594825],[-97.23895137707831,29.384828783287425],[-96.93681272041037,29.066509104869766],[-96.56663967088735,29.332517303309803],[-96.56848620564195,29.34368946312321],[-96.7924143400807,29.576631451875222],[-96.87420477741456,29.632707715128586],[-96.56984301991821,29.961500131630984],[-96.41482314868831,29.826587373336505],[-96.34448254315713,29.8301351575509],[-96.25843588855636,29.669048553906958],[-96.08891760061717,29.601648686251256],[-96.04460999991542,29.562233216692952],[-96.05780117897655,29.474903137111237],[-95.9734414689983,29.41143405817303],[-95.93744650992254,29.358084554669524],[-95.94187912359114,29.333536062812758],[-95.8944765857249,29.314971749762538],[-95.87908159435814,29.268849005939217],[-95.84196717736909,29.25870567718743],[-95.87295756841958,29.226863307973936],[-95.84730779672088,29.11218728247588],[-95.77045809967845,29.06620237186227],[-95.76340473844287,28.97109608481857],[-95.67955540434377,28.965722833644193],[-95.5689781306189,28.83161615617905],[-95.5070751468666,28.824747454432725],[-95.81262761550744,28.664886962218354],[-96.22034454839576,28.49190723293278],[-96.3670044423574,28.400403588017046],[-96.37860928811165,28.383925033121475],[-96.38185183653471,28.393274294956456],[-96.37413140717787,28.404269499031724],[-96.33511383714132,28.437787856072287],[-96.26833677060927,28.477983334441525],[-96.22437128587714,28.49504239453872],[-96.2150403208649,28.509669947227536],[-96.04642702685578,28.586878560692647],[-95.98787948464293,28.60623623379791],[-95.9834910769846,28.65231194685216],[-95.99644640123132,28.657978268156345],[-96.00652253266158,28.648061097868577],[-96.0464319564238,28.64939323799694],[-96.19837801353233,28.586988359298598],[-96.22890017329902,28.580884255572034],[-96.2339853268981,28.601730013110263],[-96.21332186803866,28.619479494629513],[-96.23092714307623,28.641432587034753],[-96.19341181291524,28.689875424998885],[-96.20067906228306,28.70041352827011],[-96.22227180492715,28.69849728740717],[-96.2569021145996,28.684700367977186],[-96.28735893348244,28.68326543881266],[-96.30398193707887,28.6696796457511],[-96.30373115583829,28.64500609725921],[-96.37020921869015,28.62764614070382],[-96.48792314456688,28.569693244524537],[-96.48101205618569,28.5975813131425],[-96.48967962271175,28.610302821136802],[-96.51083047341365,28.614979017816534],[-96.50123151113448,28.625555585037386],[-96.50372047385214,28.636249057864532],[-96.56325497949557,28.644499945285734],[-96.57291816532906,28.667896979335158],[-96.56134793372331,28.691617312052113],[-96.57800823579156,28.70454642307742],[-96.5838738812054,28.721571368480117],[-96.59539288063974,28.724884766514407],[-96.6486646579509,28.7094473273482],[-96.66036153735155,28.691907847324828],[-96.63503017740841,28.66890770709616],[-96.63175473494329,28.65320661013286],[-96.61060045490399,28.638884958115675],[-96.62196427369727,28.620998084477225],[-96.61064004141235,28.58705781949756],[-96.56530717968903,28.582390470374527],[-96.55898223078152,28.5697347653691],[-96.5261158766106,28.557961474368636],[-96.50602063344763,28.526242646851372],[-96.4198931197769,28.467497486322497],[-96.4039832965163,28.442459118315035],[-96.54316853279924,28.385332222349852],[-96.59209795682249,28.35734274639632],[-96.6726757959572,28.33559352412591],[-96.70523340493337,28.34881537700294],[-96.70040793935077,28.370733112775753],[-96.71079524266175,28.40610287352821],[-96.77400746057266,28.406995209428743],[-96.79467206951419,28.365019144512797],[-96.79177171088159,28.3121747680202],[-96.80827620723299,28.291740083360402],[-96.78719407872663,28.255676821872196],[-96.80042147205131,28.224135212746365],[-96.93476937366638,28.12388360587504],[-96.96275305352874,28.123376219054574],[-97.00139996239778,28.137216813585756],[-97.02521709312926,28.125141824164892],[-97.02286729211514,28.107342891747845],[-97.035528,28.082812097766052],[-97.02598297425193,28.04172825108008],[-97.12912974229546,27.918401307406167],[-97.18719255930161,27.82413694769538],[-97.2251683926,27.825732331340536],[-97.24956235962996,27.87424681903537],[-97.27318320868152,27.881507061421196],[-97.32506891154728,27.867833516797127],[-97.37971116281663,27.836507636252843],[-97.39152626313003,27.813882463569737],[-97.39309599747654,27.783409945144648],[-97.36861214904081,27.742128713312017],[-97.31711374301167,27.712954215320448],[-97.25396974674054,27.69668810709912],[-97.2965390827263,27.613926817284057],[-97.29406885420885,27.594100924557175],[-97.32170949555687,27.570126561699993],[-97.34351072156483,27.517199257871397],[-97.3505534511128,27.478580302714523],[-97.36637937047745,27.448215607471884],[-97.37294431495862,27.401227457514096],[-97.40195715776169,27.33558014552896],[-97.42026731650905,27.317263463869555],[-97.45118029223563,27.313316970989526],[-97.48241928563527,27.298084387910585],[-97.50830773276186,27.275026396614283],[-97.53221984346591,27.278587623664116],[-97.5469633590458,27.290776841751555],[-97.53099035301574,27.29076879056173],[-97.50439160339457,27.307373865852078],[-97.50257349203974,27.32255124805208],[-97.48428891758127,27.34099398626212],[-97.4870942771327,27.358147532314685],[-97.50503370232988,27.36523088128079],[-97.6090716203249,27.28520437071668],[-97.63418436615692,27.28403061414328],[-97.63924901699802,27.255846007638976],[-97.62879007498847,27.24335709465735],[-97.54243734327443,27.22929890030655],[-97.51864400166147,27.231794106625518],[-97.45028639097319,27.262533666721836],[-97.42408842568007,27.264061192863693],[-97.44368541234478,27.1162455512316],[-97.45341504908535,27.112777613295854],[-97.46174200080739,27.09563642996372],[-97.48372739402494,27.102077702201445],[-97.4950567740293,27.094302176344648],[-97.4926233284232,27.078467042435083],[-97.47752903770022,27.066104492511183],[-97.48761475872902,27.053094139681548],[-97.48564959400649,27.037552823377215],[-97.4739632240637,27.029207047399844],[-97.47854453264685,26.999193384918726],[-97.53632053841672,26.99965764920025],[-97.55265445913598,26.990012144819275],[-97.55532319952262,26.93996048467753],[-97.54012345630409,26.90097219743413],[-97.5515888229718,26.889285291059227],[-97.5623813958394,26.842868376483096],[-97.55121598974812,26.827005547599715],[-97.50983800270764,26.803504597136214],[-97.48433836695666,26.76359942101267],[-97.47167187943279,26.758713526474665],[-97.44531598867343,26.60895822109563],[-97.41696767390837,26.553634579071232],[-97.43053906944243,26.506073153780783],[-97.42638389238469,26.484425087718897],[-97.4409386654727,26.455555069381997],[-97.41162353458898,26.447268279841275],[-97.41494596081994,26.412620209835072],[-97.40257441629669,26.40988360985999],[-97.39506398919006,26.417232461950707],[-97.37777838711536,26.409096914154826],[-97.36963894220132,26.3946019628946],[-97.38896808989617,26.36430809244576],[-97.38834146976035,26.33813120028469],[-97.37632504935837,26.336526190763962],[-97.35791414793316,26.356484662822545],[-97.34341944642354,26.35922119252949],[-97.33045449174864,26.350579026756787],[-97.34862969109747,26.31899407996207],[-97.3448939951103,26.274283689663573],[-97.33474562396006,26.265673053763273],[-97.31187511155301,26.273723377094196],[-97.30708868142094,26.252895330977747],[-97.32123493092348,26.23067965976822],[-97.29654872490309,26.200476679399927],[-97.3054596228938,26.1595539316492],[-97.28210609597508,26.12030097813198],[-97.28994716121008,26.103521269588345],[-97.26937823416236,26.086070957104674],[-97.19966106605568,26.0770354678892],[-97.19623177015225,26.056846943269093],[-97.18611848387452,26.051983512402558],[-97.16565061713688,26.06994924439603],[-97.1840196079374,26.21448942976786],[-97.21474420211248,26.35304103012445],[-97.24027505787016,26.40598487460503],[-97.24767365814337,26.456243701611637],[-97.27525582837606,26.518331264345477],[-97.2923900933111,26.5280248492382],[-97.31071870017088,26.556560256575718],[-97.30885808891574,26.577158713715693],[-97.33847748875712,26.64743046390561],[-97.34504003007618,26.697540498587536],[-97.37042776206906,26.723899111090475],[-97.36422627779409,26.758991422029528],[-97.36892479324742,26.797088670713347],[-97.38744794844686,26.820793620663352],[-97.39007993626386,27.156281695455768],[-97.37926670092455,27.19411228841051],[-97.38666029030645,27.20470581051632],[-97.37330371856068,27.27644758471381],[-97.35896929363795,27.31031428306862],[-97.3667586173157,27.333278594073686],[-97.36178566938408,27.359984531788992],[-97.3312026239238,27.412379432536962],[-97.31726518788126,27.463683410525583],[-97.24058219743942,27.592612370558395],[-97.24262870406012,27.607457147296174],[-97.23137511245636,27.63232448683921],[-97.21331882740022,27.63386863014454],[-97.20091957311463,27.650224447183245],[-97.20307762851014,27.68799210317381],[-97.18883406758147,27.69458096784963],[-97.16616681280287,27.732362585424696],[-97.14785338077145,27.735381128900464],[-97.1315059404164,27.75094790516423],[-97.10415830012134,27.788368394261045],[-97.10072998574655,27.818193217788952],[-97.1344723225435,27.8252055105696],[-97.05443137924513,27.84514007368126],[-97.01712452346612,27.90124458446425],[-97.01637113577398,27.917248297751424],[-96.98548036069094,27.954922457206795],[-96.98664716252304,27.98075734067807],[-96.96792317891695,28.019837678577034],[-96.95244922330807,28.018322720649998],[-96.92923036743797,28.03978659699902],[-96.9270724387284,28.0572830263858],[-96.8902809939575,28.080567517428886],[-96.87941522717544,28.131392389767548],[-96.84674262323132,28.10988624122267],[-96.82620493141602,28.113061471531122],[-96.81074272378913,28.12831438205041],[-96.82284425331096,28.167474890018617],[-96.81619930107827,28.174946137526437],[-96.79195482269667,28.18867581255008],[-96.70728297586821,28.19757263083316],[-96.70330106769019,28.216435880991696],[-96.66700305624646,28.226133352517756],[-96.65184774368969,28.251266528894345],[-96.61557447927287,28.27267122337889],[-96.59292901315764,28.296964458022693],[-96.55197401108957,28.30306162116345],[-96.5289020891253,28.32249268785582],[-96.45101220276588,28.3370796199827],[-96.40321285833797,28.3714619216098],[-96.39785952201363,28.34351741572481],[-96.41370617996411,28.327352958799377],[-96.54816943124236,28.27057767145881],[-96.69448791126784,28.182235865310346],[-96.84928123479686,28.065208519715384],[-96.96686567839637,27.950668074160685],[-97.1664955805043,27.67686414005326],[-97.30457926536482,27.40743611525579],[-97.3502970309965,27.268441267715062],[-97.37090186972324,27.161421332840394],[-97.37912623309315,27.047725650860688],[-97.37076078839425,26.91003066656242],[-97.33293661505829,26.736193287118954],[-97.22988059110898,26.43368046927876],[-97.19461644300034,26.306389588482258],[-97.15202129233161,26.06210358477925],[-97.14558047463265,25.971140629225797],[-97.27088603259241,25.951913263751262],[-97.34722670432491,25.931239822066853],[-97.36302191508577,25.913894456950132],[-97.36673497970334,25.8850721672235],[-97.40835910311891,25.85647119921146],[-97.51144111534164,25.887655713476885],[-97.58255948757541,25.937863578422892],[-97.67603951902605,26.034412879456756],[-97.88870107199983,26.064893388880716],[-98.00461625915811,26.061216850704557],[-98.04451858256698,26.043760298200006],[-98.24166046217817,26.074555390245283],[-98.38668808731143,26.157880201671013],[-98.44076946600538,26.21282128363424],[-98.58581978234878,26.25734303575846],[-98.62101755805669,26.259243681737797],[-98.63290306334058,26.250362678711248],[-98.70566829011396,26.27749096074106],[-98.75089550234935,26.33092513010424],[-98.80699247630515,26.368941041325424],[-98.86135325763186,26.36600630213815],[-99.04734373912866,26.40687116808531],[-99.10571015589353,26.43872868130587],[-99.16798659750145,26.557802883580308],[-99.2422550803332,26.787704863814806],[-99.26846096922954,26.842811787781685],[-99.3219604917723,26.90666438529109],[-99.37914186248732,26.934498741084695],[-99.44651197472612,27.023013053106332],[-99.45230585241036,27.06266842218253],[-99.43001426934597,27.09537218571185],[-99.4264013511588,27.175023953950475],[-99.44130717027298,27.248546958276787],[-99.45396102838413,27.264616464954045],[-99.49467040353922,27.277606657461497],[-99.53775691521149,27.316070922979122],[-99.50725675522044,27.356092798898736],[-99.49309026056675,27.389865813024997],[-99.48047912057233,27.483159277479942],[-99.51941851149664,27.5735479053627],[-99.54260909142621,27.606288234993663],[-99.59972056148388,27.640708381880714],[-99.66617131917549,27.638334871037976],[-99.84366902329602,27.774759756499538],[-99.87616420371901,27.806282796335896],[-99.90140724367046,27.86398189218979],[-99.89913790028208,27.9055456388536],[-99.99143829982144,27.99456688975328],[-100.08437549205853,28.14451633324935],[-100.20244103512066,28.1905645851534],[-100.29138221556248,28.27540377602842],[-100.3469756514141,28.407233336630437],[-100.33576774056218,28.49740032931509],[-100.38695538723238,28.514035094947094],[-100.40504681794623,28.53578671678453],[-100.43016786970811,28.596196408118068],[-100.5003448859403,28.66196597269402],[-100.51196687533846,28.70511765997236],[-100.50778095047333,28.74056100644864],[-100.53569891759646,28.80565822859222],[-100.54753028978692,28.82593313020312],[-100.64008363689939,28.915838358559117],[-100.65142090256296,28.94321184254251],[-100.6467167457172,28.990129614746824],[-100.67568109073002,29.10100333432047],[-100.79813402800552,29.247180556983867],[-100.95316193705766,29.347031509183537],[-100.99559890677654,29.36341424714227],[-101.03762909445048,29.41468844697621],[-101.06089405703055,29.458524380958835],[-101.08765935710792,29.469406632351237],[-101.13749944926701,29.473554230598726],[-101.23526459829877,29.524861234625075],[-101.24947319843744,29.62238461521909],[-101.31325666208248,29.658516477046135],[-101.34373571643293,29.662058755333764],[-101.40518706424989,29.757475188795095],[-101.45619624098417,29.770194087041673],[-101.62088661857642,29.771037042510745],[-101.64641898873141,29.75431535788905],[-101.76182548847038,29.77719604035528]],[[-97.18231246335955,26.047817226701504],[-97.22448521827272,26.02277212484092],[-97.21382870591725,25.99313109403625],[-97.17579703243051,25.999677040411836],[-97.16324566271041,26.014173142344056],[-97.17014924462136,26.040345330872626],[-97.18231246335955,26.047817226701504]]]}},{"type":"Feature","properties":{"utility":"central_texas_elec_coop"},"geometry":{"type":"Polygon","coordinates":[[[-100.11644947580108,30.290307530759584],[-100.11520455404167,31.087982507487204],[-99.6068625651988,31.089565229050937],[-99.60183950207664,31.49192885223714],[-99.5134657926121,31.426397033804356],[-99.40228525037384,31.446186140247256],[-99.31635784225399,31.410940040693436],[-99.20276503903924,31.467219996153844],[-99.09110626901077,31.460999651579378],[-98.99161384681342,31.484058442102032],[-98.96526416731241,31.437279215000785],[-98.87250687137826,31.444285630094956],[-98.85267893882775,31.41417645795903],[-98.77300853281288,31.41091497546698],[-98.76095939571809,31.388501556608603],[-98.75124847834667,31.391834697715268],[-98.72609319290805,31.42825956617542],[-98.56286677961032,31.230736641840423],[-98.51035416623489,31.15566321867208],[-98.52025444397283,31.087117307816083],[-98.43969980315194,31.02953083043353],[-98.4449418500522,30.921160331717005],[-98.37689389431792,30.834891498273485],[-98.42605527324676,30.784569464595226],[-98.37192303626425,30.74048377596539],[-98.4368712111363,30.669857081376456],[-98.35256817159053,30.489456466766892],[-98.1255750645094,30.426178880170934],[-98.17338536568495,30.355268932924897],[-98.29760981349571,30.038000947742784],[-98.64612895879307,29.74519088878256],[-98.77901955038163,29.720243845157007],[-99.17797290296298,29.89504633813368],[-99.59449897146368,29.90727361816103],[-99.60280518014441,29.897430126510265],[-99.60314134201607,29.627192254286197],[-100.01417682770368,29.62350714143151],[-100.03086410369443,29.848271486948807],[-99.96761756334911,30.08234452245983],[-99.76058211287038,30.077261262033435],[-99.75447006349386,30.282500947103753],[-99.76431521052194,30.290686712624428],[-100.11644947580108,30.290307530759584]]]}},{"type":"Feature","properties":{"utility":"cherokee_county_elec_coop"},"geometry":{"type":"Polygon","coordinates":[[[-95.59452995240443,32.68700544922822],[-95.47192615198945,32.60658987022184],[-95.33216686784532,32.60423652524985],[-95.17381401762896,32.546453107043284],[-95.15340388356906,32.57010202631216],[-94.986946533798,32.53723648994022],[-94.98643615678422,32.380780854942046],[-94.97933962904486,32.3712435078308],[-94.63857335930754,32.370539183271575],[-94.60507617658034,32.36170153948383],[-94.57921190191885,32.39490313283097],[-94.49183593316023,32.39412562246485],[-94.58035348368325,32.201324311719816],[-94.5990184019969,31.98218591981825],[-94.58996846562648,31.97333033582609],[-94.51143817676035,31.973972739644097],[-94.45242259621928,31.84427770366896],[-94.39571164610703,31.64095271939813],[-94.31105522840477,31.58924513266838],[-94.33944073256474,31.244849536284804],[-94.32671434197279,31.224866336562627],[-94.49278814008447,31.40235250618955],[-94.53062717852313,31.398667055519784],[-94.5484772360691,31.432001470478255],[-94.72867438715052,31.457240704253476],[-94.86521368986033,31.525206959207864],[-95.00334673578664,31.425723961024087],[-95.10137446808405,31.469895796976857],[-95.17651163657308,31.583584090854085],[-95.27318034956669,31.592895430065084],[-95.26262337496004,31.615373679628313],[-95.41071862981306,31.83195644830958],[-95.44673398882477,31.843125530400336],[-95.4288491512169,32.08239319845993],[-95.45683251534918,32.11231438201829],[-95.48872006266944,32.23248585265374],[-95.45087788256956,32.353736154432156],[-95.59428882363814,32.47986314226762],[-95.59452995240443,32.68700544922822]]]}},{"type":"Feature","properties":{"utility":"city_of_coleman"},"geometry":{"type":"Polygon","coordinates":[[[-99.72168642379465,31.576764877934842],[-99.71395975428314,32.08207746770546],[-99.19588271676706,32.07922346864761],[-99.20277977450053,31.46724129329481],[-99.31487549444002,31.40988749842572],[-99.40232929744941,31.445768355252362],[-99.51367470777123,31.42550899433679],[-99.72168642379465,31.576764877934842]]]}},{"type":"Feature","properties":{"utility":"coleman_county_elec_coop"},"geometry":{"type":"Polygon","coordinates":[[[-101.26793477803247,31.52870045877337],[-101.26761898404446,31.556451017920438],[-100.86730750157453,31.565733343121583],[-100.86108771552887,31.705402971037152],[-100.83475805370915,31.699057881030395],[-100.82530678290235,31.707943300136233],[-100.82158264310578,32.086598444103664],[-100.15547362346642,32.08485397801736],[-100.14653175559954,32.52278157173108],[-99.11430475575334,32.514799358072466],[-99.11742811400674,32.0848732303832],[-99.10864551785173,32.079504179423225],[-98.92440708097001,32.078006640862576],[-98.66845977233244,31.70052236183025],[-98.75793315410954,31.686989620728163],[-98.77996107577239,31.610742532076724],[-98.99185932413741,31.48401225430913],[-99.09062298689226,31.460938351539163],[-99.20320795705432,31.46675826629442],[-99.31487549444002,31.40988749842572],[-99.40232929744941,31.445768355252362],[-99.51367470777123,31.42550899433679],[-99.58669407670286,31.480469087995992],[-99.59760638476119,31.480166306661722],[-99.60323442840863,31.087307482895344],[-100.68875271772056,31.086587421976034],[-100.69661872943496,31.52176724045457],[-101.26793477803247,31.52870045877337]]]}},{"type":"Feature","properties":{"utility":"city_of_college_station"},"geometry":{"type":"Polygon","coordinates":[[[-96.60168911258044,30.640543912569722],[-96.58378964919,30.661339313562525],[-96.58151203184977,30.688879019291228],[-96.45721080589581,30.745457786814004],[-96.34935258577494,30.911412540920686],[-96.24102529527264,30.973722782393377],[-96.16838442236282,30.822994354417556],[-96.18712910480401,30.597361369849136],[-96.12268787895705,30.44596753113994],[-96.0799926232533,30.430026408654918],[-96.14590598081422,30.38321353312786],[-96.1546376475322,30.330314243541327],[-96.20045389399984,30.382082323069984],[-96.2991576983611,30.379164071056255],[-96.30634115431823,30.39171971896761],[-96.28882306713304,30.41656633920124],[-96.2869245373752,30.43895829114068],[-96.35932631544065,30.54185841614899],[-96.50967361342072,30.627311205108647],[-96.60168911258044,30.640543912569722]]]}},{"type":"Feature","properties":{"utility":"concho_valley_elec_coop"},"geometry":{"type":"Polygon","coordinates":[[[-101.77617949869155,31.079795484202915],[-101.77607359140855,32.08691368385913],[-101.18750913981509,32.08941275724211],[-101.17455050417911,32.527691421589665],[-100.14655474559082,32.52278144683158],[-100.14890690988177,32.08560195828223],[-99.71398286897701,32.082077325769816],[-99.72158518791747,31.581060486162176],[-99.60186123190456,31.49194421259446],[-99.60323442840863,31.087307482895344],[-101.77617949869155,31.079795484202915]]]}},{"type":"Feature","properties":{"utility":"cooke_county_elec_coop"},"geometry":{"type":"Polygon","coordinates":[[[-97.97895543995998,33.433759567194656],[-97.97779875777091,33.88987206177445],[-97.8778045076503,33.85042679260244],[-97.83490719143755,33.85758435979072],[-97.73409135433513,33.93606579001576],[-97.69310192728143,33.983690493714924],[-97.67177093109584,33.99135705359516],[-97.60933532807728,33.968203940368284],[-97.58960784372456,33.953546027340344],[-97.59679691013564,33.91727132064736],[-97.5854649288625,33.90188689715181],[-97.5539480774743,33.89769097039368],[-97.50095912631245,33.91963029061219],[-97.45807643131644,33.901626684926875],[-97.45146356219138,33.87114611857647],[-97.4616615242994,33.83959820150714],[-97.45174753934057,33.827832371714706],[-97.42648403534547,33.81947195061168],[-97.37270022253965,33.82025600731841],[-97.31083281330994,33.872445627185066],[-97.21092423705157,33.91604992171764],[-97.1808566861228,33.895197715511195],[-97.16664288949939,33.84730918160614],[-97.17163506879004,33.8353468258128],[-97.20014793728036,33.82653303779202],[-97.20410744764426,33.79862953011592],[-97.17206870737995,33.73764019247852],[-97.13752172188227,33.718708206558304],[-97.11931827668253,33.71767955273277],[-97.09628335806231,33.7288017889606],[-97.04796300957203,33.817925165046034],[-96.98600042435068,33.886246855788684],[-96.9728600878874,33.93568978831185],[-96.92211320391776,33.95956784519171],[-96.89945152248644,33.93372529876712],[-96.89572550428949,33.896969572437946],[-96.88340114294998,33.86902598289974],[-96.85646081675915,33.84773584844426],[-96.76253826369113,33.82468589624718],[-96.7139197305798,33.831460459490785],[-96.69466068518999,33.850005928437184],[-96.67857098653118,33.89278029328401],[-96.65864261839073,33.90006657372412],[-96.61523026960876,33.88092540441313],[-96.61001695153301,33.832413736473484],[-96.50154303632316,33.7734787176718],[-96.44804428789719,33.781012254114465],[-96.42336794424845,33.77635542048498],[-96.37848613899348,33.72664589426799],[-96.38461346812522,33.39783930368475],[-96.82409285754225,33.40533947499091],[-96.83296907236816,33.40025326129651],[-96.84399009667048,32.98756545520381],[-97.92163054741407,33.00129516331543],[-97.91831051913783,33.424759200870234],[-97.92632626757732,33.43366166097792],[-97.97895543995998,33.433759567194656]]]}},{"type":"Feature","properties":{"utility":"comanche_county_elec_coop"},"geometry":{"type":"Polygon","coordinates":[[[-99.63140146245712,32.08128543516104],[-99.62958003615812,32.514412150866086],[-99.61202543471835,32.52465514394199],[-99.61198951235026,32.95695051684223],[-98.57562743767164,32.954337656904094],[-98.57605883103805,32.523166254190016],[-98.56749212317311,32.51514766837895],[-98.47517694954152,32.51279344723785],[-98.4751454206703,32.298923722936586],[-98.54154987756412,32.26612175200266],[-98.54577522389431,32.25444506285749],[-98.33124647454935,31.94694306346896],[-98.3206152479516,31.944819145054343],[-98.25121465306606,31.980112685867528],[-98.15658527449618,31.84171738117929],[-98.45855288737776,31.682741460881854],[-98.26681027666221,31.410524261380743],[-98.56273661149886,31.230596172011804],[-98.72153006480326,31.420934538814475],[-98.7330145392463,31.41814505010682],[-98.76258496946461,31.375307064643597],[-98.77564894084698,31.409862790576426],[-98.8542848181194,31.41343713647057],[-98.87474957954133,31.44326900516702],[-98.96715203415229,31.43591556156358],[-98.99454153402819,31.482247168127863],[-99.09062298689226,31.460938351539163],[-99.20275700040156,31.46724428162628],[-99.19762054169118,32.07476456297605],[-99.63140146245712,32.08128543516104]]]}},{"type":"Feature","properties":{"utility":"city_of_cuero"},"geometry":{"type":"Polygon","coordinates":[[[-97.75509230808407,29.00711126932826],[-97.2401093581429,29.38447305964853],[-96.97639574186945,29.104047660303706],[-97.30591681391583,28.864049772809715],[-97.41874802357513,28.923221057797715],[-97.57463751312059,28.813314628746244],[-97.75509230808407,29.00711126932826]]]}},{"type":"Feature","properties":{"utility":"deaf_smith_electric_coop"},"geometry":{"type":"Polygon","coordinates":[[[-103.04396750020037,34.31276050360824],[-103.04154264093879,35.6224756797798],[-102.16282056382954,35.62750336510758],[-102.16876183661523,34.756508919828136],[-102.15974719700843,34.74750688165365],[-101.99850453019425,34.74817840476796],[-101.99803153662543,34.31305053569756],[-103.04396750020037,34.31276050360824]]]}},{"type":"Feature","properties":{"utility":"deep_east_texas_elec_coop"},"geometry":{"type":"Polygon","coordinates":[[[-94.98539947850372,32.37080847605343],[-94.63857335930754,32.370539183271575],[-94.60507617658034,32.36170153948383],[-94.57921190191885,32.39490313283097],[-94.49182059441998,32.39412472044645],[-94.34648925689233,32.33111197223075],[-94.04291222945115,32.39226917033113],[-94.04200694467345,32.00069685403146],[-94.01563608637764,31.979850934721913],[-93.97566807484148,31.924178396324844],[-93.92029698814743,31.888640763603476],[-93.84004034881174,31.800589571462876],[-93.81249068077193,31.715244575991594],[-93.83304606695363,31.582605222646873],[-93.7980550745417,31.53408248078144],[-93.72962200548395,31.487914537852394],[-93.6947829756552,31.408509524327805],[-93.64082056034084,31.372540247220442],[-93.66937752275767,31.300657293799638],[-93.61452183854114,31.26106347891459],[-93.59865573559577,31.174771916847213],[-93.58466424934645,31.166394873772756],[-93.54920459774085,31.186525493391546],[-93.5317550593103,31.18081328228148],[-93.52766018505537,31.07451022146807],[-93.54024618938807,31.007628382469303],[-93.53094774260103,30.924536096183108],[-93.55844694515365,30.869374321723527],[-93.56330228059218,30.818507554684757],[-93.7271619981357,30.57511035984863],[-93.73836366062419,30.543482969702193],[-93.71012669771223,30.506395072329788],[-93.69828074825328,30.438889289661923],[-93.75637446383473,30.39137713200878],[-93.76525592003001,30.335973058111552],[-93.7368831087171,30.300632198953238],[-93.72058558095688,30.29594490417899],[-93.71623511728055,30.244329040166534],[-94.11758758357014,30.241676810994583],[-94.08398986731738,30.341694025886326],[-94.11648474405503,30.433965291949146],[-94.07288924414298,30.52456486106112],[-94.09479936781905,30.5755419175513],[-94.05623446372891,30.639882905576826],[-94.12581321482403,30.68405978000051],[-94.14924534044148,30.785515931525993],[-94.17942234953142,30.79520627317317],[-94.24368442832825,30.98331522214338],[-94.24282579783677,31.013049692665085],[-94.35375347195075,31.038947832963828],[-94.45111836752767,31.003460860139967],[-94.45780584868969,31.033316807967562],[-94.15398383219969,31.094386156407616],[-94.1467813000407,31.108172614034583],[-94.32660406267208,31.224754463673943],[-94.49358957316677,31.40298210988636],[-94.53062717852313,31.398667055519784],[-94.54945925476284,31.432296437968645],[-94.72867438715052,31.457240704253476],[-94.86565384770908,31.526812793340376],[-94.95195668287708,31.64135605924791],[-94.96715692464163,31.753766325337953],[-94.94137096451902,31.837525324220838],[-94.94912299504045,31.84551761113349],[-94.9850371959117,31.846436260639834],[-94.98539947850372,32.37080847605343]]]}},{"type":"Feature","properties":{"utility":"city_of_denton"},"geometry":{"type":"Polygon","coordinates":[[[-97.39846864705797,32.99084919867166],[-97.38308395697845,33.43043819572686],[-96.94402492519177,33.41641543642268],[-96.83401619109436,33.40549323772637],[-96.84399009667048,32.98756545520381],[-97.39846864705797,32.99084919867166]]]}},{"type":"Feature","properties":{"utility":"coserv"},"geometry":{"type":"Polygon","coordinates":[[[-97.92163054741407,33.00129516331543],[-97.9181777109445,33.433861625481484],[-97.49728842363815,33.433974682274275],[-97.48780843215305,33.440034623621095],[-97.48405998629113,33.91566140216958],[-97.45096778072163,33.89139387095296],[-97.45926166223904,33.835054033853645],[-97.42527013965885,33.81939927876044],[-97.37270022253965,33.82025600731841],[-97.31083281330994,33.872445627185066],[-97.22651899573437,33.91463144792137],[-97.21069483558473,33.9159275357155],[-97.1808566861228,33.895197715511195],[-97.16664288949939,33.84730918160614],[-97.17163506879004,33.8353468258128],[-97.20014793728036,33.82653303779202],[-97.20410744764426,33.79862953011592],[-97.17088106580556,33.736352938529144],[-97.15123034150436,33.72267160146563],[-97.12111780253588,33.71734367634961],[-97.09319837494415,33.73231958089175],[-97.04796300957203,33.817925165046034],[-96.98647268379807,33.885497998481235],[-96.9728600878874,33.93568978831185],[-96.92211320391776,33.95956784519171],[-96.89945152248644,33.93372529876712],[-96.89572550428949,33.896969572437946],[-96.88340114294998,33.86902598289974],[-96.85646081675915,33.84773584844426],[-96.76253826369113,33.82468589624718],[-96.7139197305798,33.831460459490785],[-96.69466068518999,33.850005928437184],[-96.67857098653118,33.89278029328401],[-96.65864261839073,33.90006657372412],[-96.61523026960876,33.88092540441313],[-96.61001695153301,33.832413736473484],[-96.50154303632316,33.7734787176718],[-96.44804428789719,33.781012254114465],[-96.42336794424845,33.77635542048498],[-96.37848613899348,33.72664589426799],[-96.38446502797049,33.35139303840935],[-96.37430190157319,33.342406442434005],[-96.29542485928708,33.35192267945581],[-96.2972384064657,32.981763491551064],[-97.02704142867299,32.98815006159626],[-97.03234489155012,32.97937967897704],[-97.03839634313239,32.5486737182283],[-97.55057046624202,32.55540228907976],[-97.546490754,32.99103637860687],[-97.92163054741407,33.00129516331543]]]}},{"type":"Feature","properties":{"utility":"el_paso_electric"},"geometry":{"type":"Polygon","coordinates":[[[-106.62779634792827,31.860594822459483],[-106.6147365343883,31.955817911778247],[-106.59884942259086,32.00074340980396],[-104.0245333162202,31.99999871092984],[-104.10236228461436,31.10521040079033],[-104.98536479811685,30.623808053953613],[-105.04492750081668,30.684301025083307],[-105.12885781552744,30.749772224994995],[-105.20878513698169,30.798129923332645],[-105.26547545703595,30.802546828256126],[-105.39461810122292,30.858929370216618],[-105.4132210009675,30.894221846330527],[-105.55678187985794,30.98947725810111],[-105.60380305742949,31.082901518946315],[-105.6484419734954,31.11555095950895],[-105.70948598361976,31.13638495286195],[-105.75070372010508,31.16509723871352],[-105.79371408424575,31.20171796947396],[-105.8683644356157,31.28742098919593],[-105.92312107639924,31.312101855047658],[-105.98197351349378,31.37576892555372],[-106.00785299241328,31.3930018124751],[-106.1327771996681,31.42537816228422],[-106.20302364463217,31.46421337256958],[-106.38043557302984,31.73128263900311],[-106.4348112940352,31.756372404929703],[-106.47271890703962,31.751919413134395],[-106.52853189715492,31.783913434410987],[-106.53795388344412,31.79974871607845],[-106.62779634792827,31.860594822459483]]]}},{"type":"Feature","properties":{"utility":"city_of_electra"},"geometry":{"type":"Polygon","coordinates":[[[-98.95307642929515,33.83401158307028],[-98.95251600774534,34.195604867284054],[-98.85793964625562,34.152692067129095],[-98.76556679569178,34.136411468661066],[-98.70129953602441,34.13605992915597],[-98.6523422087853,34.161015759203],[-98.59979270113169,34.16055703051619],[-98.55372613948632,34.133649886024386],[-98.50473988529647,34.073399429790555],[-98.47888292120611,34.06538628788341],[-98.43377942833465,34.09609369606387],[-98.42358944968052,33.83605891528029],[-98.95307642929515,33.83401158307028]]]}},{"type":"Feature","properties":{"utility":"fannin_county_electric_coop"},"geometry":{"type":"Polygon","coordinates":[[[-96.94460017343654,33.948987139888466],[-96.92211320391776,33.95956784519171],[-96.90739703451338,33.95001731439299],[-96.88387778269346,33.86995646576356],[-96.85646081675915,33.84773584844426],[-96.76253826369113,33.82468589624718],[-96.7139197305798,33.831460459490785],[-96.69466068518999,33.850005928437184],[-96.67857098653118,33.89278029328401],[-96.65864261839073,33.90006657372412],[-96.61523026960876,33.88092540441313],[-96.61001695153301,33.832413736473484],[-96.50154303632316,33.7734787176718],[-96.44804428789719,33.781012254114465],[-96.42336794424845,33.77635542048498],[-96.36766576145165,33.71892871485569],[-96.30467231350337,33.745889359643336],[-96.2199906405398,33.74757157325434],[-96.18181050682267,33.75868189181127],[-96.1692079832636,33.77131648691336],[-96.14806180051046,33.837789476392295],[-95.9502134915101,33.85743330445703],[-95.82521739036537,33.83786894254113],[-95.7695484051439,33.846961250944815],[-95.75714727593632,33.86728494206262],[-95.59967597346404,33.93423697816442],[-95.55942330064438,33.93016858273281],[-95.54915663761314,33.90794774318608],[-95.55172197576915,33.888539468192384],[-95.54289196682493,33.87998952345732],[-95.40830819629564,33.8663423699279],[-95.31048627870098,33.87146857466739],[-95.30864878742358,33.3806784021084],[-95.62148777188129,33.48704645887596],[-95.75746402167358,33.494876577196464],[-95.82673232061319,33.459049463258886],[-95.85426534079477,33.458583329140595],[-95.86253353597925,32.97958311677072],[-95.94493999373655,32.97756446668361],[-95.9850492794961,32.880642938238104],[-95.93446414967127,32.83722744916784],[-96.29731068918362,32.84173413859625],[-96.29728114682474,32.97274956627451],[-96.30526031533137,32.9815806395502],[-96.84396710025526,32.98756552590072],[-96.83460979358804,33.399177113018446],[-96.84226198923486,33.40627379641493],[-96.94384850130999,33.41642042844314],[-96.94460017343654,33.948987139888466]]]}},{"type":"Feature","properties":{"utility":"farmers_ec"},"geometry":{"type":"Polygon","coordinates":[[[-97.0383732024847,32.54867354489163],[-97.03227564761171,32.98931257841823],[-96.85386655606044,32.98765554145404],[-96.84459828527827,32.993655996351855],[-96.83399291538751,33.40549243995475],[-96.38902051539372,33.3998047006415],[-96.3793481693464,33.725092533518726],[-96.3657349435438,33.71899501327163],[-96.30467231350337,33.745889359643336],[-96.2199906405398,33.74757157325434],[-96.18270131823489,33.75820788669334],[-96.1692079832636,33.77131648691336],[-96.14806180051046,33.837789476392295],[-95.94993569504679,33.85743642194038],[-95.84634542248357,33.841126528912795],[-95.85745402106726,33.47117005180506],[-95.85125341946687,33.461617653916385],[-95.82499204718313,33.46000707811655],[-95.75843676187398,33.49508768654712],[-95.62125152191382,33.48707313354833],[-95.30344878254913,33.378647218158115],[-95.12546203981097,33.38944226452995],[-95.1261295340542,33.034824522217676],[-95.15215909318945,33.01146653538163],[-95.15340904040636,32.57036047524708],[-95.16752810134595,32.543970451287095],[-95.33164310634028,32.60399466718999],[-95.47296656543817,32.6064370855426],[-95.57983612120083,32.67721921139647],[-95.59409303963609,32.67127214889961],[-95.59357917978733,32.48071544707339],[-95.4491934356484,32.35524359202905],[-96.4521302781247,32.35864254977792],[-96.53372437406155,32.54488331115432],[-97.0383732024847,32.54867354489163]]]}},{"type":"Feature","properties":{"utility":"fayette_electric_coop"},"geometry":{"type":"Polygon","coordinates":[[[-97.85876735338829,29.352890925972282],[-97.63317257689339,29.64984718470235],[-97.59386336387779,29.632908934219774],[-97.32360553053961,29.784039821609714],[-97.32640077401484,29.795479063028186],[-97.64942706230708,30.067870294382114],[-97.49246168893391,30.210401414763137],[-97.3695346612409,30.419548293017645],[-97.33164830696242,30.403743519370742],[-97.15610727725739,30.457073910073394],[-96.96363154633285,30.557154097921252],[-96.73847442938528,30.318252919581887],[-96.63950642822873,30.297176013481494],[-96.35897346547905,30.372624098885268],[-96.3396400235835,30.368922632587434],[-96.3127938426643,30.384286632216202],[-96.19954947512639,30.38289751499128],[-96.15412450283105,30.33005186612838],[-96.08590474939088,30.28897720650622],[-96.09317578867325,30.225196173754856],[-96.15869468454382,30.205504723281503],[-96.1899465098202,30.135282461085314],[-96.14646655425061,30.07081289804436],[-96.08455707115884,30.005137401104204],[-96.12251917181737,29.966242307750267],[-96.12132222749806,29.846894341428033],[-96.04924384192374,29.803179569216113],[-96.032718285953,29.727942977202975],[-96.02486287261205,29.602888860490015],[-96.08891014256965,29.60166892642321],[-96.17832959867006,29.630920045105366],[-96.30716220799493,29.514744381519975],[-96.34922705058997,29.40606080289297],[-96.6403132307473,29.24781931160447],[-96.66418793816435,29.259720273152094],[-96.93858551762986,29.063258736476193],[-97.23805419019031,29.38062994893863],[-97.61313092298923,29.109780817665886],[-97.85876735338829,29.352890925972282]]]}},{"type":"Feature","properties":{"utility":"farmers_electric_coop_nm"},"geometry":{"type":"Polygon","coordinates":[[[-103.04396750020037,34.31276050360824],[-103.04154264093879,35.6224756797798],[-102.16282056382954,35.62750336510758],[-102.1688503975172,34.747428417766706],[-102.52292449627541,34.74328841505612],[-102.52564244729965,34.31304544080825],[-103.04396750020037,34.31276050360824]]]}},{"type":"Feature","properties":{"utility":"city_of_farmersville"},"geometry":{"type":"Polygon","coordinates":[[[-96.84396710025526,32.98756552590072],[-96.83399291538751,33.40549243995475],[-96.38618734878057,33.3980368717128],[-96.37909450492835,33.34351371014511],[-96.29542485928708,33.35192267945581],[-96.2972384064657,32.981763491551064],[-96.84396710025526,32.98756552590072]]]}},{"type":"Feature","properties":{"utility":"city_of_flatonia"},"geometry":{"type":"Polygon","coordinates":[[[-97.85876735338829,29.352890925972282],[-97.63317257689339,29.64984718470235],[-97.59386336387779,29.632908934219774],[-97.31793344775656,29.784714594932936],[-97.02446687061966,30.051414842993708],[-97.01957151092718,30.039636571146705],[-97.00880180940231,30.037982794041184],[-96.79454911497699,30.160531325167216],[-96.64723302024564,30.14516245454546],[-96.622057856069,30.04482390572831],[-96.56985887688124,29.9615172536412],[-96.75423484405438,29.755582585998166],[-96.87422699471654,29.63271758009068],[-97.14526866549743,29.62607171149109],[-97.20419001225501,29.57884851594825],[-97.24011795967654,29.384494227899555],[-97.61313092298923,29.109780817665886],[-97.85876735338829,29.352890925972282]]]}},{"type":"Feature","properties":{"utility":"city_of_floresville"},"geometry":{"type":"MultiPolygon","coordinates":[[[[-98.40732105047182,29.11443538481395],[-98.13697138591533,29.44052258137733],[-98.08188998818562,29.379755559690473],[-97.84040432157254,29.37678065747891],[-97.85484573913733,29.357329670796442],[-97.85325171260878,29.347390812406957],[-97.6131492411989,29.109766250037268],[-97.74593570533827,29.01374613820181],[-97.749961762171,29.004131328370246],[-97.57465689078508,28.813301812791686],[-97.77853170710311,28.66804017534659],[-97.91463704304913,28.71902429054381],[-98.00524840665197,28.69025339463532],[-98.40732105047182,29.11443538481395]]],[[[-98.190991,28.882333],[-98.19099316469779,28.882330896759076],[-98.19099320777549,28.88233094210653],[-98.190991,28.882333]]]]}},{"type":"Feature","properties":{"utility":"city_of_floydada"},"geometry":{"type":"Polygon","coordinates":[[[-101.5648444075629,34.31248141301855],[-101.04149548297204,34.31243250509209],[-101.04116942877833,33.83363635182159],[-101.56356848821682,33.83046261263564],[-101.5648444075629,34.31248141301855]]]}},{"type":"Feature","properties":{"utility":"fort_belknap_electric_coop"},"geometry":{"type":"Polygon","coordinates":[[[-99.612014498988,32.51466550399009],[-99.61198951235026,32.95695051684223],[-99.48029884019022,32.95706924289151],[-99.47170890555367,32.964139339292046],[-99.4724323969974,33.39901139481073],[-98.95759364776191,33.399816968656864],[-98.95307658976526,33.833988597430405],[-98.42358851136358,33.836035412384206],[-98.41783861045711,33.469038346581584],[-97.97893054198197,33.467117465952285],[-97.97365803875688,33.43494486183313],[-97.91820072719452,33.433861342088036],[-97.92165350161748,33.00129577175228],[-98.04715928407255,33.00314829186871],[-98.05583807339703,32.99629948980545],[-98.06855565381923,32.51163708506385],[-99.612014498988,32.51466550399009]]]}},{"type":"Feature","properties":{"utility":"city_of_fredericksburg"},"geometry":{"type":"Polygon","coordinates":[[[-99.30398417610337,30.499820255201673],[-98.591681283899,30.499863554808236],[-98.58790873365166,30.1389655884473],[-99.30097648221457,30.134309695054736],[-99.30398417610337,30.499820255201673]]]}},{"type":"Feature","properties":{"utility":"city_of_garland"},"geometry":{"type":"Polygon","coordinates":[[[-97.0383732024847,32.54867354489163],[-97.03227564761171,32.98931257841823],[-96.51687764019253,32.98229674050629],[-96.52312924202114,32.54522553070857],[-97.0383732024847,32.54867354489163]]]}},{"type":"Feature","properties":{"utility":"city_of_georgetown"},"geometry":{"type":"Polygon","coordinates":[[[-98.0498661038998,30.624167479821555],[-97.96285262429498,30.785635193834306],[-97.82850821949964,30.906174781685515],[-97.6255218782863,30.870471151732875],[-97.27142758666248,30.735682083674952],[-97.15523446618214,30.45735128261482],[-97.33446215687653,30.402854247672046],[-97.5766960835855,30.501099083699252],[-97.7752076561495,30.430006569913107],[-97.95502307608753,30.62610234862232],[-98.0498661038998,30.624167479821555]]]}},{"type":"Feature","properties":{"utility":"city_of_giddings"},"geometry":{"type":"Polygon","coordinates":[[[-97.33443633027846,30.40284003610726],[-97.15523526135577,30.457383813953378],[-96.96363154633285,30.557154097921252],[-96.74194356397157,30.32022730256092],[-96.64091310126547,30.296781270453586],[-96.73151236228752,30.243736578807862],[-96.79456054092354,30.160554698606123],[-97.01915621192936,30.032016400364714],[-97.08248145300539,30.25885220415837],[-97.33443633027846,30.40284003610726]]]}},{"type":"Feature","properties":{"utility":"city_of_goldthwaite"},"geometry":{"type":"Polygon","coordinates":[[[-98.991592267675,31.48406646048349],[-98.78191029564555,31.609782893567733],[-98.76004759462094,31.68788544074759],[-98.49280723709992,31.723595734907114],[-98.26681027666221,31.410524261380743],[-98.56273661149886,31.230596172011804],[-98.72065149789317,31.420518185231085],[-98.7330145392463,31.41814505010682],[-98.76258496946461,31.375307064643597],[-98.77564894084698,31.409862790576426],[-98.8542848181194,31.41343713647057],[-98.87474957954133,31.44326900516702],[-98.96715203415229,31.43591556156358],[-98.991592267675,31.48406646048349]]]}},{"type":"Feature","properties":{"utility":"city_of_gonzales"},"geometry":{"type":"Polygon","coordinates":[[[-97.85876735338829,29.352890925972282],[-97.63317257689339,29.64984718470235],[-97.59386336387779,29.632908934219774],[-97.31789395008627,29.78464477418237],[-97.13053388893815,29.643293869837095],[-97.20419001225501,29.57884851594825],[-97.24011795967654,29.384494227899555],[-97.61313092298923,29.109780817665886],[-97.85876735338829,29.352890925972282]]]}},{"type":"Feature","properties":{"utility":"city_of_goldsmith"},"geometry":{"type":"Polygon","coordinates":[[[-102.7990859169595,32.08554982602122],[-102.28705954469993,32.08697943618791],[-102.28735600607872,31.65128775758232],[-102.79892754325525,31.65179443570164],[-102.7990859169595,32.08554982602122]]]}},{"type":"Feature","properties":{"utility":"city_of_granbury"},"geometry":{"type":"Polygon","coordinates":[[[-98.06853487572288,32.51162818252207],[-98.06682529603496,32.558810818681565],[-97.61707720635296,32.55547279260231],[-97.61529750917056,32.31862927897387],[-97.78313822739364,32.31611174082871],[-97.94561968814611,32.233482939058916],[-98.06853487572288,32.51162818252207]]]}},{"type":"Feature","properties":{"utility":"grayson_collin_elec_coop"},"geometry":{"type":"Polygon","coordinates":[[[-97.48705345293608,33.43369238864993],[-97.48405998629113,33.91566140216958],[-97.45096778072163,33.89139387095296],[-97.45926166223904,33.835054033853645],[-97.42527013965885,33.81939927876044],[-97.37270022253965,33.82025600731841],[-97.31083281330994,33.872445627185066],[-97.22651899573437,33.91463144792137],[-97.21069483558473,33.9159275357155],[-97.1808566861228,33.895197715511195],[-97.16664288949939,33.84730918160614],[-97.17163506879004,33.8353468258128],[-97.20014793728036,33.82653303779202],[-97.20410744764426,33.79862953011592],[-97.17150312255829,33.736970514539614],[-97.15123034150436,33.72267160146563],[-97.12294840390122,33.71734146663093],[-97.09319837494415,33.73231958089175],[-97.04796300957203,33.817925165046034],[-96.98647268379807,33.885497998481235],[-96.9728600878874,33.93568978831185],[-96.92211320391776,33.95956784519171],[-96.89945152248644,33.93372529876712],[-96.89572550428949,33.896969572437946],[-96.88340114294998,33.86902598289974],[-96.85646081675915,33.84773584844426],[-96.76253826369113,33.82468589624718],[-96.7139197305798,33.831460459490785],[-96.69466068518999,33.850005928437184],[-96.67857098653118,33.89278029328401],[-96.65864261839073,33.90006657372412],[-96.61523026960876,33.88092540441313],[-96.61001695153301,33.832413736473484],[-96.50154303632316,33.7734787176718],[-96.44804428789719,33.781012254114465],[-96.42336794424845,33.77635542048498],[-96.36766576145165,33.71892871485569],[-96.30467231350337,33.745889359643336],[-96.2199906405398,33.74757157325434],[-96.18181050682267,33.75868189181127],[-96.1692079832636,33.77131648691336],[-96.14783770668387,33.83784378668815],[-95.94993569504679,33.85743642194038],[-95.84634542248357,33.841126528912795],[-95.85873514581932,33.40954085350508],[-96.29263422391583,33.350124755566206],[-96.2972384064657,32.981763491551064],[-96.84396710025526,32.98756552590072],[-96.83423981474985,33.39621685725326],[-96.84035717549587,33.405687526711816],[-96.94418994103602,33.41642087586032],[-97.48705345293608,33.43369238864993]]]}},{"type":"Feature","properties":{"utility":"greenbelt_electric_coop"},"geometry":{"type":"Polygon","coordinates":[[[-102.16882736224095,34.74742865405008],[-102.16745958092994,35.18322154258942],[-101.0885508481601,35.18580468204644],[-101.08570468630752,36.05756057034756],[-100.00041047405078,36.05566554304126],[-99.99773152900113,34.31184058558827],[-100.41777145048893,34.31353545306898],[-100.41593862218716,34.73749741904521],[-100.42396868015759,34.74734498638124],[-102.16882736224095,34.74742865405008]]]}},{"type":"Feature","properties":{"utility":"city_of_greenville"},"geometry":{"type":"Polygon","coordinates":[[[-96.29731068918362,32.84173413859625],[-96.29540205864919,33.35192635941178],[-95.85873529501426,33.40951620206757],[-95.86253353597925,32.97958311677072],[-95.94493999373655,32.97756446668361],[-95.9850492794961,32.880642938238104],[-95.93446414967127,32.83722744916784],[-96.29731068918362,32.84173413859625]]]}},{"type":"Feature","properties":{"utility":"gvec"},"geometry":{"type":"MultiPolygon","coordinates":[[[[-98.80654090130514,29.690704619429994],[-98.77877518565286,29.720154545039968],[-98.64514680502957,29.74618567846444],[-98.29759934557008,30.03798021157236],[-98.03053159487145,29.848532480987817],[-97.99710150506374,29.760129992515548],[-97.88093551250431,29.853627119907703],[-97.87971867674653,29.863980221404965],[-97.89388053358286,29.88373177109353],[-97.65525694658518,30.07289236160156],[-97.31540347777961,29.789858631466547],[-97.02446687061966,30.051414842993708],[-97.01957151092718,30.039636571146705],[-97.00880180940231,30.037982794041184],[-96.79454911497699,30.160531325167216],[-96.64723302024564,30.14516245454546],[-96.622057856069,30.04482390572831],[-96.56985887688124,29.9615172536412],[-96.86854714687738,29.632298102146898],[-96.79295318258768,29.577191984590396],[-96.56057302804452,29.33544057205985],[-96.64928689830633,29.270524617378026],[-96.65000648297325,29.256333016994812],[-96.30919079484192,28.963285506010145],[-96.3235328212606,28.67561183024432],[-96.428844299028,28.703481928924152],[-96.57513712287414,28.702851314671005],[-96.58318829368994,28.720869293500552],[-96.59539288063974,28.724884766514407],[-96.85266942296703,28.63557739071382],[-96.92355262539803,28.590982916512445],[-96.92675750300134,28.579550845469104],[-96.89096816972031,28.507187697629487],[-96.98214299448756,28.499652765988507],[-97.04869457481541,28.549507894351283],[-97.1600929444482,28.5530265060022],[-97.37558259805158,28.38869779801855],[-97.55112849502538,28.450356507903084],[-97.56058692951616,28.512794533781097],[-97.69693754297222,28.541866958903615],[-97.78063717316427,28.668763542930375],[-97.91463704304913,28.71902429054381],[-98.00524840665197,28.69025339463532],[-98.40792132957773,29.114433085299783],[-98.80475208407984,29.25070083069698],[-98.80654090130514,29.690704619429994]]],[[[-98.190991,28.882333],[-98.19099316469779,28.882330896759076],[-98.19099320777549,28.88233094210653],[-98.190991,28.882333]]]]}},{"type":"Feature","properties":{"utility":"city_of_hallettsville"},"geometry":{"type":"Polygon","coordinates":[[[-97.24009648227404,29.384491393542046],[-97.20407475977812,29.58060554202915],[-97.14263925954988,29.628090828173843],[-96.87422590348454,29.632692957171344],[-96.79295318258768,29.577191984590396],[-96.56057302804452,29.33544057205985],[-96.93858551762986,29.063258736476193],[-97.24009648227404,29.384491393542046]]]}},{"type":"Feature","properties":{"utility":"hamilton_county_elec_coop"},"geometry":{"type":"Polygon","coordinates":[[[-99.09241941808563,30.92197945883742],[-99.09061101789652,31.460918259680383],[-98.99026875697812,31.48487245649859],[-98.78191029564555,31.609782893567733],[-98.76004759462094,31.68788544074759],[-98.68343675687409,31.69849579431653],[-98.67590776572204,31.706459542459363],[-98.92438498034676,32.07801366468545],[-98.55116151091175,32.26142164097622],[-98.32806932255649,31.94486551535561],[-98.25121465306606,31.980112685867528],[-98.21271422039466,31.923919922166917],[-98.2023804176036,31.92068422171248],[-98.00546558757107,32.01788312613322],[-97.77015161040362,31.678157135399942],[-97.7595329965743,31.67598433810065],[-97.68983763368814,31.711004854915448],[-97.41862356684885,31.320206367675524],[-97.90800975823714,31.06890314246863],[-97.91169573328904,31.0349298309493],[-98.43676447891374,31.027202208736767],[-98.44525732154334,30.922151895829575],[-98.37689389431792,30.834891498273485],[-98.42605527324676,30.784569464595226],[-98.37192303626425,30.74048377596539],[-98.4368712111363,30.669857081376456],[-98.35106100713864,30.486112688198126],[-98.41282611578129,30.502078195324103],[-98.96422048757357,30.498492958314095],[-98.9650310210096,30.914318442343586],[-98.97357695757803,30.921362289198733],[-99.09241941808563,30.92197945883742]]]}},{"type":"Feature","properties":{"utility":"harmon_electric"},"geometry":{"type":"Polygon","coordinates":[[[-100.41777145048893,34.31353545306898],[-100.41588357592609,34.7475134938498],[-100.00039245659141,34.74634657554006],[-99.99603726126509,34.56684210742127],[-99.94599138836745,34.57923993154062],[-99.92321654094495,34.57453942899224],[-99.88459977356092,34.5467242550784],[-99.76760447219127,34.43082964028347],[-99.6944150363985,34.37843280820393],[-99.61809792393886,34.37579852365307],[-99.57436600732046,34.418271656685896],[-99.51538795521351,34.41431687640961],[-99.47417620122015,34.398046226648894],[-99.47530572327364,34.085625865712274],[-99.5475090156134,34.05599248440703],[-99.65305066677593,34.0987335416152],[-99.77204020848923,34.09329744091852],[-99.99761013243312,34.22436128482511],[-99.99775163139894,34.302863679552964],[-100.00571874811207,34.31167054815149],[-100.41777145048893,34.31353545306898]]]}},{"type":"Feature","properties":{"utility":"city_of_hearne"},"geometry":{"type":"Polygon","coordinates":[[[-96.82910577648178,31.105865234486345],[-96.31917804723237,31.357110488782237],[-96.33069765321756,31.25120099318569],[-96.24103425637202,30.973743446730946],[-96.34887471759093,30.911726771150985],[-96.4576376997732,30.74448300130233],[-96.56697584942971,30.69568592452127],[-96.5957670343937,30.71507930308157],[-96.6016462707576,30.727611440417906],[-96.62127265080743,30.730830118943143],[-96.68524331387069,30.904515772341426],[-96.75632095395375,30.92721600398886],[-96.82910577648178,31.105865234486345]]]}},{"type":"Feature","properties":{"utility":"city_of_hemphill"},"geometry":{"type":"Polygon","coordinates":[[[-94.04414311634444,31.409974349348406],[-93.98393425117102,31.46692071204104],[-93.98444935862895,31.56940871585917],[-93.83492992650143,31.586196997318144],[-93.79879005082864,31.534756895941495],[-93.72962200548395,31.487914537852394],[-93.6947829756552,31.408509524327805],[-93.64082056034084,31.372540247220442],[-93.66937752275767,31.300657293799638],[-93.61452183854114,31.26106347891459],[-93.59972038825543,31.17646121214458],[-93.91049702589125,31.158107601016365],[-94.0390232301669,31.134284206163464],[-94.04414311634444,31.409974349348406]]]}},{"type":"Feature","properties":{"utility":"city_of_hempstead"},"geometry":{"type":"Polygon","coordinates":[[[-96.19140560015596,30.134670182379104],[-96.1587766650637,30.206678820686562],[-96.09291169760961,30.22520522368798],[-95.80431689937505,30.24556038897246],[-95.8033407925948,30.0901128165631],[-95.93991495297827,30.15366497648828],[-95.95321928712188,30.14470590100159],[-95.82623423951635,29.788287253108354],[-96.03270273844089,29.727957934398713],[-96.05033272029975,29.802956634108966],[-96.1213016565213,29.841969866271853],[-96.12274112465964,29.968539589137862],[-96.0910443203672,29.998975664428688],[-96.08929520200611,30.009068489678775],[-96.14625900905611,30.070518068214547],[-96.19140560015596,30.134670182379104]]]}},{"type":"Feature","properties":{"utility":"hilco_electric_cooperative"},"geometry":{"type":"Polygon","coordinates":[[[-97.61705429402873,32.55547236540236],[-97.04455865056958,32.54953139689041],[-97.03823153617246,32.558679756683624],[-97.03227564761171,32.98931257841823],[-96.51687764019253,32.98229674050629],[-96.52592982028214,32.53602738548739],[-96.45278967095358,32.36067142651606],[-96.38310825613027,32.32885029271913],[-96.89021324731038,32.07498399129836],[-96.88972436900809,32.06448998430958],[-96.71913155122897,31.8148915498342],[-96.92703606274222,31.707572770011353],[-96.80114078221966,31.522273428277085],[-97.34342384017293,31.244229694352793],[-97.41872831038732,31.32037735454836],[-97.60521281265831,31.587757187032306],[-97.29089821082223,31.73889082728225],[-97.28526193181808,31.74755287014335],[-97.32651472393397,31.78836132419275],[-97.29112776575434,31.83205759067321],[-97.29127306142107,31.843274895302198],[-97.38284177165694,31.87079804243157],[-97.43874689948336,31.933503688356424],[-97.39390374718536,31.963682647104033],[-97.39262017802868,31.976268854103957],[-97.48595663351915,32.017618023333036],[-97.47955949611936,32.15351253483605],[-97.49246862599428,32.15656450579639],[-97.51612230996125,32.13362760511412],[-97.61504391599132,32.20358675104953],[-97.61705429402873,32.55547236540236]]]}},{"type":"Feature","properties":{"utility":"city_of_hondo"},"geometry":{"type":"Polygon","coordinates":[[[-99.41386842776261,29.09134651075456],[-99.41180547177744,29.627502316933167],[-98.98379259955531,29.623437354081688],[-98.92570063225173,29.567016043113853],[-98.8065628611836,29.690681400321445],[-98.80491149399751,29.090445520860317],[-99.41386842776261,29.09134651075456]]]}},{"type":"Feature","properties":{"utility":"houston_county_elec_coop"},"geometry":{"type":"Polygon","coordinates":[[[-96.49669530323048,31.796186303805676],[-96.05478599544341,32.01250962366392],[-96.04452986252458,32.00693423482769],[-95.44451782149712,32.0826484507208],[-95.43808724765488,32.095064044156075],[-95.45683251534918,32.11231438201829],[-95.45989455551023,32.135547272156764],[-94.98528354535156,32.13797738603848],[-94.98485469127706,31.854118357208456],[-94.97710997289266,31.846275247137328],[-94.93754753629348,31.845543848950996],[-94.96694305064841,31.753298722816545],[-94.95213049300105,31.642934560782255],[-94.86725106435034,31.528768584470587],[-94.72916055598562,31.4575393090574],[-94.54489689870582,31.431703314440522],[-94.52929842598685,31.40121013458385],[-94.49587840724134,31.405714195606727],[-94.32688207030803,31.225089972666865],[-94.12966074622605,31.099285362343174],[-94.45781967103426,31.033341300378137],[-94.84392139267163,31.144292868680605],[-94.93950763111505,31.041764032149274],[-95.20017724895106,30.824583817192565],[-95.25234606809907,30.902452000831673],[-95.32559198554618,30.86017240498635],[-95.35916693397989,30.504381186748258],[-95.59896853572995,30.509012608941617],[-95.83022990474564,30.63029111030719],[-95.86634522138594,30.86140739588993],[-96.16836339492389,30.823009267997023],[-96.24106041175415,30.973862048642467],[-96.33107571442089,31.25223143050124],[-96.32283988697394,31.37406038803963],[-96.24652981515499,31.408910310681925],[-96.24201768332527,31.42058170572011],[-96.49669530323048,31.796186303805676]]]}},{"type":"Feature","properties":{"utility":"centerpoint"},"geometry":{"type":"Polygon","coordinates":[[[-96.87420477741456,29.632707715128586],[-96.57370428845823,29.957500054610843],[-96.62196118267512,30.04427445671944],[-96.2928491417223,30.096134684321598],[-96.16601462526258,30.074524411834425],[-96.159036925476,30.08833523912405],[-96.19140560015596,30.134670182379104],[-96.15900171544901,30.20660338586944],[-96.09291169760961,30.22520522368798],[-95.80738734094619,30.247889401029592],[-95.80438972964896,30.338237552730753],[-95.83022739348155,30.630265091930063],[-95.59934897813568,30.50939387486921],[-95.35916316740932,30.504357500974987],[-95.30759526789936,30.405883951214438],[-95.16692703469907,30.3459254496174],[-94.84941125461418,30.493539326594004],[-94.73273976479139,30.490054658958925],[-94.60439467115994,30.13492937281535],[-94.44492213729907,30.113005107477566],[-94.4415854705687,29.89543847343799],[-94.43356174894986,29.889370406478292],[-94.35798687456617,29.887453264968993],[-94.35417553448946,29.56146751806756],[-94.63081768768377,29.451584833213722],[-94.69473634485111,29.415123630229722],[-94.73105457941706,29.369153299747413],[-94.7786872918853,29.36149445360081],[-94.78296085849864,29.37582848377907],[-94.70622132864311,29.43730407901252],[-94.68136131956302,29.47149620677204],[-94.6085770945396,29.48338620474118],[-94.59599170788138,29.492473278237657],[-94.59139776868072,29.51385061513269],[-94.56667236127053,29.531977083296525],[-94.52975733314084,29.51802497928411],[-94.50296038430848,29.522825201906443],[-94.50089767824316,29.53764786604976],[-94.52373457703074,29.545996673911766],[-94.55456283435461,29.573758541515822],[-94.74070123016851,29.525866937736183],[-94.78093074585357,29.531101195739122],[-94.79058645642867,29.548391276960313],[-94.77090365592744,29.549546716987077],[-94.75547558902376,29.562565631615584],[-94.70910660883291,29.624764700209614],[-94.69331132165689,29.693754282713705],[-94.69581870168155,29.72385161591474],[-94.7375494768305,29.78600133367434],[-94.81671709974772,29.75601238815459],[-94.851300295524,29.720913251762436],[-94.87256016867775,29.67126063551957],[-94.89311286187613,29.661353169897264],[-94.92131107690965,29.658187396916897],[-94.93859860307818,29.694575979372633],[-94.96516130452831,29.697977178943542],[-95.0145895783578,29.642195483748964],[-95.01204680411178,29.628324468692306],[-94.9827197637048,29.601343582238716],[-95.01759371900962,29.551702646773805],[-95.00076544579827,29.522529152334503],[-94.98227925981386,29.511387966864262],[-94.90948138120473,29.4968288610117],[-94.92848478317582,29.45763713777242],[-94.89075251241766,29.43318370778378],[-94.89213145010011,29.3055867047245],[-94.87435683580895,29.29321000757931],[-94.82885342814593,29.304846870707063],[-94.8222950813098,29.3442481506884],[-94.81069554778942,29.35342053872565],[-94.78412155892468,29.335850740354637],[-94.73132314969855,29.338054267542805],[-94.7225628530474,29.331457819878388],[-95.08139864060854,29.111470265628046],[-95.12514439222865,29.067329357239107],[-95.23913885468203,28.988469381435614],[-95.29715454344694,28.934083256467684],[-95.3534336669437,28.89812344325623],[-95.38239739810045,28.866358068975675],[-95.44155861421983,28.8580751954576],[-95.81262761550744,28.664886962218354],[-96.22034454839576,28.49190723293278],[-96.3670044423574,28.400403588017046],[-96.37860928811165,28.383925033121475],[-96.38185183653471,28.393274294956456],[-96.37413140717787,28.404269499031724],[-96.33511383714132,28.437787856072287],[-96.26833677060927,28.477983334441525],[-96.22437128587714,28.49504239453872],[-96.2150403208649,28.509669947227536],[-96.04642702685578,28.586878560692647],[-95.98787948464293,28.60623623379791],[-95.9825859007272,28.65059495977365],[-95.99546971746423,28.658011639196907],[-96.00652253266158,28.648061097868577],[-96.0464319564238,28.64939323799694],[-96.22178496498799,28.58037342253993],[-96.22890017329902,28.580884255572034],[-96.2339853268981,28.601730013110263],[-96.21338655015276,28.62041367316596],[-96.23092714307623,28.641432587034753],[-96.19453659176311,28.68609633979913],[-96.19797273597528,28.699200582097433],[-96.28735893348244,28.68326543881266],[-96.30398193707887,28.6696796457511],[-96.30373115583829,28.64500609725921],[-96.32290921831142,28.64187411464087],[-96.31092304919886,28.96418738397564],[-96.65844776415841,29.263875075352203],[-96.5690156946251,29.329317357724776],[-96.56724974618977,29.342113809669012],[-96.7924143400807,29.576631451875222],[-96.87420477741456,29.632707715128586]]]}},{"type":"Feature","properties":{"utility":"j_a_c_electric_coop"},"geometry":{"type":"Polygon","coordinates":[[[-98.95392649018065,33.39754545861842],[-98.95307658976526,33.833988597430405],[-98.42912488113656,33.83725308652846],[-98.42398233579654,33.84638994302134],[-98.43375769329384,34.09611071365592],[-98.40223246045144,34.120503692733365],[-98.38321530196865,34.14779805079639],[-98.36402105557106,34.157095904093204],[-98.32545003324637,34.15101190635973],[-98.29424545464013,34.13310513075206],[-98.16912673377578,34.11415855388952],[-98.08486049639761,34.003365885561394],[-98.03993867531733,33.99347495603687],[-97.98352159358659,34.00154557018865],[-97.94574357118397,33.989830420549225],[-97.95341051325373,33.93645002715196],[-97.97385849849526,33.88844469405627],[-97.8778045076503,33.85042679260244],[-97.83490719143755,33.85758435979072],[-97.785864408256,33.890332122598835],[-97.69310192728143,33.983690493714924],[-97.67177093109584,33.99135705359516],[-97.60933532807728,33.968203940368284],[-97.58960784372456,33.953546027340344],[-97.59679691013564,33.91727132064736],[-97.5854649288625,33.90188689715181],[-97.55502607672254,33.89752386548697],[-97.50095912631245,33.91963029061219],[-97.48408280215514,33.91567300887375],[-97.48707673142397,33.43369314853056],[-97.91531282144673,33.43097504753304],[-97.92165350161748,33.00129577175228],[-98.4265412922311,33.007924389860655],[-98.42081952908464,33.386068861041906],[-98.4269391929318,33.39543739618435],[-98.95392649018065,33.39754545861842]]]}},{"type":"Feature","properties":{"utility":"jackson_electric_coop"},"geometry":{"type":"MultiPolygon","coordinates":[[[[-97.24009648227404,29.384491393542046],[-97.20407475977812,29.58060554202915],[-97.14263925954988,29.628090828173843],[-96.87422590348454,29.632692957171344],[-96.79295318258768,29.577191984590396],[-96.56057302804452,29.33544057205985],[-96.64998928287261,29.269830712138372],[-96.65118552255639,29.257914078855258],[-96.6369340177776,29.250097746049143],[-96.35079362226251,29.405426398069082],[-96.30766268530496,29.514516609166733],[-96.17541938044043,29.63379230889839],[-96.08891760061717,29.601648686251256],[-96.04460999991542,29.562233216692952],[-96.05780117897655,29.474903137111237],[-95.9734414689983,29.41143405817303],[-95.93744650992254,29.358084554669524],[-95.94187912359114,29.333536062812758],[-95.8944765857249,29.314971749762538],[-95.87908159435814,29.268849005939217],[-95.84930319622087,29.263010959286106],[-95.75286427816752,29.32448931210047],[-95.6502666100222,29.293634826673998],[-95.57982250442534,29.340916597539348],[-95.54998542076055,29.438427566454916],[-95.46229342425575,29.443006508578843],[-95.4241088080163,29.580222436862993],[-95.2974110849633,29.596501679153953],[-95.21643521690108,29.556073951708374],[-95.23175177434625,29.463896499559677],[-95.05654111230848,29.19993326563186],[-95.12514439222865,29.067329357239107],[-95.23913885468203,28.988469381435614],[-95.29715454344694,28.934083256467684],[-95.3534336669437,28.89812344325623],[-95.38239739810045,28.866358068975675],[-95.44155861421983,28.8580751954576],[-95.81262761550744,28.664886962218354],[-96.22034454839576,28.49190723293278],[-96.3670044423574,28.400403588017046],[-96.37860928811165,28.383925033121475],[-96.38185183653471,28.393274294956456],[-96.37413140717787,28.404269499031724],[-96.33511383714132,28.437787856072287],[-96.26833677060927,28.477983334441525],[-96.22437128587714,28.49504239453872],[-96.2150403208649,28.509669947227536],[-96.04642702685578,28.586878560692647],[-95.98787948464293,28.60623623379791],[-95.9834910769846,28.65231194685216],[-95.99644640123132,28.657978268156345],[-96.00652253266158,28.648061097868577],[-96.0464319564238,28.64939323799694],[-96.19837801353233,28.586988359298598],[-96.22890017329902,28.580884255572034],[-96.2339853268981,28.601730013110263],[-96.21332186803866,28.619479494629513],[-96.23092714307623,28.641432587034753],[-96.19341181291524,28.689875424998885],[-96.20067906228306,28.70041352827011],[-96.22227180492715,28.69849728740717],[-96.2569021145996,28.684700367977186],[-96.28735893348244,28.68326543881266],[-96.30398193707887,28.6696796457511],[-96.30373115583829,28.64500609725921],[-96.37020921869015,28.62764614070382],[-96.48792314456688,28.569693244524537],[-96.48101205618569,28.5975813131425],[-96.48967962271175,28.610302821136802],[-96.51083047341365,28.614979017816534],[-96.50123151113448,28.625555585037386],[-96.50372047385214,28.636249057864532],[-96.56325497949557,28.644499945285734],[-96.57291816532906,28.667896979335158],[-96.56134793372331,28.691617312052113],[-96.57800823579156,28.70454642307742],[-96.5838738812054,28.721571368480117],[-96.59539288063974,28.724884766514407],[-96.64914216012131,28.7100291889743],[-96.7110893874597,28.850357003163264],[-96.79212253097059,28.918810524255015],[-96.83274936572683,29.02065483947575],[-96.93858429757911,29.06325226789444],[-97.24009648227404,29.384491393542046]]],[[[-96.65557435794749,28.704142351398456],[-96.65898206290304,28.689217218892356],[-96.63503017740841,28.66890770709616],[-96.63175473494329,28.65320661013286],[-96.61060045490399,28.638884958115675],[-96.62196427369727,28.620998084477225],[-96.609958879792,28.586339571178083],[-96.56530717968903,28.582390470374527],[-96.55898223078152,28.5697347653691],[-96.5261158766106,28.557961474368636],[-96.50602063344763,28.526242646851372],[-96.40245928092574,28.449062974681354],[-96.4039832965163,28.442459118315035],[-96.54316853279924,28.385332222349852],[-96.59209795682249,28.35734274639632],[-96.6726757959572,28.33559352412591],[-96.70523340493337,28.34881537700294],[-96.70040793935077,28.370733112775753],[-96.7099787342661,28.405525856119432],[-96.7669571565429,28.410750471667058],[-96.89094321756319,28.507184650447517],[-96.93035214966781,28.586723836843834],[-96.85374985159545,28.635184181578104],[-96.65557435794749,28.704142351398456]]],[[[-96.85389962471832,28.06369527514034],[-96.8300203906823,28.111832172355676],[-96.81125604159166,28.126345801417823],[-96.82284425331096,28.167474890018617],[-96.81643303166454,28.17479576615276],[-96.79195482269667,28.18867581255008],[-96.70728297586821,28.19757263083316],[-96.70330106769019,28.216435880991696],[-96.66700305624646,28.226133352517756],[-96.65184774368969,28.251266528894345],[-96.61557447927287,28.27267122337889],[-96.59292901315764,28.296964458022693],[-96.55197401108957,28.30306162116345],[-96.5289020891253,28.32249268785582],[-96.45101220276588,28.3370796199827],[-96.40321285833797,28.3714619216098],[-96.39785952201363,28.34351741572481],[-96.41370617996411,28.327352958799377],[-96.54736027955082,28.270981700635428],[-96.62123488008078,28.22986666527169],[-96.85389962471832,28.06369527514034]]]]}},{"type":"Feature","properties":{"utility":"city_of_jasper"},"geometry":{"type":"Polygon","coordinates":[[[-94.45780584868969,31.033316807967562],[-94.13046859003092,31.099111875452795],[-94.0390310924842,31.134260744954855],[-93.91113458636768,31.158058101980423],[-93.86572052782901,30.94721680727497],[-93.90146358941531,30.242684135504554],[-94.11758758357014,30.241676810994583],[-94.08398986731738,30.341694025886326],[-94.11648474405503,30.433965291949146],[-94.07288924414298,30.52456486106112],[-94.09479936781905,30.5755419175513],[-94.05623446372891,30.639882905576826],[-94.12581321482403,30.68405978000051],[-94.14924534044148,30.785515931525993],[-94.17942234953142,30.79520627317317],[-94.24368442832825,30.98331522214338],[-94.24282579783677,31.013049692665085],[-94.35375347195075,31.038947832963828],[-94.45111836752767,31.003460860139967],[-94.45780584868969,31.033316807967562]]]}},{"type":"Feature","properties":{"utility":"jasper_newton_elec_coop"},"geometry":{"type":"Polygon","coordinates":[[[-95.00555137067471,31.421352207006972],[-94.86585582717096,31.52690169725993],[-94.7281047715262,31.457208100486046],[-94.54489689870582,31.431703314440522],[-94.52929842598685,31.40121013458385],[-94.49587840724134,31.405714195606727],[-94.32623685875666,31.224554192694608],[-94.12764392035128,31.100467463921873],[-94.03957013293667,31.13825199279436],[-94.04414311634444,31.409974349348406],[-93.98393425117102,31.46692071204104],[-93.98444935862895,31.56940871585917],[-93.83492992650143,31.586196997318144],[-93.79879005082864,31.534756895941495],[-93.72962200548395,31.487914537852394],[-93.69538035937076,31.40918754472097],[-93.64082056034084,31.372540247220442],[-93.66937752275767,31.300657293799638],[-93.61452183854114,31.26106347891459],[-93.59920413592393,31.1755589230924],[-93.58466424934645,31.166394873772756],[-93.54920459774085,31.186525493391546],[-93.5317550593103,31.18081328228148],[-93.52766018505537,31.07451022146807],[-93.54024618938807,31.007628382469303],[-93.53094774260103,30.924536096183108],[-93.55844694515365,30.869374321723527],[-93.56330228059218,30.818507554684757],[-93.7271619981357,30.57511035984863],[-93.73808920297199,30.544424324159795],[-93.71012669771223,30.506395072329788],[-93.69828074825328,30.438889289661923],[-93.75689618240854,30.390570941372907],[-93.7651614924484,30.3350162898586],[-93.7368831087171,30.300632198953238],[-93.72058558095688,30.29594490417899],[-93.71200764733814,30.19474807523845],[-93.69569630336902,30.135730683590893],[-93.72148641092551,30.05210558830845],[-93.78967155163767,29.987390613791398],[-93.84079520206431,29.91444712563195],[-93.8626485842233,29.977674847238763],[-94.0319676696149,30.02802404916627],[-94.1159068858876,30.16035005131014],[-94.11759760693045,30.24166341729981],[-94.08398986731738,30.341694025886326],[-94.11648474405503,30.433965291949146],[-94.07288924414298,30.52456486106112],[-94.09479936781905,30.5755419175513],[-94.05537354450173,30.63714367247734],[-94.12581321482403,30.68405978000051],[-94.14924534044148,30.785515931525993],[-94.17942234953142,30.79520627317317],[-94.24368442832825,30.98331522214338],[-94.24218848054542,31.012339595464145],[-94.35375347195075,31.038947832963828],[-94.45111836752767,31.003460860139967],[-94.46286926235058,31.03451638212121],[-94.84293681593286,31.14658853496227],[-94.90970852718924,31.33693113506631],[-94.98217964222135,31.410706042413278],[-95.00555137067471,31.421352207006972]]]}},{"type":"Feature","properties":{"utility":"karnes_electric_coop"},"geometry":{"type":"Polygon","coordinates":[[[-99.409023655516,28.64081235198375],[-99.41180547177744,29.627502316933167],[-98.98379259955531,29.623437354081688],[-98.92570063225173,29.567016043113853],[-98.77877518565286,29.720154545039968],[-98.55049047273836,29.760698791679022],[-98.44381899386462,29.71983817093416],[-98.33863923924136,29.721774354540873],[-98.37405536231226,29.668546006327603],[-98.37300713250114,29.657544524345976],[-98.31093986617184,29.594465442094336],[-98.29625558307818,29.56046451310281],[-98.12678078035928,29.482240904763756],[-98.13277332276786,29.440640443746585],[-98.08465055972856,29.38078328213013],[-97.84040432157254,29.37678065747891],[-97.85484573913733,29.357329670796442],[-97.85325171260878,29.347390812406957],[-97.61585017606726,29.11351371916987],[-97.2401093581429,29.38447305964853],[-96.97639574186945,29.104047660303706],[-97.28297212092612,28.879822687669822],[-97.27717114028623,28.864952020668316],[-97.23197672202285,28.865290642313507],[-97.15894674979356,28.776152151442894],[-97.18209020796067,28.61214189012518],[-97.16076499364057,28.55347898915793],[-97.37549841532488,28.388719438407062],[-97.56762720321535,28.129696510740544],[-97.81550503127261,28.17622117947062],[-97.90064661362855,28.115752614762496],[-97.88316350181962,28.05691087748153],[-98.80309749644222,28.057480155225647],[-99.38869825193193,28.030430448207063],[-99.39569979452747,28.630654897833594],[-99.409023655516,28.64081235198375]]]}},{"type":"Feature","properties":{"utility":"kirbyville_light_power"},"geometry":{"type":"Polygon","coordinates":[[[-94.45780584868969,31.033316807967562],[-94.13046859003092,31.099111875452795],[-94.0390310924842,31.134260744954855],[-93.91113458636768,31.158058101980423],[-93.86572052782901,30.94721680727497],[-93.90146358941531,30.242684135504554],[-94.11758758357014,30.241676810994583],[-94.08398986731738,30.341694025886326],[-94.11648474405503,30.433965291949146],[-94.07288924414298,30.52456486106112],[-94.09479936781905,30.5755419175513],[-94.05623446372891,30.639882905576826],[-94.12581321482403,30.68405978000051],[-94.14924534044148,30.785515931525993],[-94.17942234953142,30.79520627317317],[-94.24368442832825,30.98331522214338],[-94.24282579783677,31.013049692665085],[-94.35375347195075,31.038947832963828],[-94.45111836752767,31.003460860139967],[-94.45780584868969,31.033316807967562]]]}},{"type":"Feature","properties":{"utility":"city_of_la_grange"},"geometry":{"type":"Polygon","coordinates":[[[-97.31787537647274,29.78465880946667],[-97.02446687061966,30.051414842993708],[-97.01957151092718,30.039636571146705],[-97.00880180940231,30.037982794041184],[-96.79454911497699,30.160531325167216],[-96.64723302024564,30.14516245454546],[-96.622057856069,30.04482390572831],[-96.56985887688124,29.9615172536412],[-96.87422699471654,29.63271758009068],[-97.1426199298532,29.62811234994354],[-97.1379542229479,29.64884443619451],[-97.31787537647274,29.78465880946667]]]}},{"type":"Feature","properties":{"utility":"lamb_county_electric_coop"},"geometry":{"type":"Polygon","coordinates":[[[-103.05665158172413,33.38859193734308],[-103.04396740207487,34.31273745486114],[-102.52927332569482,34.315290792225746],[-102.52517254949372,34.746919553313525],[-101.99850453019425,34.74817840476796],[-101.99510253144913,34.31595596205452],[-101.5648674112729,34.31248157289355],[-101.56359140942332,33.830462254079514],[-102.08197506101338,33.82241460717475],[-102.0759410453976,33.389597752154515],[-103.05665158172413,33.38859193734308]]]}},{"type":"Feature","properties":{"utility":"lamar_county_elec_coop"},"geometry":{"type":"Polygon","coordinates":[[[-96.38448331853334,33.34113221081113],[-96.37945785038656,33.72487271462786],[-96.36478336121142,33.719167628244605],[-96.30467231350337,33.745889359643336],[-96.2199906405398,33.74757157325434],[-96.18270131823489,33.75820788669334],[-96.1692079832636,33.77131648691336],[-96.14783770668387,33.83784378668815],[-95.9502134915101,33.85743330445703],[-95.82521739036537,33.83786894254113],[-95.7695484051439,33.846961250944815],[-95.75714727593632,33.86728494206262],[-95.59967597346404,33.93423697816442],[-95.55942330064438,33.93016858273281],[-95.54915663761314,33.90794774318608],[-95.55172197576915,33.888539468192384],[-95.54289196682493,33.87998952345732],[-95.40830819629564,33.8663423699279],[-95.2895328841699,33.873433525509085],[-95.25566949688984,33.89215403839216],[-95.24835070090211,33.91178380058048],[-95.2528942210179,33.93364256642641],[-95.23110660324365,33.96035176901816],[-95.21962646293237,33.96158176832336],[-95.06725967970992,33.91733904188742],[-95.03816545388179,33.85981106795989],[-94.8706356967882,33.74677178991987],[-94.82246540620822,33.732757131800376],[-94.76061037582093,33.72704381951342],[-94.74610620786787,33.70301317046301],[-94.74693627489557,33.328957300989885],[-94.80989441184616,33.36366873797238],[-95.12473046744809,33.38939525484916],[-95.3037327858105,33.37816052400732],[-95.31439941962536,33.36722520916396],[-95.58379450227018,33.35936276861184],[-95.7307545562318,33.30534664957],[-95.86176654660848,33.21935082862746],[-95.85890916635894,33.39793954452674],[-95.86621068260769,33.40772953381949],[-96.38448331853334,33.34113221081113]]]}},{"type":"Feature","properties":{"utility":"city_of_lampasas"},"geometry":{"type":"Polygon","coordinates":[[[-98.56272325464967,31.2305786919883],[-98.27551372766874,31.405219274757187],[-98.27105719110727,31.416392242032963],[-98.18000957182751,31.463702597793706],[-97.90724217682362,31.069579442295716],[-97.91169573328904,31.0349298309493],[-98.4396827895234,31.029550463643304],[-98.52344670816034,31.088890912721244],[-98.51144609434638,31.156458391286552],[-98.56272325464967,31.2305786919883]]]}},{"type":"Feature","properties":{"utility":"lea_county_electric_coop_nm"},"geometry":{"type":"Polygon","coordinates":[[[-103.0646845127805,32.522204512739826],[-103.04733507100156,33.824663835881594],[-102.61545736514955,33.8251101227876],[-102.59484685158569,33.388718884506304],[-102.59458889878094,32.965934193096466],[-102.58501541121825,32.95883423658186],[-102.20853116624868,32.95894468001041],[-102.20271479063503,32.523282596629414],[-103.0646845127805,32.522204512739826]]]}},{"type":"Feature","properties":{"utility":"city_of_lexington"},"geometry":{"type":"Polygon","coordinates":[[[-97.33443633027846,30.40284003610726],[-97.15523526135577,30.457383813953378],[-96.96363154633285,30.557154097921252],[-96.74194356397157,30.32022730256092],[-96.64091310126547,30.296781270453586],[-96.73151236228752,30.243736578807862],[-96.79456054092354,30.160554698606123],[-97.01915621192936,30.032016400364714],[-97.08248145300539,30.25885220415837],[-97.33443633027846,30.40284003610726]]]}},{"type":"Feature","properties":{"utility":"city_of_liberty"},"geometry":{"type":"Polygon","coordinates":[[[-95.16588310383234,30.344970266925166],[-94.84941125461418,30.493539326594004],[-94.73273976479139,30.490054658958925],[-94.60382498099796,30.134094796686806],[-94.44492213729907,30.113005107477566],[-94.442246687392,29.889549425304768],[-94.98144945992114,29.884287126199236],[-94.9856669044556,29.969104248747826],[-95.03116978248313,29.993332592006265],[-95.16588310383234,30.344970266925166]]]}},{"type":"Feature","properties":{"utility":"lighthouse_electric_coop"},"geometry":{"type":"Polygon","coordinates":[[[-102.09040324635014,34.31312034674817],[-102.00705943048243,34.31309637971427],[-101.9982214271356,34.32110627324792],[-101.99848145704033,34.74817845267387],[-101.0943287400594,34.75047435026211],[-101.08626978720201,35.18212869190842],[-100.00039648377617,35.182690525568866],[-99.99762204040908,34.224602748472265],[-100.03794660644037,34.228587804367166],[-100.04701677240836,34.21964763151602],[-100.04849139298554,33.835985427193314],[-100.51574613252018,33.83271549803609],[-100.51746054977045,33.397877502655454],[-101.55687282469724,33.39477140226029],[-101.56718247545102,33.828153053758435],[-102.08572159549092,33.82468664243612],[-102.09040324635014,34.31312034674817]]]}},{"type":"Feature","properties":{"utility":"city_of_livingston"},"geometry":{"type":"Polygon","coordinates":[[[-95.20016036342679,30.82456739945196],[-94.93977087250593,31.04154656013043],[-94.84294308327023,31.146563406209907],[-94.56197263337575,31.05894973845107],[-94.65168813339444,31.015036860023038],[-94.65644991195286,31.006159547290967],[-94.53794027514672,30.491070450763715],[-94.8493974712575,30.493563495840366],[-94.83435000763924,30.532207671224754],[-94.83958980460473,30.542881248693156],[-95.02861916345907,30.578494441287702],[-95.05462774616862,30.677324000080233],[-95.13537231359186,30.693825411507063],[-95.13240547313092,30.780527279620053],[-95.20016036342679,30.82456739945196]]]}},{"type":"Feature","properties":{"utility":"city_of_llano"},"geometry":{"type":"Polygon","coordinates":[[[-98.96460047658553,30.92135649185028],[-98.44578787075012,30.92142681985071],[-98.37689389431792,30.834891498273485],[-98.42631693286604,30.786514771065605],[-98.37192303626425,30.74048377596539],[-98.43695501598431,30.670873048265282],[-98.35106100713864,30.486112688198126],[-98.41282611578129,30.502078195324103],[-98.96422048757357,30.498492958314095],[-98.96460047658553,30.92135649185028]]]}},{"type":"Feature","properties":{"utility":"city_of_lockhart"},"geometry":{"type":"Polygon","coordinates":[[[-97.89388053358286,29.88373177109353],[-97.65525694658518,30.07289236160156],[-97.31584099118169,29.78654067115628],[-97.59774305203808,29.63073182621984],[-97.72184461790894,29.682098758264498],[-97.89388053358286,29.88373177109353]]]}},{"type":"Feature","properties":{"utility":"city_of_lubbock"},"geometry":{"type":"Polygon","coordinates":[[[-102.08572108386056,33.824663477559646],[-101.56359125967334,33.830439438742815],[-101.55689574706152,33.3947714531518],[-102.07591793201055,33.389597433644894],[-102.08572108386056,33.824663477559646]]]}},{"type":"Feature","properties":{"utility":"city_of_luling"},"geometry":{"type":"Polygon","coordinates":[[[-97.89388053358286,29.88373177109353],[-97.65525694658518,30.07289236160156],[-97.31584099118169,29.78654067115628],[-97.59774305203808,29.63073182621984],[-97.72184461790894,29.682098758264498],[-97.89388053358286,29.88373177109353]]]}},{"type":"Feature","properties":{"utility":"lyntegar_electric_coop"},"geometry":{"type":"Polygon","coordinates":[[[-103.06433257268154,32.08706237460222],[-103.06462505727852,32.99986120392535],[-103.05664385903275,33.38840470243976],[-102.5980827013272,33.39158556756118],[-102.61543424866841,33.825108826133146],[-101.56359125967334,33.830439438742815],[-101.55330831194247,33.3970174349585],[-101.0387995529103,33.39720238875861],[-101.0386708329055,32.97023530994462],[-101.16490236760495,32.963962705714614],[-101.17334981755995,32.9551135283689],[-101.18400794884748,32.08721917757247],[-103.06433257268154,32.08706237460222]]]}},{"type":"Feature","properties":{"utility":"magic_valley_electric_coop"},"geometry":{"type":"Polygon","coordinates":[[[-99.17204381747504,26.57085486409937],[-99.01173148685497,26.674880426193855],[-98.9542226039347,26.78568182731507],[-98.42544792080903,26.786428402198947],[-98.41822701272812,27.046979974250423],[-98.42618982768417,27.054987659649566],[-98.46653248924072,27.054722136912122],[-98.49263126171304,27.23258465672468],[-98.52369596037859,27.26510383301632],[-98.05808217059317,27.260968198146617],[-97.9854036543154,27.2115823842409],[-97.95189974635736,27.233239104140058],[-97.63669565916959,27.28171360353746],[-97.63913233117961,27.254790851566174],[-97.63054521656805,27.24409379097754],[-97.5433712662337,27.22934722631837],[-97.51864400166147,27.231794106625518],[-97.45028639097319,27.262533666721836],[-97.42408842568007,27.264061192863693],[-97.44368541234478,27.1162455512316],[-97.45341504908535,27.112777613295854],[-97.46174200080739,27.09563642996372],[-97.48372739402494,27.102077702201445],[-97.4950567740293,27.094302176344648],[-97.4926233284232,27.078467042435083],[-97.47752903770022,27.066104492511183],[-97.48761475872902,27.053094139681548],[-97.48564959400649,27.037552823377215],[-97.4739632240637,27.029207047399844],[-97.47854453264685,26.999193384918726],[-97.53632053841672,26.99965764920025],[-97.55265445913598,26.990012144819275],[-97.55532319952262,26.93996048467753],[-97.54012345630409,26.90097219743413],[-97.5515888229718,26.889285291059227],[-97.5623813958394,26.842868376483096],[-97.55121598974812,26.827005547599715],[-97.50983800270764,26.803504597136214],[-97.48433836695666,26.76359942101267],[-97.47167187943279,26.758713526474665],[-97.44531598867343,26.60895822109563],[-97.41696767390837,26.553634579071232],[-97.43053906944243,26.506073153780783],[-97.42638389238469,26.484425087718897],[-97.4409386654727,26.455555069381997],[-97.41162353458898,26.447268279841275],[-97.41494596081994,26.412620209835072],[-97.40257441629669,26.40988360985999],[-97.39506398919006,26.417232461950707],[-97.37777838711536,26.409096914154826],[-97.36963894220132,26.3946019628946],[-97.38896808989617,26.36430809244576],[-97.38834146976035,26.33813120028469],[-97.37632504935837,26.336526190763962],[-97.35791414793316,26.356484662822545],[-97.34341944642354,26.35922119252949],[-97.33045449174864,26.350579026756787],[-97.34862969109747,26.31899407996207],[-97.3448939951103,26.274283689663573],[-97.33474562396006,26.265673053763273],[-97.31187511155301,26.273723377094196],[-97.30708868142094,26.252895330977747],[-97.32123493092348,26.23067965976822],[-97.29654872490309,26.200476679399927],[-97.3054596228938,26.1595539316492],[-97.28210609597508,26.12030097813198],[-97.28994716121008,26.103521269588345],[-97.26937823416236,26.086070957104674],[-97.19966106605568,26.0770354678892],[-97.19623177015225,26.056846943269093],[-97.18419609057624,26.0524677241506],[-97.16565061713688,26.06994924439603],[-97.1840196079374,26.21448942976786],[-97.21474420211248,26.35304103012445],[-97.24027505787016,26.40598487460503],[-97.24767365814337,26.456243701611637],[-97.27525582837606,26.518331264345477],[-97.2923900933111,26.5280248492382],[-97.31071870017088,26.556560256575718],[-97.30885808891574,26.577158713715693],[-97.33847748875712,26.64743046390561],[-97.34504003007618,26.697540498587536],[-97.37042776206906,26.723899111090475],[-97.36422627779409,26.758991422029528],[-97.36892479324742,26.797088670713347],[-97.38744794844686,26.820793620663352],[-97.39007993626386,27.156281695455768],[-97.37922493424726,27.195076846128728],[-97.38666029030645,27.20470581051632],[-97.3728518899152,27.278056910107118],[-97.34745308335133,27.27795182912609],[-97.3770130970583,27.100719709950248],[-97.37068012712099,26.90938396323898],[-97.33293661505829,26.736193287118954],[-97.22988059110898,26.43368046927876],[-97.19461644300034,26.306389588482258],[-97.15202129233161,26.06210358477925],[-97.14558047463265,25.971140629225797],[-97.27088603259241,25.951913263751262],[-97.34722670432491,25.931239822066853],[-97.36302191508577,25.913894456950132],[-97.36673497970334,25.8850721672235],[-97.40835910311891,25.85647119921146],[-97.51144111534164,25.887655713476885],[-97.58255948757541,25.937863578422892],[-97.6769468536624,26.034677246841564],[-97.88870107199983,26.064893388880716],[-98.00461625915811,26.061216850704557],[-98.04451858256698,26.043760298200006],[-98.24166046217817,26.074555390245283],[-98.38668808731143,26.157880201671013],[-98.44076946600538,26.21282128363424],[-98.58581978234878,26.25734303575846],[-98.62101755805669,26.259243681737797],[-98.63290306334058,26.250362678711248],[-98.70566829011396,26.27749096074106],[-98.75089550234935,26.33092513010424],[-98.80699247630515,26.368941041325424],[-98.86135325763186,26.36600630213815],[-99.04778274449389,26.407035612056564],[-99.10571015589353,26.43872868130587],[-99.17204381747504,26.57085486409937]],[[-97.18231246335955,26.047817226701504],[-97.22448521827272,26.02277212484092],[-97.21382870591725,25.99313109403625],[-97.17579703243051,25.999677040411836],[-97.16324566271041,26.014173142344056],[-97.17014924462136,26.040345330872626],[-97.18231246335955,26.047817226701504]]]}},{"type":"Feature","properties":{"utility":"city_of_mason"},"geometry":{"type":"Polygon","coordinates":[[[-99.48474342107995,30.940593477292825],[-99.09256358063756,30.94100175055292],[-99.08436971687055,30.92212262449969],[-98.96462340084493,30.92135663904971],[-98.96424226512578,30.498492867797776],[-99.48448141522083,30.499652562819882],[-99.48474342107995,30.940593477292825]]]}},{"type":"Feature","properties":{"utility":"medina_electric_coop"},"geometry":{"type":"MultiPolygon","coordinates":[[[[-100.79364119952865,29.24213937012785],[-100.7446945732507,29.258554660996193],[-100.69918581368083,29.42022092716739],[-100.70038151780611,30.28826455120361],[-99.75415392278003,30.290686254187257],[-99.7567462559926,30.08039548443503],[-99.74847500645424,30.07415613177538],[-99.6898906627571,30.073936462468318],[-99.68827004208953,29.911473665702975],[-99.60087656760409,29.907650529746583],[-99.60311794531457,29.637210461415556],[-99.59600942041511,29.627625594427013],[-98.98379259955531,29.623437354081688],[-98.92666145257364,29.56692653606825],[-98.8065628611836,29.690681400321445],[-98.80263120467666,29.251637233714884],[-98.40734266536779,29.114424723803104],[-98.09833308950397,28.78695049696051],[-98.33463525210463,28.610370449284087],[-98.33428633671414,28.06682366960136],[-98.32529947818149,28.057863334525667],[-98.2355084221756,28.057954514915195],[-98.23173784052162,27.268568032180333],[-98.2225880855976,27.262401711461415],[-98.05808217059317,27.260968198146617],[-97.98589798646393,27.20930234667298],[-97.98550560764588,26.78092867211741],[-98.32097374137251,26.78068544642868],[-98.5867267686692,26.25746776293154],[-98.62101755805669,26.259243681737797],[-98.63290306334058,26.250362678711248],[-98.70566829011396,26.27749096074106],[-98.75157203491167,26.33153376665656],[-98.8079283236343,26.3692796426289],[-98.86135325763186,26.36600630213815],[-99.04734373912866,26.40687116808531],[-99.10571015589353,26.43872868130587],[-99.16798659750145,26.557802883580308],[-99.20891326827582,26.689367674092452],[-99.2422550803332,26.787704863814806],[-99.26846096922954,26.842811787781685],[-99.3219604917723,26.90666438529109],[-99.37914186248732,26.934498741084695],[-99.44651197472612,27.023013053106332],[-99.45230585241036,27.06266842218253],[-99.43001426934597,27.09537218571185],[-99.4264013511588,27.175023953950475],[-99.44130717027298,27.248546958276787],[-99.45396102838413,27.264616464954045],[-99.49467040353922,27.277606657461497],[-99.53775691521149,27.316070922979122],[-99.50725675522044,27.356092798898736],[-99.49309026056675,27.389865813024997],[-99.48047912057233,27.483159277479942],[-99.51990914888862,27.57433295717829],[-99.54260909142621,27.606288234993663],[-99.59972056148388,27.640708381880714],[-99.66617131917549,27.638334871037976],[-99.84366902329602,27.774759756499538],[-99.87616420371901,27.806282796335896],[-99.90140724367046,27.86398189218979],[-99.89913790028208,27.9055456388536],[-99.99143829982144,27.99456688975328],[-100.08437549205853,28.14451633324935],[-100.20943543499298,28.196855204443796],[-100.12265873470811,28.197777648873945],[-100.11377887738698,28.206758629817024],[-100.11314299540085,29.081813783577342],[-100.66834916052672,29.083983930626758],[-100.79364119952865,29.24213937012785]]],[[[-99.172058,26.57086],[-99.17206955897336,26.570856405133622],[-99.17206955899768,26.570856405212037],[-99.172058,26.57086]]]]}},{"type":"Feature","properties":{"utility":"mid_south_electric_coop"},"geometry":{"type":"Polygon","coordinates":[[[-96.60168911258044,30.640543912569722],[-96.58378964919,30.661339313562525],[-96.58151203184977,30.688879019291228],[-96.45721080589581,30.745457786814004],[-96.33646112762894,30.921490786755548],[-96.26295225197278,30.964240235127402],[-95.97383822145628,31.092137184799054],[-95.76468973563578,31.094208247135594],[-95.66355915967007,31.083874109467196],[-95.67977482515025,30.987433234679063],[-95.61770690498682,30.933161501961486],[-95.43479203479083,31.05807669351627],[-95.43325800005485,30.93795511834351],[-95.32749549674902,30.85953087454605],[-95.35821983878313,30.502646783192606],[-95.30759526789936,30.405883951214438],[-95.16590646728466,30.344966830472977],[-95.09672165478688,30.167217637483688],[-95.26401477175195,30.03223163931491],[-95.5490564348317,30.168852224814724],[-95.65543426849881,30.109006423787775],[-95.80332968245749,30.090107509606863],[-95.94754155967806,30.153253701565564],[-95.95264373659337,30.140855352768515],[-95.82623423951635,29.788287253108354],[-96.03270273844089,29.727957934398713],[-96.05033272029975,29.802956634108966],[-96.1213016565213,29.841969866271853],[-96.12274112465964,29.968539589137862],[-96.0910443203672,29.998975664428688],[-96.08929520200611,30.009068489678775],[-96.14625900905611,30.070518068214547],[-96.19140560015596,30.134670182379104],[-96.15900171544901,30.20660338586944],[-96.09412192674414,30.227291938579455],[-96.08804957018275,30.28898020236829],[-96.15462586344269,30.330298023571444],[-96.20045389399984,30.382082323069984],[-96.2991576983611,30.379164071056255],[-96.30634115431823,30.39171971896761],[-96.28882306713304,30.41656633920124],[-96.2869245373752,30.43895829114068],[-96.36003817376152,30.54240000677842],[-96.50967361342072,30.627311205108647],[-96.60168911258044,30.640543912569722]]]}},{"type":"Feature","properties":{"utility":"city_of_moulton"},"geometry":{"type":"Polygon","coordinates":[[[-97.24009648227404,29.384491393542046],[-97.20407475977812,29.58060554202915],[-97.14263925954988,29.628090828173843],[-96.87422590348454,29.632692957171344],[-96.79295318258768,29.577191984590396],[-96.56057302804452,29.33544057205985],[-96.93858551762986,29.063258736476193],[-97.24009648227404,29.384491393542046]]]}},{"type":"Feature","properties":{"utility":"navarro_county_elec_coop"},"geometry":{"type":"Polygon","coordinates":[[[-97.48595663351915,32.017618023333036],[-97.47607494143621,32.173450662617064],[-97.08836089333566,32.26716451869393],[-97.08682223599362,32.5494160825088],[-96.52999468606305,32.54527055051181],[-96.45157848819471,32.3591838367235],[-96.38286562841569,32.328715105934116],[-96.11570357555426,32.160906096655715],[-96.05289068541076,32.00819552926062],[-96.05920019886537,31.962749203921078],[-96.02296710431128,31.957569244152378],[-96.02707026640029,31.882794883078923],[-95.99413713699138,31.86624952016874],[-95.98030902129271,31.787323141666928],[-95.87594709492143,31.755493479013328],[-95.86084464390576,31.689073902619132],[-95.79409249698567,31.66030082389906],[-95.7873134295437,31.618392184124623],[-96.31545564643365,31.377391398557478],[-96.3191774353908,31.35713500954313],[-96.59685828101709,31.22091400626159],[-97.03430730862692,31.85801647098368],[-97.04504971414471,31.85926538579688],[-97.27726319907265,31.745505748228545],[-97.32651472393397,31.78836132419275],[-97.29112776575434,31.83205759067321],[-97.29187979832083,31.84405980066455],[-97.38284177165694,31.87079804243157],[-97.43874689948336,31.933503688356424],[-97.39390374718536,31.963682647104033],[-97.39319806787088,31.9770578573362],[-97.48595663351915,32.017618023333036]]]}},{"type":"Feature","properties":{"utility":"city_of_new_braunfels"},"geometry":{"type":"Polygon","coordinates":[[[-98.64609136796855,29.7451968487938],[-98.29759934557008,30.03798021157236],[-98.03053159487145,29.848532480987817],[-97.9997769796875,29.761332165787795],[-97.98789591117875,29.762145278054465],[-97.87526018130751,29.858192072811136],[-97.72284726722216,29.6833084134671],[-97.63319439481383,29.649857579561008],[-97.84038823880154,29.376801705209207],[-98.08467822393426,29.37960580817152],[-98.13415927195499,29.441753942028242],[-98.13123213114977,29.48384168323684],[-98.29851361121442,29.561151132013638],[-98.31173128758292,29.595209128259626],[-98.37805329584337,29.662614401023557],[-98.34831183346294,29.707598317831128],[-98.352131220168,29.71979675281042],[-98.44384994816356,29.719661697703394],[-98.55105303942022,29.76039579481822],[-98.64609136796855,29.7451968487938]]]}},{"type":"Feature","properties":{"utility":"city_of_newton"},"geometry":{"type":"Polygon","coordinates":[[[-93.9111126903322,31.158060876426266],[-93.59971118703885,31.176442325176843],[-93.58466424934645,31.166394873772756],[-93.54920459774085,31.186525493391546],[-93.5317550593103,31.18081328228148],[-93.52766018505537,31.07451022146807],[-93.54024618938807,31.007628382469303],[-93.53094774260103,30.924536096183108],[-93.55844694515365,30.869374321723527],[-93.56330228059218,30.818507554684757],[-93.7271619981357,30.57511035984863],[-93.73836366062419,30.543482969702193],[-93.71012669771223,30.506395072329788],[-93.69828074825328,30.438889289661923],[-93.75637446383473,30.39137713200878],[-93.76525592003001,30.335973058111552],[-93.7368831087171,30.300632198953238],[-93.72058558095688,30.29594490417899],[-93.71623511728055,30.244329040166534],[-93.90144047497192,30.242683053081297],[-93.86577194047942,30.946773725848843],[-93.9111126903322,31.158060876426266]]]}},{"type":"Feature","properties":{"utility":"north_plains_electric_coop"},"geometry":{"type":"Polygon","coordinates":[[[-101.62390347191922,36.49951647749565],[-100.00041750715222,36.49969048237513],[-100.00039650696385,35.1827135162188],[-100.53896658417699,35.18315543736004],[-100.54013100881514,35.60931950909935],[-100.54723574441708,35.61886416564611],[-101.62281951095306,35.62406853193943],[-101.62390347191922,36.49951647749565]]]}},{"type":"Feature","properties":{"utility":"nueces_electric_cooperative"},"geometry":{"type":"MultiPolygon","coordinates":[[[[-97.39163754482104,26.901972224093935],[-97.39006743915932,27.156510934877062],[-97.37926670092455,27.19411228841051],[-97.38666029030645,27.20470581051632],[-97.37330371856068,27.27644758471381],[-97.35896929363795,27.31031428306862],[-97.3667586173157,27.333278594073686],[-97.36178566938408,27.359984531788992],[-97.3312026239238,27.412379432536962],[-97.31726518788126,27.463683410525583],[-97.24058219743942,27.592612370558395],[-97.24262870406012,27.607457147296174],[-97.23137511245636,27.63232448683921],[-97.21331882740022,27.63386863014454],[-97.20091957311463,27.650224447183245],[-97.20307762851014,27.68799210317381],[-97.18883406758147,27.69458096784963],[-97.16616681280287,27.732362585424696],[-97.14785338077145,27.735381128900464],[-97.1315059404164,27.75094790516423],[-97.10415830012134,27.788368394261045],[-97.10072998574655,27.818193217788952],[-97.1344723225435,27.8252055105696],[-97.05582386184396,27.843389967586052],[-97.04599252612157,27.83501072708485],[-97.08571836016668,27.792819402650906],[-97.1668490498454,27.676289936343018],[-97.30434207013768,27.4080243587287],[-97.35047513677955,27.267762479003718],[-97.3770130970583,27.100719709950248],[-97.37832654921435,26.99249061849129],[-97.35145597433396,26.808807651149696],[-97.1946777609583,26.306634860529545],[-97.15428767181868,26.06685452782514],[-97.16982967457658,26.077857962775003],[-97.19440086030615,26.271327158130582],[-97.21509041491065,26.35415081163709],[-97.24027505787016,26.40598487460503],[-97.24767365814337,26.456243701611637],[-97.27569778767871,26.519168123155925],[-97.2923900933111,26.5280248492382],[-97.31071870017088,26.556560256575718],[-97.30885808891574,26.577158713715693],[-97.33847748875712,26.64743046390561],[-97.34504003007618,26.697540498587536],[-97.37042776206906,26.723899111090475],[-97.36460236187926,26.765739873493548],[-97.37215418740772,26.8060256511385],[-97.38744794844686,26.820793620663352],[-97.38359584342201,26.875518276372254],[-97.39163754482104,26.901972224093935]]],[[[-98.79831220596749,27.354039456160546],[-98.8008366388225,28.64729461471995],[-98.33505851252288,28.64826345831921],[-98.33424518401043,28.628525828047966],[-98.32272355774302,28.622704508787663],[-98.09831624752906,28.786934353910194],[-98.00541918536844,28.69041273711337],[-98.07883713715538,28.666451702901647],[-98.08457059048094,28.654988023433642],[-97.80878912123265,28.183418123094107],[-97.90208427608488,28.110049055679337],[-97.88214700085078,28.056417055582934],[-97.79852919897401,27.995655065549013],[-97.80263539041775,27.936682572631124],[-97.69107818206172,27.91734134668894],[-97.58831873701412,27.856426815556233],[-97.37717229964389,27.875168274420556],[-97.36126105421404,27.84989416754362],[-97.37913260051947,27.83729261661337],[-97.39152626313003,27.813882463569737],[-97.39309599747654,27.783409945144648],[-97.38555995851007,27.76577148747211],[-97.34656422289959,27.725264270888708],[-97.25396974674054,27.69668810709912],[-97.2965390827263,27.613926817284057],[-97.29406885420885,27.594100924557175],[-97.32215952065545,27.569265195579884],[-97.36611181426441,27.44913427719403],[-97.37294431495862,27.401227457514096],[-97.40514196188576,27.329821895328465],[-97.42026731650905,27.317263463869555],[-97.45118029223563,27.313316970989526],[-97.48161492620834,27.298527161446533],[-97.50830773276186,27.275026396614283],[-97.53221984346591,27.278587623664116],[-97.5469633590458,27.290776841751555],[-97.53099035301574,27.29076879056173],[-97.50439160339457,27.307373865852078],[-97.50257349203974,27.32255124805208],[-97.48428891758127,27.34099398626212],[-97.4870942771327,27.358147532314685],[-97.50503370232988,27.36523088128079],[-97.6090716203249,27.28520437071668],[-97.63297839102093,27.284937639955086],[-97.63994339427187,27.270921854739594],[-97.63856793154305,27.25274717054629],[-97.62968521425466,27.243683586814402],[-97.54243734327443,27.22929890030655],[-97.51864400166147,27.231794106625518],[-97.45028639097319,27.262533666721836],[-97.42401470119242,27.26383977949745],[-97.44368541234478,27.1162455512316],[-97.45341504908535,27.112777613295854],[-97.46174200080739,27.09563642996372],[-97.48372739402494,27.102077702201445],[-97.4950567740293,27.094302176344648],[-97.4926233284232,27.078467042435083],[-97.47752903770022,27.066104492511183],[-97.48761475872902,27.053094139681548],[-97.48564959400649,27.037552823377215],[-97.4739632240637,27.029207047399844],[-97.47854453264685,26.999193384918726],[-97.53632053841672,26.99965764920025],[-97.55265445913598,26.990012144819275],[-97.55532319952262,26.93996048467753],[-97.54012345630409,26.90097219743413],[-97.5515888229718,26.889285291059227],[-97.56251683717234,26.844768377438932],[-97.55208117234685,26.82766948150229],[-97.50983800270764,26.803504597136214],[-97.48433836695666,26.76359942101267],[-97.47167187943279,26.758713526474665],[-97.44122450889039,26.59991263153197],[-97.86150366216724,26.59799583558371],[-97.98506777196192,26.61577493589755],[-97.98548251955751,26.770992848691158],[-97.99161365448329,26.7802025567162],[-98.42260412160441,26.783546621434798],[-98.41822701272812,27.046979974250423],[-98.42618982768417,27.054987659649566],[-98.46653248924072,27.054722136912122],[-98.49263126171304,27.23258465672468],[-98.52371224456638,27.265119059651354],[-98.52401406301459,27.339010081647633],[-98.79831220596749,27.354039456160546]]]]}},{"type":"Feature","properties":{"utility":"panola_harrison_elec_coop"},"geometry":{"type":"Polygon","coordinates":[[[-94.70212896777768,32.79307004011038],[-94.50678907543139,32.69392245614602],[-94.39081288211783,32.69453696310073],[-94.24280838279384,32.75071902590391],[-94.04315870481658,32.69302114208917],[-94.04271818869772,32.00440429852698],[-94.01566107700904,31.979865781155283],[-94.59996558918685,31.97320449908368],[-94.5804908816552,32.201360592260805],[-94.49750086296828,32.38593493111654],[-94.5052949945967,32.3940591563848],[-94.5792175062292,32.394929260308636],[-94.70197469183805,32.42179109319855],[-94.70212896777768,32.79307004011038]]]}},{"type":"Feature","properties":{"utility":"pedernales_electric_coop"},"geometry":{"type":"Polygon","coordinates":[[[-100.96216460475667,31.082478821076865],[-99.60323454616548,31.08728450130302],[-99.60359938852363,30.950743361614204],[-99.59651513061,30.94115030440356],[-99.10032889730354,30.941185001949474],[-99.09228453828104,30.95095932107945],[-99.09061101789652,31.460918259680383],[-98.99161384681342,31.484058442102032],[-98.96526416731241,31.437279215000785],[-98.87250687137826,31.444285630094956],[-98.85267893882775,31.41417645795903],[-98.77300853281288,31.41091497546698],[-98.76095939571809,31.388501556608603],[-98.75124847834667,31.391834697715268],[-98.72609319290805,31.42825956617542],[-98.56078449301674,31.23362449552682],[-98.27551372766874,31.405219274757187],[-98.27105719110727,31.416392242032963],[-98.18000957182751,31.463702597793706],[-97.90488090876116,31.072326725372868],[-97.41860823464181,31.320187991243134],[-97.34451135794822,31.247025392565924],[-97.27811640376692,31.279784320804723],[-97.07020583547651,30.9862243810426],[-97.25824415047222,30.889511663345097],[-97.31216530924728,30.75997428838515],[-97.30767080536384,30.749619464977705],[-97.27142758666248,30.735682083674952],[-97.15523446618214,30.45735128261482],[-97.33446215687653,30.402854247672046],[-97.3716140057396,30.414762283839654],[-97.49268832325401,30.209953655626244],[-97.64366291330039,30.070742613111356],[-97.64038780362706,30.060793471973366],[-97.31584099118169,29.78654067115628],[-97.59774305203808,29.63073182621984],[-97.63618433111131,29.645141547912548],[-97.84038823880154,29.376801705209207],[-98.08467822393426,29.37960580817152],[-98.12806667802705,29.434005142838956],[-98.13902870629751,29.4362863295237],[-98.40757298630275,29.114516250845163],[-98.80475208407984,29.25070083069698],[-98.80655103423808,29.69047146467716],[-98.78694448764035,29.712166304672127],[-98.79013806997521,29.7247067715055],[-99.17702899914008,29.894880894140734],[-99.5935070310148,29.907393447613874],[-99.60280518014441,29.897430126510265],[-99.60314134201607,29.627192254286197],[-100.11040926879208,29.61882824873002],[-100.111417477982,29.08632942185652],[-100.66834916052672,29.083983930626758],[-100.79364119952865,29.24213937012785],[-100.7446945732507,29.258554660996193],[-100.69918581368083,29.42022092716739],[-100.70043496236777,30.279244634083774],[-100.71040526253998,30.288256764571223],[-100.96063147490418,30.287787545713655],[-100.96216460475667,31.082478821076865]]]}},{"type":"Feature","properties":{"utility":"rio_grande_electric_coop"},"geometry":{"type":"Polygon","coordinates":[[[-106.62779634792827,31.860594822459483],[-106.6147365343883,31.955817911778247],[-106.59884942259086,32.00074340980396],[-103.98018451909175,32.000114111312605],[-103.88781045883246,31.874122342635346],[-103.82939330616368,31.887976805533807],[-103.79494005457668,31.769739981938564],[-103.62573485887965,31.705023914246162],[-103.61079393899459,31.65317391588296],[-103.57813384482826,31.63438678789934],[-103.53093457121787,31.642270662037035],[-103.45702813924842,31.429014479769943],[-103.01104989190071,31.37129587718847],[-102.82753733151371,31.269110196454733],[-102.67649786203536,31.326811237244854],[-102.4295551319209,31.193548099101832],[-102.38494123233508,31.087556859071448],[-101.77613382461028,31.07978395381651],[-100.96218752498942,31.08247831050665],[-100.95618778991415,30.289474150040746],[-99.75415392278003,30.290686254187257],[-99.75763261887323,30.074144278660256],[-99.95966045331467,30.082044061446442],[-99.96941051456521,30.075575038730175],[-100.03066693840371,29.84881836914033],[-100.01453386229797,29.630864331420064],[-100.00481960567102,29.623579007369997],[-99.41182861696844,29.627502407482474],[-99.40912939576523,28.65062186554925],[-99.39573511536753,28.64053650888757],[-99.38899585956023,28.03861338543813],[-99.378793934211,28.030888117487788],[-98.8033369483611,28.057467397362508],[-98.79809868751704,27.26802375904498],[-99.33360432516766,27.2732347053235],[-99.3726317497121,27.315846837558126],[-99.45395025092826,27.26468566691821],[-99.47087942895125,27.26545593578883],[-99.52979804819022,27.30618864039034],[-99.53775691521149,27.316070922979122],[-99.50725675522044,27.356092798898736],[-99.49265834476883,27.39114541956451],[-99.48043094948275,27.484193697590765],[-99.51990914888862,27.57433295717829],[-99.54260909142621,27.606288234993663],[-99.59972056148388,27.640708381880714],[-99.66617131917549,27.638334871037976],[-99.84366902329602,27.774759756499538],[-99.87616420371901,27.806282796335896],[-99.90140724367046,27.86398189218979],[-99.89913790028208,27.9055456388536],[-99.99143829982144,27.99456688975328],[-100.08437549205853,28.14451633324935],[-100.20244103512066,28.1905645851534],[-100.29138221556248,28.27540377602842],[-100.3469756514141,28.407233336630437],[-100.33576774056218,28.49740032931509],[-100.38695538723238,28.514035094947094],[-100.40504681794623,28.53578671678453],[-100.43016786970811,28.596196408118068],[-100.5003448859403,28.66196597269402],[-100.51196687533846,28.70511765997236],[-100.50778095047333,28.74056100644864],[-100.53569891759646,28.80565822859222],[-100.54753028978692,28.82593313020312],[-100.64008363689939,28.915838358559117],[-100.65142090256296,28.94321184254251],[-100.6467167457172,28.990129614746824],[-100.67568109073002,29.10100333432047],[-100.79813402800552,29.247180556983867],[-100.95316193705766,29.347031509183537],[-100.99559890677654,29.36341424714227],[-101.03762909445048,29.41468844697621],[-101.06089405703055,29.458524380958835],[-101.08765935710792,29.469406632351237],[-101.13749944926701,29.473554230598726],[-101.23526459829877,29.524861234625075],[-101.24947319843744,29.62238461521909],[-101.31325666208248,29.658516477046135],[-101.34373571643293,29.662058755333764],[-101.40692404673104,29.75827930038572],[-101.45619624098417,29.770194087041673],[-101.62088661857642,29.771037042510745],[-101.64641898873141,29.75431535788905],[-101.78660711132304,29.782083943318487],[-101.94389007093196,29.801379914348594],[-102.0500463465367,29.78508250210661],[-102.11584099456543,29.792500460814065],[-102.29707234692539,29.874500774489483],[-102.32000244690082,29.875193034764692],[-102.36443083809574,29.84291598624763],[-102.3866857448065,29.761494147567078],[-102.48678492244827,29.786335747456818],[-102.55491887340128,29.748979633938127],[-102.6128741427481,29.74813728212903],[-102.66593132408794,29.736923880665053],[-102.69006073038378,29.7206786405754],[-102.74563457826002,29.592771449380415],[-102.78181625177032,29.54246307283838],[-102.80893278487162,29.520779338845145],[-102.83333243636353,29.408985561890916],[-102.87603803279913,29.352787483830326],[-102.89553091267348,29.284246876607973],[-102.88753426517506,29.251456238465117],[-102.87135692565825,29.241616526995898],[-102.86685940075947,29.22501885800208],[-102.95057088605583,29.17700081050183],[-102.99671855997455,29.159922993640734],[-103.10342070809975,29.034702455945922],[-103.11533751127124,28.98527886242779],[-103.15688403868963,28.972806863094497],[-103.28190082923005,28.99009798005707],[-103.38350247469755,29.024124161789675],[-103.47102460891307,29.07537467150757],[-103.47285792237997,29.08746416778044],[-103.50364692215615,29.119454372541387],[-103.55746485164842,29.154332476803255],[-103.71486087893012,29.184149845452758],[-103.76780712757622,29.224960300735663],[-103.79443535121335,29.263465258770864],[-103.83902763722627,29.278434500414946],[-104.02548442089308,29.314414017062013],[-104.14351667937098,29.38317584581737],[-104.16767532230462,29.40314614853645],[-104.23705208290244,29.497431441814243],[-104.2642113640034,29.51385680066073],[-104.32160061513866,29.527929605084875],[-104.39434674690608,29.560542689178792],[-104.5156507932176,29.641709120609416],[-104.53855838858138,29.677400819904026],[-104.5661073932445,29.771351231779335],[-104.63296618201697,29.870029693320056],[-104.67986273621361,29.92095044972932],[-104.69357329775943,30.01907731106605],[-104.68731859391319,30.178572019611313],[-104.70835135312734,30.23435400059959],[-104.7613625403478,30.300739132590806],[-104.85950990506346,30.390418518251906],[-104.8730022315558,30.50008038998217],[-104.92953198411868,30.59792893464593],[-104.97206354338324,30.61027288594115],[-105.04492750081668,30.684301025083307],[-105.12885781552744,30.749772224994995],[-105.20878513698169,30.798129923332645],[-105.26547545703595,30.802546828256126],[-105.39461810122292,30.858929370216618],[-105.4132210009675,30.894221846330527],[-105.55678187985794,30.98947725810111],[-105.60380305742949,31.082901518946315],[-105.6484419734954,31.11555095950895],[-105.70948598361976,31.13638495286195],[-105.75070372010508,31.16509723871352],[-105.79371408424575,31.20171796947396],[-105.8683644356157,31.28742098919593],[-105.92312107639924,31.312101855047658],[-105.98197351349378,31.37576892555372],[-106.00785299241328,31.3930018124751],[-106.1327771996681,31.42537816228422],[-106.20919441127299,31.469239846971476],[-106.25435071250192,31.547946146415317],[-106.38116757010364,31.731955315879915],[-106.4348112940352,31.756372404929703],[-106.47271890703962,31.751919413134395],[-106.52853189715492,31.783913434410987],[-106.53795388344412,31.79974871607845],[-106.62779634792827,31.860594822459483]]]}},{"type":"Feature","properties":{"utility":"rita_blanca_electric_coop"},"geometry":{"type":"Polygon","coordinates":[[[-103.04236560878039,35.18316743994476],[-103.04165767153155,36.478507343398825],[-103.00217951903264,36.500396978489555],[-101.08516752003081,36.499232500629624],[-101.08607944471848,35.625278427794576],[-101.61915494094369,35.62180286577079],[-101.62295361463862,35.18312909183938],[-103.04236560878039,35.18316743994476]]]}},{"type":"Feature","properties":{"utility":"navasota_valley_elec_coop"},"geometry":{"type":"Polygon","coordinates":[[[-97.60521281265831,31.587757187032306],[-97.28552252389427,31.74559878664017],[-97.32651472393397,31.78836132419275],[-97.29112776575434,31.83205759067321],[-97.29127306142107,31.843274895302198],[-97.38284177165694,31.87079804243157],[-97.43874689948336,31.933503688356424],[-97.39390374718536,31.963682647104033],[-97.39262017802868,31.976268854103957],[-97.48595663351915,32.017618023333036],[-97.47584716729133,32.173516349683126],[-97.08619634460891,32.26543723030821],[-96.94433024627936,32.057795204738255],[-96.93374216121859,32.055542645521676],[-96.8962126651599,32.073963042267394],[-96.714377959187,31.814488867711745],[-96.49625526892102,31.796672928515903],[-96.05478599544342,32.01250962366392],[-96.05954996186367,31.96367944588755],[-96.051690751339,31.95686882097247],[-96.02296710431128,31.957569244152378],[-96.02707026640029,31.882794883078923],[-95.99413713699138,31.86624952016874],[-95.97918426969272,31.785804782505817],[-95.87594709492143,31.755493479013328],[-95.86084464390576,31.689073902619132],[-95.79409249698567,31.66030082389906],[-95.78376794387297,31.619438130774387],[-95.71012695544907,31.615575879224977],[-95.73847270297384,31.502682497288358],[-95.65721663994202,31.318003143028516],[-95.72550283238958,31.269026211444203],[-95.76205759644111,31.10123569354393],[-95.75421611531296,31.09321673743221],[-95.66355915967007,31.083874109467196],[-95.67977482515025,30.987433234679063],[-95.61789435385334,30.930423294119784],[-95.86338160349553,30.864081542553123],[-96.16633475271519,30.821056459375306],[-96.18737536782008,30.598305137740144],[-96.12268787895705,30.44596753113994],[-96.0799926232533,30.430026408654918],[-96.14590598081422,30.38321353312786],[-96.1546376475322,30.330314243541327],[-96.20045389399984,30.382082323069984],[-96.2991576983611,30.379164071056255],[-96.30634115431823,30.39171971896761],[-96.28882306713304,30.41656633920124],[-96.2869245373752,30.43895829114068],[-96.36003817376152,30.54240000677842],[-96.50967361342072,30.627311205108647],[-96.60168911258044,30.640543912569722],[-96.58378964919,30.661339313562525],[-96.57569819166336,30.702368114286834],[-96.6016462707576,30.727611440417906],[-96.62127265080743,30.730830118943143],[-96.68524331387069,30.904515772341426],[-96.75632095395375,30.92721600398886],[-96.82787577473235,31.09977391651536],[-96.8387653579175,31.10108412718379],[-97.07018405740803,30.98623564107307],[-97.27357223237362,31.273306521483423],[-97.28504768030609,31.275967413255966],[-97.34360045907633,31.244391331761552],[-97.41872831038732,31.32037735454836],[-97.60521281265831,31.587757187032306]]]}},{"type":"Feature","properties":{"utility":"city_of_robstown"},"geometry":{"type":"Polygon","coordinates":[[[-97.94213481254233,27.63593731131791],[-97.93426308166258,27.885196594842434],[-97.79853096281842,27.995633602937154],[-97.80057317363989,27.934671153398256],[-97.69107818206172,27.91734134668894],[-97.58935598151635,27.856608892580816],[-97.37717229964389,27.875168274420556],[-97.36126105421404,27.84989416754362],[-97.37913260051947,27.83729261661337],[-97.39152626313003,27.813882463569737],[-97.39309599747654,27.783409945144648],[-97.38555995851007,27.76577148747211],[-97.34656422289959,27.725264270888708],[-97.25396974674054,27.69668810709912],[-97.2965390827263,27.613926817284057],[-97.29406885420885,27.594100924557175],[-97.32512571377642,27.560937803124954],[-97.84067434451923,27.55836888937498],[-97.94213481254233,27.63593731131791]]]}},{"type":"Feature","properties":{"utility":"rusk_county_electric_coop"},"geometry":{"type":"Polygon","coordinates":[[[-94.98692305466335,32.5372379640867],[-94.70180116004987,32.65219248277157],[-94.70197914821851,32.429837282923785],[-94.69595776669713,32.42065432202061],[-94.57921300491968,32.394969218751015],[-94.49182059441998,32.39412472044645],[-94.34648925689233,32.33111197223075],[-94.04291222945115,32.39226917033113],[-94.04231625212172,32.00159414082061],[-94.01563608637764,31.979850934721913],[-93.97566807484148,31.924178396324844],[-93.92029698814743,31.888640763603476],[-93.84004034881174,31.800589571462876],[-93.81249068077193,31.715244575991594],[-93.83493309621514,31.586220419880462],[-93.98445911734304,31.569430062652494],[-94.091310611717,31.620607072323654],[-94.3865555956563,31.649373317409047],[-94.38622165535865,31.633441252611],[-94.31105522840477,31.58924513266838],[-94.33944073256474,31.244849536284804],[-94.32671434197279,31.224866336562627],[-94.49445092761552,31.40352687067244],[-94.53062717852313,31.398667055519784],[-94.54945925476284,31.432296437968645],[-94.72867438715052,31.457240704253476],[-94.86585042769413,31.526924205271367],[-94.95195668287708,31.64135605924791],[-94.96715692464163,31.753766325337953],[-94.94137096451902,31.837525324220838],[-94.94912299504045,31.84551761113349],[-94.98502570912466,31.846204149231493],[-94.98692305466335,32.5372379640867]]]}},{"type":"Feature","properties":{"utility":"city_of_san_antonio"},"geometry":{"type":"Polygon","coordinates":[[[-99.60311845031964,29.627192555903548],[-99.60085284721391,29.907650139141698],[-99.17699054903755,29.89505167794118],[-98.93184461971256,29.787588264614037],[-98.92152794259253,29.78898198041241],[-98.91990076572931,30.138290492097987],[-98.5879021156154,30.13894279537064],[-98.4146882952494,29.94180525885009],[-98.29759934557008,30.03798021157236],[-98.03053159487145,29.848532480987817],[-97.9997769796875,29.761332165787795],[-97.98789591117875,29.762145278054465],[-97.87526018130751,29.858192072811136],[-97.72284726722216,29.6833084134671],[-97.63319439481383,29.649857579561008],[-97.85536117880278,29.355484914692273],[-97.72845954106928,29.22174928800614],[-98.1832228032491,28.88778347165681],[-98.18365123707711,28.87485119911408],[-98.09833308950397,28.78695049696051],[-98.33501957395734,28.612680614563374],[-98.3354752905791,28.641164256148596],[-98.34408201809285,28.64820795175541],[-98.80083546247779,28.647318087154574],[-98.804809338429,29.080540363379868],[-98.81099301788475,29.089691966436497],[-99.41386842776261,29.09134651075456],[-99.41227812405353,29.62037255468184],[-99.42187302326928,29.62749649645477],[-99.60311845031964,29.627192555903548]]]}},{"type":"Feature","properties":{"utility":"city_of_san_augustine"},"geometry":{"type":"Polygon","coordinates":[[[-94.39907671676791,31.65358358366448],[-94.0907214924237,31.620593244207186],[-93.98447326390482,31.56941119383479],[-93.98324968266934,31.46611860740284],[-94.04392953889533,31.407354570717974],[-94.03904666578354,31.134279514010235],[-94.12963081135292,31.099291931410264],[-94.3263928251208,31.224611843049217],[-94.33976133744531,31.24082363263716],[-94.31159871497344,31.585024752025493],[-94.3953505289856,31.638759846141106],[-94.39907671676791,31.65358358366448]]]}},{"type":"Feature","properties":{"utility":"sam_houston_electric_coop"},"geometry":{"type":"Polygon","coordinates":[[[-95.86304658472874,30.864116801017776],[-95.61644334413468,30.931414284803104],[-94.96891652546527,31.379535739693313],[-94.96789293676609,31.395142041016115],[-95.00333372789547,31.425700780861245],[-94.86585582717096,31.52690169725993],[-94.7281047715262,31.457208100486046],[-94.54489689870582,31.431703314440522],[-94.52929842598685,31.40121013458385],[-94.49587840724134,31.405714195606727],[-94.32623685875666,31.224554192694608],[-94.13223067268883,31.101142316013778],[-94.0390310924842,31.134260744954855],[-93.91113458636768,31.158058101980423],[-93.86572052782901,30.94721680727497],[-93.90146358941531,30.242684135504554],[-94.1094116457119,30.241507074763565],[-94.11736462930159,30.232496019772203],[-94.11592874845832,30.16036234004779],[-94.20832594247163,30.186559936325335],[-94.29263327012471,30.117682153615267],[-94.44074950326147,30.111492713361617],[-94.442246687392,29.889549425304768],[-94.98144945992114,29.884287126199236],[-94.986048283442,29.97002415219876],[-95.03116978248313,29.993332592006265],[-95.09183196255618,30.154274779943144],[-95.10002638554205,30.16068056003941],[-95.26401477175195,30.03223163931491],[-95.54998523723516,30.169014124123706],[-95.65543426849881,30.109006423787775],[-95.80331835301186,30.090109313906567],[-95.80438972964896,30.338237552730753],[-95.8302174445864,30.630029177581477],[-95.86304658472874,30.864116801017776]]]}},{"type":"Feature","properties":{"utility":"san_patricio_electric_coop"},"geometry":{"type":"MultiPolygon","coordinates":[[[[-98.80331338877629,28.05749157045615],[-98.8008366388225,28.64729461471995],[-98.33505851252288,28.64826345831921],[-98.33424518401043,28.628525828047966],[-98.32272355774302,28.622704508787663],[-98.09831624752906,28.786934353910194],[-98.00626320074872,28.69246940018814],[-97.91510628042997,28.719635814102954],[-97.77773694699084,28.669524248438137],[-97.41733913701776,28.925213167923175],[-97.3063333542582,28.864511470630294],[-97.23197672202285,28.865290642313507],[-97.15894674979356,28.776152151442894],[-97.18209020796067,28.61214189012518],[-97.16034280563427,28.555732965446197],[-97.04853356611034,28.549963090898828],[-96.98041656201575,28.500000267515304],[-96.89095425025283,28.507167079918904],[-96.76698402515525,28.410742071602026],[-96.79040169063452,28.38306109654253],[-96.79177171088159,28.3121747680202],[-96.80827620723299,28.291740083360402],[-96.78719407872663,28.255676821872196],[-96.80042147205131,28.224135212746365],[-96.93476937366638,28.12388360587504],[-96.96275305352874,28.123376219054574],[-97.00139996239778,28.137216813585756],[-97.02521709312926,28.125141824164892],[-97.02286729211514,28.107342891747845],[-97.035528,28.082812097766052],[-97.02598297425193,28.04172825108008],[-97.12912974229546,27.918401307406167],[-97.18719255930161,27.82413694769538],[-97.2251683926,27.825732331340536],[-97.24956235962996,27.87424681903537],[-97.27318320868152,27.881507061421196],[-97.32506891154728,27.867833516797127],[-97.37971116281663,27.836507636252843],[-97.39152626313003,27.813882463569737],[-97.39309599747654,27.783409945144648],[-97.36861214904081,27.742128713312017],[-97.31711374301167,27.712954215320448],[-97.25396974674054,27.69668810709912],[-97.2965390827263,27.613926817284057],[-97.29406885420885,27.594100924557175],[-97.32512571377642,27.560937803124954],[-97.84067434451923,27.55836888937498],[-97.94188644857269,27.63524345363739],[-98.05611576400248,27.633589802320426],[-98.05808973215294,27.26099277967582],[-98.23245271842514,27.262498227294376],[-98.23840725859957,28.055039712755082],[-98.80331338877629,28.05749157045615]]],[[[-97.05580626736878,27.843405377989278],[-97.01712452346612,27.90124458446425],[-97.01637113577398,27.917248297751424],[-96.98548036069094,27.954922457206795],[-96.98664716252304,27.98075734067807],[-96.96779974644386,28.020031976016647],[-96.95244922330807,28.018322720649998],[-96.92923036743797,28.03978659699902],[-96.9270724387284,28.0572830263858],[-96.88973368012466,28.081395296085155],[-96.87941522717544,28.131392389767548],[-96.84768475965966,28.110245423204226],[-96.830044721001,28.111827605885303],[-96.85346692304161,28.06135096990664],[-97.00113478648268,27.91178949833585],[-97.04541641784985,27.837468352412543],[-97.05580626736878,27.843405377989278]]]]}},{"type":"Feature","properties":{"utility":"san_bernard_electric_coop"},"geometry":{"type":"Polygon","coordinates":[[[-97.31787537647274,29.78465880946667],[-97.02446687061966,30.051414842993708],[-97.01957151092718,30.039636571146705],[-97.00880180940231,30.037982794041184],[-96.79454911497699,30.160531325167216],[-96.64723302024564,30.14516245454546],[-96.62391383186986,30.052213025292232],[-96.61589583723014,30.045683188121775],[-96.2928491417223,30.096134684321598],[-96.16243975562493,30.076099183735856],[-96.159036925476,30.08833523912405],[-96.19140560015596,30.134670182379104],[-96.15900171544901,30.20660338586944],[-96.09412192674414,30.227291938579455],[-96.08655881220234,30.283542321611286],[-96.15461754780983,30.33029394061871],[-96.14724304803178,30.38283268367712],[-96.09220479258636,30.426710432915044],[-96.09738464820627,30.435411347410952],[-96.1217977255586,30.443435070508713],[-96.18775302134945,30.59873890447017],[-96.16835960378786,30.82298708755735],[-95.8630687299673,30.864112167019314],[-95.82728111489207,30.62893480906631],[-95.59934897813568,30.50939387486921],[-95.35916316740932,30.504357500974987],[-95.30759526789936,30.405883951214438],[-95.16590646728466,30.344966830472977],[-95.03224046276854,29.996275386830494],[-94.98537571451665,29.97227111799729],[-94.98080096657496,29.885133229349627],[-94.90866560982138,29.825176487941143],[-94.93116019088487,29.67390361377314],[-94.93933973351614,29.695206157442477],[-94.96342747391189,29.698874056525124],[-95.0145895783578,29.642195483748964],[-95.01204680411178,29.628324468692306],[-94.9827197637048,29.601343582238716],[-94.98900155560708,29.59116212065191],[-95.01820168471211,29.554592988583753],[-95.16392358345927,29.498065416744677],[-95.21652832265393,29.555939919503306],[-95.29558744642287,29.595550411347688],[-95.42411622221191,29.580244332511],[-95.61018301571264,29.66707835772255],[-95.8253349137047,29.787275928503572],[-96.02594428588334,29.729872864166907],[-96.03222330563179,29.720924663057353],[-96.02486287261205,29.602888860490015],[-96.08891014256965,29.60166892642321],[-96.17832959867006,29.630920045105366],[-96.30716220799493,29.514744381519975],[-96.34922705058997,29.40606080289297],[-96.6403132307473,29.24781931160447],[-96.66418793816435,29.259720273152094],[-96.93858551762986,29.063258736476193],[-97.24009648227404,29.384491393542046],[-97.20407475977812,29.58060554202915],[-97.1426935146472,29.628152306846637],[-97.13499561394775,29.643736114186225],[-97.31787537647274,29.78465880946667]]]}},{"type":"Feature","properties":{"utility":"city_of_sanger"},"geometry":{"type":"Polygon","coordinates":[[[-97.39846864705797,32.99084919867166],[-97.38308395697845,33.43043819572686],[-96.94402492519177,33.41641543642268],[-96.83401619109436,33.40549323772637],[-96.84399009667048,32.98756545520381],[-97.39846864705797,32.99084919867166]]]}},{"type":"Feature","properties":{"utility":"city_of_schulenburg"},"geometry":{"type":"Polygon","coordinates":[[[-97.31787537647274,29.78465880946667],[-97.02446687061966,30.051414842993708],[-97.01957151092718,30.039636571146705],[-97.00880180940231,30.037982794041184],[-96.79454911497699,30.160531325167216],[-96.64723302024564,30.14516245454546],[-96.622057856069,30.04482390572831],[-96.56985887688124,29.9615172536412],[-96.86868984985489,29.633256924764414],[-96.79295318258768,29.577191984590396],[-96.56057302804452,29.33544057205985],[-96.93858551762986,29.063258736476193],[-97.24009648227404,29.384491393542046],[-97.20407475977812,29.58060554202915],[-97.1426935146472,29.628152306846637],[-97.13499561394775,29.643736114186225],[-97.31787537647274,29.78465880946667]]]}},{"type":"Feature","properties":{"utility":"city_of_seguin"},"geometry":{"type":"Polygon","coordinates":[[[-98.3109137882128,29.594466724428187],[-98.08960302370382,29.683785935371517],[-97.87526018130751,29.858192072811136],[-97.72284726722216,29.6833084134671],[-97.63319439481383,29.649857579561008],[-97.84038823880154,29.376801705209207],[-98.08467822393426,29.37960580817152],[-98.13415927195499,29.441753942028242],[-98.13123213114977,29.48384168323684],[-98.29851361121442,29.561151132013638],[-98.3109137882128,29.594466724428187]]]}},{"type":"Feature","properties":{"utility":"city_of_seymour"},"geometry":{"type":"Polygon","coordinates":[[[-99.47564715589138,33.83375773043084],[-98.95309954439479,33.83398847817582],[-98.95394948551485,33.397545540999225],[-99.47243269787,33.3990343390663],[-99.47564715589138,33.83375773043084]]]}},{"type":"Feature","properties":{"utility":"city_of_shiner"},"geometry":{"type":"Polygon","coordinates":[[[-97.24009648227404,29.384491393542046],[-97.20407475977812,29.58060554202915],[-97.14263925954988,29.628090828173843],[-96.87422590348454,29.632692957171344],[-96.79295318258768,29.577191984590396],[-96.56057302804452,29.33544057205985],[-96.93858551762986,29.063258736476193],[-97.24009648227404,29.384491393542046]]]}},{"type":"Feature","properties":{"utility":"city_of_smithville"},"geometry":{"type":"Polygon","coordinates":[[[-97.64942706230708,30.067870294382114],[-97.49246168893391,30.210401414763137],[-97.3695346612409,30.419548293017645],[-97.0818440534354,30.25934916169769],[-97.02447470053467,30.05143897696439],[-97.31582326666752,29.786555700498788],[-97.64942706230708,30.067870294382114]]]}},{"type":"Feature","properties":{"utility":"south_plains_electric_coop"},"geometry":{"type":"Polygon","coordinates":[[[-102.61543611258836,33.82489035654153],[-102.61513854209282,34.31287955341372],[-100.9531888053123,34.313170539772074],[-100.94610474569457,34.322708580563074],[-100.94492755490249,34.7482695076557],[-100.00039245659141,34.74634657554006],[-99.99603726126509,34.56684210742127],[-99.94599138836745,34.57923993154062],[-99.92321654094495,34.57453942899224],[-99.88459977356092,34.5467242550784],[-99.76760447219127,34.43082964028347],[-99.6944150363985,34.37843280820393],[-99.61809792393886,34.37579852365307],[-99.57436600732046,34.418271656685896],[-99.51538795521351,34.41431687640961],[-99.47417620122015,34.398046226648894],[-99.47450968282944,33.73386650497307],[-99.59987851963358,33.787584462030956],[-99.83415562420127,33.83559786661543],[-99.98629838166147,33.83595650562484],[-99.99558185131326,33.829699414296535],[-99.98883860736815,32.960132539734815],[-101.03832589293663,32.97021910322286],[-101.17348415807986,32.963596289065705],[-102.07620241138608,32.95971364537507],[-102.0776230527663,33.38512367135248],[-102.59482562146937,33.38849990305281],[-102.61543611258836,33.82489035654153]]]}},{"type":"Feature","properties":{"utility":"southwest_arkansas_e_c_c"},"geometry":{"type":"Polygon","coordinates":[[[-94.74691262625026,33.32894478463642],[-94.74608505579592,33.702988148115494],[-94.73409519647018,33.69089701535847],[-94.66129934077026,33.66046192125742],[-94.52880217138218,33.6161786682263],[-94.49205001109088,33.62539195508382],[-94.48587096354582,33.63783226902449],[-94.46383836073598,33.59860530068172],[-94.35794840019085,33.544352973335336],[-94.25265124868658,33.5861312750998],[-94.18203763488718,33.59319377624089],[-94.0668503673314,33.568899651707895],[-94.04344316979314,33.55199593585035],[-94.04289683926426,32.88109939586659],[-94.65398235385894,32.8795176260377],[-94.65247890731976,33.26534121338608],[-94.74691262625026,33.32894478463642]]]}},{"type":"Feature","properties":{"utility":"southwest_rural_elec"},"geometry":{"type":"Polygon","coordinates":[[[-100.04846841316808,33.83598554263636],[-100.04701651147201,34.229767133310375],[-100.00678117585286,34.22555767940697],[-99.99785548241009,34.233590814929435],[-99.99784006685995,34.56147704185854],[-99.95456460449046,34.578186854470935],[-99.92321654094495,34.57453942899224],[-99.88459977356092,34.5467242550784],[-99.76760447219127,34.43082964028347],[-99.6925687236068,34.3779728317627],[-99.61809792393886,34.37579852365307],[-99.57436600732046,34.418271656685896],[-99.51511125026506,34.41424960428771],[-99.45348584663084,34.38874408970763],[-99.43944423607795,34.374521995218814],[-99.40720114516034,34.37281276613473],[-99.35670826358262,34.44212926786688],[-99.26132991398556,34.40348734025481],[-99.21158097917022,34.338104698695844],[-99.21149259254499,34.29180609738802],[-99.18599818057069,34.21416534328764],[-99.11920157121135,34.20179692271521],[-98.96674619921124,34.20116966135406],[-98.85793964625562,34.152692067129095],[-98.76556679569178,34.136411468661066],[-98.70129953602441,34.13605992915597],[-98.6523422087853,34.161015759203],[-98.59979270113169,34.16055703051619],[-98.55372613948632,34.133649886024386],[-98.50207668269323,34.07184046919253],[-98.47380305639726,34.065842718607456],[-98.43377942833465,34.09609369606387],[-98.42357671490633,33.83589793033395],[-98.42067780270705,33.396206706856766],[-99.47243269787,33.3990343390663],[-99.47805284843975,33.73492023693716],[-99.59987851963358,33.787584462030956],[-99.83415562420127,33.83559786661543],[-100.04846841316808,33.83598554263636]]]}},{"type":"Feature","properties":{"utility":"southwest_texas_elec_coop"},"geometry":{"type":"Polygon","coordinates":[[[-103.58506738298897,30.766471714554847],[-103.01103764099354,31.371290361716284],[-102.82753733151371,31.269110196454733],[-102.67649786203536,31.326811237244854],[-102.4295551319209,31.193548099101832],[-102.3876085585517,31.088873915585054],[-102.30592520193,31.088033670668118],[-102.31780008669121,31.651327367167973],[-101.2671336191232,31.650842453800216],[-101.26753106659353,31.565669817134708],[-101.2594082336781,31.556778210961536],[-100.87482890553832,31.562155250515442],[-100.8650512198135,31.570912505847684],[-100.86108771552887,31.705402971037152],[-100.82412225083269,31.696148259802516],[-100.23600397612067,31.692971312529057],[-100.23467457915048,31.595503567507016],[-100.22727098807009,31.58693721199889],[-99.7217020581658,31.57674643591834],[-99.60186123190456,31.49194421259446],[-99.60284708184821,30.946910424165022],[-99.5945908085896,30.94076506136218],[-99.48475405660524,30.940360277435623],[-99.48388058407393,30.710782532115683],[-100.10624580347096,30.710372396969465],[-100.11547725574141,30.704201498363105],[-100.11418454199253,30.293961772009528],[-99.75415392278003,30.290686254187257],[-99.75763261887323,30.074144278660256],[-99.95966045331467,30.082044061446442],[-99.96941051456521,30.075575038730175],[-100.03066693840371,29.84881836914033],[-100.01419995701714,29.623506075663308],[-100.69461124339622,29.62270316591853],[-100.69989306188174,29.61384742118159],[-100.69920382967305,29.419523770122282],[-100.74557277818592,29.254817928040012],[-100.79365810956372,29.242158203721377],[-100.95316193705766,29.347031509183537],[-100.99559890677654,29.36341424714227],[-101.03762909445048,29.41468844697621],[-101.06166764150959,29.459072085525317],[-101.08765935710792,29.469406632351237],[-101.13749944926701,29.473554230598726],[-101.23526459829877,29.524861234625075],[-101.24947319843744,29.62238461521909],[-101.31325666208248,29.658516477046135],[-101.34373571643293,29.662058755333764],[-101.40518706424989,29.757475188795095],[-101.45619624098417,29.770194087041673],[-101.62088661857642,29.771037042510745],[-101.64641898873141,29.75431535788905],[-101.76182548847038,29.77719604035528],[-101.7583893233475,30.288034494893797],[-101.66579037818101,30.355584102219762],[-101.66857823570228,30.36553349412453],[-101.74041266292906,30.42089965472293],[-101.64734193367731,30.559492068416528],[-101.65723123814489,30.620512841432138],[-101.77032013550043,30.65333046310641],[-102.12781652623512,30.65591320915083],[-102.13767289751026,30.647964897092084],[-102.13841730785273,30.59753249935957],[-102.33851239716861,30.597034622368085],[-102.34309643527338,30.284127395672048],[-102.5640245577983,30.28036614650129],[-102.56706024344854,30.052829684664566],[-103.58506738298897,30.766471714554847]]]}},{"type":"Feature","properties":{"utility":"southwestern_electric_power"},"geometry":{"type":"MultiPolygon","coordinates":[[[[-96.0767890229037,32.83847771624971],[-95.95965762105357,32.83907631680553],[-95.95705495950168,32.85348349430838],[-95.98724393651281,32.876419226894306],[-95.94529200338314,32.97986508028381],[-95.86397352596175,32.98511532556692],[-95.8615726779129,33.219464915329304],[-95.73077666899943,33.305390471729304],[-95.58435020879426,33.35939057463918],[-95.31189169588374,33.37138474204859],[-95.31046328079455,33.87147036269149],[-95.28669952892608,33.874124826039534],[-95.25566949688984,33.89215403839216],[-95.24835070090211,33.91178380058048],[-95.2528942210179,33.93364256642641],[-95.23089148833256,33.96043576018776],[-95.06725967970992,33.91733904188742],[-95.03816545388179,33.85981106795989],[-94.86972281382653,33.74622446806039],[-94.82246540620822,33.732757131800376],[-94.76061037582093,33.72704381951342],[-94.73313934015498,33.690437229775846],[-94.52880217138218,33.6161786682263],[-94.49205001109088,33.62539195508382],[-94.48587096354582,33.63783226902449],[-94.46383836073598,33.59860530068172],[-94.3589319734823,33.544641618622876],[-94.25265124868658,33.5861312750998],[-94.18203763488718,33.59319377624089],[-94.0668503673314,33.568899651707895],[-94.04342769826192,33.55137313520969],[-94.04267348309264,32.00345624995838],[-94.01563608637764,31.979850934721913],[-93.97566807484148,31.924178396324844],[-93.92029698814743,31.888640763603476],[-93.84004034881174,31.800589571462876],[-93.81249068077193,31.715244575991594],[-93.83493309621514,31.586220419880462],[-93.98445911734304,31.569430062652494],[-94.091310611717,31.620607072323654],[-94.39908168500862,31.653607006793877],[-94.45037821401162,31.836994076020744],[-94.45800310754997,31.844097715041364],[-94.98502570912466,31.846204149231493],[-94.98821381968115,32.135029698121166],[-95.45989919555845,32.13557086713371],[-95.48872006266944,32.23248585265374],[-95.45310512411596,32.34316928917389],[-95.45992108917403,32.35483509691806],[-96.07588759582225,32.357516381560444],[-96.0767890229037,32.83847771624971]]],[[[-101.09073723882211,34.748257643486035],[-101.08592352963666,35.619090524630174],[-100.00040349023777,35.61910351343946],[-99.99773152900113,34.31184058558827],[-100.94612039195952,34.312770612601135],[-100.9453907259183,34.74116056538684],[-100.95496883691168,34.748278592453936],[-101.09073723882211,34.748257643486035]]]]}},{"type":"Feature","properties":{"utility":"southwestern_electric_coop_nm"},"geometry":{"type":"Polygon","coordinates":[[[-103.04165767153155,36.478507343398825],[-103.00217951903264,36.500396978489555],[-102.16247639538913,36.5003141999699],[-102.16282042864079,35.627526357964015],[-103.04154238289212,35.62249866407663],[-103.04165767153155,36.478507343398825]]]}},{"type":"Feature","properties":{"utility":"southwestern_public_service"},"geometry":{"type":"Polygon","coordinates":[[[-103.06433257268154,32.08706237460222],[-103.06462437044014,32.99993681362156],[-103.04353122762083,34.01797593703281],[-103.04165767153155,36.478507343398825],[-103.00217951903264,36.500396978489555],[-100.00041750715222,36.49969048237513],[-100.00039650696385,35.1827135162188],[-100.53607620558476,35.180226252872366],[-100.54071639638023,34.74773482805436],[-100.94202288041448,34.74535284230934],[-100.94534813725247,34.31897537088666],[-100.93607316350801,34.31279050482614],[-99.99773139447612,34.311817630929085],[-99.99488842552297,34.22322959373118],[-99.77459536607513,34.094769017267204],[-99.65301252452454,34.09895625898571],[-99.54654108671906,34.056832167135994],[-99.4754842790858,34.09036396366311],[-99.47426165209131,34.39782811767529],[-99.43944423607795,34.374521995218814],[-99.40523924690815,34.37333441359749],[-99.35670826358262,34.44212926786688],[-99.26132991398556,34.40348734025481],[-99.21158097917022,34.338104698695844],[-99.21149259254499,34.29180609738802],[-99.18778389731189,34.214971919070514],[-99.11920157121135,34.20179692271521],[-99.06012075641931,34.204752471041495],[-98.9525390977583,34.19561275732913],[-98.95309945623106,33.83401147412722],[-99.46749923665148,33.83380995752879],[-99.47549615376248,33.824877717859245],[-99.47450968282944,33.73386650497307],[-99.59987851963358,33.787584462030956],[-99.83514813224902,33.835749600516806],[-101.03748284270648,33.831365014739646],[-101.0386708329055,32.97023530994462],[-101.16389522192146,32.9640635438405],[-101.17293777886312,32.95709286434619],[-101.17458246163197,32.52412351522652],[-102.20107979977344,32.52327716165686],[-102.21061216342228,32.51617704607928],[-102.20831590955108,32.0897325083005],[-101.77609648278526,32.08691350645126],[-101.77581351050382,31.65133050206133],[-102.79892754325525,31.65179443570164],[-102.80075925489054,32.081384914015324],[-103.06433257268154,32.08706237460222]]]}},{"type":"Feature","properties":{"utility":"swisher_electric_coop"},"geometry":{"type":"Polygon","coordinates":[[[-102.52561947560076,34.31304551512557],[-102.52517254949372,34.746919553313525],[-102.17108501909954,34.7510504487904],[-102.16745958092994,35.18322154258942],[-101.08629273214426,35.182128409166715],[-101.09047044651058,34.75638567372723],[-101.08162980687129,34.74829698936086],[-100.94495056794084,34.748269460933635],[-100.94614339458569,34.31277039945843],[-101.56117289085961,34.31020165225896],[-101.56359140942332,33.830462254079514],[-102.08572159549092,33.82468664243612],[-102.09262442557718,34.30951604533328],[-102.52561947560076,34.31304551512557]]]}},{"type":"Feature","properties":{"utility":"city_of_timpson"},"geometry":{"type":"Polygon","coordinates":[[[-94.51141328385792,31.97397274487491],[-94.01563574300343,31.979844657252585],[-93.97566807484148,31.924178396324844],[-93.92029698814743,31.888640763603476],[-93.84004034881174,31.800589571462876],[-93.81249068077193,31.715244575991594],[-93.83493309621514,31.586220419880462],[-93.98445911734304,31.569430062652494],[-94.091310611717,31.620607072323654],[-94.39908168500862,31.653607006793877],[-94.45244403511307,31.844270771327608],[-94.51141328385792,31.97397274487491]]]}},{"type":"Feature","properties":{"utility":"trinity_valley_elec_coop"},"geometry":{"type":"Polygon","coordinates":[[[-97.0383732024847,32.54867354489163],[-97.03227564761171,32.98931257841823],[-96.51687764019253,32.98229674050629],[-96.51525987239853,32.81592044644724],[-96.30443717144152,32.814595005231624],[-96.2973564793739,32.82413979632047],[-96.29540205864919,33.35192635941178],[-95.85873529501426,33.40951620206757],[-95.86253353597925,32.97958311677072],[-95.94493999373655,32.97756446668361],[-95.98456112245903,32.876645880349095],[-95.82951687896,32.76711346292428],[-95.63502404578881,32.72036928557881],[-95.59324388675682,32.69300286377608],[-95.59357917978733,32.48071544707339],[-95.44917821686984,32.35522943863935],[-95.4882640623813,32.23248062033537],[-95.45674196745993,32.11472340218832],[-95.4285241218304,32.084474469295685],[-95.44559488396037,31.84766162235965],[-95.41291437462,31.835147700731998],[-95.25887408730014,31.609959745949784],[-95.27343155704648,31.592855151280006],[-95.65129796181827,31.541812170082782],[-95.73926305212117,31.504074563854452],[-95.71436604613464,31.61118627617158],[-95.78729007805975,31.61839623672757],[-95.795917323633,31.660155425893837],[-95.86125197174252,31.6874594401689],[-95.87825670136972,31.755346211722],[-95.98055840884386,31.7845696211252],[-95.99404422536519,31.86320430353658],[-96.02777560872649,31.87825018875467],[-96.02450703041393,31.95139279285947],[-96.06215785462652,31.956352099958696],[-96.0531382605918,32.00828898503784],[-96.11607651460271,32.160592126847945],[-96.3824301459388,32.32844159735583],[-96.45212877023657,32.358639379845066],[-96.53031518536318,32.54304822836663],[-97.0383732024847,32.54867354489163]]]}},{"type":"Feature","properties":{"utility":"tri_county_electric_coop_tx"},"geometry":{"type":"Polygon","coordinates":[[[-100.51919651127123,32.962937352755],[-100.51867944245038,33.8356384831313],[-100.05210876752969,33.83822926394558],[-100.04701651147201,34.229767133310375],[-99.99762529718762,34.22434193934363],[-99.77194187968777,34.09370043839535],[-99.65301252452454,34.09895625898571],[-99.54751000538107,34.05678389867803],[-99.48060286901273,34.08349145579227],[-99.47529013453317,34.09231912147916],[-99.47510123339059,34.395927043594554],[-99.43847666087575,34.37422444820664],[-99.40176314627465,34.3746490012858],[-99.35670826358262,34.44212926786688],[-99.26132991398556,34.40348734025481],[-99.21158097917022,34.338104698695844],[-99.21149259254499,34.29180609738802],[-99.18778389731189,34.214971919070514],[-99.11920157121135,34.20179692271521],[-99.06012075641931,34.204752471041495],[-98.9525390977583,34.19561275732913],[-98.94861935758031,33.8357057147201],[-98.42358851136358,33.836035412384206],[-98.42153803114793,33.476684033345975],[-98.4153325615772,33.4675520086694],[-97.97916482826838,33.467128815559356],[-97.97852425307393,33.440873261586646],[-97.96991445635646,33.433814985206794],[-97.3832644147314,33.43289189607931],[-96.94402492519177,33.41641543642268],[-96.83401619109436,33.40549323772637],[-96.84399009667048,32.98756545520381],[-97.02234251079203,32.989321463949196],[-97.03214278527705,32.98132261368762],[-97.03839634313239,32.5486737182283],[-97.60989591750288,32.55503850835569],[-97.61699018133318,32.545394750373475],[-97.61529750917056,32.31862927897387],[-97.78313822739364,32.31611174082871],[-97.94561968814611,32.233482939058916],[-98.07129271171274,32.51090825520763],[-98.5762440474162,32.51517530163156],[-98.57560435149254,32.95433717232855],[-98.43624783927935,32.95247304832783],[-98.42730818199301,32.96036815703215],[-98.42081952875655,33.386068882682274],[-98.4278688472063,33.39577557701699],[-98.95022458208994,33.39522844436822],[-98.95088668343153,32.95692961201183],[-100.51919651127123,32.962937352755]]]}},{"type":"Feature","properties":{"utility":"tri_county_electric_coop_ok"},"geometry":{"type":"Polygon","coordinates":[[[-103.04165767153155,36.478507343398825],[-103.00217951903264,36.500396978489555],[-101.08516752003081,36.499232500629624],[-101.08574629095078,36.05528738750454],[-103.04081258611421,36.05524245116755],[-103.04165767153155,36.478507343398825]]]}},{"type":"Feature","properties":{"utility":"city_of_tulia"},"geometry":{"type":"Polygon","coordinates":[[[-101.99848145704033,34.74817845267387],[-101.47157347995936,34.74745053412016],[-101.47159152417304,34.31230154975852],[-101.99800854950435,34.31305044850902],[-101.99848145704033,34.74817845267387]]]}},{"type":"Feature","properties":{"utility":"united_electric_coop_service"},"geometry":{"type":"Polygon","coordinates":[[[-99.11865336211115,32.07959642899879],[-99.11429545379848,32.514566728066434],[-99.10134977169494,32.51596464378773],[-99.09604922948218,32.52479082788433],[-99.09600449541287,32.95702548509128],[-98.95996796970314,32.956974085262296],[-98.9513596071754,32.964076034240286],[-98.95392629289584,33.397522344767474],[-98.42067784772225,33.39618335981535],[-98.42356983841943,33.01081515796117],[-98.05610593966806,33.00332048866918],[-98.0665903327985,32.5689878469317],[-98.06052705465774,32.559552499760294],[-97.55418765810927,32.55764603977252],[-97.54416965567408,32.99416529193803],[-97.03229859371086,32.989312514335],[-97.0353787874828,32.55160383089313],[-96.52999468606305,32.54527055051181],[-96.45278967095358,32.36067142651606],[-96.38310825613027,32.32885029271913],[-96.94065232170537,32.05210098000304],[-97.08791449219376,32.263778586313556],[-97.47318685696192,32.17293173954445],[-97.48470599376765,32.020058333247405],[-97.38001503185423,31.972737827512788],[-97.43000557498635,31.939292569135414],[-97.43228980725902,31.9265464201922],[-97.3817849626108,31.870686420937126],[-97.28207995090021,31.843145593869107],[-97.32263884261194,31.788697301659116],[-97.27728541564991,31.745494722584063],[-97.5997078512632,31.586215633844073],[-97.41862356684885,31.320206367675524],[-97.90709642388309,31.069388271106707],[-98.17557677259423,31.457235431519937],[-98.18695059089757,31.460056201912263],[-98.2710666738222,31.416411968000176],[-98.49059571321473,31.720282604875138],[-98.66843509670367,31.700527144371367],[-98.92340560236119,32.07580551950381],[-99.11865336211115,32.07959642899879]]]}},{"type":"Feature","properties":{"utility":"upshur_rural_elec_coop"},"geometry":{"type":"Polygon","coordinates":[[[-95.66537571601832,32.96042236143539],[-95.17776755147261,32.96205275754265],[-95.13720518492751,33.03092456400599],[-94.92654903703743,33.069275311239],[-94.83553039784219,32.99559897134469],[-94.82462974784215,32.99449612816279],[-94.81924216995057,33.003081092016586],[-94.80877247036113,33.36361740749241],[-94.6527084308927,33.26921774490233],[-94.57449452877655,33.25049951743893],[-94.51786430436123,33.28208296769946],[-94.41598247751135,33.28401242029884],[-94.37745256438036,33.25550287396983],[-94.23816999964625,33.24193161538176],[-94.22962496575991,33.24872495437602],[-94.21850820840167,33.29692503943762],[-94.05615182256572,33.298023349788856],[-94.04299132083185,33.27104369136971],[-94.04291261552143,32.39229247408359],[-94.34756154967425,32.330695445558476],[-94.48372320642059,32.39052476600914],[-94.49495021492484,32.38687826056973],[-94.58035348368325,32.201324311719816],[-94.5990184019969,31.98218591981825],[-94.58996846562648,31.97333033582609],[-94.51143817676035,31.973972739644097],[-94.45243406369882,31.844292660206598],[-94.98502570912466,31.846204149231493],[-94.98973735645575,32.13627181331211],[-95.45989919555845,32.13557086713371],[-95.48872006266944,32.23248585265374],[-95.45109670729975,32.354688549314645],[-95.59428882363814,32.47986314226762],[-95.59458897155096,32.686988219090985],[-95.63500436433195,32.72038510753523],[-95.66537571601832,32.96042236143539]]]}},{"type":"Feature","properties":{"utility":"victoria_electric_coop"},"geometry":{"type":"MultiPolygon","coordinates":[[[[-97.77851521514721,28.66802417396996],[-97.57973952398335,28.8143196049227],[-97.75509230808407,29.00711126932826],[-97.2401093581429,29.38447305964853],[-96.9414866753682,29.067439512650125],[-96.65846680138444,29.263861568806032],[-96.30919079484192,28.963285506010145],[-96.32293203843328,28.641869214582464],[-96.37020921869015,28.62764614070382],[-96.48792314456688,28.569693244524537],[-96.48101205618569,28.5975813131425],[-96.48967962271175,28.610302821136802],[-96.51083047341365,28.614979017816534],[-96.50123151113448,28.625555585037386],[-96.50372047385214,28.636249057864532],[-96.56325497949557,28.644499945285734],[-96.57291816532906,28.667896979335158],[-96.56134793372331,28.691617312052113],[-96.57800823579156,28.70454642307742],[-96.58462497910196,28.72220286786101],[-96.64681404577294,28.71018510515685],[-96.66070685188006,28.696900956399265],[-96.63503017740841,28.66890770709616],[-96.63175473494329,28.65320661013286],[-96.61060045490399,28.638884958115675],[-96.62196427369727,28.620998084477225],[-96.609958879792,28.586339571178083],[-96.56530717968903,28.582390470374527],[-96.55898223078152,28.5697347653691],[-96.5261158766106,28.557961474368636],[-96.50602063344763,28.526242646851372],[-96.4198931197769,28.467497486322497],[-96.4039832965163,28.442459118315035],[-96.54316853279924,28.385332222349852],[-96.59209795682249,28.35734274639632],[-96.6726757959572,28.33559352412591],[-96.70523340493337,28.34881537700294],[-96.70040793935077,28.370733112775753],[-96.7099787342661,28.405525856119432],[-96.76457726637288,28.411332809744724],[-96.79040169063452,28.38306109654253],[-96.79116932340354,28.319104800918755],[-97.10394542704502,28.27503473491891],[-97.10693245416829,28.259067033041067],[-97.02360366637625,28.187657854534237],[-97.14492072934098,28.102632603790312],[-97.26057061330256,28.075816337654686],[-97.35100205151493,28.122873814236296],[-97.42716925223739,28.11767903742265],[-97.54105228020003,28.16467421277953],[-97.38362351747173,28.377794696701763],[-97.38264455883363,28.388049480312795],[-97.55135735821443,28.45045026620637],[-97.56292205249142,28.514513945008325],[-97.69693754297222,28.541866958903615],[-97.77851521514721,28.66802417396996]]],[[[-96.85389962471832,28.06369527514034],[-96.8300203906823,28.111832172355676],[-96.81125604159166,28.126345801417823],[-96.82284425331096,28.167474890018617],[-96.81643303166454,28.17479576615276],[-96.79195482269667,28.18867581255008],[-96.70728297586821,28.19757263083316],[-96.70330106769019,28.216435880991696],[-96.66700305624646,28.226133352517756],[-96.65184774368969,28.251266528894345],[-96.61557447927287,28.27267122337889],[-96.59292901315764,28.296964458022693],[-96.55197401108957,28.30306162116345],[-96.5289020891253,28.32249268785582],[-96.45101220276588,28.3370796199827],[-96.40321285833797,28.3714619216098],[-96.39785952201363,28.34351741572481],[-96.41370617996411,28.327352958799377],[-96.54736027955082,28.270981700635428],[-96.62123488008078,28.22986666527169],[-96.85389962471832,28.06369527514034]]]]}},{"type":"Feature","properties":{"utility":"city_of_waelder"},"geometry":{"type":"Polygon","coordinates":[[[-97.85876735338829,29.352890925972282],[-97.63317257689339,29.64984718470235],[-97.59386336387779,29.632908934219774],[-97.31789395008627,29.78464477418237],[-97.13053388893815,29.643293869837095],[-97.20419001225501,29.57884851594825],[-97.24011795967654,29.384494227899555],[-97.61313092298923,29.109780817665886],[-97.85876735338829,29.352890925972282]]]}},{"type":"Feature","properties":{"utility":"weatherford_mun_utility_system"},"geometry":{"type":"Polygon","coordinates":[[[-98.06682398876426,32.55883363775556],[-98.05608290310643,33.00332045713313],[-97.54419326528209,32.99416885563702],[-97.55059329893649,32.55540241228879],[-98.06682398876426,32.55883363775556]]]}},{"type":"Feature","properties":{"utility":"city_of_weimar"},"geometry":{"type":"Polygon","coordinates":[[[-96.87420477741456,29.632707715128586],[-96.56984301991821,29.961500131630984],[-96.41482314868831,29.826587373336505],[-96.34448254315713,29.8301351575509],[-96.25981711889499,29.670441682641407],[-96.17544357185099,29.63380232819217],[-96.30716220799493,29.514744381519975],[-96.34922705058997,29.40606080289297],[-96.6403132307473,29.24781931160447],[-96.65844776415841,29.263875075352203],[-96.5690156946251,29.329317357724776],[-96.56724974618977,29.342113809669012],[-96.7924143400807,29.576631451875222],[-96.87420477741456,29.632707715128586]]]}},{"type":"Feature","properties":{"utility":"aep_texas_north"},"geometry":{"type":"Polygon","coordinates":[[[-104.98519021935053,30.623614090285194],[-104.10348497415481,31.105946695314774],[-104.02451029189534,31.999998350441594],[-103.98018451909175,32.000114111312605],[-103.88702368410634,31.87357741966099],[-103.82939330616368,31.887976805533807],[-103.79494005457668,31.769739981938564],[-103.62573485887965,31.705023914246162],[-103.61079393899459,31.65317391588296],[-103.57813384482826,31.63438678789934],[-103.53093457121787,31.642270662037035],[-103.45702813924842,31.429014479769943],[-103.01104989190071,31.37129587718847],[-102.8265155948062,31.269057550172874],[-102.76755647348705,31.298447629545404],[-102.76723545465161,31.651703021510595],[-101.27512065905812,31.651052061079643],[-101.26705577485009,31.660796477926777],[-101.2642046842158,32.08712461881214],[-100.66757588526565,32.08906754404816],[-100.65669111277825,32.95735639462663],[-100.66580074910487,32.96364427140457],[-101.03864875421822,32.97023605236548],[-101.04190959652999,34.30534922287848],[-101.05148077205864,34.31244042055984],[-101.47156849878404,34.31230150485892],[-101.47155053413749,34.74745055724527],[-100.00039245659141,34.74634657554006],[-99.99816475170753,34.56881073137003],[-99.98864493203241,34.56524057493823],[-99.94599138836745,34.57923993154062],[-99.92321654094495,34.57453942899224],[-99.88459977356092,34.5467242550784],[-99.76760447219127,34.43082964028347],[-99.69529702234838,34.37879235025877],[-99.61809792393886,34.37579852365307],[-99.57436600732046,34.418271656685896],[-99.51511125026506,34.41424960428771],[-99.45348584663084,34.38874408970763],[-99.43944423607795,34.374521995218814],[-99.40720114516034,34.37281276613473],[-99.35670826358262,34.44212926786688],[-99.26132991398556,34.40348734025481],[-99.21158097917022,34.338104698695844],[-99.21149259254499,34.29180609738802],[-99.18599818057069,34.21416534328764],[-99.11920157121135,34.20179692271521],[-98.96674619921124,34.20116966135406],[-98.85793964625562,34.152692067129095],[-98.76556679569178,34.136411468661066],[-98.70129953602441,34.13605992915597],[-98.6523422087853,34.161015759203],[-98.59979270113169,34.16055703051619],[-98.55372613948632,34.133649886024386],[-98.50207668269323,34.07184046919253],[-98.47380305639726,34.065842718607456],[-98.43377942833465,34.09609369606387],[-98.42357671490633,33.83589793033395],[-98.42067780270705,33.396206706856766],[-98.9438429570158,33.39750865221772],[-98.95386782445706,33.38743916910711],[-98.94866809915658,32.960499241364836],[-98.57562743767164,32.954337656904094],[-98.57605883103805,32.523166254190016],[-98.56749212317311,32.51514766837895],[-98.47518849873653,32.513027491639384],[-98.4751454206703,32.298923722936586],[-98.91758546970188,32.080038080676935],[-98.91788075875544,32.06840158669017],[-98.66845977233244,31.70052236183025],[-98.75710983103818,31.687528996465677],[-98.77996107577239,31.610742532076724],[-98.99161302012521,31.484083408295298],[-99.08384268906629,31.462464769337767],[-99.09064777273332,31.453021461136277],[-99.0923286104792,30.930998838548057],[-99.08339884441962,30.921973829901333],[-98.96462340084493,30.92135663904971],[-98.96335302962783,30.50467617334124],[-98.95408384903958,30.49851994368263],[-98.591681283899,30.499863554808236],[-98.58790873365166,30.1389655884473],[-99.30097648221457,30.134309695054736],[-99.3016707396112,30.276789497898402],[-99.30870692075536,30.286292314805603],[-99.7471071336512,30.290208357609174],[-99.75430148315833,30.280770253617128],[-99.75763261887323,30.074144278660256],[-99.95966045331467,30.082044061446442],[-99.96941051456521,30.075575038730175],[-100.03066693840371,29.84881836914033],[-100.01419995701714,29.623506075663308],[-100.6999205371039,29.623908458487694],[-100.70484250140731,30.286579587006837],[-101.75836739882088,30.28805425951472],[-101.66579037818101,30.355584102219762],[-101.66857823570228,30.36553349412453],[-101.74041266292906,30.42089965472293],[-101.64734193367731,30.559492068416528],[-101.65485315226314,30.61878937099107],[-101.77032013550043,30.65333046310641],[-102.1307153791304,30.655504706381652],[-102.13782658635408,30.646998077592066],[-102.13841730785273,30.59753249935957],[-102.33292865190373,30.598698138738182],[-102.34179842404744,30.593430864001377],[-102.34309643527338,30.284127395672048],[-102.55697967752779,30.283306676018682],[-102.5665121563864,30.276206583801358],[-102.5654472097796,30.052561917364056],[-102.32083015753734,29.878927219912935],[-102.36443083809574,29.84291598624763],[-102.3866857448065,29.761494147567078],[-102.48678492244827,29.786335747456818],[-102.55491887340128,29.748979633938127],[-102.6138090755271,29.747990686939747],[-102.66431615443798,29.737562991595066],[-102.68819182718508,29.723058651417468],[-102.74550403248932,29.592972837468377],[-102.78181625177032,29.54246307283838],[-102.80893278487162,29.520779338845145],[-102.83333243636353,29.408985561890916],[-102.87603803279913,29.352787483830326],[-102.89553091267348,29.284246876607973],[-102.88753426517506,29.251456238465117],[-102.87135692565825,29.241616526995898],[-102.86685940075947,29.22501885800208],[-102.95057088605583,29.17700081050183],[-102.99591289572044,29.160610203621054],[-103.10342070809975,29.034702455945922],[-103.11533751127124,28.98527886242779],[-103.16386514999402,28.972107846143526],[-103.28190082923005,28.99009798005707],[-103.38350247469755,29.024124161789675],[-103.47102460891307,29.07537467150757],[-103.47285792237997,29.08746416778044],[-103.50364692215615,29.119454372541387],[-103.55746485164842,29.154332476803255],[-103.71486087893012,29.184149845452758],[-103.76780712757622,29.224960300735663],[-103.79443535121335,29.263465258770864],[-103.83902763722627,29.278434500414946],[-104.02548442089308,29.314414017062013],[-104.16729300041182,29.402752244481906],[-104.23779687942543,29.49793267702574],[-104.39434674690608,29.560542689178792],[-104.51550247920058,29.641502349274873],[-104.53855838858138,29.677400819904026],[-104.5661073932445,29.771351231779335],[-104.63296618201697,29.870029693320056],[-104.67986273621361,29.92095044972932],[-104.69357329775943,30.01907731106605],[-104.68731859391319,30.178572019611313],[-104.70877472248611,30.23530611683433],[-104.7613625403478,30.300739132590806],[-104.85950990506346,30.390418518251906],[-104.87382159728863,30.501908075712063],[-104.92884128214642,30.597216527246093],[-104.97206354338324,30.61027288594115],[-104.98519021935053,30.623614090285194]]]}},{"type":"Feature","properties":{"utility":"wharton_county_elec_coop"},"geometry":{"type":"Polygon","coordinates":[[[-96.93856434063571,29.063246804618657],[-96.56663967088735,29.332517303309803],[-96.56848620564195,29.34368946312321],[-96.7924143400807,29.576631451875222],[-96.87420477741456,29.632707715128586],[-96.56984301991821,29.961500131630984],[-96.41482314868831,29.826587373336505],[-96.34448254315713,29.8301351575509],[-96.25843588855636,29.669048553906958],[-96.08891760061717,29.601648686251256],[-96.04460999991542,29.562233216692952],[-96.05780117897655,29.474903137111237],[-95.9734414689983,29.41143405817303],[-95.93744650992254,29.358084554669524],[-95.94187912359114,29.333536062812758],[-95.8944765857249,29.314971749762538],[-95.87908159435814,29.268849005939217],[-95.84196717736909,29.25870567718743],[-95.87295756841958,29.226863307973936],[-95.84730779672088,29.11218728247588],[-95.77045809967845,29.06620237186227],[-95.76340473844287,28.97109608481857],[-95.67955540434377,28.965722833644193],[-95.5689781306189,28.83161615617905],[-95.5070751468666,28.824747454432725],[-95.81262761550744,28.664886962218354],[-96.22034454839576,28.49190723293278],[-96.3670044423574,28.400403588017046],[-96.37860928811165,28.383925033121475],[-96.38185183653471,28.393274294956456],[-96.37413140717787,28.404269499031724],[-96.33511383714132,28.437787856072287],[-96.26833677060927,28.477983334441525],[-96.22437128587714,28.49504239453872],[-96.2150403208649,28.509669947227536],[-96.04642702685578,28.586878560692647],[-95.98787948464293,28.60623623379791],[-95.9834910769846,28.65231194685216],[-95.99644640123132,28.657978268156345],[-96.00652253266158,28.648061097868577],[-96.0464319564238,28.64939323799694],[-96.22866219545605,28.580855368629773],[-96.2339853268981,28.601730013110263],[-96.21332186803866,28.619479494629513],[-96.23092714307623,28.641432587034753],[-96.19453659176311,28.68609633979913],[-96.20067906228306,28.70041352827011],[-96.28735893348244,28.68326543881266],[-96.30398193707887,28.6696796457511],[-96.30373115583829,28.64500609725921],[-96.32290921831142,28.64187411464087],[-96.32808627670165,28.6763553185342],[-96.42796871004107,28.703369427545745],[-96.57513712287414,28.702851314671005],[-96.58318829368994,28.720869293500552],[-96.59325410295949,28.725023465417564],[-96.6458603192428,28.71047165485272],[-96.71170862641921,28.851261442865844],[-96.79212253097059,28.918810524255015],[-96.83206133194659,29.019889421311177],[-96.93856434063571,29.063246804618657]]]}},{"type":"Feature","properties":{"utility":"city_of_whitesboro"},"geometry":{"type":"Polygon","coordinates":[[[-96.94460017343654,33.948987139888466],[-96.92211320391776,33.95956784519171],[-96.90739703451338,33.95001731439299],[-96.88387778269346,33.86995646576356],[-96.85565039184971,33.84742150766015],[-96.76253826369113,33.82468589624718],[-96.7139197305798,33.831460459490785],[-96.69466068518999,33.850005928437184],[-96.67857098653118,33.89278029328401],[-96.65864261839073,33.90006657372412],[-96.61523026960876,33.88092540441313],[-96.61082362673852,33.83302808256478],[-96.50327157772335,33.77421882835326],[-96.44804428789719,33.781012254114465],[-96.42336794424845,33.77635542048498],[-96.37848613899348,33.72664589426799],[-96.38461346812522,33.39783930368475],[-96.83379811749445,33.40550058234949],[-96.94384850130999,33.41642042844314],[-96.94460017343654,33.948987139888466]]]}},{"type":"Feature","properties":{"utility":"wood_county_electric_coop"},"geometry":{"type":"Polygon","coordinates":[[[-96.0767890229037,32.83847771624971],[-95.95688434248412,32.84173356722318],[-95.95767039692915,32.85422785778229],[-95.98724393651281,32.876419226894306],[-95.94529200338314,32.97986508028381],[-95.87193763184024,32.97965653194259],[-95.86325475159121,32.986994380164234],[-95.86176627432467,33.219323621788206],[-95.73051648040733,33.30550365436966],[-95.58435020879426,33.35939057463918],[-95.31983319946188,33.36706779952778],[-95.30663883193913,33.378018929102446],[-95.12568881001147,33.389439002097255],[-94.80879556636901,33.3636247490922],[-94.81956154544501,32.98606629823654],[-94.70518979986787,32.89205497939032],[-94.70180192606209,32.652217029044344],[-94.98572283543193,32.535236583831185],[-94.98528343981981,32.1380003746084],[-95.45989919555845,32.13557086713371],[-95.48872006266944,32.23248585265374],[-95.45310512411596,32.34316928917389],[-95.45992108917403,32.35483509691806],[-96.07588759582225,32.357516381560444],[-96.0767890229037,32.83847771624971]]]}},{"type":"Feature","properties":{"utility":"wise_electric_coop"},"geometry":{"type":"Polygon","coordinates":[[[-98.43375769329384,34.09611071365592],[-98.40223246045144,34.120503692733365],[-98.38321530196865,34.14779805079639],[-98.36402105557106,34.157095904093204],[-98.32545003324637,34.15101190635973],[-98.29424545464013,34.13310513075206],[-98.16912673377578,34.11415855388952],[-98.0857357035895,34.00380299732612],[-98.03993867531733,33.99347495603687],[-97.98352159358659,34.00154557018865],[-97.94574357118397,33.989830420549225],[-97.95341051325373,33.93645002715196],[-97.97385849849526,33.88844469405627],[-97.87692801565194,33.85024291544896],[-97.83490719143755,33.85758435979072],[-97.785864408256,33.890332122598835],[-97.69310192728143,33.983690493714924],[-97.67177093109584,33.99135705359516],[-97.60933532807728,33.968203940368284],[-97.58960784372456,33.953546027340344],[-97.59679691013564,33.91727132064736],[-97.5854649288625,33.90188689715181],[-97.5539480774743,33.89769097039368],[-97.50095912631245,33.91963029061219],[-97.45807643131644,33.901626684926875],[-97.45146356219138,33.87114611857647],[-97.4616615242994,33.83959820150714],[-97.45174753934057,33.827832371714706],[-97.42648403534547,33.81947195061168],[-97.37270022253965,33.82025600731841],[-97.31083281330994,33.872445627185066],[-97.21092423705157,33.91604992171764],[-97.1808566861228,33.895197715511195],[-97.16664288949939,33.84730918160614],[-97.17163506879004,33.8353468258128],[-97.20014793728036,33.82653303779202],[-97.20410744764426,33.79862953011592],[-97.17206870737995,33.73764019247852],[-97.13658439633494,33.718578234875764],[-97.10869665100076,33.72068999265766],[-97.09319837494415,33.73231958089175],[-97.04796300957203,33.817925165046034],[-96.98600042435068,33.886246855788684],[-96.9728600878874,33.93568978831185],[-96.94462267655098,33.94897557298353],[-96.94382336238061,33.42447491694935],[-96.93582985050426,33.41566104954025],[-96.83401619109436,33.40549323772637],[-96.84399009667048,32.98756545520381],[-97.53800859275378,32.993311594414784],[-97.5443307284348,32.98416153019863],[-97.55059329893649,32.55540241228879],[-98.06682398876426,32.55883363775556],[-98.05848629746703,32.99965380093887],[-98.4265412922311,33.007924389860655],[-98.42357664369128,33.835860693431414],[-98.43375769329384,34.09611071365592]]]}},{"type":"Feature","properties":{"utility":"city_of_yoakum"},"geometry":{"type":"Polygon","coordinates":[[[-97.75509230808407,29.00711126932826],[-97.24189339079437,29.383393308532078],[-97.20407475977812,29.58060554202915],[-97.14263925954988,29.628090828173843],[-96.87422590348454,29.632692957171344],[-96.79295318258768,29.577191984590396],[-96.56057302804452,29.33544057205985],[-96.93858551762986,29.063258736476193],[-96.97103032228252,29.098197949356422],[-96.98275588516643,29.099342816598973],[-97.30591681391583,28.864049772809715],[-97.41874802357513,28.923221057797715],[-97.57463751312059,28.813314628746244],[-97.75509230808407,29.00711126932826]]]}},{"type":"Feature","properties":{"utility":"taylor_electric_coop"},"geometry":{"type":"Polygon","coordinates":[[[-101.18398497301426,32.08721975089688],[-101.17455050417911,32.527691421589665],[-100.66423071841338,32.52758150565412],[-100.65585872292677,32.963457554464895],[-99.0960274976226,32.957025502893615],[-99.09160122305607,32.516458428836025],[-98.47518849873653,32.513027491639384],[-98.4751454206703,32.298923722936586],[-98.92440350210919,32.07802815283849],[-99.19367318898786,32.07562875741709],[-99.20277977450053,31.46724129329481],[-99.31487549444002,31.40988749842572],[-99.40232929744941,31.445768355252362],[-99.51367470777123,31.42550899433679],[-99.72282160601438,31.576565228860204],[-100.23462409716862,31.587158378168965],[-100.23571387366829,31.684099250981326],[-100.24367160530383,31.69282447224494],[-100.82535833425968,31.69616649122268],[-100.82458003574489,32.08365757795527],[-101.18398497301426,32.08721975089688]]]}},{"type":"Feature","properties":{"utility":"kerrville_public_utility_board"},"geometry":{"type":"Polygon","coordinates":[[[-99.75760913183429,30.074143647358014],[-99.75413078591797,30.29068650196198],[-99.30172925316572,30.286641793428032],[-99.3010361872822,30.144354949834405],[-99.29477928523099,30.13512978022412],[-98.92015846725387,30.13827833300068],[-98.91773663362927,29.78141567169351],[-99.17797290296298,29.89504633813368],[-99.69120344163977,29.908593349199144],[-99.69069552454918,30.06773983978659],[-99.69894936256263,30.07392415481552],[-99.75760913183429,30.074143647358014]]]}},{"type":"Feature","properties":{"utility":"city_of_san_marcos"},"geometry":{"type":"Polygon","coordinates":[[[-98.29758681845409,30.037997938218222],[-98.17297144681619,30.356293509947438],[-97.7102338634019,30.02449873977444],[-97.88687911996008,29.889052539848333],[-97.88948419539189,29.878400350200558],[-97.87527509700726,29.858209891936834],[-97.99926551596073,29.752463428616334],[-98.03183766126473,29.84926756263185],[-98.29758681845409,30.037997938218222]]]}},{"type":"Feature","properties":{"utility":"city_of_san_saba"},"geometry":{"type":"Polygon","coordinates":[[[-99.09241941808563,30.92197945883742],[-99.09061101789652,31.460918259680383],[-98.99161384681342,31.484058442102032],[-98.96526416731241,31.437279215000785],[-98.87250687137826,31.444285630094956],[-98.85267893882775,31.41417645795903],[-98.77300853281288,31.41091497546698],[-98.76095939571809,31.388501556608603],[-98.75124847834667,31.391834697715268],[-98.72609319290805,31.42825956617542],[-98.56286677961032,31.230736641840423],[-98.51035416623489,31.15566321867208],[-98.52025444397283,31.087117307816083],[-98.43969980315194,31.02953083043353],[-98.44579350550946,30.921451170842467],[-99.09241941808563,30.92197945883742]]]}},{"type":"Feature","properties":{"utility":"tnmp"},"geometry":{"type":"MultiPolygon","coordinates":[[[[-94.78311818280119,29.37563752667333],[-94.70687182660477,29.436691650486384],[-94.6726178337952,29.47671302893348],[-94.64341025933177,29.474086307036348],[-94.6085770945396,29.48338620474118],[-94.59599170788138,29.492473278237657],[-94.59139776868072,29.51385061513269],[-94.56667236127053,29.531977083296525],[-94.53178884663573,29.518055734599965],[-94.50467018758602,29.52184265698181],[-94.49932421222792,29.534234909440556],[-94.51104780549038,29.54297212536451],[-94.41693306927124,29.571575717165437],[-94.40898265560033,29.597456041564207],[-94.37183882825964,29.597167007361993],[-94.3708769805732,29.555077372962113],[-94.63134279586255,29.451327810364557],[-94.69473634485111,29.415123630229722],[-94.73105457941706,29.369153299747413],[-94.7786872918853,29.36149445360081],[-94.78311818280119,29.37563752667333]]],[[[-96.38185183653471,28.393274294956456],[-96.33511383714132,28.437787856072287],[-96.26833677060927,28.477983334441525],[-96.22437128587714,28.49504239453872],[-96.21482529042835,28.509792197422506],[-96.04642702685578,28.586878560692647],[-95.98960090279422,28.605304183197454],[-95.9835229833031,28.613581099072924],[-95.98226246048428,28.649678738306864],[-95.99741516391046,28.65784972369413],[-96.00652253266158,28.648061097868577],[-96.04728601886288,28.649138807601275],[-96.19837801353233,28.586988359298598],[-96.22890017329902,28.580884255572034],[-96.2339853268981,28.601730013110263],[-96.21332186803866,28.619479494629513],[-96.23092714307623,28.641432587034753],[-96.19453659176311,28.68609633979913],[-96.20263059386109,28.70075513478302],[-96.28838193172948,28.682768125689115],[-96.30398193707887,28.6696796457511],[-96.30373115583829,28.64500609725921],[-96.32290921831142,28.64187411464087],[-96.30916546238913,28.96328304850445],[-95.96558208840699,29.146697455842727],[-95.85015596847167,29.251285799082133],[-95.84764165339905,29.26258549548683],[-95.75286427816752,29.32448931210047],[-95.65500134977675,29.29201794808804],[-95.58263036443867,29.338133951876728],[-95.54998542076055,29.438427566454916],[-95.46171889560934,29.443821107980835],[-95.4241088080163,29.580222436862993],[-95.2974110849633,29.596501679153953],[-95.2164296676849,29.556070678722694],[-95.1614455118626,29.499867939139023],[-95.01819914591971,29.55456902419377],[-95.01359078011605,29.53808002714688],[-94.98304480156656,29.51177693734449],[-94.90948138120473,29.4968288610117],[-94.92839041537057,29.456630122301274],[-94.89081111119908,29.433423659595455],[-94.88653966370163,29.366619757590595],[-94.89401962220977,29.311354627154387],[-94.88590583174434,29.297775848516082],[-94.86575804951411,29.29392083598443],[-94.82803077802468,29.305388959337286],[-94.8222950813098,29.3442481506884],[-94.81069554778942,29.35342053872565],[-94.78412155892468,29.335850740354637],[-94.73132314969855,29.338054267542805],[-94.7225628530474,29.331457819878388],[-95.08139864060854,29.111470265628046],[-95.12514439222865,29.067329357239107],[-95.23913885468203,28.988469381435614],[-95.29715454344694,28.934083256467684],[-95.3534336669437,28.89812344325623],[-95.38239739810045,28.866358068975675],[-95.44155861421983,28.8580751954576],[-95.81262761550744,28.664886962218354],[-96.22034454839576,28.49190723293278],[-96.3670044423574,28.400403588017046],[-96.37072980507936,28.387673243938497],[-96.37860928811165,28.383925033121475],[-96.38185183653471,28.393274294956456]]],[[[-99.4756382110431,33.833993345749036],[-98.43096525793452,33.83646191924973],[-98.42398233579654,33.84638994302134],[-98.43375769329384,34.09611071365592],[-98.40223246045144,34.120503692733365],[-98.38321530196865,34.14779805079639],[-98.36402105557106,34.157095904093204],[-98.32545003324637,34.15101190635973],[-98.29424545464013,34.13310513075206],[-98.16912673377578,34.11415855388952],[-98.08486049639761,34.003365885561394],[-98.03993867531733,33.99347495603687],[-97.98352159358659,34.00154557018865],[-97.94574357118397,33.989830420549225],[-97.95341051325373,33.93645002715196],[-97.97385849849526,33.88844469405627],[-97.87692801565194,33.85024291544896],[-97.83490719143755,33.85758435979072],[-97.785864408256,33.890332122598835],[-97.69310192728143,33.983690493714924],[-97.67177093109584,33.99135705359516],[-97.60933532807728,33.968203940368284],[-97.58960784372456,33.953546027340344],[-97.59679691013564,33.91727132064736],[-97.5854649288625,33.90188689715181],[-97.5539480774743,33.89769097039368],[-97.50095912631245,33.91963029061219],[-97.45807643131644,33.901626684926875],[-97.45146356219138,33.87114611857647],[-97.4616615242994,33.83959820150714],[-97.45174753934057,33.827832371714706],[-97.42648403534547,33.81947195061168],[-97.37270022253965,33.82025600731841],[-97.31083281330994,33.872445627185066],[-97.21092423705157,33.91604992171764],[-97.1808566861228,33.895197715511195],[-97.16664288949939,33.84730918160614],[-97.17163506879004,33.8353468258128],[-97.20014793728036,33.82653303779202],[-97.20410744764426,33.79862953011592],[-97.17150312255829,33.736970514539614],[-97.15123034150436,33.72267160146563],[-97.12294840390122,33.71734146663093],[-97.09319837494415,33.73231958089175],[-97.04796300957203,33.817925165046034],[-96.98647268379807,33.885497998481235],[-96.9728600878874,33.93568978831185],[-96.92211320391776,33.95956784519171],[-96.89945152248644,33.93372529876712],[-96.89572550428949,33.896969572437946],[-96.88340114294998,33.86902598289974],[-96.85646081675915,33.84773584844426],[-96.76253826369113,33.82468589624718],[-96.7139197305798,33.831460459490785],[-96.69466068518999,33.850005928437184],[-96.67857098653118,33.89278029328401],[-96.65864261839073,33.90006657372412],[-96.61523026960876,33.88092540441313],[-96.61001695153301,33.832413736473484],[-96.50154303632316,33.7734787176718],[-96.44804428789719,33.781012254114465],[-96.42336794424845,33.77635542048498],[-96.36669874625377,33.71891512664247],[-96.30467231350337,33.745889359643336],[-96.2199906405398,33.74757157325434],[-96.18181050682267,33.75868189181127],[-96.1692079832636,33.77131648691336],[-96.14806180051046,33.837789476392295],[-95.9502134915101,33.85743330445703],[-95.82521739036537,33.83786894254113],[-95.7695484051439,33.846961250944815],[-95.75714727593632,33.86728494206262],[-95.59967597346404,33.93423697816442],[-95.55942330064438,33.93016858273281],[-95.54915663761314,33.90794774318608],[-95.55172197576915,33.888539468192384],[-95.54289196682493,33.87998952345732],[-95.40830819629564,33.8663423699279],[-95.28856741666065,33.873571302027116],[-95.25566949688984,33.89215403839216],[-95.24835070090211,33.91178380058048],[-95.2528942210179,33.93364256642641],[-95.23110660324365,33.96035176901816],[-95.21962646293237,33.96158176832336],[-95.06725967970992,33.91733904188742],[-95.03816545388179,33.85981106795989],[-94.86972281382653,33.74622446806039],[-94.82246540620822,33.732757131800376],[-94.76061037582093,33.72704381951342],[-94.74609650354775,33.7027887790885],[-94.74693627489557,33.328957300989885],[-94.79616169140421,33.35633786408478],[-94.80875139492771,33.349999334121065],[-94.81983801433405,32.982907800738374],[-94.93008146679057,33.06862668441744],[-95.12550637253374,33.034470496375654],[-95.14869012060639,33.01893829217081],[-95.17295508397078,32.96184103088715],[-95.30894555784135,32.96258336983646],[-95.31207142378544,33.381067982746096],[-95.62148777188129,33.48704645887596],[-95.75746402167358,33.494876577196464],[-95.82673232061319,33.459049463258886],[-95.85349061701902,33.4591558485688],[-95.86233409301465,32.985487133483595],[-95.85382370710404,32.97872669215475],[-95.66539896390162,32.96042374206233],[-95.63516625768314,32.721984495021125],[-95.59324388675682,32.69300286377608],[-95.59357917978733,32.48071544707339],[-95.4491934356484,32.35524359202905],[-96.07565433854273,32.35750411306738],[-96.07742353086454,32.832436996194765],[-96.08652498446816,32.838631604857454],[-96.29731068918362,32.84173413859625],[-96.30250259278054,32.980587291833444],[-96.50699487178169,32.98228301196377],[-96.51578486366488,32.97709764937115],[-96.52312924202114,32.54522553070857],[-97.0383732024847,32.54867354489163],[-97.03458456077938,32.985666126999185],[-97.39846864705797,32.99084919867166],[-97.38614294253463,33.4298872946734],[-97.393286936297,33.432968088434514],[-97.50029980365726,33.43405693582386],[-97.91380154951256,33.43220713224424],[-97.92165350161748,33.00129577175228],[-98.04715928407255,33.00314829186871],[-98.05583807339703,32.99629948980545],[-98.06442907165895,32.56253337454672],[-97.08684526251126,32.54941685616845],[-97.0849775540139,32.26375958958948],[-96.94433024627936,32.057795204738255],[-96.93374216121859,32.055542645521676],[-96.8962126651599,32.073963042267394],[-96.71913155122897,31.8148915498342],[-96.92703606274222,31.707572770011353],[-96.80114078221966,31.522273428277085],[-97.34342384017293,31.244229694352793],[-97.42332016838697,31.31756916114031],[-97.90709642388309,31.069388271106707],[-98.17557677259423,31.457235431519937],[-98.18695059089757,31.460056201912263],[-98.2710666738222,31.416411968000176],[-98.49059571321473,31.720282604875138],[-98.66843509670367,31.700527144371367],[-98.92340560236119,32.07580551950381],[-99.11865336211115,32.07959642899879],[-99.11429545379848,32.514566728066434],[-99.10134977169494,32.51596464378773],[-99.09604922948218,32.52479082788433],[-99.09600449541287,32.95702548509128],[-98.95996796970314,32.956974085262296],[-98.9513596071754,32.964076034240286],[-98.9540723972825,33.38956948486533],[-98.96384020627119,33.39756243628644],[-99.47243269787,33.3990343390663],[-99.4756382110431,33.833993345749036]]],[[[-97.487065,33.433681],[-97.48706502194226,33.433678113664406],[-97.48706508288292,33.43367811474847],[-97.487065,33.433681]]],[[[-96.82910577648178,31.105865234486345],[-96.31917804723237,31.357110488782237],[-96.33069765321756,31.25120099318569],[-96.24103425637202,30.973743446730946],[-96.34887471759093,30.911726771150985],[-96.4576376997732,30.74448300130233],[-96.56697584942971,30.69568592452127],[-96.5957670343937,30.71507930308157],[-96.6016462707576,30.727611440417906],[-96.62127265080743,30.730830118943143],[-96.68524331387069,30.904515772341426],[-96.75632095395375,30.92721600398886],[-96.82910577648178,31.105865234486345]]],[[[-104.10233876926874,31.10520894025692],[-104.02451029189534,31.999998350441594],[-103.98018451909175,32.000114111312605],[-103.88702368410634,31.87357741966099],[-103.82939330616368,31.887976805533807],[-103.79632877000505,31.771006924393998],[-103.62573485887965,31.705023914246162],[-103.60808847829439,31.65301794249771],[-103.33654254262954,31.651480192935995],[-103.32750833061709,31.661403733043166],[-103.32648959360642,32.00035857133648],[-103.07149347410646,32.00092929383686],[-103.06446273987578,32.00950619650996],[-103.06433246267704,32.08703939733041],[-102.79909742160521,32.08578362849728],[-102.7989423784925,31.661757872684284],[-102.79186154140989,31.652196820800874],[-102.76725849312959,31.651702015559692],[-102.7666477216524,31.304319772310613],[-102.75487879851079,31.298389198507888],[-102.67649786203536,31.326811237244854],[-102.42976828178922,31.193677492528597],[-102.38676468848162,31.08834698540667],[-101.77613382461028,31.07978395381651],[-100.96218752498942,31.08247831050665],[-100.96065449648249,30.28778750188502],[-101.75226273671421,30.287285175754718],[-101.75844962567201,30.27809051368817],[-101.76184804004579,29.7772005110283],[-101.94389007093196,29.801379914348594],[-102.0500463465367,29.78508250210661],[-102.11607317452088,29.792537869070998],[-102.29707234692539,29.874500774489483],[-102.32080948585352,29.875204593587206],[-103.58497672219465,30.76639567780516],[-104.10233876926874,31.10520894025692]]]]}},{"type":"Feature","properties":{"utility":"oncor"},"geometry":{"type":"MultiPolygon","coordinates":[[[[-104.91826152390968,32.000485072534424],[-103.06968746304621,32.00168081017062],[-103.06441390137576,32.010484218375126],[-103.06464545925394,32.95908546990148],[-102.59795112054915,32.96176205490739],[-102.5948245448189,33.388477564034034],[-101.5568956652625,33.39474823280659],[-101.55742121805284,32.97110495973251],[-101.54735425819406,32.96109250342639],[-101.17359034009085,32.96359557797115],[-101.04210662935316,32.97219407598471],[-101.03877651441188,33.39720253220532],[-100.51746061516882,33.39785441723395],[-100.51693402297124,32.966547718719475],[-100.14423552052014,32.95996663016747],[-100.15192214768712,32.082649248459184],[-100.22616195042755,32.08235282584291],[-100.23495885250848,32.074364595017904],[-100.2338999692429,31.592607776572528],[-100.22529270480756,31.586626085663735],[-100.11100051834386,31.580264897360834],[-99.7278159884904,31.577569330374992],[-99.72154606573184,31.58669519046608],[-99.71395975428314,32.08207746770546],[-99.12859331241319,32.079194925067895],[-99.11862695755818,32.08811953769505],[-99.11801751386511,32.51251109516599],[-99.612014498988,32.51466550399009],[-99.61198951235026,32.95695051684223],[-98.96095299877868,32.95692626287442],[-98.95098683847009,32.96601045584284],[-98.95753601966842,33.39530162036089],[-99.47243269787,33.3990343390663],[-99.47510123339059,34.395927043594554],[-99.43847666087575,34.37422444820664],[-99.40176314627465,34.3746490012858],[-99.35670826358262,34.44212926786688],[-99.26132991398556,34.40348734025481],[-99.21158097917022,34.338104698695844],[-99.21149259254499,34.29180609738802],[-99.18691084189058,34.21452478848155],[-99.11920157121135,34.20179692271521],[-98.96674619921124,34.20116966135406],[-98.85793964625562,34.152692067129095],[-98.76556679569178,34.136411468661066],[-98.70129953602441,34.13605992915597],[-98.6523422087853,34.161015759203],[-98.59979270113169,34.16055703051619],[-98.55372613948632,34.133649886024386],[-98.50473988529647,34.073399429790555],[-98.47785892988914,34.0652662619045],[-98.36402105557106,34.157095904093204],[-98.32545003324637,34.15101190635973],[-98.29424545464013,34.13310513075206],[-98.16912673377578,34.11415855388952],[-98.0857357035895,34.00380299732612],[-98.03993867531733,33.99347495603687],[-97.98352159358659,34.00154557018865],[-97.94574357118397,33.989830420549225],[-97.95341051325373,33.93645002715196],[-97.97385849849526,33.88844469405627],[-97.8778045076503,33.85042679260244],[-97.83490719143755,33.85758435979072],[-97.785864408256,33.890332122598835],[-97.69310192728143,33.983690493714924],[-97.67177093109584,33.99135705359516],[-97.60933532807728,33.968203940368284],[-97.58960784372456,33.953546027340344],[-97.59679691013564,33.91727132064736],[-97.5854649288625,33.90188689715181],[-97.5539480774743,33.89769097039368],[-97.50095912631245,33.91963029061219],[-97.45807643131644,33.901626684926875],[-97.45146356219138,33.87114611857647],[-97.4616615242994,33.83959820150714],[-97.45174753934057,33.827832371714706],[-97.42648403534547,33.81947195061168],[-97.37270022253965,33.82025600731841],[-97.31083281330994,33.872445627185066],[-97.21092423705157,33.91604992171764],[-97.1808566861228,33.895197715511195],[-97.16664288949939,33.84730918160614],[-97.17163506879004,33.8353468258128],[-97.20014793728036,33.82653303779202],[-97.20410744764426,33.79862953011592],[-97.17206870737995,33.73764019247852],[-97.13752172188227,33.718708206558304],[-97.11931827668253,33.71767955273277],[-97.09628335806231,33.7288017889606],[-97.04796300957203,33.817925165046034],[-96.98600042435068,33.886246855788684],[-96.9728600878874,33.93568978831185],[-96.92211320391776,33.95956784519171],[-96.89945152248644,33.93372529876712],[-96.89572550428949,33.896969572437946],[-96.88340114294998,33.86902598289974],[-96.85646081675915,33.84773584844426],[-96.76253826369113,33.82468589624718],[-96.7139197305798,33.831460459490785],[-96.69466068518999,33.850005928437184],[-96.67857098653118,33.89278029328401],[-96.65864261839073,33.90006657372412],[-96.61523026960876,33.88092540441313],[-96.61001695153301,33.832413736473484],[-96.50154303632316,33.7734787176718],[-96.44804428789719,33.781012254114465],[-96.42336794424845,33.77635542048498],[-96.36669874625377,33.71891512664247],[-96.30467231350337,33.745889359643336],[-96.2199906405398,33.74757157325434],[-96.18181050682267,33.75868189181127],[-96.1692079832636,33.77131648691336],[-96.14806180051046,33.837789476392295],[-95.9502134915101,33.85743330445703],[-95.82521739036537,33.83786894254113],[-95.7695484051439,33.846961250944815],[-95.75714727593632,33.86728494206262],[-95.59967597346404,33.93423697816442],[-95.55942330064438,33.93016858273281],[-95.54915663761314,33.90794774318608],[-95.55172197576915,33.888539468192384],[-95.54289196682493,33.87998952345732],[-95.40830819629564,33.8663423699279],[-95.28856741666065,33.873571302027116],[-95.25566949688984,33.89215403839216],[-95.24835070090211,33.91178380058048],[-95.2528942210179,33.93364256642641],[-95.23110660324365,33.96035176901816],[-95.21962646293237,33.96158176832336],[-95.06725967970992,33.91733904188742],[-95.03816545388179,33.85981106795989],[-94.86972281382653,33.74622446806039],[-94.82246540620822,33.732757131800376],[-94.76061037582093,33.72704381951342],[-94.74609650354775,33.7027887790885],[-94.74693627489557,33.328957300989885],[-94.81095872446707,33.36381338721402],[-95.12473046744809,33.38939525484916],[-95.3039572624644,33.376958456670536],[-95.30875893813665,32.97058080341707],[-95.29997993589721,32.96257083277666],[-95.17680209411162,32.96229243179391],[-95.15221563982345,33.01340003579018],[-95.15295521986293,32.5754509398398],[-95.1453148341029,32.56851668188694],[-94.986946533798,32.53723648994022],[-94.98198617527679,32.37249421180501],[-94.63857335930754,32.370539183271575],[-94.60507617658034,32.36170153948383],[-94.57921190191885,32.39490313283097],[-94.49183593316023,32.39412562246485],[-94.58035348368325,32.201324311719816],[-94.59861333891863,31.980272767516617],[-94.58996846562648,31.97333033582609],[-94.51143817676035,31.973972739644097],[-94.45242259621928,31.84427770366896],[-94.39571164610703,31.64095271939813],[-94.31105522840477,31.58924513266838],[-94.33827867139384,31.23928563990916],[-94.32526590598977,31.22389402306867],[-94.12966074622605,31.099285362343174],[-94.45781967103426,31.033341300378137],[-94.84197222221385,31.1449248169535],[-94.93950763111505,31.041764032149274],[-95.20017724895106,30.824583817192565],[-95.2514336381594,30.902099510172405],[-95.3274815048834,30.8595513872634],[-95.43432427534039,30.93741047804341],[-95.43473714135723,31.040021950751587],[-95.44190821053724,31.048606882909855],[-95.61787115660327,30.930432015327053],[-95.6811442422787,30.986962726912342],[-95.66535154359855,31.074210144310197],[-95.67429877673024,31.084984927241567],[-95.76496990945441,31.094205489959055],[-95.97379627882027,31.091943736949364],[-96.24101297521834,30.97375271329088],[-96.33107571442089,31.25223143050124],[-96.32119792371469,31.34091646326287],[-96.3346763302701,31.3494669947241],[-96.82551617635173,31.10503942783579],[-96.75721567684901,30.929905297899882],[-96.68497933662535,30.906181507221152],[-96.62129587420849,30.730824589376756],[-97.15500302938842,30.45745652813978],[-97.31756457182408,30.405659291903056],[-97.31422780172281,30.391349989854685],[-97.0818440534354,30.25934916169769],[-97.02447470053467,30.05143897696439],[-97.31582326666752,29.786555700498788],[-97.64759299234544,30.06683223480131],[-97.66100519293558,30.067779404864623],[-97.71021568516232,30.024513290448358],[-98.172961484914,30.356314826673238],[-98.13294898351324,30.415382225211374],[-98.1364253892245,30.428608237363655],[-98.35103288213773,30.4861057240069],[-98.43897987735936,30.67328236261199],[-98.37778886141466,30.735714851322754],[-98.3802390701168,30.74676660289619],[-98.43208000808978,30.7863106372911],[-98.3809835018476,30.838744264332497],[-98.44765297036261,30.920993534922825],[-98.9609486543651,30.919095685609804],[-98.96424226512578,30.498492867797776],[-99.48424688639629,30.49964126043479],[-99.48389866159208,30.700735019329954],[-99.49099544778213,30.71033387971174],[-100.11622242761457,30.71037754862494],[-100.11524309732972,31.077942221584152],[-100.12331007323068,31.087780578639137],[-101.27467628354833,31.07938022118616],[-102.33908165089066,31.086571860094153],[-102.34799723139422,31.078650591727605],[-102.34298864757253,31.06782709153813],[-102.19221539876428,31.004054824252275],[-101.9836434986414,30.987159268912347],[-101.88344649965175,30.92563798015016],[-101.76839444682614,30.65295591941816],[-102.12879461910902,30.65587204440408],[-102.13767289751026,30.647964897092084],[-102.13841730785273,30.59753249935957],[-102.33930568166343,30.5964508451302],[-102.34309643527338,30.284127395672048],[-102.5640245577983,30.28036614650129],[-102.56706024344854,30.052829684664566],[-103.58497672219465,30.76639567780516],[-104.10001183869271,31.103159807622216],[-104.91715167273998,30.663644926450175],[-104.91639709408973,30.835733146484337],[-104.90768812966793,30.845979202567623],[-104.91826152390968,32.000485072534424]],[[-95.8620574564345,32.9795260005417],[-95.94493999373655,32.97756446668361],[-95.9843491520687,32.88359006820152],[-95.98253598418057,32.873165422905885],[-95.82951687896,32.76711346292428],[-95.64007847546176,32.726026528754396],[-95.6666821699135,32.957722706210475],[-95.8620574564345,32.9795260005417]],[[-98.1980684158049,31.92261508333667],[-98.20241492762331,31.908866349411518],[-98.15658527449618,31.84171738117929],[-98.45873183881854,31.68180292793617],[-98.2698591375712,31.419431756672157],[-97.77123684416917,31.675232951145503],[-98.0040592816092,32.013924615947865],[-98.1980684158049,31.92261508333667]]],[[[-98.58670196232744,26.257466380440224],[-98.32066239478097,26.78306857095324],[-97.98550537750361,26.780905682631158],[-97.98513065033333,26.62256559830465],[-97.95742022943148,26.61175915814747],[-98.00108484184686,26.455428348014546],[-97.99331350789653,26.447668841558873],[-97.86193140958939,26.433568739399494],[-97.86306575573603,26.06128600271851],[-98.00461625915811,26.061216850704557],[-98.04451858256698,26.043760298200006],[-98.24166046217817,26.074555390245283],[-98.38668808731143,26.157880201671013],[-98.4398318792843,26.212378362765467],[-98.58670196232744,26.257466380440224]]]]}},{"type":"Feature","properties":{"utility":"entergy_texas"},"geometry":{"type":"Polygon","coordinates":[[[-97.31549135199033,30.75237779200769],[-97.25907214772107,30.889586930696876],[-97.07506294788024,30.98896903171122],[-97.27809509508577,31.27979457784999],[-96.808955006706,31.51879632032277],[-96.8077519073195,31.531705681308946],[-96.93219887273577,31.70888290747669],[-96.71911197999599,31.814876498007454],[-96.49671968547527,31.796179561927083],[-96.23482075756978,31.416142178180984],[-95.78729786618759,31.61837424681548],[-95.71012695544907,31.615575879224977],[-95.73429359385926,31.522933331998377],[-95.72520326662277,31.51138406718127],[-95.65153855885755,31.54182142816131],[-95.27347212162873,31.592849676211706],[-95.17636611636985,31.58481407173241],[-95.10110919088021,31.470205630149643],[-94.98475913392524,31.413839938904857],[-94.90951482014191,31.3370510628049],[-94.84092019675147,31.146447813724368],[-94.4599895590518,31.033859956188945],[-94.13046859003092,31.099111875452795],[-94.0390310924842,31.134260744954855],[-93.91127091493829,31.158044035497927],[-93.59971118703885,31.176442325176843],[-93.58466424934645,31.166394873772756],[-93.54920459774085,31.186525493391546],[-93.5317550593103,31.18081328228148],[-93.52766018505537,31.07451022146807],[-93.54024618938807,31.007628382469303],[-93.53094774260103,30.924536096183108],[-93.55844694515365,30.869374321723527],[-93.56330228059218,30.818507554684757],[-93.7271619981357,30.57511035984863],[-93.73854460549417,30.542519261150954],[-93.71012669771223,30.506395072329788],[-93.69828074825328,30.438889289661923],[-93.75637446383473,30.39137713200878],[-93.76525592003001,30.335973058111552],[-93.7368831087171,30.300632198953238],[-93.72058558095688,30.29594490417899],[-93.71200764733814,30.19474807523845],[-93.69526331012342,30.147598243811533],[-93.71203944315849,30.067602407473572],[-93.7520460660211,30.016413433997684],[-93.78967155163767,29.987390613791398],[-93.89079796477034,29.841600067328233],[-93.89729083018335,29.77146605631515],[-93.83798720476898,29.6906203159846],[-93.8669823561343,29.6731024020115],[-94.002450868455,29.68129024361051],[-94.13234674255209,29.646292508436797],[-94.59506639947683,29.467806174795076],[-94.69414022098253,29.415608331380042],[-94.73105457941706,29.369153299747413],[-94.7784507662706,29.361488586830916],[-94.78296085849864,29.37582848377907],[-94.70622132864311,29.43730407901252],[-94.68136131956302,29.47149620677204],[-94.6085770945396,29.48338620474118],[-94.59599170788138,29.492473278237657],[-94.59139776868072,29.51385061513269],[-94.56667236127053,29.531977083296525],[-94.52975733314084,29.51802497928411],[-94.50296038430848,29.522825201906443],[-94.50089767824316,29.53764786604976],[-94.52373457703074,29.545996673911766],[-94.55456283435461,29.573758541515822],[-94.74070123016851,29.525866937736183],[-94.78093074585357,29.531101195739122],[-94.79058645642867,29.548391276960313],[-94.77090365592744,29.549546716987077],[-94.75547558902376,29.562565631615584],[-94.70910660883291,29.624764700209614],[-94.69331132165689,29.693754282713705],[-94.69581870168155,29.72385161591474],[-94.7375494768305,29.78600133367434],[-94.81671709974772,29.75601238815459],[-94.851300295524,29.720913251762436],[-94.87256016867775,29.67126063551957],[-94.89311286187613,29.661353169897264],[-94.92131107690965,29.658187396916897],[-94.93859860307818,29.694575979372633],[-94.96431632613243,29.69846802585225],[-95.0145895783578,29.642195483748964],[-95.01204680411178,29.628324468692306],[-94.9827197637048,29.601343582238716],[-95.01759371900962,29.551702646773805],[-95.00076544579827,29.522529152334503],[-94.98227925981386,29.511387966864262],[-94.90948138120473,29.4968288610117],[-94.92848478317582,29.45763713777242],[-94.89075251241766,29.43318370778378],[-94.89213145010011,29.3055867047245],[-94.87435683580895,29.29321000757931],[-94.82885342814593,29.304846870707063],[-94.8222950813098,29.3442481506884],[-94.81069554778942,29.35342053872565],[-94.78412155892468,29.335850740354637],[-94.73132314969855,29.338054267542805],[-94.7225628530474,29.331457819878388],[-95.02643962637144,29.147917686201243],[-95.11923052797174,29.077904630259265],[-95.05830509028561,29.201278938298806],[-95.23306911230546,29.465568453433644],[-95.22156495569884,29.558445173808263],[-95.29846201765434,29.59618378620615],[-95.42411622221191,29.580244332511],[-95.61018301571264,29.66707835772255],[-95.8253349137047,29.787275928503572],[-96.03270273844089,29.727957934398713],[-96.05033272029975,29.802956634108966],[-96.1213016565213,29.841969866271853],[-96.12274112465964,29.968539589137862],[-96.08865899246585,30.00621616378165],[-96.14755043617215,30.070319959448636],[-96.2934019713958,30.096001261403153],[-96.62197125942218,30.044296206205743],[-96.64947141173268,30.14413387061532],[-96.79453215547059,30.160553628189646],[-96.73163675656342,30.243876713469785],[-96.66219889841294,30.284419899066346],[-96.66079053645272,30.299369350585756],[-96.74053555864407,30.318666317931164],[-96.96260656359341,30.55428607761981],[-97.15521332639373,30.457359664461684],[-97.27019695078161,30.732632900734494],[-97.31549135199033,30.75237779200769]]]}},{"type":"Feature","properties":{"utility":"heart_of_texas_electric_coop"},"geometry":{"type":"Polygon","coordinates":[[[-98.4637198595124,31.683985115097027],[-98.16423452157504,31.83827618950658],[-98.16244588058343,31.850222893301847],[-98.20816041498793,31.917622596346522],[-97.61505615500991,32.20356820132538],[-97.51935686857121,32.13686547563886],[-97.47609808392727,32.173433337787515],[-97.48470599376765,32.020058333247405],[-97.38001503185423,31.972737827512788],[-97.43361679232719,31.932341609096543],[-97.38414484063846,31.872311531356605],[-97.28207995090021,31.843145593869107],[-97.32100917025369,31.795089164267043],[-97.319933597123,31.78268120770719],[-97.27313255989539,31.747728322708817],[-97.03726968660851,31.86306506199185],[-96.59687953686145,31.220904621002234],[-96.82079093116397,31.109996564512635],[-96.82635200971056,31.101160750318527],[-96.75721567684901,30.929905297899882],[-96.68497933662535,30.906181507221152],[-96.62129587420849,30.730824589376756],[-97.15521332639373,30.457359664461684],[-97.27363145302473,30.73630891628973],[-97.62530004549009,30.87038636489532],[-97.82850348830277,30.906199535220388],[-97.91167071974785,31.034923576605994],[-97.91316329068543,31.078135317958438],[-98.17557677259423,31.457235431519937],[-98.18695059089757,31.460056201912263],[-98.2710666738222,31.416411968000176],[-98.4637198595124,31.683985115097027]]]}},{"type":"Feature","properties":{"utility":"texas_a_m_utilities_energy_services"},"geometry":{"type":"Polygon","coordinates":[[[-96.60168911258044,30.640543912569722],[-96.58378964919,30.661339313562525],[-96.58151203184977,30.688879019291228],[-96.45721080589581,30.745457786814004],[-96.34935258577494,30.911412540920686],[-96.24102529527264,30.973722782393377],[-96.16838442236282,30.822994354417556],[-96.18712910480401,30.597361369849136],[-96.12268787895705,30.44596753113994],[-96.0799926232533,30.430026408654918],[-96.14590598081422,30.38321353312786],[-96.1546376475322,30.330314243541327],[-96.20045389399984,30.382082323069984],[-96.2991576983611,30.379164071056255],[-96.30634115431823,30.39171971896761],[-96.28882306713304,30.41656633920124],[-96.2869245373752,30.43895829114068],[-96.35932631544065,30.54185841614899],[-96.50967361342072,30.627311205108647],[-96.60168911258044,30.640543912569722]]]}}]}